
/home/ms/Developer/pico/micropython-servo/cpp/build/servo_controller.elf:     file format elf32-littlearm

Sections:
Idx Name          Size      VMA       LMA       File off  Algn
  0 .boot2        00000100  10000000  10000000  00001000  2**0
                  CONTENTS, ALLOC, LOAD, READONLY, CODE
  1 .text         0000b3d4  10000100  10000100  00001100  2**3
                  CONTENTS, ALLOC, LOAD, READONLY, CODE
  2 .rodata       00000bc0  1000b4d8  1000b4d8  0000c4d8  2**3
                  CONTENTS, ALLOC, LOAD, READONLY, DATA
  3 .ARM.exidx    00000008  1000c098  1000c098  0000d098  2**2
                  CONTENTS, ALLOC, LOAD, READONLY, DATA
  4 .binary_info  00000020  1000c0a0  1000c0a0  0000d0a0  2**2
                  CONTENTS, ALLOC, LOAD, READONLY, DATA
  5 .ram_vector_table 000000c0  20000000  20000000  0000f000  2**2
                  ALLOC
  6 .uninitialized_data 00000000  200000c0  200000c0  0000e6cc  2**0
                  CONTENTS
  7 .data         0000160c  200000c0  1000c0c0  0000d0c0  2**4
                  CONTENTS, ALLOC, LOAD, READONLY, CODE
  8 .tdata        00000000  200016cc  200016cc  0000e6cc  2**0
                  CONTENTS, ALLOC, LOAD, DATA, THREAD_LOCAL
  9 .tbss         00000000  200016cc  200016cc  00000000  2**0
                  ALLOC, THREAD_LOCAL
 10 .bss          00001628  200016d0  1000d6cc  0000e6d0  2**3
                  ALLOC
 11 .heap         00000800  20002cf8  20002cf8  0000e6cc  2**2
                  CONTENTS, READONLY
 12 .scratch_x    00000000  20040000  20040000  0000eecc  2**0
                  CONTENTS
 13 .scratch_y    00000000  20041000  20041000  0000eecc  2**0
                  CONTENTS
 14 .stack_dummy  00000800  20041000  20041000  0000eee0  2**5
                  CONTENTS, READONLY
 15 .ARM.attributes 00000028  00000000  00000000  0000f6e0  2**0
                  CONTENTS, READONLY
 16 .comment      00000026  00000000  00000000  0000f708  2**0
                  CONTENTS, READONLY
 17 .debug_info   00078c55  00000000  00000000  0000f72e  2**0
                  CONTENTS, READONLY, DEBUGGING, OCTETS
 18 .debug_abbrev 0001080f  00000000  00000000  00088383  2**0
                  CONTENTS, READONLY, DEBUGGING, OCTETS
 19 .debug_loclists 0002977d  00000000  00000000  00098b92  2**0
                  CONTENTS, READONLY, DEBUGGING, OCTETS
 20 .debug_aranges 00001e20  00000000  00000000  000c2310  2**3
                  CONTENTS, READONLY, DEBUGGING, OCTETS
 21 .debug_rnglists 00005b2d  00000000  00000000  000c4130  2**0
                  CONTENTS, READONLY, DEBUGGING, OCTETS
 22 .debug_line   00030822  00000000  00000000  000c9c5d  2**0
                  CONTENTS, READONLY, DEBUGGING, OCTETS
 23 .debug_str    0003ecc9  00000000  00000000  000fa47f  2**0
                  CONTENTS, READONLY, DEBUGGING, OCTETS
 24 .debug_frame  000041d4  00000000  00000000  00139148  2**2
                  CONTENTS, READONLY, DEBUGGING, OCTETS
 25 .debug_line_str 00000325  00000000  00000000  0013d31c  2**0
                  CONTENTS, READONLY, DEBUGGING, OCTETS

/home/ms/Developer/pico/micropython-servo/cpp/build/servo_controller.elf:     file format elf32-littlearm


Disassembly of section .boot2:

10000000 <__boot2_start__>:
10000000:	4b32b500 	.word	0x4b32b500
10000004:	60582021 	.word	0x60582021
10000008:	21026898 	.word	0x21026898
1000000c:	60984388 	.word	0x60984388
10000010:	611860d8 	.word	0x611860d8
10000014:	4b2e6158 	.word	0x4b2e6158
10000018:	60992100 	.word	0x60992100
1000001c:	61592102 	.word	0x61592102
10000020:	22f02101 	.word	0x22f02101
10000024:	492b5099 	.word	0x492b5099
10000028:	21016019 	.word	0x21016019
1000002c:	20356099 	.word	0x20356099
10000030:	f844f000 	.word	0xf844f000
10000034:	42902202 	.word	0x42902202
10000038:	2106d014 	.word	0x2106d014
1000003c:	f0006619 	.word	0xf0006619
10000040:	6e19f834 	.word	0x6e19f834
10000044:	66192101 	.word	0x66192101
10000048:	66182000 	.word	0x66182000
1000004c:	f000661a 	.word	0xf000661a
10000050:	6e19f82c 	.word	0x6e19f82c
10000054:	6e196e19 	.word	0x6e196e19
10000058:	f0002005 	.word	0xf0002005
1000005c:	2101f82f 	.word	0x2101f82f
10000060:	d1f94208 	.word	0xd1f94208
10000064:	60992100 	.word	0x60992100
10000068:	6019491b 	.word	0x6019491b
1000006c:	60592100 	.word	0x60592100
10000070:	481b491a 	.word	0x481b491a
10000074:	21016001 	.word	0x21016001
10000078:	21eb6099 	.word	0x21eb6099
1000007c:	21a06619 	.word	0x21a06619
10000080:	f0006619 	.word	0xf0006619
10000084:	2100f812 	.word	0x2100f812
10000088:	49166099 	.word	0x49166099
1000008c:	60014814 	.word	0x60014814
10000090:	60992101 	.word	0x60992101
10000094:	2800bc01 	.word	0x2800bc01
10000098:	4700d000 	.word	0x4700d000
1000009c:	49134812 	.word	0x49134812
100000a0:	c8036008 	.word	0xc8036008
100000a4:	8808f380 	.word	0x8808f380
100000a8:	b5034708 	.word	0xb5034708
100000ac:	20046a99 	.word	0x20046a99
100000b0:	d0fb4201 	.word	0xd0fb4201
100000b4:	42012001 	.word	0x42012001
100000b8:	bd03d1f8 	.word	0xbd03d1f8
100000bc:	6618b502 	.word	0x6618b502
100000c0:	f7ff6618 	.word	0xf7ff6618
100000c4:	6e18fff2 	.word	0x6e18fff2
100000c8:	bd026e18 	.word	0xbd026e18
100000cc:	40020000 	.word	0x40020000
100000d0:	18000000 	.word	0x18000000
100000d4:	00070000 	.word	0x00070000
100000d8:	005f0300 	.word	0x005f0300
100000dc:	00002221 	.word	0x00002221
100000e0:	180000f4 	.word	0x180000f4
100000e4:	a0002022 	.word	0xa0002022
100000e8:	10000100 	.word	0x10000100
100000ec:	e000ed08 	.word	0xe000ed08
	...
100000fc:	7a4eb274 	.word	0x7a4eb274

Disassembly of section .text:

10000100 <__VECTOR_TABLE>:
10000100:	20042000 	.word	0x20042000
10000104:	100001f7 	.word	0x100001f7
10000108:	100001c3 	.word	0x100001c3
1000010c:	100001c5 	.word	0x100001c5
10000110:	100001c1 	.word	0x100001c1
10000114:	100001c1 	.word	0x100001c1
10000118:	100001c1 	.word	0x100001c1
1000011c:	100001c1 	.word	0x100001c1
10000120:	100001c1 	.word	0x100001c1
10000124:	100001c1 	.word	0x100001c1
10000128:	100001c1 	.word	0x100001c1
1000012c:	100001c7 	.word	0x100001c7
10000130:	100001c1 	.word	0x100001c1
10000134:	100001c1 	.word	0x100001c1
10000138:	100001c9 	.word	0x100001c9
1000013c:	100001cb 	.word	0x100001cb
10000140:	100001cd 	.word	0x100001cd
10000144:	100001cd 	.word	0x100001cd
10000148:	100001cd 	.word	0x100001cd
1000014c:	100001cd 	.word	0x100001cd
10000150:	100001cd 	.word	0x100001cd
10000154:	100001cd 	.word	0x100001cd
10000158:	100001cd 	.word	0x100001cd
1000015c:	100001cd 	.word	0x100001cd
10000160:	100001cd 	.word	0x100001cd
10000164:	100001cd 	.word	0x100001cd
10000168:	100001cd 	.word	0x100001cd
1000016c:	100001cd 	.word	0x100001cd
10000170:	100001cd 	.word	0x100001cd
10000174:	100001cd 	.word	0x100001cd
10000178:	100001cd 	.word	0x100001cd
1000017c:	100001cd 	.word	0x100001cd
10000180:	100001cd 	.word	0x100001cd
10000184:	100001cd 	.word	0x100001cd
10000188:	100001cd 	.word	0x100001cd
1000018c:	100001cd 	.word	0x100001cd
10000190:	100001cd 	.word	0x100001cd
10000194:	100001cd 	.word	0x100001cd
10000198:	100001cd 	.word	0x100001cd
1000019c:	100001cd 	.word	0x100001cd
100001a0:	100001cd 	.word	0x100001cd
100001a4:	100001cd 	.word	0x100001cd
100001a8:	100001cd 	.word	0x100001cd
100001ac:	100001cd 	.word	0x100001cd
100001b0:	100001cd 	.word	0x100001cd
100001b4:	100001cd 	.word	0x100001cd
100001b8:	100001cd 	.word	0x100001cd
100001bc:	100001cd 	.word	0x100001cd

100001c0 <isr_invalid>:
100001c0:	be00      	bkpt	0x0000

100001c2 <isr_nmi>:
100001c2:	be00      	bkpt	0x0000

100001c4 <isr_hardfault>:
100001c4:	be00      	bkpt	0x0000

100001c6 <isr_svcall>:
100001c6:	be00      	bkpt	0x0000

100001c8 <isr_pendsv>:
100001c8:	be00      	bkpt	0x0000

100001ca <isr_systick>:
100001ca:	be00      	bkpt	0x0000

100001cc <__unhandled_user_irq>:
100001cc:	f3ef 8005 	mrs	r0, IPSR
100001d0:	3810      	subs	r0, #16

100001d2 <unhandled_user_irq_num_in_r0>:
100001d2:	be00      	bkpt	0x0000

100001d4 <binary_info_header>:
100001d4:	7188ebf2 	.word	0x7188ebf2
100001d8:	1000c0a0 	.word	0x1000c0a0
100001dc:	1000c0c0 	.word	0x1000c0c0
100001e0:	10000238 	.word	0x10000238
100001e4:	e71aa390 	.word	0xe71aa390

100001e8 <_entry_point>:
100001e8:	481e      	ldr	r0, [pc, #120]	@ (10000264 <data_cpy_table+0x2c>)

100001ea <_enter_vtable_in_r0>:
100001ea:	491f      	ldr	r1, [pc, #124]	@ (10000268 <data_cpy_table+0x30>)
100001ec:	6008      	str	r0, [r1, #0]
100001ee:	c806      	ldmia	r0!, {r1, r2}
100001f0:	f381 8808 	msr	MSP, r1
100001f4:	4710      	bx	r2

100001f6 <_reset_handler>:
100001f6:	481d      	ldr	r0, [pc, #116]	@ (1000026c <data_cpy_table+0x34>)
100001f8:	6800      	ldr	r0, [r0, #0]
100001fa:	2800      	cmp	r0, #0
100001fc:	d001      	beq.n	10000202 <hold_non_core0_in_bootrom+0x4>

100001fe <hold_non_core0_in_bootrom>:
100001fe:	4819      	ldr	r0, [pc, #100]	@ (10000264 <data_cpy_table+0x2c>)
10000200:	e7f3      	b.n	100001ea <_enter_vtable_in_r0>
10000202:	a40d      	add	r4, pc, #52	@ (adr r4, 10000238 <data_cpy_table>)
10000204:	cc0e      	ldmia	r4!, {r1, r2, r3}
10000206:	2900      	cmp	r1, #0
10000208:	d002      	beq.n	10000210 <hold_non_core0_in_bootrom+0x12>
1000020a:	f000 f812 	bl	10000232 <data_cpy>
1000020e:	e7f9      	b.n	10000204 <hold_non_core0_in_bootrom+0x6>
10000210:	4917      	ldr	r1, [pc, #92]	@ (10000270 <data_cpy_table+0x38>)
10000212:	4a18      	ldr	r2, [pc, #96]	@ (10000274 <data_cpy_table+0x3c>)
10000214:	2000      	movs	r0, #0
10000216:	e000      	b.n	1000021a <bss_fill_test>

10000218 <bss_fill_loop>:
10000218:	c101      	stmia	r1!, {r0}

1000021a <bss_fill_test>:
1000021a:	4291      	cmp	r1, r2
1000021c:	d1fc      	bne.n	10000218 <bss_fill_loop>

1000021e <platform_entry>:
1000021e:	4916      	ldr	r1, [pc, #88]	@ (10000278 <data_cpy_table+0x40>)
10000220:	4788      	blx	r1
10000222:	4916      	ldr	r1, [pc, #88]	@ (1000027c <data_cpy_table+0x44>)
10000224:	4788      	blx	r1
10000226:	4916      	ldr	r1, [pc, #88]	@ (10000280 <data_cpy_table+0x48>)
10000228:	4788      	blx	r1
1000022a:	be00      	bkpt	0x0000
1000022c:	e7fd      	b.n	1000022a <platform_entry+0xc>

1000022e <data_cpy_loop>:
1000022e:	c901      	ldmia	r1!, {r0}
10000230:	c201      	stmia	r2!, {r0}

10000232 <data_cpy>:
10000232:	429a      	cmp	r2, r3
10000234:	d3fb      	bcc.n	1000022e <data_cpy_loop>
10000236:	4770      	bx	lr

10000238 <data_cpy_table>:
10000238:	1000c0c0 	.word	0x1000c0c0
1000023c:	200000c0 	.word	0x200000c0
10000240:	200016cc 	.word	0x200016cc
10000244:	1000d6cc 	.word	0x1000d6cc
10000248:	20040000 	.word	0x20040000
1000024c:	20040000 	.word	0x20040000
10000250:	1000d6cc 	.word	0x1000d6cc
10000254:	20041000 	.word	0x20041000
10000258:	20041000 	.word	0x20041000
1000025c:	00000000 	.word	0x00000000
10000260:	4770      	bx	lr
10000262:	0000      	.short	0x0000
10000264:	00000000 	.word	0x00000000
10000268:	e000ed08 	.word	0xe000ed08
1000026c:	d0000000 	.word	0xd0000000
10000270:	200016cc 	.word	0x200016cc
10000274:	20002cf8 	.word	0x20002cf8
10000278:	10004d8d 	.word	0x10004d8d
1000027c:	100006dd 	.word	0x100006dd
10000280:	10004d4d 	.word	0x10004d4d

10000284 <_init>:
10000284:	b5f8      	push	{r3, r4, r5, r6, r7, lr}
10000286:	46c0      	nop			@ (mov r8, r8)

10000288 <deregister_tm_clones>:
10000288:	4804      	ldr	r0, [pc, #16]	@ (1000029c <deregister_tm_clones+0x14>)
1000028a:	4b05      	ldr	r3, [pc, #20]	@ (100002a0 <deregister_tm_clones+0x18>)
1000028c:	b510      	push	{r4, lr}
1000028e:	4283      	cmp	r3, r0
10000290:	d003      	beq.n	1000029a <deregister_tm_clones+0x12>
10000292:	4b04      	ldr	r3, [pc, #16]	@ (100002a4 <deregister_tm_clones+0x1c>)
10000294:	2b00      	cmp	r3, #0
10000296:	d000      	beq.n	1000029a <deregister_tm_clones+0x12>
10000298:	4798      	blx	r3
1000029a:	bd10      	pop	{r4, pc}
1000029c:	200016cc 	.word	0x200016cc
100002a0:	200016cc 	.word	0x200016cc
100002a4:	00000000 	.word	0x00000000

100002a8 <register_tm_clones>:
100002a8:	4806      	ldr	r0, [pc, #24]	@ (100002c4 <register_tm_clones+0x1c>)
100002aa:	4907      	ldr	r1, [pc, #28]	@ (100002c8 <register_tm_clones+0x20>)
100002ac:	1a09      	subs	r1, r1, r0
100002ae:	108b      	asrs	r3, r1, #2
100002b0:	0fc9      	lsrs	r1, r1, #31
100002b2:	18c9      	adds	r1, r1, r3
100002b4:	b510      	push	{r4, lr}
100002b6:	1049      	asrs	r1, r1, #1
100002b8:	d003      	beq.n	100002c2 <register_tm_clones+0x1a>
100002ba:	4b04      	ldr	r3, [pc, #16]	@ (100002cc <register_tm_clones+0x24>)
100002bc:	2b00      	cmp	r3, #0
100002be:	d000      	beq.n	100002c2 <register_tm_clones+0x1a>
100002c0:	4798      	blx	r3
100002c2:	bd10      	pop	{r4, pc}
100002c4:	200016cc 	.word	0x200016cc
100002c8:	200016cc 	.word	0x200016cc
100002cc:	00000000 	.word	0x00000000

100002d0 <__do_global_dtors_aux>:
100002d0:	b510      	push	{r4, lr}
100002d2:	4c07      	ldr	r4, [pc, #28]	@ (100002f0 <__do_global_dtors_aux+0x20>)
100002d4:	7823      	ldrb	r3, [r4, #0]
100002d6:	2b00      	cmp	r3, #0
100002d8:	d109      	bne.n	100002ee <__do_global_dtors_aux+0x1e>
100002da:	f7ff ffd5 	bl	10000288 <deregister_tm_clones>
100002de:	4b05      	ldr	r3, [pc, #20]	@ (100002f4 <__do_global_dtors_aux+0x24>)
100002e0:	2b00      	cmp	r3, #0
100002e2:	d002      	beq.n	100002ea <__do_global_dtors_aux+0x1a>
100002e4:	4804      	ldr	r0, [pc, #16]	@ (100002f8 <__do_global_dtors_aux+0x28>)
100002e6:	e000      	b.n	100002ea <__do_global_dtors_aux+0x1a>
100002e8:	bf00      	nop
100002ea:	2301      	movs	r3, #1
100002ec:	7023      	strb	r3, [r4, #0]
100002ee:	bd10      	pop	{r4, pc}
100002f0:	20001a58 	.word	0x20001a58
100002f4:	00000000 	.word	0x00000000
100002f8:	1000b4d4 	.word	0x1000b4d4

100002fc <frame_dummy>:
100002fc:	4b05      	ldr	r3, [pc, #20]	@ (10000314 <frame_dummy+0x18>)
100002fe:	b510      	push	{r4, lr}
10000300:	2b00      	cmp	r3, #0
10000302:	d003      	beq.n	1000030c <frame_dummy+0x10>
10000304:	4904      	ldr	r1, [pc, #16]	@ (10000318 <frame_dummy+0x1c>)
10000306:	4805      	ldr	r0, [pc, #20]	@ (1000031c <frame_dummy+0x20>)
10000308:	e000      	b.n	1000030c <frame_dummy+0x10>
1000030a:	bf00      	nop
1000030c:	f7ff ffcc 	bl	100002a8 <register_tm_clones>
10000310:	bd10      	pop	{r4, pc}
10000312:	46c0      	nop			@ (mov r8, r8)
10000314:	00000000 	.word	0x00000000
10000318:	20001a5c 	.word	0x20001a5c
1000031c:	1000b4d4 	.word	0x1000b4d4

10000320 <_Z10trimStringPc.part.0.constprop.0>:
10000320:	b5f8      	push	{r3, r4, r5, r6, r7, lr}
10000322:	4d1e      	ldr	r5, [pc, #120]	@ (1000039c <_Z10trimStringPc.part.0.constprop.0+0x7c>)
10000324:	782b      	ldrb	r3, [r5, #0]
10000326:	002c      	movs	r4, r5
10000328:	2b00      	cmp	r3, #0
1000032a:	d02f      	beq.n	1000038c <_Z10trimStringPc.part.0.constprop.0+0x6c>
1000032c:	2201      	movs	r2, #1
1000032e:	491c      	ldr	r1, [pc, #112]	@ (100003a0 <_Z10trimStringPc.part.0.constprop.0+0x80>)
10000330:	3b09      	subs	r3, #9
10000332:	b2db      	uxtb	r3, r3
10000334:	2b17      	cmp	r3, #23
10000336:	d807      	bhi.n	10000348 <_Z10trimStringPc.part.0.constprop.0+0x28>
10000338:	0008      	movs	r0, r1
1000033a:	40d8      	lsrs	r0, r3
1000033c:	4202      	tst	r2, r0
1000033e:	d003      	beq.n	10000348 <_Z10trimStringPc.part.0.constprop.0+0x28>
10000340:	7863      	ldrb	r3, [r4, #1]
10000342:	3401      	adds	r4, #1
10000344:	2b00      	cmp	r3, #0
10000346:	d1f3      	bne.n	10000330 <_Z10trimStringPc.part.0.constprop.0+0x10>
10000348:	0020      	movs	r0, r4
1000034a:	f00a f8eb 	bl	1000a524 <strlen>
1000034e:	3801      	subs	r0, #1
10000350:	1820      	adds	r0, r4, r0
10000352:	42a0      	cmp	r0, r4
10000354:	d90f      	bls.n	10000376 <_Z10trimStringPc.part.0.constprop.0+0x56>
10000356:	2201      	movs	r2, #1
10000358:	2600      	movs	r6, #0
1000035a:	4911      	ldr	r1, [pc, #68]	@ (100003a0 <_Z10trimStringPc.part.0.constprop.0+0x80>)
1000035c:	7803      	ldrb	r3, [r0, #0]
1000035e:	3b09      	subs	r3, #9
10000360:	b2db      	uxtb	r3, r3
10000362:	2b17      	cmp	r3, #23
10000364:	d807      	bhi.n	10000376 <_Z10trimStringPc.part.0.constprop.0+0x56>
10000366:	000f      	movs	r7, r1
10000368:	40df      	lsrs	r7, r3
1000036a:	423a      	tst	r2, r7
1000036c:	d003      	beq.n	10000376 <_Z10trimStringPc.part.0.constprop.0+0x56>
1000036e:	7006      	strb	r6, [r0, #0]
10000370:	3801      	subs	r0, #1
10000372:	42a0      	cmp	r0, r4
10000374:	d8f2      	bhi.n	1000035c <_Z10trimStringPc.part.0.constprop.0+0x3c>
10000376:	42ac      	cmp	r4, r5
10000378:	d007      	beq.n	1000038a <_Z10trimStringPc.part.0.constprop.0+0x6a>
1000037a:	0020      	movs	r0, r4
1000037c:	f00a f8d2 	bl	1000a524 <strlen>
10000380:	0021      	movs	r1, r4
10000382:	1c42      	adds	r2, r0, #1
10000384:	0028      	movs	r0, r5
10000386:	f009 fa3b 	bl	10009800 <memmove>
1000038a:	bdf8      	pop	{r3, r4, r5, r6, r7, pc}
1000038c:	0028      	movs	r0, r5
1000038e:	f00a f8c9 	bl	1000a524 <strlen>
10000392:	3801      	subs	r0, #1
10000394:	1828      	adds	r0, r5, r0
10000396:	42a8      	cmp	r0, r5
10000398:	d8dd      	bhi.n	10000356 <_Z10trimStringPc.part.0.constprop.0+0x36>
1000039a:	e7f6      	b.n	1000038a <_Z10trimStringPc.part.0.constprop.0+0x6a>
1000039c:	20002438 	.word	0x20002438
100003a0:	00800013 	.word	0x00800013

100003a4 <_ZNSt8_Rb_treeIiSt4pairIKifESt10_Select1stIS2_ESt4lessIiESaIS2_EE8_M_eraseEPSt13_Rb_tree_nodeIS2_E.isra.0>:
100003a4:	b5f0      	push	{r4, r5, r6, r7, lr}
100003a6:	46de      	mov	lr, fp
100003a8:	4657      	mov	r7, sl
100003aa:	464e      	mov	r6, r9
100003ac:	4645      	mov	r5, r8
100003ae:	b5e0      	push	{r5, r6, r7, lr}
100003b0:	b083      	sub	sp, #12
100003b2:	9001      	str	r0, [sp, #4]
100003b4:	2800      	cmp	r0, #0
100003b6:	d076      	beq.n	100004a6 <_ZNSt8_Rb_treeIiSt4pairIKifESt10_Select1stIS2_ESt4lessIiESaIS2_EE8_M_eraseEPSt13_Rb_tree_nodeIS2_E.isra.0+0x102>
100003b8:	9b01      	ldr	r3, [sp, #4]
100003ba:	68db      	ldr	r3, [r3, #12]
100003bc:	4699      	mov	r9, r3
100003be:	2b00      	cmp	r3, #0
100003c0:	d068      	beq.n	10000494 <_ZNSt8_Rb_treeIiSt4pairIKifESt10_Select1stIS2_ESt4lessIiESaIS2_EE8_M_eraseEPSt13_Rb_tree_nodeIS2_E.isra.0+0xf0>
100003c2:	464b      	mov	r3, r9
100003c4:	68db      	ldr	r3, [r3, #12]
100003c6:	469a      	mov	sl, r3
100003c8:	2b00      	cmp	r3, #0
100003ca:	d059      	beq.n	10000480 <_ZNSt8_Rb_treeIiSt4pairIKifESt10_Select1stIS2_ESt4lessIiESaIS2_EE8_M_eraseEPSt13_Rb_tree_nodeIS2_E.isra.0+0xdc>
100003cc:	4653      	mov	r3, sl
100003ce:	68db      	ldr	r3, [r3, #12]
100003d0:	469b      	mov	fp, r3
100003d2:	2b00      	cmp	r3, #0
100003d4:	d04a      	beq.n	1000046c <_ZNSt8_Rb_treeIiSt4pairIKifESt10_Select1stIS2_ESt4lessIiESaIS2_EE8_M_eraseEPSt13_Rb_tree_nodeIS2_E.isra.0+0xc8>
100003d6:	465b      	mov	r3, fp
100003d8:	68dc      	ldr	r4, [r3, #12]
100003da:	2c00      	cmp	r4, #0
100003dc:	d032      	beq.n	10000444 <_ZNSt8_Rb_treeIiSt4pairIKifESt10_Select1stIS2_ESt4lessIiESaIS2_EE8_M_eraseEPSt13_Rb_tree_nodeIS2_E.isra.0+0xa0>
100003de:	68e5      	ldr	r5, [r4, #12]
100003e0:	2d00      	cmp	r5, #0
100003e2:	d01d      	beq.n	10000420 <_ZNSt8_Rb_treeIiSt4pairIKifESt10_Select1stIS2_ESt4lessIiESaIS2_EE8_M_eraseEPSt13_Rb_tree_nodeIS2_E.isra.0+0x7c>
100003e4:	68eb      	ldr	r3, [r5, #12]
100003e6:	4698      	mov	r8, r3
100003e8:	2b00      	cmp	r3, #0
100003ea:	d022      	beq.n	10000432 <_ZNSt8_Rb_treeIiSt4pairIKifESt10_Select1stIS2_ESt4lessIiESaIS2_EE8_M_eraseEPSt13_Rb_tree_nodeIS2_E.isra.0+0x8e>
100003ec:	4643      	mov	r3, r8
100003ee:	68de      	ldr	r6, [r3, #12]
100003f0:	2e00      	cmp	r6, #0
100003f2:	d031      	beq.n	10000458 <_ZNSt8_Rb_treeIiSt4pairIKifESt10_Select1stIS2_ESt4lessIiESaIS2_EE8_M_eraseEPSt13_Rb_tree_nodeIS2_E.isra.0+0xb4>
100003f4:	68f7      	ldr	r7, [r6, #12]
100003f6:	2f00      	cmp	r7, #0
100003f8:	d009      	beq.n	1000040e <_ZNSt8_Rb_treeIiSt4pairIKifESt10_Select1stIS2_ESt4lessIiESaIS2_EE8_M_eraseEPSt13_Rb_tree_nodeIS2_E.isra.0+0x6a>
100003fa:	68f8      	ldr	r0, [r7, #12]
100003fc:	f7ff ffd2 	bl	100003a4 <_ZNSt8_Rb_treeIiSt4pairIKifESt10_Select1stIS2_ESt4lessIiESaIS2_EE8_M_eraseEPSt13_Rb_tree_nodeIS2_E.isra.0>
10000400:	0038      	movs	r0, r7
10000402:	68bf      	ldr	r7, [r7, #8]
10000404:	2118      	movs	r1, #24
10000406:	f003 f8b3 	bl	10003570 <_ZdlPvj>
1000040a:	2f00      	cmp	r7, #0
1000040c:	d1f5      	bne.n	100003fa <_ZNSt8_Rb_treeIiSt4pairIKifESt10_Select1stIS2_ESt4lessIiESaIS2_EE8_M_eraseEPSt13_Rb_tree_nodeIS2_E.isra.0+0x56>
1000040e:	68b7      	ldr	r7, [r6, #8]
10000410:	2118      	movs	r1, #24
10000412:	0030      	movs	r0, r6
10000414:	f003 f8ac 	bl	10003570 <_ZdlPvj>
10000418:	2f00      	cmp	r7, #0
1000041a:	d01d      	beq.n	10000458 <_ZNSt8_Rb_treeIiSt4pairIKifESt10_Select1stIS2_ESt4lessIiESaIS2_EE8_M_eraseEPSt13_Rb_tree_nodeIS2_E.isra.0+0xb4>
1000041c:	003e      	movs	r6, r7
1000041e:	e7e9      	b.n	100003f4 <_ZNSt8_Rb_treeIiSt4pairIKifESt10_Select1stIS2_ESt4lessIiESaIS2_EE8_M_eraseEPSt13_Rb_tree_nodeIS2_E.isra.0+0x50>
10000420:	68a5      	ldr	r5, [r4, #8]
10000422:	2118      	movs	r1, #24
10000424:	0020      	movs	r0, r4
10000426:	f003 f8a3 	bl	10003570 <_ZdlPvj>
1000042a:	2d00      	cmp	r5, #0
1000042c:	d00a      	beq.n	10000444 <_ZNSt8_Rb_treeIiSt4pairIKifESt10_Select1stIS2_ESt4lessIiESaIS2_EE8_M_eraseEPSt13_Rb_tree_nodeIS2_E.isra.0+0xa0>
1000042e:	002c      	movs	r4, r5
10000430:	e7d5      	b.n	100003de <_ZNSt8_Rb_treeIiSt4pairIKifESt10_Select1stIS2_ESt4lessIiESaIS2_EE8_M_eraseEPSt13_Rb_tree_nodeIS2_E.isra.0+0x3a>
10000432:	68ae      	ldr	r6, [r5, #8]
10000434:	2118      	movs	r1, #24
10000436:	0028      	movs	r0, r5
10000438:	f003 f89a 	bl	10003570 <_ZdlPvj>
1000043c:	2e00      	cmp	r6, #0
1000043e:	d0ef      	beq.n	10000420 <_ZNSt8_Rb_treeIiSt4pairIKifESt10_Select1stIS2_ESt4lessIiESaIS2_EE8_M_eraseEPSt13_Rb_tree_nodeIS2_E.isra.0+0x7c>
10000440:	0035      	movs	r5, r6
10000442:	e7cf      	b.n	100003e4 <_ZNSt8_Rb_treeIiSt4pairIKifESt10_Select1stIS2_ESt4lessIiESaIS2_EE8_M_eraseEPSt13_Rb_tree_nodeIS2_E.isra.0+0x40>
10000444:	465b      	mov	r3, fp
10000446:	689c      	ldr	r4, [r3, #8]
10000448:	2118      	movs	r1, #24
1000044a:	4658      	mov	r0, fp
1000044c:	f003 f890 	bl	10003570 <_ZdlPvj>
10000450:	2c00      	cmp	r4, #0
10000452:	d00b      	beq.n	1000046c <_ZNSt8_Rb_treeIiSt4pairIKifESt10_Select1stIS2_ESt4lessIiESaIS2_EE8_M_eraseEPSt13_Rb_tree_nodeIS2_E.isra.0+0xc8>
10000454:	46a3      	mov	fp, r4
10000456:	e7be      	b.n	100003d6 <_ZNSt8_Rb_treeIiSt4pairIKifESt10_Select1stIS2_ESt4lessIiESaIS2_EE8_M_eraseEPSt13_Rb_tree_nodeIS2_E.isra.0+0x32>
10000458:	4643      	mov	r3, r8
1000045a:	689e      	ldr	r6, [r3, #8]
1000045c:	2118      	movs	r1, #24
1000045e:	4640      	mov	r0, r8
10000460:	f003 f886 	bl	10003570 <_ZdlPvj>
10000464:	2e00      	cmp	r6, #0
10000466:	d0e4      	beq.n	10000432 <_ZNSt8_Rb_treeIiSt4pairIKifESt10_Select1stIS2_ESt4lessIiESaIS2_EE8_M_eraseEPSt13_Rb_tree_nodeIS2_E.isra.0+0x8e>
10000468:	46b0      	mov	r8, r6
1000046a:	e7bf      	b.n	100003ec <_ZNSt8_Rb_treeIiSt4pairIKifESt10_Select1stIS2_ESt4lessIiESaIS2_EE8_M_eraseEPSt13_Rb_tree_nodeIS2_E.isra.0+0x48>
1000046c:	4653      	mov	r3, sl
1000046e:	689c      	ldr	r4, [r3, #8]
10000470:	2118      	movs	r1, #24
10000472:	4650      	mov	r0, sl
10000474:	f003 f87c 	bl	10003570 <_ZdlPvj>
10000478:	2c00      	cmp	r4, #0
1000047a:	d001      	beq.n	10000480 <_ZNSt8_Rb_treeIiSt4pairIKifESt10_Select1stIS2_ESt4lessIiESaIS2_EE8_M_eraseEPSt13_Rb_tree_nodeIS2_E.isra.0+0xdc>
1000047c:	46a2      	mov	sl, r4
1000047e:	e7a5      	b.n	100003cc <_ZNSt8_Rb_treeIiSt4pairIKifESt10_Select1stIS2_ESt4lessIiESaIS2_EE8_M_eraseEPSt13_Rb_tree_nodeIS2_E.isra.0+0x28>
10000480:	464b      	mov	r3, r9
10000482:	689c      	ldr	r4, [r3, #8]
10000484:	2118      	movs	r1, #24
10000486:	4648      	mov	r0, r9
10000488:	f003 f872 	bl	10003570 <_ZdlPvj>
1000048c:	2c00      	cmp	r4, #0
1000048e:	d001      	beq.n	10000494 <_ZNSt8_Rb_treeIiSt4pairIKifESt10_Select1stIS2_ESt4lessIiESaIS2_EE8_M_eraseEPSt13_Rb_tree_nodeIS2_E.isra.0+0xf0>
10000490:	46a1      	mov	r9, r4
10000492:	e796      	b.n	100003c2 <_ZNSt8_Rb_treeIiSt4pairIKifESt10_Select1stIS2_ESt4lessIiESaIS2_EE8_M_eraseEPSt13_Rb_tree_nodeIS2_E.isra.0+0x1e>
10000494:	9801      	ldr	r0, [sp, #4]
10000496:	2118      	movs	r1, #24
10000498:	6884      	ldr	r4, [r0, #8]
1000049a:	f003 f869 	bl	10003570 <_ZdlPvj>
1000049e:	2c00      	cmp	r4, #0
100004a0:	d001      	beq.n	100004a6 <_ZNSt8_Rb_treeIiSt4pairIKifESt10_Select1stIS2_ESt4lessIiESaIS2_EE8_M_eraseEPSt13_Rb_tree_nodeIS2_E.isra.0+0x102>
100004a2:	9401      	str	r4, [sp, #4]
100004a4:	e788      	b.n	100003b8 <_ZNSt8_Rb_treeIiSt4pairIKifESt10_Select1stIS2_ESt4lessIiESaIS2_EE8_M_eraseEPSt13_Rb_tree_nodeIS2_E.isra.0+0x14>
100004a6:	b003      	add	sp, #12
100004a8:	bcf0      	pop	{r4, r5, r6, r7}
100004aa:	46bb      	mov	fp, r7
100004ac:	46b2      	mov	sl, r6
100004ae:	46a9      	mov	r9, r5
100004b0:	46a0      	mov	r8, r4
100004b2:	bdf0      	pop	{r4, r5, r6, r7, pc}

100004b4 <_Z12parseCmdDictPKc>:
100004b4:	b5f0      	push	{r4, r5, r6, r7, lr}
100004b6:	464e      	mov	r6, r9
100004b8:	4645      	mov	r5, r8
100004ba:	46de      	mov	lr, fp
100004bc:	4657      	mov	r7, sl
100004be:	b5e0      	push	{r5, r6, r7, lr}
100004c0:	2600      	movs	r6, #0
100004c2:	4c82      	ldr	r4, [pc, #520]	@ (100006cc <_Z12parseCmdDictPKc+0x218>)
100004c4:	1d05      	adds	r5, r0, #4
100004c6:	44a5      	add	sp, r4
100004c8:	7106      	strb	r6, [r0, #4]
100004ca:	0004      	movs	r4, r0
100004cc:	6086      	str	r6, [r0, #8]
100004ce:	60c5      	str	r5, [r0, #12]
100004d0:	6105      	str	r5, [r0, #16]
100004d2:	6146      	str	r6, [r0, #20]
100004d4:	2900      	cmp	r1, #0
100004d6:	d002      	beq.n	100004de <_Z12parseCmdDictPKc+0x2a>
100004d8:	780b      	ldrb	r3, [r1, #0]
100004da:	2b00      	cmp	r3, #0
100004dc:	d108      	bne.n	100004f0 <_Z12parseCmdDictPKc+0x3c>
100004de:	0020      	movs	r0, r4
100004e0:	4b7b      	ldr	r3, [pc, #492]	@ (100006d0 <_Z12parseCmdDictPKc+0x21c>)
100004e2:	449d      	add	sp, r3
100004e4:	bcf0      	pop	{r4, r5, r6, r7}
100004e6:	46bb      	mov	fp, r7
100004e8:	46b2      	mov	sl, r6
100004ea:	46a9      	mov	r9, r5
100004ec:	46a0      	mov	r8, r4
100004ee:	bdf0      	pop	{r4, r5, r6, r7, pc}
100004f0:	4b78      	ldr	r3, [pc, #480]	@ (100006d4 <_Z12parseCmdDictPKc+0x220>)
100004f2:	af04      	add	r7, sp, #16
100004f4:	4698      	mov	r8, r3
100004f6:	001a      	movs	r2, r3
100004f8:	0038      	movs	r0, r7
100004fa:	f007 fc2f 	bl	10007d5c <strncpy>
100004fe:	4643      	mov	r3, r8
10000500:	54fe      	strb	r6, [r7, r3]
10000502:	4b75      	ldr	r3, [pc, #468]	@ (100006d8 <_Z12parseCmdDictPKc+0x224>)
10000504:	0038      	movs	r0, r7
10000506:	0019      	movs	r1, r3
10000508:	aa03      	add	r2, sp, #12
1000050a:	4698      	mov	r8, r3
1000050c:	f009 fe7a 	bl	1000a204 <strtok_r>
10000510:	1e06      	subs	r6, r0, #0
10000512:	d0e4      	beq.n	100004de <_Z12parseCmdDictPKc+0x2a>
10000514:	2300      	movs	r3, #0
10000516:	4699      	mov	r9, r3
10000518:	e006      	b.n	10000528 <_Z12parseCmdDictPKc+0x74>
1000051a:	4641      	mov	r1, r8
1000051c:	2000      	movs	r0, #0
1000051e:	aa03      	add	r2, sp, #12
10000520:	f009 fe70 	bl	1000a204 <strtok_r>
10000524:	1e06      	subs	r6, r0, #0
10000526:	d0da      	beq.n	100004de <_Z12parseCmdDictPKc+0x2a>
10000528:	213d      	movs	r1, #61	@ 0x3d
1000052a:	0030      	movs	r0, r6
1000052c:	f008 fcc0 	bl	10008eb0 <strchr>
10000530:	1e07      	subs	r7, r0, #0
10000532:	d0f2      	beq.n	1000051a <_Z12parseCmdDictPKc+0x66>
10000534:	464b      	mov	r3, r9
10000536:	7003      	strb	r3, [r0, #0]
10000538:	7833      	ldrb	r3, [r6, #0]
1000053a:	2b00      	cmp	r3, #0
1000053c:	d0ed      	beq.n	1000051a <_Z12parseCmdDictPKc+0x66>
1000053e:	7843      	ldrb	r3, [r0, #1]
10000540:	2b00      	cmp	r3, #0
10000542:	d0ea      	beq.n	1000051a <_Z12parseCmdDictPKc+0x66>
10000544:	0030      	movs	r0, r6
10000546:	f009 fe87 	bl	1000a258 <atoi>
1000054a:	0006      	movs	r6, r0
1000054c:	1c78      	adds	r0, r7, #1
1000054e:	f007 fc4d 	bl	10007dec <atof>
10000552:	f002 fb33 	bl	10002bbc <__wrap___aeabi_d2f>
10000556:	68a3      	ldr	r3, [r4, #8]
10000558:	4682      	mov	sl, r0
1000055a:	2b00      	cmp	r3, #0
1000055c:	d044      	beq.n	100005e8 <_Z12parseCmdDictPKc+0x134>
1000055e:	002f      	movs	r7, r5
10000560:	e003      	b.n	1000056a <_Z12parseCmdDictPKc+0xb6>
10000562:	001f      	movs	r7, r3
10000564:	689b      	ldr	r3, [r3, #8]
10000566:	2b00      	cmp	r3, #0
10000568:	d005      	beq.n	10000576 <_Z12parseCmdDictPKc+0xc2>
1000056a:	691a      	ldr	r2, [r3, #16]
1000056c:	4296      	cmp	r6, r2
1000056e:	ddf8      	ble.n	10000562 <_Z12parseCmdDictPKc+0xae>
10000570:	68db      	ldr	r3, [r3, #12]
10000572:	2b00      	cmp	r3, #0
10000574:	d1f9      	bne.n	1000056a <_Z12parseCmdDictPKc+0xb6>
10000576:	42bd      	cmp	r5, r7
10000578:	d036      	beq.n	100005e8 <_Z12parseCmdDictPKc+0x134>
1000057a:	693b      	ldr	r3, [r7, #16]
1000057c:	429e      	cmp	r6, r3
1000057e:	da20      	bge.n	100005c2 <_Z12parseCmdDictPKc+0x10e>
10000580:	2018      	movs	r0, #24
10000582:	f002 fff1 	bl	10003568 <_Znwj>
10000586:	2300      	movs	r3, #0
10000588:	6106      	str	r6, [r0, #16]
1000058a:	6143      	str	r3, [r0, #20]
1000058c:	693b      	ldr	r3, [r7, #16]
1000058e:	4683      	mov	fp, r0
10000590:	429e      	cmp	r6, r3
10000592:	db19      	blt.n	100005c8 <_Z12parseCmdDictPKc+0x114>
10000594:	dd46      	ble.n	10000624 <_Z12parseCmdDictPKc+0x170>
10000596:	6923      	ldr	r3, [r4, #16]
10000598:	42bb      	cmp	r3, r7
1000059a:	d077      	beq.n	1000068c <_Z12parseCmdDictPKc+0x1d8>
1000059c:	0038      	movs	r0, r7
1000059e:	f007 fa49 	bl	10007a34 <_ZSt18_Rb_tree_incrementPSt18_Rb_tree_node_base>
100005a2:	6903      	ldr	r3, [r0, #16]
100005a4:	0002      	movs	r2, r0
100005a6:	429e      	cmp	r6, r3
100005a8:	da73      	bge.n	10000692 <_Z12parseCmdDictPKc+0x1de>
100005aa:	68fb      	ldr	r3, [r7, #12]
100005ac:	2b00      	cmp	r3, #0
100005ae:	d06d      	beq.n	1000068c <_Z12parseCmdDictPKc+0x1d8>
100005b0:	465f      	mov	r7, fp
100005b2:	2001      	movs	r0, #1
100005b4:	002b      	movs	r3, r5
100005b6:	4659      	mov	r1, fp
100005b8:	f007 fa88 	bl	10007acc <_ZSt29_Rb_tree_insert_and_rebalancebPSt18_Rb_tree_node_baseS0_RS_>
100005bc:	6963      	ldr	r3, [r4, #20]
100005be:	3301      	adds	r3, #1
100005c0:	6163      	str	r3, [r4, #20]
100005c2:	4653      	mov	r3, sl
100005c4:	617b      	str	r3, [r7, #20]
100005c6:	e7a8      	b.n	1000051a <_Z12parseCmdDictPKc+0x66>
100005c8:	68e3      	ldr	r3, [r4, #12]
100005ca:	9301      	str	r3, [sp, #4]
100005cc:	42bb      	cmp	r3, r7
100005ce:	d009      	beq.n	100005e4 <_Z12parseCmdDictPKc+0x130>
100005d0:	0038      	movs	r0, r7
100005d2:	f007 fa5f 	bl	10007a94 <_ZSt18_Rb_tree_decrementPSt18_Rb_tree_node_base>
100005d6:	6903      	ldr	r3, [r0, #16]
100005d8:	0002      	movs	r2, r0
100005da:	429e      	cmp	r6, r3
100005dc:	dd36      	ble.n	1000064c <_Z12parseCmdDictPKc+0x198>
100005de:	68c3      	ldr	r3, [r0, #12]
100005e0:	2b00      	cmp	r3, #0
100005e2:	d00f      	beq.n	10000604 <_Z12parseCmdDictPKc+0x150>
100005e4:	003a      	movs	r2, r7
100005e6:	e7e3      	b.n	100005b0 <_Z12parseCmdDictPKc+0xfc>
100005e8:	2018      	movs	r0, #24
100005ea:	f002 ffbd 	bl	10003568 <_Znwj>
100005ee:	2300      	movs	r3, #0
100005f0:	6143      	str	r3, [r0, #20]
100005f2:	6963      	ldr	r3, [r4, #20]
100005f4:	4683      	mov	fp, r0
100005f6:	6106      	str	r6, [r0, #16]
100005f8:	2b00      	cmp	r3, #0
100005fa:	d018      	beq.n	1000062e <_Z12parseCmdDictPKc+0x17a>
100005fc:	6922      	ldr	r2, [r4, #16]
100005fe:	6913      	ldr	r3, [r2, #16]
10000600:	429e      	cmp	r6, r3
10000602:	dd14      	ble.n	1000062e <_Z12parseCmdDictPKc+0x17a>
10000604:	465f      	mov	r7, fp
10000606:	2001      	movs	r0, #1
10000608:	4295      	cmp	r5, r2
1000060a:	d0d3      	beq.n	100005b4 <_Z12parseCmdDictPKc+0x100>
1000060c:	6913      	ldr	r3, [r2, #16]
1000060e:	2001      	movs	r0, #1
10000610:	429e      	cmp	r6, r3
10000612:	db00      	blt.n	10000616 <_Z12parseCmdDictPKc+0x162>
10000614:	2000      	movs	r0, #0
10000616:	b2c0      	uxtb	r0, r0
10000618:	e7cc      	b.n	100005b4 <_Z12parseCmdDictPKc+0x100>
1000061a:	003a      	movs	r2, r7
1000061c:	2800      	cmp	r0, #0
1000061e:	d124      	bne.n	1000066a <_Z12parseCmdDictPKc+0x1b6>
10000620:	428e      	cmp	r6, r1
10000622:	dcef      	bgt.n	10000604 <_Z12parseCmdDictPKc+0x150>
10000624:	2118      	movs	r1, #24
10000626:	4658      	mov	r0, fp
10000628:	f002 ffa2 	bl	10003570 <_ZdlPvj>
1000062c:	e7c9      	b.n	100005c2 <_Z12parseCmdDictPKc+0x10e>
1000062e:	68a7      	ldr	r7, [r4, #8]
10000630:	2f00      	cmp	r7, #0
10000632:	d105      	bne.n	10000640 <_Z12parseCmdDictPKc+0x18c>
10000634:	e03c      	b.n	100006b0 <_Z12parseCmdDictPKc+0x1fc>
10000636:	2001      	movs	r0, #1
10000638:	68bb      	ldr	r3, [r7, #8]
1000063a:	2b00      	cmp	r3, #0
1000063c:	d0ed      	beq.n	1000061a <_Z12parseCmdDictPKc+0x166>
1000063e:	001f      	movs	r7, r3
10000640:	6939      	ldr	r1, [r7, #16]
10000642:	428e      	cmp	r6, r1
10000644:	dbf7      	blt.n	10000636 <_Z12parseCmdDictPKc+0x182>
10000646:	2000      	movs	r0, #0
10000648:	68fb      	ldr	r3, [r7, #12]
1000064a:	e7f6      	b.n	1000063a <_Z12parseCmdDictPKc+0x186>
1000064c:	68a7      	ldr	r7, [r4, #8]
1000064e:	2f00      	cmp	r7, #0
10000650:	d105      	bne.n	1000065e <_Z12parseCmdDictPKc+0x1aa>
10000652:	e035      	b.n	100006c0 <_Z12parseCmdDictPKc+0x20c>
10000654:	2001      	movs	r0, #1
10000656:	68bb      	ldr	r3, [r7, #8]
10000658:	2b00      	cmp	r3, #0
1000065a:	d010      	beq.n	1000067e <_Z12parseCmdDictPKc+0x1ca>
1000065c:	001f      	movs	r7, r3
1000065e:	6939      	ldr	r1, [r7, #16]
10000660:	428e      	cmp	r6, r1
10000662:	dbf7      	blt.n	10000654 <_Z12parseCmdDictPKc+0x1a0>
10000664:	2000      	movs	r0, #0
10000666:	68fb      	ldr	r3, [r7, #12]
10000668:	e7f6      	b.n	10000658 <_Z12parseCmdDictPKc+0x1a4>
1000066a:	68e3      	ldr	r3, [r4, #12]
1000066c:	429f      	cmp	r7, r3
1000066e:	d0c9      	beq.n	10000604 <_Z12parseCmdDictPKc+0x150>
10000670:	0038      	movs	r0, r7
10000672:	f007 fa0f 	bl	10007a94 <_ZSt18_Rb_tree_decrementPSt18_Rb_tree_node_base>
10000676:	003a      	movs	r2, r7
10000678:	6901      	ldr	r1, [r0, #16]
1000067a:	0007      	movs	r7, r0
1000067c:	e7d0      	b.n	10000620 <_Z12parseCmdDictPKc+0x16c>
1000067e:	003a      	movs	r2, r7
10000680:	2800      	cmp	r0, #0
10000682:	d0cd      	beq.n	10000620 <_Z12parseCmdDictPKc+0x16c>
10000684:	9b01      	ldr	r3, [sp, #4]
10000686:	42bb      	cmp	r3, r7
10000688:	d1f2      	bne.n	10000670 <_Z12parseCmdDictPKc+0x1bc>
1000068a:	e7bb      	b.n	10000604 <_Z12parseCmdDictPKc+0x150>
1000068c:	003a      	movs	r2, r7
1000068e:	465f      	mov	r7, fp
10000690:	e7bc      	b.n	1000060c <_Z12parseCmdDictPKc+0x158>
10000692:	68a7      	ldr	r7, [r4, #8]
10000694:	2f00      	cmp	r7, #0
10000696:	d105      	bne.n	100006a4 <_Z12parseCmdDictPKc+0x1f0>
10000698:	e00a      	b.n	100006b0 <_Z12parseCmdDictPKc+0x1fc>
1000069a:	2001      	movs	r0, #1
1000069c:	68bb      	ldr	r3, [r7, #8]
1000069e:	2b00      	cmp	r3, #0
100006a0:	d0bb      	beq.n	1000061a <_Z12parseCmdDictPKc+0x166>
100006a2:	001f      	movs	r7, r3
100006a4:	6939      	ldr	r1, [r7, #16]
100006a6:	428e      	cmp	r6, r1
100006a8:	dbf7      	blt.n	1000069a <_Z12parseCmdDictPKc+0x1e6>
100006aa:	2000      	movs	r0, #0
100006ac:	68fb      	ldr	r3, [r7, #12]
100006ae:	e7f6      	b.n	1000069e <_Z12parseCmdDictPKc+0x1ea>
100006b0:	68e3      	ldr	r3, [r4, #12]
100006b2:	002f      	movs	r7, r5
100006b4:	42ab      	cmp	r3, r5
100006b6:	d1db      	bne.n	10000670 <_Z12parseCmdDictPKc+0x1bc>
100006b8:	465f      	mov	r7, fp
100006ba:	002a      	movs	r2, r5
100006bc:	2001      	movs	r0, #1
100006be:	e779      	b.n	100005b4 <_Z12parseCmdDictPKc+0x100>
100006c0:	9b01      	ldr	r3, [sp, #4]
100006c2:	002f      	movs	r7, r5
100006c4:	429d      	cmp	r5, r3
100006c6:	d1d3      	bne.n	10000670 <_Z12parseCmdDictPKc+0x1bc>
100006c8:	e7f6      	b.n	100006b8 <_Z12parseCmdDictPKc+0x204>
100006ca:	46c0      	nop			@ (mov r8, r8)
100006cc:	fffffbec 	.word	0xfffffbec
100006d0:	00000414 	.word	0x00000414
100006d4:	000003ff 	.word	0x000003ff
100006d8:	1000b4d8 	.word	0x1000b4d8

100006dc <main>:
100006dc:	b5f0      	push	{r4, r5, r6, r7, lr}
100006de:	46de      	mov	lr, fp
100006e0:	4645      	mov	r5, r8
100006e2:	464e      	mov	r6, r9
100006e4:	4657      	mov	r7, sl
100006e6:	b5e0      	push	{r5, r6, r7, lr}
100006e8:	b093      	sub	sp, #76	@ 0x4c
100006ea:	f004 fc81 	bl	10004ff0 <stdio_init_all>
100006ee:	20fa      	movs	r0, #250	@ 0xfa
100006f0:	0080      	lsls	r0, r0, #2
100006f2:	f001 fa4d 	bl	10001b90 <sleep_ms>
100006f6:	2019      	movs	r0, #25
100006f8:	f000 fbb6 	bl	10000e68 <gpio_init>
100006fc:	23d0      	movs	r3, #208	@ 0xd0
100006fe:	2280      	movs	r2, #128	@ 0x80
10000700:	21e1      	movs	r1, #225	@ 0xe1
10000702:	061b      	lsls	r3, r3, #24
10000704:	0492      	lsls	r2, r2, #18
10000706:	625a      	str	r2, [r3, #36]	@ 0x24
10000708:	0249      	lsls	r1, r1, #9
1000070a:	619a      	str	r2, [r3, #24]
1000070c:	4875      	ldr	r0, [pc, #468]	@ (100008e4 <main+0x208>)
1000070e:	f001 fb37 	bl	10001d80 <uart_init>
10000712:	2102      	movs	r1, #2
10000714:	2004      	movs	r0, #4
10000716:	f000 fb8d 	bl	10000e34 <gpio_set_function>
1000071a:	2102      	movs	r1, #2
1000071c:	2005      	movs	r0, #5
1000071e:	f000 fb89 	bl	10000e34 <gpio_set_function>
10000722:	2101      	movs	r1, #1
10000724:	486f      	ldr	r0, [pc, #444]	@ (100008e4 <main+0x208>)
10000726:	f001 fbbb 	bl	10001ea0 <uart_set_fifo_enabled>
1000072a:	ab06      	add	r3, sp, #24
1000072c:	4698      	mov	r8, r3
1000072e:	2300      	movs	r3, #0
10000730:	4642      	mov	r2, r8
10000732:	4641      	mov	r1, r8
10000734:	7113      	strb	r3, [r2, #4]
10000736:	6093      	str	r3, [r2, #8]
10000738:	aa07      	add	r2, sp, #28
1000073a:	614b      	str	r3, [r1, #20]
1000073c:	60ca      	str	r2, [r1, #12]
1000073e:	610a      	str	r2, [r1, #16]
10000740:	4640      	mov	r0, r8
10000742:	2202      	movs	r2, #2
10000744:	2101      	movs	r1, #1
10000746:	f000 f8dd 	bl	10000904 <_ZN5Robot8addServoEjj>
1000074a:	2203      	movs	r2, #3
1000074c:	2102      	movs	r1, #2
1000074e:	4640      	mov	r0, r8
10000750:	f000 f8d8 	bl	10000904 <_ZN5Robot8addServoEjj>
10000754:	2206      	movs	r2, #6
10000756:	2103      	movs	r1, #3
10000758:	4640      	mov	r0, r8
1000075a:	f000 f8d3 	bl	10000904 <_ZN5Robot8addServoEjj>
1000075e:	2207      	movs	r2, #7
10000760:	2104      	movs	r1, #4
10000762:	4640      	mov	r0, r8
10000764:	f000 f8ce 	bl	10000904 <_ZN5Robot8addServoEjj>
10000768:	4b5f      	ldr	r3, [pc, #380]	@ (100008e8 <main+0x20c>)
1000076a:	220f      	movs	r2, #15
1000076c:	210e      	movs	r1, #14
1000076e:	a803      	add	r0, sp, #12
10000770:	f000 fae4 	bl	10000d3c <_ZN7sensors6HCSR04C1Ejjm>
10000774:	485d      	ldr	r0, [pc, #372]	@ (100008ec <main+0x210>)
10000776:	f004 fcd7 	bl	10005128 <__wrap_puts>
1000077a:	2300      	movs	r3, #0
1000077c:	9300      	str	r3, [sp, #0]
1000077e:	4b5c      	ldr	r3, [pc, #368]	@ (100008f0 <main+0x214>)
10000780:	4d5c      	ldr	r5, [pc, #368]	@ (100008f4 <main+0x218>)
10000782:	469b      	mov	fp, r3
10000784:	4b5c      	ldr	r3, [pc, #368]	@ (100008f8 <main+0x21c>)
10000786:	4e5d      	ldr	r6, [pc, #372]	@ (100008fc <main+0x220>)
10000788:	4c56      	ldr	r4, [pc, #344]	@ (100008e4 <main+0x208>)
1000078a:	9301      	str	r3, [sp, #4]
1000078c:	69a3      	ldr	r3, [r4, #24]
1000078e:	2210      	movs	r2, #16
10000790:	06db      	lsls	r3, r3, #27
10000792:	d413      	bmi.n	100007bc <main+0xe0>
10000794:	0011      	movs	r1, r2
10000796:	69a3      	ldr	r3, [r4, #24]
10000798:	4019      	ands	r1, r3
1000079a:	421a      	tst	r2, r3
1000079c:	d1fa      	bne.n	10000794 <main+0xb8>
1000079e:	6823      	ldr	r3, [r4, #0]
100007a0:	682a      	ldr	r2, [r5, #0]
100007a2:	b2db      	uxtb	r3, r3
100007a4:	2b0a      	cmp	r3, #10
100007a6:	d042      	beq.n	1000082e <main+0x152>
100007a8:	4955      	ldr	r1, [pc, #340]	@ (10000900 <main+0x224>)
100007aa:	428a      	cmp	r2, r1
100007ac:	d8ee      	bhi.n	1000078c <main+0xb0>
100007ae:	54b3      	strb	r3, [r6, r2]
100007b0:	69a3      	ldr	r3, [r4, #24]
100007b2:	1c51      	adds	r1, r2, #1
100007b4:	6029      	str	r1, [r5, #0]
100007b6:	2210      	movs	r2, #16
100007b8:	06db      	lsls	r3, r3, #27
100007ba:	d5eb      	bpl.n	10000794 <main+0xb8>
100007bc:	2000      	movs	r0, #0
100007be:	f004 fc1b 	bl	10004ff8 <stdio_getchar_timeout_us>
100007c2:	1c83      	adds	r3, r0, #2
100007c4:	d00a      	beq.n	100007dc <main+0x100>
100007c6:	682b      	ldr	r3, [r5, #0]
100007c8:	280a      	cmp	r0, #10
100007ca:	d039      	beq.n	10000840 <main+0x164>
100007cc:	280d      	cmp	r0, #13
100007ce:	d037      	beq.n	10000840 <main+0x164>
100007d0:	4a4b      	ldr	r2, [pc, #300]	@ (10000900 <main+0x224>)
100007d2:	4293      	cmp	r3, r2
100007d4:	d802      	bhi.n	100007dc <main+0x100>
100007d6:	1c5a      	adds	r2, r3, #1
100007d8:	602a      	str	r2, [r5, #0]
100007da:	54f0      	strb	r0, [r6, r3]
100007dc:	f001 fa82 	bl	10001ce4 <time_us_64>
100007e0:	2900      	cmp	r1, #0
100007e2:	d00f      	beq.n	10000804 <main+0x128>
100007e4:	22fa      	movs	r2, #250	@ 0xfa
100007e6:	2300      	movs	r3, #0
100007e8:	0092      	lsls	r2, r2, #2
100007ea:	f001 fec3 	bl	10002574 <__wrap___aeabi_uldivmod>
100007ee:	4681      	mov	r9, r0
100007f0:	464b      	mov	r3, r9
100007f2:	9a00      	ldr	r2, [sp, #0]
100007f4:	1a9b      	subs	r3, r3, r2
100007f6:	2b63      	cmp	r3, #99	@ 0x63
100007f8:	d80e      	bhi.n	10000818 <main+0x13c>
100007fa:	200a      	movs	r0, #10
100007fc:	2100      	movs	r1, #0
100007fe:	f001 f9b3 	bl	10001b68 <sleep_us>
10000802:	e7c3      	b.n	1000078c <main+0xb0>
10000804:	21fa      	movs	r1, #250	@ 0xfa
10000806:	0089      	lsls	r1, r1, #2
10000808:	f001 fe76 	bl	100024f8 <__wrap___aeabi_uidiv>
1000080c:	4681      	mov	r9, r0
1000080e:	464b      	mov	r3, r9
10000810:	9a00      	ldr	r2, [sp, #0]
10000812:	1a9b      	subs	r3, r3, r2
10000814:	2b63      	cmp	r3, #99	@ 0x63
10000816:	d9f0      	bls.n	100007fa <main+0x11e>
10000818:	a803      	add	r0, sp, #12
1000081a:	f000 fafb 	bl	10000e14 <_ZN7sensors6HCSR0410distanceMmEv>
1000081e:	1e01      	subs	r1, r0, #0
10000820:	db36      	blt.n	10000890 <main+0x1b4>
10000822:	4658      	mov	r0, fp
10000824:	f004 fd08 	bl	10005238 <__wrap_printf>
10000828:	464b      	mov	r3, r9
1000082a:	9300      	str	r3, [sp, #0]
1000082c:	e7e5      	b.n	100007fa <main+0x11e>
1000082e:	54b1      	strb	r1, [r6, r2]
10000830:	f7ff fd76 	bl	10000320 <_Z10trimStringPc.part.0.constprop.0>
10000834:	682b      	ldr	r3, [r5, #0]
10000836:	2b00      	cmp	r3, #0
10000838:	d10c      	bne.n	10000854 <main+0x178>
1000083a:	2300      	movs	r3, #0
1000083c:	602b      	str	r3, [r5, #0]
1000083e:	e7a5      	b.n	1000078c <main+0xb0>
10000840:	2200      	movs	r2, #0
10000842:	54f2      	strb	r2, [r6, r3]
10000844:	f7ff fd6c 	bl	10000320 <_Z10trimStringPc.part.0.constprop.0>
10000848:	682b      	ldr	r3, [r5, #0]
1000084a:	2b00      	cmp	r3, #0
1000084c:	d124      	bne.n	10000898 <main+0x1bc>
1000084e:	2300      	movs	r3, #0
10000850:	602b      	str	r3, [r5, #0]
10000852:	e7c3      	b.n	100007dc <main+0x100>
10000854:	2380      	movs	r3, #128	@ 0x80
10000856:	27d0      	movs	r7, #208	@ 0xd0
10000858:	049b      	lsls	r3, r3, #18
1000085a:	469a      	mov	sl, r3
1000085c:	063f      	lsls	r7, r7, #24
1000085e:	617b      	str	r3, [r7, #20]
10000860:	0031      	movs	r1, r6
10000862:	a80c      	add	r0, sp, #48	@ 0x30
10000864:	f7ff fe26 	bl	100004b4 <_Z12parseCmdDictPKc>
10000868:	4640      	mov	r0, r8
1000086a:	a90c      	add	r1, sp, #48	@ 0x30
1000086c:	f000 f930 	bl	10000ad0 <_ZN5Robot16writeMotorStatesERKSt3mapIifSt4lessIiESaISt4pairIKifEEE>
10000870:	4653      	mov	r3, sl
10000872:	61bb      	str	r3, [r7, #24]
10000874:	9f0e      	ldr	r7, [sp, #56]	@ 0x38
10000876:	2f00      	cmp	r7, #0
10000878:	d0df      	beq.n	1000083a <main+0x15e>
1000087a:	68f8      	ldr	r0, [r7, #12]
1000087c:	f7ff fd92 	bl	100003a4 <_ZNSt8_Rb_treeIiSt4pairIKifESt10_Select1stIS2_ESt4lessIiESaIS2_EE8_M_eraseEPSt13_Rb_tree_nodeIS2_E.isra.0>
10000880:	0038      	movs	r0, r7
10000882:	68bf      	ldr	r7, [r7, #8]
10000884:	2118      	movs	r1, #24
10000886:	f002 fe73 	bl	10003570 <_ZdlPvj>
1000088a:	2f00      	cmp	r7, #0
1000088c:	d1f5      	bne.n	1000087a <main+0x19e>
1000088e:	e7d4      	b.n	1000083a <main+0x15e>
10000890:	9801      	ldr	r0, [sp, #4]
10000892:	f004 fc49 	bl	10005128 <__wrap_puts>
10000896:	e7c7      	b.n	10000828 <main+0x14c>
10000898:	23d0      	movs	r3, #208	@ 0xd0
1000089a:	061b      	lsls	r3, r3, #24
1000089c:	4699      	mov	r9, r3
1000089e:	2380      	movs	r3, #128	@ 0x80
100008a0:	049b      	lsls	r3, r3, #18
100008a2:	469a      	mov	sl, r3
100008a4:	464b      	mov	r3, r9
100008a6:	4652      	mov	r2, sl
100008a8:	0031      	movs	r1, r6
100008aa:	615a      	str	r2, [r3, #20]
100008ac:	a80c      	add	r0, sp, #48	@ 0x30
100008ae:	f7ff fe01 	bl	100004b4 <_Z12parseCmdDictPKc>
100008b2:	4640      	mov	r0, r8
100008b4:	a90c      	add	r1, sp, #48	@ 0x30
100008b6:	f000 f90b 	bl	10000ad0 <_ZN5Robot16writeMotorStatesERKSt3mapIifSt4lessIiESaISt4pairIKifEEE>
100008ba:	464b      	mov	r3, r9
100008bc:	4652      	mov	r2, sl
100008be:	619a      	str	r2, [r3, #24]
100008c0:	9b0e      	ldr	r3, [sp, #56]	@ 0x38
100008c2:	4699      	mov	r9, r3
100008c4:	2b00      	cmp	r3, #0
100008c6:	d0c2      	beq.n	1000084e <main+0x172>
100008c8:	464b      	mov	r3, r9
100008ca:	68d8      	ldr	r0, [r3, #12]
100008cc:	f7ff fd6a 	bl	100003a4 <_ZNSt8_Rb_treeIiSt4pairIKifESt10_Select1stIS2_ESt4lessIiESaIS2_EE8_M_eraseEPSt13_Rb_tree_nodeIS2_E.isra.0>
100008d0:	4648      	mov	r0, r9
100008d2:	6883      	ldr	r3, [r0, #8]
100008d4:	2118      	movs	r1, #24
100008d6:	4699      	mov	r9, r3
100008d8:	f002 fe4a 	bl	10003570 <_ZdlPvj>
100008dc:	464b      	mov	r3, r9
100008de:	2b00      	cmp	r3, #0
100008e0:	d1f2      	bne.n	100008c8 <main+0x1ec>
100008e2:	e7b4      	b.n	1000084e <main+0x172>
100008e4:	40038000 	.word	0x40038000
100008e8:	00007530 	.word	0x00007530
100008ec:	1000b4dc 	.word	0x1000b4dc
100008f0:	1000b4f4 	.word	0x1000b4f4
100008f4:	20002838 	.word	0x20002838
100008f8:	1000b4f8 	.word	0x1000b4f8
100008fc:	20002438 	.word	0x20002438
10000900:	000003fe 	.word	0x000003fe

10000904 <_ZN5Robot8addServoEjj>:
10000904:	b5f0      	push	{r4, r5, r6, r7, lr}
10000906:	46d6      	mov	lr, sl
10000908:	4646      	mov	r6, r8
1000090a:	464f      	mov	r7, r9
1000090c:	b5c0      	push	{r6, r7, lr}
1000090e:	0007      	movs	r7, r0
10000910:	b084      	sub	sp, #16
10000912:	2020      	movs	r0, #32
10000914:	0014      	movs	r4, r2
10000916:	000e      	movs	r6, r1
10000918:	f002 fe26 	bl	10003568 <_Znwj>
1000091c:	2332      	movs	r3, #50	@ 0x32
1000091e:	9302      	str	r3, [sp, #8]
10000920:	4b68      	ldr	r3, [pc, #416]	@ (10000ac4 <_ZN5Robot8addServoEjj+0x1c0>)
10000922:	0021      	movs	r1, r4
10000924:	9301      	str	r3, [sp, #4]
10000926:	2300      	movs	r3, #0
10000928:	4a67      	ldr	r2, [pc, #412]	@ (10000ac8 <_ZN5Robot8addServoEjj+0x1c4>)
1000092a:	9300      	str	r3, [sp, #0]
1000092c:	4b67      	ldr	r3, [pc, #412]	@ (10000acc <_ZN5Robot8addServoEjj+0x1c8>)
1000092e:	4680      	mov	r8, r0
10000930:	f000 f910 	bl	10000b54 <_ZN5servo8PWMServoC1Ejffffm>
10000934:	68bc      	ldr	r4, [r7, #8]
10000936:	1d3b      	adds	r3, r7, #4
10000938:	469a      	mov	sl, r3
1000093a:	2c00      	cmp	r4, #0
1000093c:	d100      	bne.n	10000940 <_ZN5Robot8addServoEjj+0x3c>
1000093e:	e070      	b.n	10000a22 <_ZN5Robot8addServoEjj+0x11e>
10000940:	001d      	movs	r5, r3
10000942:	e003      	b.n	1000094c <_ZN5Robot8addServoEjj+0x48>
10000944:	0025      	movs	r5, r4
10000946:	68a4      	ldr	r4, [r4, #8]
10000948:	2c00      	cmp	r4, #0
1000094a:	d005      	beq.n	10000958 <_ZN5Robot8addServoEjj+0x54>
1000094c:	6923      	ldr	r3, [r4, #16]
1000094e:	42b3      	cmp	r3, r6
10000950:	d2f8      	bcs.n	10000944 <_ZN5Robot8addServoEjj+0x40>
10000952:	68e4      	ldr	r4, [r4, #12]
10000954:	2c00      	cmp	r4, #0
10000956:	d1f9      	bne.n	1000094c <_ZN5Robot8addServoEjj+0x48>
10000958:	45aa      	cmp	sl, r5
1000095a:	d062      	beq.n	10000a22 <_ZN5Robot8addServoEjj+0x11e>
1000095c:	692b      	ldr	r3, [r5, #16]
1000095e:	42b3      	cmp	r3, r6
10000960:	d811      	bhi.n	10000986 <_ZN5Robot8addServoEjj+0x82>
10000962:	4643      	mov	r3, r8
10000964:	696c      	ldr	r4, [r5, #20]
10000966:	616b      	str	r3, [r5, #20]
10000968:	2c00      	cmp	r4, #0
1000096a:	d006      	beq.n	1000097a <_ZN5Robot8addServoEjj+0x76>
1000096c:	0020      	movs	r0, r4
1000096e:	f000 f985 	bl	10000c7c <_ZN5servo8PWMServoD1Ev>
10000972:	2120      	movs	r1, #32
10000974:	0020      	movs	r0, r4
10000976:	f002 fdfb 	bl	10003570 <_ZdlPvj>
1000097a:	b004      	add	sp, #16
1000097c:	bce0      	pop	{r5, r6, r7}
1000097e:	46ba      	mov	sl, r7
10000980:	46b1      	mov	r9, r6
10000982:	46a8      	mov	r8, r5
10000984:	bdf0      	pop	{r4, r5, r6, r7, pc}
10000986:	2018      	movs	r0, #24
10000988:	f002 fdee 	bl	10003568 <_Znwj>
1000098c:	6106      	str	r6, [r0, #16]
1000098e:	692b      	ldr	r3, [r5, #16]
10000990:	4681      	mov	r9, r0
10000992:	6144      	str	r4, [r0, #20]
10000994:	42b3      	cmp	r3, r6
10000996:	d924      	bls.n	100009e2 <_ZN5Robot8addServoEjj+0xde>
10000998:	68fc      	ldr	r4, [r7, #12]
1000099a:	42ac      	cmp	r4, r5
1000099c:	d009      	beq.n	100009b2 <_ZN5Robot8addServoEjj+0xae>
1000099e:	0028      	movs	r0, r5
100009a0:	f007 f878 	bl	10007a94 <_ZSt18_Rb_tree_decrementPSt18_Rb_tree_node_base>
100009a4:	6903      	ldr	r3, [r0, #16]
100009a6:	0002      	movs	r2, r0
100009a8:	42b3      	cmp	r3, r6
100009aa:	d257      	bcs.n	10000a5c <_ZN5Robot8addServoEjj+0x158>
100009ac:	68c3      	ldr	r3, [r0, #12]
100009ae:	2b00      	cmp	r3, #0
100009b0:	d00f      	beq.n	100009d2 <_ZN5Robot8addServoEjj+0xce>
100009b2:	002a      	movs	r2, r5
100009b4:	2001      	movs	r0, #1
100009b6:	464d      	mov	r5, r9
100009b8:	4653      	mov	r3, sl
100009ba:	4649      	mov	r1, r9
100009bc:	f007 f886 	bl	10007acc <_ZSt29_Rb_tree_insert_and_rebalancebPSt18_Rb_tree_node_baseS0_RS_>
100009c0:	697b      	ldr	r3, [r7, #20]
100009c2:	3301      	adds	r3, #1
100009c4:	617b      	str	r3, [r7, #20]
100009c6:	e7cc      	b.n	10000962 <_ZN5Robot8addServoEjj+0x5e>
100009c8:	002a      	movs	r2, r5
100009ca:	2800      	cmp	r0, #0
100009cc:	d155      	bne.n	10000a7a <_ZN5Robot8addServoEjj+0x176>
100009ce:	428e      	cmp	r6, r1
100009d0:	d922      	bls.n	10000a18 <_ZN5Robot8addServoEjj+0x114>
100009d2:	4592      	cmp	sl, r2
100009d4:	d064      	beq.n	10000aa0 <_ZN5Robot8addServoEjj+0x19c>
100009d6:	6910      	ldr	r0, [r2, #16]
100009d8:	464d      	mov	r5, r9
100009da:	4286      	cmp	r6, r0
100009dc:	4180      	sbcs	r0, r0
100009de:	4240      	negs	r0, r0
100009e0:	e7ea      	b.n	100009b8 <_ZN5Robot8addServoEjj+0xb4>
100009e2:	42b3      	cmp	r3, r6
100009e4:	d218      	bcs.n	10000a18 <_ZN5Robot8addServoEjj+0x114>
100009e6:	693b      	ldr	r3, [r7, #16]
100009e8:	42ab      	cmp	r3, r5
100009ea:	d064      	beq.n	10000ab6 <_ZN5Robot8addServoEjj+0x1b2>
100009ec:	0028      	movs	r0, r5
100009ee:	f007 f821 	bl	10007a34 <_ZSt18_Rb_tree_incrementPSt18_Rb_tree_node_base>
100009f2:	6903      	ldr	r3, [r0, #16]
100009f4:	0002      	movs	r2, r0
100009f6:	42b3      	cmp	r3, r6
100009f8:	d84f      	bhi.n	10000a9a <_ZN5Robot8addServoEjj+0x196>
100009fa:	68bd      	ldr	r5, [r7, #8]
100009fc:	2d00      	cmp	r5, #0
100009fe:	d105      	bne.n	10000a0c <_ZN5Robot8addServoEjj+0x108>
10000a00:	e051      	b.n	10000aa6 <_ZN5Robot8addServoEjj+0x1a2>
10000a02:	2001      	movs	r0, #1
10000a04:	68ab      	ldr	r3, [r5, #8]
10000a06:	2b00      	cmp	r3, #0
10000a08:	d0de      	beq.n	100009c8 <_ZN5Robot8addServoEjj+0xc4>
10000a0a:	001d      	movs	r5, r3
10000a0c:	6929      	ldr	r1, [r5, #16]
10000a0e:	42b1      	cmp	r1, r6
10000a10:	d8f7      	bhi.n	10000a02 <_ZN5Robot8addServoEjj+0xfe>
10000a12:	2000      	movs	r0, #0
10000a14:	68eb      	ldr	r3, [r5, #12]
10000a16:	e7f6      	b.n	10000a06 <_ZN5Robot8addServoEjj+0x102>
10000a18:	2118      	movs	r1, #24
10000a1a:	4648      	mov	r0, r9
10000a1c:	f002 fda8 	bl	10003570 <_ZdlPvj>
10000a20:	e79f      	b.n	10000962 <_ZN5Robot8addServoEjj+0x5e>
10000a22:	2018      	movs	r0, #24
10000a24:	f002 fda0 	bl	10003568 <_Znwj>
10000a28:	2300      	movs	r3, #0
10000a2a:	6143      	str	r3, [r0, #20]
10000a2c:	697b      	ldr	r3, [r7, #20]
10000a2e:	4681      	mov	r9, r0
10000a30:	6106      	str	r6, [r0, #16]
10000a32:	2b00      	cmp	r3, #0
10000a34:	d003      	beq.n	10000a3e <_ZN5Robot8addServoEjj+0x13a>
10000a36:	693a      	ldr	r2, [r7, #16]
10000a38:	6913      	ldr	r3, [r2, #16]
10000a3a:	42b3      	cmp	r3, r6
10000a3c:	d3c9      	bcc.n	100009d2 <_ZN5Robot8addServoEjj+0xce>
10000a3e:	68bd      	ldr	r5, [r7, #8]
10000a40:	2d00      	cmp	r5, #0
10000a42:	d105      	bne.n	10000a50 <_ZN5Robot8addServoEjj+0x14c>
10000a44:	e02f      	b.n	10000aa6 <_ZN5Robot8addServoEjj+0x1a2>
10000a46:	2001      	movs	r0, #1
10000a48:	68ab      	ldr	r3, [r5, #8]
10000a4a:	2b00      	cmp	r3, #0
10000a4c:	d0bc      	beq.n	100009c8 <_ZN5Robot8addServoEjj+0xc4>
10000a4e:	001d      	movs	r5, r3
10000a50:	6929      	ldr	r1, [r5, #16]
10000a52:	42b1      	cmp	r1, r6
10000a54:	d8f7      	bhi.n	10000a46 <_ZN5Robot8addServoEjj+0x142>
10000a56:	2000      	movs	r0, #0
10000a58:	68eb      	ldr	r3, [r5, #12]
10000a5a:	e7f6      	b.n	10000a4a <_ZN5Robot8addServoEjj+0x146>
10000a5c:	68bd      	ldr	r5, [r7, #8]
10000a5e:	2d00      	cmp	r5, #0
10000a60:	d105      	bne.n	10000a6e <_ZN5Robot8addServoEjj+0x16a>
10000a62:	e02a      	b.n	10000aba <_ZN5Robot8addServoEjj+0x1b6>
10000a64:	2001      	movs	r0, #1
10000a66:	68ab      	ldr	r3, [r5, #8]
10000a68:	2b00      	cmp	r3, #0
10000a6a:	d010      	beq.n	10000a8e <_ZN5Robot8addServoEjj+0x18a>
10000a6c:	001d      	movs	r5, r3
10000a6e:	6929      	ldr	r1, [r5, #16]
10000a70:	42b1      	cmp	r1, r6
10000a72:	d8f7      	bhi.n	10000a64 <_ZN5Robot8addServoEjj+0x160>
10000a74:	2000      	movs	r0, #0
10000a76:	68eb      	ldr	r3, [r5, #12]
10000a78:	e7f6      	b.n	10000a68 <_ZN5Robot8addServoEjj+0x164>
10000a7a:	68fb      	ldr	r3, [r7, #12]
10000a7c:	42ab      	cmp	r3, r5
10000a7e:	d0a8      	beq.n	100009d2 <_ZN5Robot8addServoEjj+0xce>
10000a80:	0028      	movs	r0, r5
10000a82:	f007 f807 	bl	10007a94 <_ZSt18_Rb_tree_decrementPSt18_Rb_tree_node_base>
10000a86:	002a      	movs	r2, r5
10000a88:	6901      	ldr	r1, [r0, #16]
10000a8a:	0005      	movs	r5, r0
10000a8c:	e79f      	b.n	100009ce <_ZN5Robot8addServoEjj+0xca>
10000a8e:	002a      	movs	r2, r5
10000a90:	2800      	cmp	r0, #0
10000a92:	d09c      	beq.n	100009ce <_ZN5Robot8addServoEjj+0xca>
10000a94:	42ac      	cmp	r4, r5
10000a96:	d1f3      	bne.n	10000a80 <_ZN5Robot8addServoEjj+0x17c>
10000a98:	e79b      	b.n	100009d2 <_ZN5Robot8addServoEjj+0xce>
10000a9a:	68eb      	ldr	r3, [r5, #12]
10000a9c:	2b00      	cmp	r3, #0
10000a9e:	d00a      	beq.n	10000ab6 <_ZN5Robot8addServoEjj+0x1b2>
10000aa0:	464d      	mov	r5, r9
10000aa2:	2001      	movs	r0, #1
10000aa4:	e788      	b.n	100009b8 <_ZN5Robot8addServoEjj+0xb4>
10000aa6:	68fb      	ldr	r3, [r7, #12]
10000aa8:	4655      	mov	r5, sl
10000aaa:	459a      	cmp	sl, r3
10000aac:	d1e8      	bne.n	10000a80 <_ZN5Robot8addServoEjj+0x17c>
10000aae:	464d      	mov	r5, r9
10000ab0:	4652      	mov	r2, sl
10000ab2:	2001      	movs	r0, #1
10000ab4:	e780      	b.n	100009b8 <_ZN5Robot8addServoEjj+0xb4>
10000ab6:	002a      	movs	r2, r5
10000ab8:	e78d      	b.n	100009d6 <_ZN5Robot8addServoEjj+0xd2>
10000aba:	4655      	mov	r5, sl
10000abc:	45a2      	cmp	sl, r4
10000abe:	d1df      	bne.n	10000a80 <_ZN5Robot8addServoEjj+0x17c>
10000ac0:	e7f5      	b.n	10000aae <_ZN5Robot8addServoEjj+0x1aa>
10000ac2:	46c0      	nop			@ (mov r8, r8)
10000ac4:	43340000 	.word	0x43340000
10000ac8:	44080000 	.word	0x44080000
10000acc:	45160000 	.word	0x45160000

10000ad0 <_ZN5Robot16writeMotorStatesERKSt3mapIifSt4lessIiESaISt4pairIKifEEE>:
10000ad0:	b5f8      	push	{r3, r4, r5, r6, r7, lr}
10000ad2:	46ce      	mov	lr, r9
10000ad4:	4647      	mov	r7, r8
10000ad6:	68cd      	ldr	r5, [r1, #12]
10000ad8:	1d0b      	adds	r3, r1, #4
10000ada:	4680      	mov	r8, r0
10000adc:	4699      	mov	r9, r3
10000ade:	b580      	push	{r7, lr}
10000ae0:	42ab      	cmp	r3, r5
10000ae2:	d028      	beq.n	10000b36 <_ZN5Robot16writeMotorStatesERKSt3mapIifSt4lessIiESaISt4pairIKifEEE+0x66>
10000ae4:	1d06      	adds	r6, r0, #4
10000ae6:	4643      	mov	r3, r8
10000ae8:	689b      	ldr	r3, [r3, #8]
10000aea:	6929      	ldr	r1, [r5, #16]
10000aec:	2b00      	cmp	r3, #0
10000aee:	d022      	beq.n	10000b36 <_ZN5Robot16writeMotorStatesERKSt3mapIifSt4lessIiESaISt4pairIKifEEE+0x66>
10000af0:	0034      	movs	r4, r6
10000af2:	e003      	b.n	10000afc <_ZN5Robot16writeMotorStatesERKSt3mapIifSt4lessIiESaISt4pairIKifEEE+0x2c>
10000af4:	001c      	movs	r4, r3
10000af6:	689b      	ldr	r3, [r3, #8]
10000af8:	2b00      	cmp	r3, #0
10000afa:	d005      	beq.n	10000b08 <_ZN5Robot16writeMotorStatesERKSt3mapIifSt4lessIiESaISt4pairIKifEEE+0x38>
10000afc:	691a      	ldr	r2, [r3, #16]
10000afe:	4291      	cmp	r1, r2
10000b00:	d9f8      	bls.n	10000af4 <_ZN5Robot16writeMotorStatesERKSt3mapIifSt4lessIiESaISt4pairIKifEEE+0x24>
10000b02:	68db      	ldr	r3, [r3, #12]
10000b04:	2b00      	cmp	r3, #0
10000b06:	d1f9      	bne.n	10000afc <_ZN5Robot16writeMotorStatesERKSt3mapIifSt4lessIiESaISt4pairIKifEEE+0x2c>
10000b08:	42a6      	cmp	r6, r4
10000b0a:	d00e      	beq.n	10000b2a <_ZN5Robot16writeMotorStatesERKSt3mapIifSt4lessIiESaISt4pairIKifEEE+0x5a>
10000b0c:	6923      	ldr	r3, [r4, #16]
10000b0e:	4299      	cmp	r1, r3
10000b10:	d30b      	bcc.n	10000b2a <_ZN5Robot16writeMotorStatesERKSt3mapIifSt4lessIiESaISt4pairIKifEEE+0x5a>
10000b12:	696f      	ldr	r7, [r5, #20]
10000b14:	490e      	ldr	r1, [pc, #56]	@ (10000b50 <_ZN5Robot16writeMotorStatesERKSt3mapIifSt4lessIiESaISt4pairIKifEEE+0x80>)
10000b16:	1c38      	adds	r0, r7, #0
10000b18:	f002 fc46 	bl	100033a8 <__wrap___aeabi_fcmplt>
10000b1c:	2800      	cmp	r0, #0
10000b1e:	d10e      	bne.n	10000b3e <_ZN5Robot16writeMotorStatesERKSt3mapIifSt4lessIiESaISt4pairIKifEEE+0x6e>
10000b20:	4f0b      	ldr	r7, [pc, #44]	@ (10000b50 <_ZN5Robot16writeMotorStatesERKSt3mapIifSt4lessIiESaISt4pairIKifEEE+0x80>)
10000b22:	6960      	ldr	r0, [r4, #20]
10000b24:	1c39      	adds	r1, r7, #0
10000b26:	f000 f8d3 	bl	10000cd0 <_ZN5servo8PWMServo5writeEf>
10000b2a:	0028      	movs	r0, r5
10000b2c:	f006 ff9a 	bl	10007a64 <_ZSt18_Rb_tree_incrementPKSt18_Rb_tree_node_base>
10000b30:	0005      	movs	r5, r0
10000b32:	4581      	cmp	r9, r0
10000b34:	d1d7      	bne.n	10000ae6 <_ZN5Robot16writeMotorStatesERKSt3mapIifSt4lessIiESaISt4pairIKifEEE+0x16>
10000b36:	bcc0      	pop	{r6, r7}
10000b38:	46b9      	mov	r9, r7
10000b3a:	46b0      	mov	r8, r6
10000b3c:	bdf8      	pop	{r3, r4, r5, r6, r7, pc}
10000b3e:	2100      	movs	r1, #0
10000b40:	1c38      	adds	r0, r7, #0
10000b42:	f002 fc3f 	bl	100033c4 <__wrap___aeabi_fcmpgt>
10000b46:	2800      	cmp	r0, #0
10000b48:	d1eb      	bne.n	10000b22 <_ZN5Robot16writeMotorStatesERKSt3mapIifSt4lessIiESaISt4pairIKifEEE+0x52>
10000b4a:	2700      	movs	r7, #0
10000b4c:	e7e9      	b.n	10000b22 <_ZN5Robot16writeMotorStatesERKSt3mapIifSt4lessIiESaISt4pairIKifEEE+0x52>
10000b4e:	46c0      	nop			@ (mov r8, r8)
10000b50:	43340000 	.word	0x43340000

10000b54 <_ZN5servo8PWMServoC1Ejffffm>:
10000b54:	b5f0      	push	{r4, r5, r6, r7, lr}
10000b56:	46c6      	mov	lr, r8
10000b58:	000e      	movs	r6, r1
10000b5a:	b500      	push	{lr}
10000b5c:	1c19      	adds	r1, r3, #0
10000b5e:	6103      	str	r3, [r0, #16]
10000b60:	2300      	movs	r3, #0
10000b62:	0004      	movs	r4, r0
10000b64:	60c2      	str	r2, [r0, #12]
10000b66:	61c3      	str	r3, [r0, #28]
10000b68:	6006      	str	r6, [r0, #0]
10000b6a:	1c10      	adds	r0, r2, #0
10000b6c:	1c15      	adds	r5, r2, #0
10000b6e:	f002 fbd2 	bl	10003316 <__wrap___aeabi_fsub>
10000b72:	1c07      	adds	r7, r0, #0
10000b74:	9806      	ldr	r0, [sp, #24]
10000b76:	f002 fc63 	bl	10003440 <__wrap___aeabi_f2d>
10000b7a:	4a37      	ldr	r2, [pc, #220]	@ (10000c58 <_ZN5servo8PWMServoC1Ejffffm+0x104>)
10000b7c:	4b37      	ldr	r3, [pc, #220]	@ (10000c5c <_ZN5servo8PWMServoC1Ejffffm+0x108>)
10000b7e:	f001 ff26 	bl	100029ce <__wrap___aeabi_dmul>
10000b82:	f002 f81b 	bl	10002bbc <__wrap___aeabi_d2f>
10000b86:	4680      	mov	r8, r0
10000b88:	9807      	ldr	r0, [sp, #28]
10000b8a:	f002 fc59 	bl	10003440 <__wrap___aeabi_f2d>
10000b8e:	4b33      	ldr	r3, [pc, #204]	@ (10000c5c <_ZN5servo8PWMServoC1Ejffffm+0x108>)
10000b90:	4a31      	ldr	r2, [pc, #196]	@ (10000c58 <_ZN5servo8PWMServoC1Ejffffm+0x104>)
10000b92:	f001 ff1c 	bl	100029ce <__wrap___aeabi_dmul>
10000b96:	f002 f811 	bl	10002bbc <__wrap___aeabi_d2f>
10000b9a:	1c01      	adds	r1, r0, #0
10000b9c:	4640      	mov	r0, r8
10000b9e:	f002 fbba 	bl	10003316 <__wrap___aeabi_fsub>
10000ba2:	1c01      	adds	r1, r0, #0
10000ba4:	1c38      	adds	r0, r7, #0
10000ba6:	f002 fbbc 	bl	10003322 <__wrap___aeabi_fdiv>
10000baa:	2104      	movs	r1, #4
10000bac:	6160      	str	r0, [r4, #20]
10000bae:	61a5      	str	r5, [r4, #24]
10000bb0:	0030      	movs	r0, r6
10000bb2:	f000 f93f 	bl	10000e34 <gpio_set_function>
10000bb6:	6823      	ldr	r3, [r4, #0]
10000bb8:	2b1f      	cmp	r3, #31
10000bba:	d849      	bhi.n	10000c50 <_ZN5servo8PWMServoC1Ejffffm+0xfc>
10000bbc:	071a      	lsls	r2, r3, #28
10000bbe:	0f52      	lsrs	r2, r2, #29
10000bc0:	2601      	movs	r6, #1
10000bc2:	4033      	ands	r3, r6
10000bc4:	6062      	str	r2, [r4, #4]
10000bc6:	60a3      	str	r3, [r4, #8]
10000bc8:	2005      	movs	r0, #5
10000bca:	f001 fa85 	bl	100020d8 <clock_get_hz>
10000bce:	f002 fc0a 	bl	100033e6 <__wrap___aeabi_ui2f>
10000bd2:	4923      	ldr	r1, [pc, #140]	@ (10000c60 <_ZN5servo8PWMServoC1Ejffffm+0x10c>)
10000bd4:	f002 fba5 	bl	10003322 <__wrap___aeabi_fdiv>
10000bd8:	4680      	mov	r8, r0
10000bda:	f002 fc2b 	bl	10003434 <__wrap___aeabi_f2uiz>
10000bde:	b2c7      	uxtb	r7, r0
10000be0:	0038      	movs	r0, r7
10000be2:	f002 fc05 	bl	100033f0 <__wrap___aeabi_i2f>
10000be6:	1c01      	adds	r1, r0, #0
10000be8:	4640      	mov	r0, r8
10000bea:	f002 fb94 	bl	10003316 <__wrap___aeabi_fsub>
10000bee:	2183      	movs	r1, #131	@ 0x83
10000bf0:	05c9      	lsls	r1, r1, #23
10000bf2:	f002 fbaa 	bl	1000334a <__wrap___aeabi_fmul>
10000bf6:	f002 fc1d 	bl	10003434 <__wrap___aeabi_f2uiz>
10000bfa:	6865      	ldr	r5, [r4, #4]
10000bfc:	013f      	lsls	r7, r7, #4
10000bfe:	00ab      	lsls	r3, r5, #2
10000c00:	195d      	adds	r5, r3, r5
10000c02:	4b18      	ldr	r3, [pc, #96]	@ (10000c64 <_ZN5servo8PWMServoC1Ejffffm+0x110>)
10000c04:	00ad      	lsls	r5, r5, #2
10000c06:	b2c0      	uxtb	r0, r0
10000c08:	4338      	orrs	r0, r7
10000c0a:	18ef      	adds	r7, r5, r3
10000c0c:	6078      	str	r0, [r7, #4]
10000c0e:	9908      	ldr	r1, [sp, #32]
10000c10:	4815      	ldr	r0, [pc, #84]	@ (10000c68 <_ZN5servo8PWMServoC1Ejffffm+0x114>)
10000c12:	f001 fc71 	bl	100024f8 <__wrap___aeabi_uidiv>
10000c16:	4b15      	ldr	r3, [pc, #84]	@ (10000c6c <_ZN5servo8PWMServoC1Ejffffm+0x118>)
10000c18:	3801      	subs	r0, #1
10000c1a:	18ea      	adds	r2, r5, r3
10000c1c:	68a3      	ldr	r3, [r4, #8]
10000c1e:	b280      	uxth	r0, r0
10000c20:	4259      	negs	r1, r3
10000c22:	414b      	adcs	r3, r1
10000c24:	4912      	ldr	r1, [pc, #72]	@ (10000c70 <_ZN5servo8PWMServoC1Ejffffm+0x11c>)
10000c26:	425b      	negs	r3, r3
10000c28:	468c      	mov	ip, r1
10000c2a:	6138      	str	r0, [r7, #16]
10000c2c:	03db      	lsls	r3, r3, #15
10000c2e:	6812      	ldr	r2, [r2, #0]
10000c30:	0bdb      	lsrs	r3, r3, #15
10000c32:	4463      	add	r3, ip
10000c34:	4013      	ands	r3, r2
10000c36:	4a0f      	ldr	r2, [pc, #60]	@ (10000c74 <_ZN5servo8PWMServoC1Ejffffm+0x120>)
10000c38:	0020      	movs	r0, r4
10000c3a:	18aa      	adds	r2, r5, r2
10000c3c:	6013      	str	r3, [r2, #0]
10000c3e:	683b      	ldr	r3, [r7, #0]
10000c40:	439e      	bics	r6, r3
10000c42:	4b0d      	ldr	r3, [pc, #52]	@ (10000c78 <_ZN5servo8PWMServoC1Ejffffm+0x124>)
10000c44:	469c      	mov	ip, r3
10000c46:	4465      	add	r5, ip
10000c48:	602e      	str	r6, [r5, #0]
10000c4a:	bc80      	pop	{r7}
10000c4c:	46b8      	mov	r8, r7
10000c4e:	bdf0      	pop	{r4, r5, r6, r7, pc}
10000c50:	075a      	lsls	r2, r3, #29
10000c52:	0f92      	lsrs	r2, r2, #30
10000c54:	3208      	adds	r2, #8
10000c56:	e7b3      	b.n	10000bc0 <_ZN5servo8PWMServoC1Ejffffm+0x6c>
10000c58:	a2529d39 	.word	0xa2529d39
10000c5c:	3f91df46 	.word	0x3f91df46
10000c60:	49742400 	.word	0x49742400
10000c64:	40050000 	.word	0x40050000
10000c68:	000f4240 	.word	0x000f4240
10000c6c:	4005000c 	.word	0x4005000c
10000c70:	ffff0000 	.word	0xffff0000
10000c74:	4005100c 	.word	0x4005100c
10000c78:	40051000 	.word	0x40051000

10000c7c <_ZN5servo8PWMServoD1Ev>:
10000c7c:	6843      	ldr	r3, [r0, #4]
10000c7e:	b510      	push	{r4, lr}
10000c80:	009a      	lsls	r2, r3, #2
10000c82:	18d2      	adds	r2, r2, r3
10000c84:	4b0d      	ldr	r3, [pc, #52]	@ (10000cbc <_ZN5servo8PWMServoD1Ev+0x40>)
10000c86:	0092      	lsls	r2, r2, #2
10000c88:	18d1      	adds	r1, r2, r3
10000c8a:	6883      	ldr	r3, [r0, #8]
10000c8c:	6809      	ldr	r1, [r1, #0]
10000c8e:	425c      	negs	r4, r3
10000c90:	4163      	adcs	r3, r4
10000c92:	4c0b      	ldr	r4, [pc, #44]	@ (10000cc0 <_ZN5servo8PWMServoD1Ev+0x44>)
10000c94:	425b      	negs	r3, r3
10000c96:	46a4      	mov	ip, r4
10000c98:	03db      	lsls	r3, r3, #15
10000c9a:	0bdb      	lsrs	r3, r3, #15
10000c9c:	4463      	add	r3, ip
10000c9e:	400b      	ands	r3, r1
10000ca0:	4908      	ldr	r1, [pc, #32]	@ (10000cc4 <_ZN5servo8PWMServoD1Ev+0x48>)
10000ca2:	1851      	adds	r1, r2, r1
10000ca4:	600b      	str	r3, [r1, #0]
10000ca6:	4b08      	ldr	r3, [pc, #32]	@ (10000cc8 <_ZN5servo8PWMServoD1Ev+0x4c>)
10000ca8:	18d3      	adds	r3, r2, r3
10000caa:	6819      	ldr	r1, [r3, #0]
10000cac:	2301      	movs	r3, #1
10000cae:	400b      	ands	r3, r1
10000cb0:	4906      	ldr	r1, [pc, #24]	@ (10000ccc <_ZN5servo8PWMServoD1Ev+0x50>)
10000cb2:	468c      	mov	ip, r1
10000cb4:	4462      	add	r2, ip
10000cb6:	6013      	str	r3, [r2, #0]
10000cb8:	bd10      	pop	{r4, pc}
10000cba:	46c0      	nop			@ (mov r8, r8)
10000cbc:	4005000c 	.word	0x4005000c
10000cc0:	ffff0000 	.word	0xffff0000
10000cc4:	4005100c 	.word	0x4005100c
10000cc8:	40050000 	.word	0x40050000
10000ccc:	40051000 	.word	0x40051000

10000cd0 <_ZN5servo8PWMServo5writeEf>:
10000cd0:	b570      	push	{r4, r5, r6, lr}
10000cd2:	0005      	movs	r5, r0
10000cd4:	1c08      	adds	r0, r1, #0
10000cd6:	f002 fbb3 	bl	10003440 <__wrap___aeabi_f2d>
10000cda:	4a13      	ldr	r2, [pc, #76]	@ (10000d28 <_ZN5servo8PWMServo5writeEf+0x58>)
10000cdc:	4b13      	ldr	r3, [pc, #76]	@ (10000d2c <_ZN5servo8PWMServo5writeEf+0x5c>)
10000cde:	f001 fe76 	bl	100029ce <__wrap___aeabi_dmul>
10000ce2:	f001 ff6b 	bl	10002bbc <__wrap___aeabi_d2f>
10000ce6:	6969      	ldr	r1, [r5, #20]
10000ce8:	f002 fb2f 	bl	1000334a <__wrap___aeabi_fmul>
10000cec:	69a9      	ldr	r1, [r5, #24]
10000cee:	f002 fb15 	bl	1000331c <__wrap___aeabi_fadd>
10000cf2:	686b      	ldr	r3, [r5, #4]
10000cf4:	61e8      	str	r0, [r5, #28]
10000cf6:	009c      	lsls	r4, r3, #2
10000cf8:	18e4      	adds	r4, r4, r3
10000cfa:	4b0d      	ldr	r3, [pc, #52]	@ (10000d30 <_ZN5servo8PWMServo5writeEf+0x60>)
10000cfc:	00a4      	lsls	r4, r4, #2
10000cfe:	469c      	mov	ip, r3
10000d00:	4464      	add	r4, ip
10000d02:	f002 fb97 	bl	10003434 <__wrap___aeabi_f2uiz>
10000d06:	68ab      	ldr	r3, [r5, #8]
10000d08:	b280      	uxth	r0, r0
10000d0a:	2b00      	cmp	r3, #0
10000d0c:	d00a      	beq.n	10000d24 <_ZN5servo8PWMServo5writeEf+0x54>
10000d0e:	4b09      	ldr	r3, [pc, #36]	@ (10000d34 <_ZN5servo8PWMServo5writeEf+0x64>)
10000d10:	0400      	lsls	r0, r0, #16
10000d12:	6822      	ldr	r2, [r4, #0]
10000d14:	4042      	eors	r2, r0
10000d16:	4013      	ands	r3, r2
10000d18:	2280      	movs	r2, #128	@ 0x80
10000d1a:	0152      	lsls	r2, r2, #5
10000d1c:	4694      	mov	ip, r2
10000d1e:	4464      	add	r4, ip
10000d20:	6023      	str	r3, [r4, #0]
10000d22:	bd70      	pop	{r4, r5, r6, pc}
10000d24:	4b04      	ldr	r3, [pc, #16]	@ (10000d38 <_ZN5servo8PWMServo5writeEf+0x68>)
10000d26:	e7f4      	b.n	10000d12 <_ZN5servo8PWMServo5writeEf+0x42>
10000d28:	a2529d39 	.word	0xa2529d39
10000d2c:	3f91df46 	.word	0x3f91df46
10000d30:	4005000c 	.word	0x4005000c
10000d34:	ffff0000 	.word	0xffff0000
10000d38:	0000ffff 	.word	0x0000ffff

10000d3c <_ZN7sensors6HCSR04C1Ejjm>:
10000d3c:	b570      	push	{r4, r5, r6, lr}
10000d3e:	0004      	movs	r4, r0
10000d40:	2501      	movs	r5, #1
10000d42:	0008      	movs	r0, r1
10000d44:	6021      	str	r1, [r4, #0]
10000d46:	6062      	str	r2, [r4, #4]
10000d48:	60a3      	str	r3, [r4, #8]
10000d4a:	f000 f88d 	bl	10000e68 <gpio_init>
10000d4e:	002a      	movs	r2, r5
10000d50:	6823      	ldr	r3, [r4, #0]
10000d52:	26d0      	movs	r6, #208	@ 0xd0
10000d54:	409a      	lsls	r2, r3
10000d56:	0636      	lsls	r6, r6, #24
10000d58:	6272      	str	r2, [r6, #36]	@ 0x24
10000d5a:	6860      	ldr	r0, [r4, #4]
10000d5c:	61b2      	str	r2, [r6, #24]
10000d5e:	f000 f883 	bl	10000e68 <gpio_init>
10000d62:	6863      	ldr	r3, [r4, #4]
10000d64:	0020      	movs	r0, r4
10000d66:	409d      	lsls	r5, r3
10000d68:	62b5      	str	r5, [r6, #40]	@ 0x28
10000d6a:	bd70      	pop	{r4, r5, r6, pc}

10000d6c <_ZN7sensors6HCSR0416sendPulseAndWaitEv>:
10000d6c:	b5f0      	push	{r4, r5, r6, r7, lr}
10000d6e:	2401      	movs	r4, #1
10000d70:	0022      	movs	r2, r4
10000d72:	6803      	ldr	r3, [r0, #0]
10000d74:	27d0      	movs	r7, #208	@ 0xd0
10000d76:	46c6      	mov	lr, r8
10000d78:	409a      	lsls	r2, r3
10000d7a:	0006      	movs	r6, r0
10000d7c:	063f      	lsls	r7, r7, #24
10000d7e:	b500      	push	{lr}
10000d80:	2005      	movs	r0, #5
10000d82:	2100      	movs	r1, #0
10000d84:	61ba      	str	r2, [r7, #24]
10000d86:	f000 feef 	bl	10001b68 <sleep_us>
10000d8a:	0022      	movs	r2, r4
10000d8c:	6833      	ldr	r3, [r6, #0]
10000d8e:	200a      	movs	r0, #10
10000d90:	409a      	lsls	r2, r3
10000d92:	2100      	movs	r1, #0
10000d94:	617a      	str	r2, [r7, #20]
10000d96:	f000 fee7 	bl	10001b68 <sleep_us>
10000d9a:	6833      	ldr	r3, [r6, #0]
10000d9c:	409c      	lsls	r4, r3
10000d9e:	61bc      	str	r4, [r7, #24]
10000da0:	f000 ffa0 	bl	10001ce4 <time_us_64>
10000da4:	2301      	movs	r3, #1
10000da6:	0004      	movs	r4, r0
10000da8:	000d      	movs	r5, r1
10000daa:	4698      	mov	r8, r3
10000dac:	4641      	mov	r1, r8
10000dae:	6873      	ldr	r3, [r6, #4]
10000db0:	687a      	ldr	r2, [r7, #4]
10000db2:	4099      	lsls	r1, r3
10000db4:	420a      	tst	r2, r1
10000db6:	d10d      	bne.n	10000dd4 <_ZN7sensors6HCSR0416sendPulseAndWaitEv+0x68>
10000db8:	f000 ff94 	bl	10001ce4 <time_us_64>
10000dbc:	1b00      	subs	r0, r0, r4
10000dbe:	41a9      	sbcs	r1, r5
10000dc0:	68b3      	ldr	r3, [r6, #8]
10000dc2:	2900      	cmp	r1, #0
10000dc4:	d101      	bne.n	10000dca <_ZN7sensors6HCSR0416sendPulseAndWaitEv+0x5e>
10000dc6:	4298      	cmp	r0, r3
10000dc8:	d9f0      	bls.n	10000dac <_ZN7sensors6HCSR0416sendPulseAndWaitEv+0x40>
10000dca:	2001      	movs	r0, #1
10000dcc:	4240      	negs	r0, r0
10000dce:	bc80      	pop	{r7}
10000dd0:	46b8      	mov	r8, r7
10000dd2:	bdf0      	pop	{r4, r5, r6, r7, pc}
10000dd4:	f000 ff86 	bl	10001ce4 <time_us_64>
10000dd8:	23d0      	movs	r3, #208	@ 0xd0
10000dda:	061b      	lsls	r3, r3, #24
10000ddc:	0004      	movs	r4, r0
10000dde:	000d      	movs	r5, r1
10000de0:	4698      	mov	r8, r3
10000de2:	2701      	movs	r7, #1
10000de4:	4643      	mov	r3, r8
10000de6:	0039      	movs	r1, r7
10000de8:	685a      	ldr	r2, [r3, #4]
10000dea:	6873      	ldr	r3, [r6, #4]
10000dec:	4099      	lsls	r1, r3
10000dee:	420a      	tst	r2, r1
10000df0:	d00a      	beq.n	10000e08 <_ZN7sensors6HCSR0416sendPulseAndWaitEv+0x9c>
10000df2:	f000 ff77 	bl	10001ce4 <time_us_64>
10000df6:	1b00      	subs	r0, r0, r4
10000df8:	41a9      	sbcs	r1, r5
10000dfa:	68b3      	ldr	r3, [r6, #8]
10000dfc:	2900      	cmp	r1, #0
10000dfe:	d101      	bne.n	10000e04 <_ZN7sensors6HCSR0416sendPulseAndWaitEv+0x98>
10000e00:	4298      	cmp	r0, r3
10000e02:	d9ef      	bls.n	10000de4 <_ZN7sensors6HCSR0416sendPulseAndWaitEv+0x78>
10000e04:	4802      	ldr	r0, [pc, #8]	@ (10000e10 <_ZN7sensors6HCSR0416sendPulseAndWaitEv+0xa4>)
10000e06:	e7e2      	b.n	10000dce <_ZN7sensors6HCSR0416sendPulseAndWaitEv+0x62>
10000e08:	f000 ff6c 	bl	10001ce4 <time_us_64>
10000e0c:	1b00      	subs	r0, r0, r4
10000e0e:	e7de      	b.n	10000dce <_ZN7sensors6HCSR0416sendPulseAndWaitEv+0x62>
10000e10:	000038d6 	.word	0x000038d6

10000e14 <_ZN7sensors6HCSR0410distanceMmEv>:
10000e14:	b510      	push	{r4, lr}
10000e16:	f7ff ffa9 	bl	10000d6c <_ZN7sensors6HCSR0416sendPulseAndWaitEv>
10000e1a:	2800      	cmp	r0, #0
10000e1c:	db05      	blt.n	10000e2a <_ZN7sensors6HCSR0410distanceMmEv+0x16>
10000e1e:	2364      	movs	r3, #100	@ 0x64
10000e20:	4903      	ldr	r1, [pc, #12]	@ (10000e30 <_ZN7sensors6HCSR0410distanceMmEv+0x1c>)
10000e22:	4358      	muls	r0, r3
10000e24:	f001 fb40 	bl	100024a8 <__wrap___aeabi_idiv>
10000e28:	bd10      	pop	{r4, pc}
10000e2a:	2001      	movs	r0, #1
10000e2c:	4240      	negs	r0, r0
10000e2e:	e7fb      	b.n	10000e28 <_ZN7sensors6HCSR0410distanceMmEv+0x14>
10000e30:	00000246 	.word	0x00000246

10000e34 <gpio_set_function>:
10000e34:	4a09      	ldr	r2, [pc, #36]	@ (10000e5c <gpio_set_function+0x28>)
10000e36:	0083      	lsls	r3, r0, #2
10000e38:	189a      	adds	r2, r3, r2
10000e3a:	b510      	push	{r4, lr}
10000e3c:	6814      	ldr	r4, [r2, #0]
10000e3e:	2240      	movs	r2, #64	@ 0x40
10000e40:	4054      	eors	r4, r2
10000e42:	3280      	adds	r2, #128	@ 0x80
10000e44:	4022      	ands	r2, r4
10000e46:	4c06      	ldr	r4, [pc, #24]	@ (10000e60 <gpio_set_function+0x2c>)
10000e48:	00c0      	lsls	r0, r0, #3
10000e4a:	46a4      	mov	ip, r4
10000e4c:	4463      	add	r3, ip
10000e4e:	601a      	str	r2, [r3, #0]
10000e50:	4b04      	ldr	r3, [pc, #16]	@ (10000e64 <gpio_set_function+0x30>)
10000e52:	469c      	mov	ip, r3
10000e54:	4460      	add	r0, ip
10000e56:	6041      	str	r1, [r0, #4]
10000e58:	bd10      	pop	{r4, pc}
10000e5a:	46c0      	nop			@ (mov r8, r8)
10000e5c:	4001c004 	.word	0x4001c004
10000e60:	4001d004 	.word	0x4001d004
10000e64:	40014000 	.word	0x40014000

10000e68 <gpio_init>:
10000e68:	2301      	movs	r3, #1
10000e6a:	22d0      	movs	r2, #208	@ 0xd0
10000e6c:	4083      	lsls	r3, r0
10000e6e:	0612      	lsls	r2, r2, #24
10000e70:	6293      	str	r3, [r2, #40]	@ 0x28
10000e72:	6193      	str	r3, [r2, #24]
10000e74:	4a09      	ldr	r2, [pc, #36]	@ (10000e9c <gpio_init+0x34>)
10000e76:	0083      	lsls	r3, r0, #2
10000e78:	189a      	adds	r2, r3, r2
10000e7a:	6811      	ldr	r1, [r2, #0]
10000e7c:	2240      	movs	r2, #64	@ 0x40
10000e7e:	4051      	eors	r1, r2
10000e80:	3280      	adds	r2, #128	@ 0x80
10000e82:	400a      	ands	r2, r1
10000e84:	4906      	ldr	r1, [pc, #24]	@ (10000ea0 <gpio_init+0x38>)
10000e86:	00c0      	lsls	r0, r0, #3
10000e88:	468c      	mov	ip, r1
10000e8a:	4463      	add	r3, ip
10000e8c:	601a      	str	r2, [r3, #0]
10000e8e:	4b05      	ldr	r3, [pc, #20]	@ (10000ea4 <gpio_init+0x3c>)
10000e90:	469c      	mov	ip, r3
10000e92:	2305      	movs	r3, #5
10000e94:	4460      	add	r0, ip
10000e96:	6043      	str	r3, [r0, #4]
10000e98:	4770      	bx	lr
10000e9a:	46c0      	nop			@ (mov r8, r8)
10000e9c:	4001c004 	.word	0x4001c004
10000ea0:	4001d004 	.word	0x4001d004
10000ea4:	40014000 	.word	0x40014000

10000ea8 <rp2040_chip_version>:
10000ea8:	2380      	movs	r3, #128	@ 0x80
10000eaa:	05db      	lsls	r3, r3, #23
10000eac:	6818      	ldr	r0, [r3, #0]
10000eae:	0f00      	lsrs	r0, r0, #28
10000eb0:	4770      	bx	lr
10000eb2:	46c0      	nop			@ (mov r8, r8)

10000eb4 <panic>:
10000eb4:	b40f      	push	{r0, r1, r2, r3}
10000eb6:	b500      	push	{lr}
10000eb8:	4808      	ldr	r0, [pc, #32]	@ (10000edc <panic+0x28>)
10000eba:	b083      	sub	sp, #12
10000ebc:	f004 f934 	bl	10005128 <__wrap_puts>
10000ec0:	9b04      	ldr	r3, [sp, #16]
10000ec2:	2b00      	cmp	r3, #0
10000ec4:	d007      	beq.n	10000ed6 <panic+0x22>
10000ec6:	a905      	add	r1, sp, #20
10000ec8:	0018      	movs	r0, r3
10000eca:	9101      	str	r1, [sp, #4]
10000ecc:	f003 ff0a 	bl	10004ce4 <weak_raw_vprintf>
10000ed0:	4803      	ldr	r0, [pc, #12]	@ (10000ee0 <panic+0x2c>)
10000ed2:	f004 f929 	bl	10005128 <__wrap_puts>
10000ed6:	2001      	movs	r0, #1
10000ed8:	f003 ff1c 	bl	10004d14 <_exit>
10000edc:	1000b508 	.word	0x1000b508
10000ee0:	1000b518 	.word	0x1000b518

10000ee4 <hw_claim_or_assert>:
10000ee4:	b570      	push	{r4, r5, r6, lr}
10000ee6:	f3ef 8c10 	mrs	ip, PRIMASK
10000eea:	b672      	cpsid	i
10000eec:	4d0d      	ldr	r5, [pc, #52]	@ (10000f24 <hw_claim_or_assert+0x40>)
10000eee:	682b      	ldr	r3, [r5, #0]
10000ef0:	2b00      	cmp	r3, #0
10000ef2:	d0fc      	beq.n	10000eee <hw_claim_or_assert+0xa>
10000ef4:	f3bf 8f5f 	dmb	sy
10000ef8:	2407      	movs	r4, #7
10000efa:	08cb      	lsrs	r3, r1, #3
10000efc:	18c6      	adds	r6, r0, r3
10000efe:	5cc0      	ldrb	r0, [r0, r3]
10000f00:	2301      	movs	r3, #1
10000f02:	400c      	ands	r4, r1
10000f04:	40a3      	lsls	r3, r4
10000f06:	001c      	movs	r4, r3
10000f08:	4004      	ands	r4, r0
10000f0a:	4203      	tst	r3, r0
10000f0c:	d107      	bne.n	10000f1e <hw_claim_or_assert+0x3a>
10000f0e:	4318      	orrs	r0, r3
10000f10:	7030      	strb	r0, [r6, #0]
10000f12:	f3bf 8f5f 	dmb	sy
10000f16:	602c      	str	r4, [r5, #0]
10000f18:	f38c 8810 	msr	PRIMASK, ip
10000f1c:	bd70      	pop	{r4, r5, r6, pc}
10000f1e:	0010      	movs	r0, r2
10000f20:	f7ff ffc8 	bl	10000eb4 <panic>
10000f24:	d000012c 	.word	0xd000012c

10000f28 <hw_claim_unused_from_range>:
10000f28:	b5f8      	push	{r3, r4, r5, r6, r7, lr}
10000f2a:	4647      	mov	r7, r8
10000f2c:	46ce      	mov	lr, r9
10000f2e:	4688      	mov	r8, r1
10000f30:	b580      	push	{r7, lr}
10000f32:	f3ef 8c10 	mrs	ip, PRIMASK
10000f36:	b672      	cpsid	i
10000f38:	4d21      	ldr	r5, [pc, #132]	@ (10000fc0 <hw_claim_unused_from_range+0x98>)
10000f3a:	682c      	ldr	r4, [r5, #0]
10000f3c:	2c00      	cmp	r4, #0
10000f3e:	d0fc      	beq.n	10000f3a <hw_claim_unused_from_range+0x12>
10000f40:	f3bf 8f5f 	dmb	sy
10000f44:	429a      	cmp	r2, r3
10000f46:	d82c      	bhi.n	10000fa2 <hw_claim_unused_from_range+0x7a>
10000f48:	08d4      	lsrs	r4, r2, #3
10000f4a:	2707      	movs	r7, #7
10000f4c:	5d05      	ldrb	r5, [r0, r4]
10000f4e:	1906      	adds	r6, r0, r4
10000f50:	2401      	movs	r4, #1
10000f52:	4017      	ands	r7, r2
10000f54:	40bc      	lsls	r4, r7
10000f56:	422c      	tst	r4, r5
10000f58:	d01f      	beq.n	10000f9a <hw_claim_unused_from_range+0x72>
10000f5a:	2107      	movs	r1, #7
10000f5c:	2701      	movs	r7, #1
10000f5e:	4689      	mov	r9, r1
10000f60:	e009      	b.n	10000f76 <hw_claim_unused_from_range+0x4e>
10000f62:	08d4      	lsrs	r4, r2, #3
10000f64:	5d05      	ldrb	r5, [r0, r4]
10000f66:	1906      	adds	r6, r0, r4
10000f68:	464c      	mov	r4, r9
10000f6a:	0039      	movs	r1, r7
10000f6c:	4014      	ands	r4, r2
10000f6e:	40a1      	lsls	r1, r4
10000f70:	000c      	movs	r4, r1
10000f72:	4229      	tst	r1, r5
10000f74:	d011      	beq.n	10000f9a <hw_claim_unused_from_range+0x72>
10000f76:	3201      	adds	r2, #1
10000f78:	4293      	cmp	r3, r2
10000f7a:	d2f2      	bcs.n	10000f62 <hw_claim_unused_from_range+0x3a>
10000f7c:	2001      	movs	r0, #1
10000f7e:	4240      	negs	r0, r0
10000f80:	f3bf 8f5f 	dmb	sy
10000f84:	2200      	movs	r2, #0
10000f86:	4b0e      	ldr	r3, [pc, #56]	@ (10000fc0 <hw_claim_unused_from_range+0x98>)
10000f88:	601a      	str	r2, [r3, #0]
10000f8a:	f38c 8810 	msr	PRIMASK, ip
10000f8e:	2800      	cmp	r0, #0
10000f90:	db0f      	blt.n	10000fb2 <hw_claim_unused_from_range+0x8a>
10000f92:	bcc0      	pop	{r6, r7}
10000f94:	46b9      	mov	r9, r7
10000f96:	46b0      	mov	r8, r6
10000f98:	bdf8      	pop	{r3, r4, r5, r6, r7, pc}
10000f9a:	4325      	orrs	r5, r4
10000f9c:	0010      	movs	r0, r2
10000f9e:	7035      	strb	r5, [r6, #0]
10000fa0:	e7ee      	b.n	10000f80 <hw_claim_unused_from_range+0x58>
10000fa2:	f3bf 8f5f 	dmb	sy
10000fa6:	2300      	movs	r3, #0
10000fa8:	602b      	str	r3, [r5, #0]
10000faa:	f38c 8810 	msr	PRIMASK, ip
10000fae:	2001      	movs	r0, #1
10000fb0:	4240      	negs	r0, r0
10000fb2:	4643      	mov	r3, r8
10000fb4:	2b00      	cmp	r3, #0
10000fb6:	d0ec      	beq.n	10000f92 <hw_claim_unused_from_range+0x6a>
10000fb8:	9808      	ldr	r0, [sp, #32]
10000fba:	f7ff ff7b 	bl	10000eb4 <panic>
10000fbe:	46c0      	nop			@ (mov r8, r8)
10000fc0:	d000012c 	.word	0xd000012c

10000fc4 <next_striped_spin_lock_num>:
10000fc4:	4a04      	ldr	r2, [pc, #16]	@ (10000fd8 <next_striped_spin_lock_num+0x14>)
10000fc6:	7810      	ldrb	r0, [r2, #0]
10000fc8:	1c43      	adds	r3, r0, #1
10000fca:	b2db      	uxtb	r3, r3
10000fcc:	2b17      	cmp	r3, #23
10000fce:	d900      	bls.n	10000fd2 <next_striped_spin_lock_num+0xe>
10000fd0:	2310      	movs	r3, #16
10000fd2:	7013      	strb	r3, [r2, #0]
10000fd4:	4770      	bx	lr
10000fd6:	46c0      	nop			@ (mov r8, r8)
10000fd8:	20000f50 	.word	0x20000f50

10000fdc <spin_lock_claim_unused>:
10000fdc:	b510      	push	{r4, lr}
10000fde:	4b06      	ldr	r3, [pc, #24]	@ (10000ff8 <spin_lock_claim_unused+0x1c>)
10000fe0:	4c06      	ldr	r4, [pc, #24]	@ (10000ffc <spin_lock_claim_unused+0x20>)
10000fe2:	b082      	sub	sp, #8
10000fe4:	0001      	movs	r1, r0
10000fe6:	9300      	str	r3, [sp, #0]
10000fe8:	2218      	movs	r2, #24
10000fea:	231f      	movs	r3, #31
10000fec:	0020      	movs	r0, r4
10000fee:	f7ff ff9b 	bl	10000f28 <hw_claim_unused_from_range>
10000ff2:	b002      	add	sp, #8
10000ff4:	bd10      	pop	{r4, pc}
10000ff6:	46c0      	nop			@ (mov r8, r8)
10000ff8:	1000b51c 	.word	0x1000b51c
10000ffc:	20002430 	.word	0x20002430

10001000 <spin_locks_reset>:
10001000:	2100      	movs	r1, #0
10001002:	4b04      	ldr	r3, [pc, #16]	@ (10001014 <spin_locks_reset+0x14>)
10001004:	4a04      	ldr	r2, [pc, #16]	@ (10001018 <spin_locks_reset+0x18>)
10001006:	f3bf 8f5f 	dmb	sy
1000100a:	c302      	stmia	r3!, {r1}
1000100c:	4293      	cmp	r3, r2
1000100e:	d1fa      	bne.n	10001006 <spin_locks_reset+0x6>
10001010:	4770      	bx	lr
10001012:	46c0      	nop			@ (mov r8, r8)
10001014:	d0000100 	.word	0xd0000100
10001018:	d0000180 	.word	0xd0000180

1000101c <runtime_init_per_core_irq_priorities>:
1000101c:	4b05      	ldr	r3, [pc, #20]	@ (10001034 <runtime_init_per_core_irq_priorities+0x18>)
1000101e:	4a06      	ldr	r2, [pc, #24]	@ (10001038 <runtime_init_per_core_irq_priorities+0x1c>)
10001020:	6013      	str	r3, [r2, #0]
10001022:	4a06      	ldr	r2, [pc, #24]	@ (1000103c <runtime_init_per_core_irq_priorities+0x20>)
10001024:	6013      	str	r3, [r2, #0]
10001026:	6053      	str	r3, [r2, #4]
10001028:	6093      	str	r3, [r2, #8]
1000102a:	60d3      	str	r3, [r2, #12]
1000102c:	6113      	str	r3, [r2, #16]
1000102e:	6153      	str	r3, [r2, #20]
10001030:	6193      	str	r3, [r2, #24]
10001032:	4770      	bx	lr
10001034:	80808080 	.word	0x80808080
10001038:	e000e400 	.word	0xe000e400
1000103c:	e000e404 	.word	0xe000e404

10001040 <irq_set_enabled>:
10001040:	231f      	movs	r3, #31
10001042:	4018      	ands	r0, r3
10001044:	3b1e      	subs	r3, #30
10001046:	4083      	lsls	r3, r0
10001048:	2900      	cmp	r1, #0
1000104a:	d005      	beq.n	10001058 <irq_set_enabled+0x18>
1000104c:	21c0      	movs	r1, #192	@ 0xc0
1000104e:	4a04      	ldr	r2, [pc, #16]	@ (10001060 <irq_set_enabled+0x20>)
10001050:	0049      	lsls	r1, r1, #1
10001052:	5053      	str	r3, [r2, r1]
10001054:	6013      	str	r3, [r2, #0]
10001056:	4770      	bx	lr
10001058:	2280      	movs	r2, #128	@ 0x80
1000105a:	4901      	ldr	r1, [pc, #4]	@ (10001060 <irq_set_enabled+0x20>)
1000105c:	508b      	str	r3, [r1, r2]
1000105e:	e7fa      	b.n	10001056 <irq_set_enabled+0x16>
10001060:	e000e100 	.word	0xe000e100

10001064 <irq_is_enabled>:
10001064:	2201      	movs	r2, #1
10001066:	4082      	lsls	r2, r0
10001068:	4b03      	ldr	r3, [pc, #12]	@ (10001078 <irq_is_enabled+0x14>)
1000106a:	681b      	ldr	r3, [r3, #0]
1000106c:	4013      	ands	r3, r2
1000106e:	1e5a      	subs	r2, r3, #1
10001070:	4193      	sbcs	r3, r2
10001072:	b2d8      	uxtb	r0, r3
10001074:	4770      	bx	lr
10001076:	46c0      	nop			@ (mov r8, r8)
10001078:	e000e100 	.word	0xe000e100

1000107c <irq_set_pending>:
1000107c:	2301      	movs	r3, #1
1000107e:	4083      	lsls	r3, r0
10001080:	4a01      	ldr	r2, [pc, #4]	@ (10001088 <irq_set_pending+0xc>)
10001082:	6013      	str	r3, [r2, #0]
10001084:	4770      	bx	lr
10001086:	46c0      	nop			@ (mov r8, r8)
10001088:	e000e200 	.word	0xe000e200

1000108c <irq_has_shared_handler>:
1000108c:	4b06      	ldr	r3, [pc, #24]	@ (100010a8 <irq_has_shared_handler+0x1c>)
1000108e:	3010      	adds	r0, #16
10001090:	689b      	ldr	r3, [r3, #8]
10001092:	0080      	lsls	r0, r0, #2
10001094:	58c3      	ldr	r3, [r0, r3]
10001096:	4a05      	ldr	r2, [pc, #20]	@ (100010ac <irq_has_shared_handler+0x20>)
10001098:	2000      	movs	r0, #0
1000109a:	1a9b      	subs	r3, r3, r2
1000109c:	222f      	movs	r2, #47	@ 0x2f
1000109e:	429a      	cmp	r2, r3
100010a0:	4140      	adcs	r0, r0
100010a2:	b2c0      	uxtb	r0, r0
100010a4:	4770      	bx	lr
100010a6:	46c0      	nop			@ (mov r8, r8)
100010a8:	e000ed00 	.word	0xe000ed00
100010ac:	20000f54 	.word	0x20000f54

100010b0 <irq_set_exclusive_handler>:
100010b0:	b570      	push	{r4, r5, r6, lr}
100010b2:	000d      	movs	r5, r1
100010b4:	f3ef 8610 	mrs	r6, PRIMASK
100010b8:	b672      	cpsid	i
100010ba:	4a0f      	ldr	r2, [pc, #60]	@ (100010f8 <irq_set_exclusive_handler+0x48>)
100010bc:	6813      	ldr	r3, [r2, #0]
100010be:	2b00      	cmp	r3, #0
100010c0:	d0fc      	beq.n	100010bc <irq_set_exclusive_handler+0xc>
100010c2:	f3bf 8f5f 	dmb	sy
100010c6:	4b0d      	ldr	r3, [pc, #52]	@ (100010fc <irq_set_exclusive_handler+0x4c>)
100010c8:	3010      	adds	r0, #16
100010ca:	689b      	ldr	r3, [r3, #8]
100010cc:	0084      	lsls	r4, r0, #2
100010ce:	591b      	ldr	r3, [r3, r4]
100010d0:	4a0b      	ldr	r2, [pc, #44]	@ (10001100 <irq_set_exclusive_handler+0x50>)
100010d2:	4293      	cmp	r3, r2
100010d4:	d003      	beq.n	100010de <irq_set_exclusive_handler+0x2e>
100010d6:	429d      	cmp	r5, r3
100010d8:	d001      	beq.n	100010de <irq_set_exclusive_handler+0x2e>
100010da:	f001 f907 	bl	100022ec <hard_assertion_failure>
100010de:	4b07      	ldr	r3, [pc, #28]	@ (100010fc <irq_set_exclusive_handler+0x4c>)
100010e0:	689b      	ldr	r3, [r3, #8]
100010e2:	511d      	str	r5, [r3, r4]
100010e4:	f3bf 8f5f 	dmb	sy
100010e8:	f3bf 8f5f 	dmb	sy
100010ec:	2200      	movs	r2, #0
100010ee:	4b02      	ldr	r3, [pc, #8]	@ (100010f8 <irq_set_exclusive_handler+0x48>)
100010f0:	601a      	str	r2, [r3, #0]
100010f2:	f386 8810 	msr	PRIMASK, r6
100010f6:	bd70      	pop	{r4, r5, r6, pc}
100010f8:	d0000124 	.word	0xd0000124
100010fc:	e000ed00 	.word	0xe000ed00
10001100:	100001cd 	.word	0x100001cd

10001104 <irq_add_shared_handler>:
10001104:	b5f0      	push	{r4, r5, r6, r7, lr}
10001106:	4657      	mov	r7, sl
10001108:	464e      	mov	r6, r9
1000110a:	46de      	mov	lr, fp
1000110c:	4645      	mov	r5, r8
1000110e:	b5e0      	push	{r5, r6, r7, lr}
10001110:	b085      	sub	sp, #20
10001112:	0006      	movs	r6, r0
10001114:	9100      	str	r1, [sp, #0]
10001116:	0017      	movs	r7, r2
10001118:	f3ef 8b10 	mrs	fp, PRIMASK
1000111c:	b672      	cpsid	i
1000111e:	4a6a      	ldr	r2, [pc, #424]	@ (100012c8 <irq_add_shared_handler+0x1c4>)
10001120:	6813      	ldr	r3, [r2, #0]
10001122:	2b00      	cmp	r3, #0
10001124:	d0fc      	beq.n	10001120 <irq_add_shared_handler+0x1c>
10001126:	f3bf 8f5f 	dmb	sy
1000112a:	2500      	movs	r5, #0
1000112c:	4b67      	ldr	r3, [pc, #412]	@ (100012cc <irq_add_shared_handler+0x1c8>)
1000112e:	575d      	ldrsb	r5, [r3, r5]
10001130:	469a      	mov	sl, r3
10001132:	2d00      	cmp	r5, #0
10001134:	da00      	bge.n	10001138 <irq_add_shared_handler+0x34>
10001136:	e0a9      	b.n	1000128c <irq_add_shared_handler+0x188>
10001138:	006b      	lsls	r3, r5, #1
1000113a:	4c65      	ldr	r4, [pc, #404]	@ (100012d0 <irq_add_shared_handler+0x1cc>)
1000113c:	9301      	str	r3, [sp, #4]
1000113e:	195b      	adds	r3, r3, r5
10001140:	009b      	lsls	r3, r3, #2
10001142:	4698      	mov	r8, r3
10001144:	46a1      	mov	r9, r4
10001146:	44c1      	add	r9, r8
10001148:	464b      	mov	r3, r9
1000114a:	4652      	mov	r2, sl
1000114c:	799b      	ldrb	r3, [r3, #6]
1000114e:	3610      	adds	r6, #16
10001150:	7013      	strb	r3, [r2, #0]
10001152:	4b60      	ldr	r3, [pc, #384]	@ (100012d4 <irq_add_shared_handler+0x1d0>)
10001154:	00b6      	lsls	r6, r6, #2
10001156:	689b      	ldr	r3, [r3, #8]
10001158:	5999      	ldr	r1, [r3, r6]
1000115a:	1b0b      	subs	r3, r1, r4
1000115c:	2b2f      	cmp	r3, #47	@ 0x2f
1000115e:	d933      	bls.n	100011c8 <irq_add_shared_handler+0xc4>
10001160:	4b5d      	ldr	r3, [pc, #372]	@ (100012d8 <irq_add_shared_handler+0x1d4>)
10001162:	4299      	cmp	r1, r3
10001164:	d000      	beq.n	10001168 <irq_add_shared_handler+0x64>
10001166:	e0ac      	b.n	100012c2 <irq_add_shared_handler+0x1be>
10001168:	9b01      	ldr	r3, [sp, #4]
1000116a:	4642      	mov	r2, r8
1000116c:	469c      	mov	ip, r3
1000116e:	4b5b      	ldr	r3, [pc, #364]	@ (100012dc <irq_add_shared_handler+0x1d8>)
10001170:	4465      	add	r5, ip
10001172:	00ad      	lsls	r5, r5, #2
10001174:	5363      	strh	r3, [r4, r5]
10001176:	4b5a      	ldr	r3, [pc, #360]	@ (100012e0 <irq_add_shared_handler+0x1dc>)
10001178:	3202      	adds	r2, #2
1000117a:	18a2      	adds	r2, r4, r2
1000117c:	3b04      	subs	r3, #4
1000117e:	1a9b      	subs	r3, r3, r2
10001180:	051b      	lsls	r3, r3, #20
10001182:	4a58      	ldr	r2, [pc, #352]	@ (100012e4 <irq_add_shared_handler+0x1e0>)
10001184:	0d5b      	lsrs	r3, r3, #21
10001186:	1965      	adds	r5, r4, r5
10001188:	4313      	orrs	r3, r2
1000118a:	806b      	strh	r3, [r5, #2]
1000118c:	4b56      	ldr	r3, [pc, #344]	@ (100012e8 <irq_add_shared_handler+0x1e4>)
1000118e:	2101      	movs	r1, #1
10001190:	80ab      	strh	r3, [r5, #4]
10001192:	23ff      	movs	r3, #255	@ 0xff
10001194:	71ab      	strb	r3, [r5, #6]
10001196:	9b00      	ldr	r3, [sp, #0]
10001198:	71ef      	strb	r7, [r5, #7]
1000119a:	60ab      	str	r3, [r5, #8]
1000119c:	464b      	mov	r3, r9
1000119e:	430b      	orrs	r3, r1
100011a0:	0019      	movs	r1, r3
100011a2:	4b4c      	ldr	r3, [pc, #304]	@ (100012d4 <irq_add_shared_handler+0x1d0>)
100011a4:	689b      	ldr	r3, [r3, #8]
100011a6:	5199      	str	r1, [r3, r6]
100011a8:	f3bf 8f5f 	dmb	sy
100011ac:	f3bf 8f5f 	dmb	sy
100011b0:	2200      	movs	r2, #0
100011b2:	4b45      	ldr	r3, [pc, #276]	@ (100012c8 <irq_add_shared_handler+0x1c4>)
100011b4:	601a      	str	r2, [r3, #0]
100011b6:	f38b 8810 	msr	PRIMASK, fp
100011ba:	b005      	add	sp, #20
100011bc:	bcf0      	pop	{r4, r5, r6, r7}
100011be:	46bb      	mov	fp, r7
100011c0:	46b2      	mov	sl, r6
100011c2:	46a9      	mov	r9, r5
100011c4:	46a0      	mov	r8, r4
100011c6:	bdf0      	pop	{r4, r5, r6, r7, pc}
100011c8:	2001      	movs	r0, #1
100011ca:	000a      	movs	r2, r1
100011cc:	4382      	bics	r2, r0
100011ce:	79d3      	ldrb	r3, [r2, #7]
100011d0:	468c      	mov	ip, r1
100011d2:	42bb      	cmp	r3, r7
100011d4:	d831      	bhi.n	1000123a <irq_add_shared_handler+0x136>
100011d6:	4645      	mov	r5, r8
100011d8:	0013      	movs	r3, r2
100011da:	4944      	ldr	r1, [pc, #272]	@ (100012ec <irq_add_shared_handler+0x1e8>)
100011dc:	1b1b      	subs	r3, r3, r4
100011de:	415b      	adcs	r3, r3
100011e0:	4359      	muls	r1, r3
100011e2:	0d09      	lsrs	r1, r1, #20
100011e4:	4b3d      	ldr	r3, [pc, #244]	@ (100012dc <irq_add_shared_handler+0x1d8>)
100011e6:	5363      	strh	r3, [r4, r5]
100011e8:	4b3d      	ldr	r3, [pc, #244]	@ (100012e0 <irq_add_shared_handler+0x1dc>)
100011ea:	3502      	adds	r5, #2
100011ec:	1965      	adds	r5, r4, r5
100011ee:	3b04      	subs	r3, #4
100011f0:	1b5b      	subs	r3, r3, r5
100011f2:	051b      	lsls	r3, r3, #20
100011f4:	4d3b      	ldr	r5, [pc, #236]	@ (100012e4 <irq_add_shared_handler+0x1e0>)
100011f6:	0d5b      	lsrs	r3, r3, #21
100011f8:	432b      	orrs	r3, r5
100011fa:	46aa      	mov	sl, r5
100011fc:	464d      	mov	r5, r9
100011fe:	806b      	strh	r3, [r5, #2]
10001200:	2504      	movs	r5, #4
10001202:	46ac      	mov	ip, r5
10001204:	4655      	mov	r5, sl
10001206:	44e0      	add	r8, ip
10001208:	1f13      	subs	r3, r2, #4
1000120a:	4444      	add	r4, r8
1000120c:	1b1b      	subs	r3, r3, r4
1000120e:	051b      	lsls	r3, r3, #20
10001210:	0d5b      	lsrs	r3, r3, #21
10001212:	431d      	orrs	r5, r3
10001214:	464b      	mov	r3, r9
10001216:	7199      	strb	r1, [r3, #6]
10001218:	9900      	ldr	r1, [sp, #0]
1000121a:	809d      	strh	r5, [r3, #4]
1000121c:	6099      	str	r1, [r3, #8]
1000121e:	4649      	mov	r1, r9
10001220:	71df      	strb	r7, [r3, #7]
10001222:	4b33      	ldr	r3, [pc, #204]	@ (100012f0 <irq_add_shared_handler+0x1ec>)
10001224:	4301      	orrs	r1, r0
10001226:	6013      	str	r3, [r2, #0]
10001228:	e7bb      	b.n	100011a2 <irq_add_shared_handler+0x9e>
1000122a:	0058      	lsls	r0, r3, #1
1000122c:	18c0      	adds	r0, r0, r3
1000122e:	0080      	lsls	r0, r0, #2
10001230:	1820      	adds	r0, r4, r0
10001232:	79c1      	ldrb	r1, [r0, #7]
10001234:	42b9      	cmp	r1, r7
10001236:	d92f      	bls.n	10001298 <irq_add_shared_handler+0x194>
10001238:	0002      	movs	r2, r0
1000123a:	2306      	movs	r3, #6
1000123c:	56d3      	ldrsb	r3, [r2, r3]
1000123e:	2b00      	cmp	r3, #0
10001240:	daf3      	bge.n	1000122a <irq_add_shared_handler+0x126>
10001242:	9302      	str	r3, [sp, #8]
10001244:	4b2b      	ldr	r3, [pc, #172]	@ (100012f4 <irq_add_shared_handler+0x1f0>)
10001246:	4661      	mov	r1, ip
10001248:	9303      	str	r3, [sp, #12]
1000124a:	1d13      	adds	r3, r2, #4
1000124c:	469a      	mov	sl, r3
1000124e:	2304      	movs	r3, #4
10001250:	425b      	negs	r3, r3
10001252:	469c      	mov	ip, r3
10001254:	44e1      	add	r9, ip
10001256:	4650      	mov	r0, sl
10001258:	464b      	mov	r3, r9
1000125a:	1a1b      	subs	r3, r3, r0
1000125c:	051b      	lsls	r3, r3, #20
1000125e:	0d5b      	lsrs	r3, r3, #21
10001260:	469c      	mov	ip, r3
10001262:	4b20      	ldr	r3, [pc, #128]	@ (100012e4 <irq_add_shared_handler+0x1e0>)
10001264:	7195      	strb	r5, [r2, #6]
10001266:	4698      	mov	r8, r3
10001268:	4663      	mov	r3, ip
1000126a:	4640      	mov	r0, r8
1000126c:	4303      	orrs	r3, r0
1000126e:	8093      	strh	r3, [r2, #4]
10001270:	9b01      	ldr	r3, [sp, #4]
10001272:	195a      	adds	r2, r3, r5
10001274:	0092      	lsls	r2, r2, #2
10001276:	9b03      	ldr	r3, [sp, #12]
10001278:	18a4      	adds	r4, r4, r2
1000127a:	80a3      	strh	r3, [r4, #4]
1000127c:	9b02      	ldr	r3, [sp, #8]
1000127e:	4a1c      	ldr	r2, [pc, #112]	@ (100012f0 <irq_add_shared_handler+0x1ec>)
10001280:	71a3      	strb	r3, [r4, #6]
10001282:	9b00      	ldr	r3, [sp, #0]
10001284:	6022      	str	r2, [r4, #0]
10001286:	71e7      	strb	r7, [r4, #7]
10001288:	60a3      	str	r3, [r4, #8]
1000128a:	e78a      	b.n	100011a2 <irq_add_shared_handler+0x9e>
1000128c:	f001 f82e 	bl	100022ec <hard_assertion_failure>
10001290:	2500      	movs	r5, #0
10001292:	4653      	mov	r3, sl
10001294:	575d      	ldrsb	r5, [r3, r5]
10001296:	e74f      	b.n	10001138 <irq_add_shared_handler+0x34>
10001298:	8890      	ldrh	r0, [r2, #4]
1000129a:	9302      	str	r3, [sp, #8]
1000129c:	0540      	lsls	r0, r0, #21
1000129e:	1d13      	adds	r3, r2, #4
100012a0:	469a      	mov	sl, r3
100012a2:	1503      	asrs	r3, r0, #20
100012a4:	4661      	mov	r1, ip
100012a6:	469c      	mov	ip, r3
100012a8:	4640      	mov	r0, r8
100012aa:	44d4      	add	ip, sl
100012ac:	4663      	mov	r3, ip
100012ae:	3004      	adds	r0, #4
100012b0:	1820      	adds	r0, r4, r0
100012b2:	1a18      	subs	r0, r3, r0
100012b4:	23e0      	movs	r3, #224	@ 0xe0
100012b6:	0500      	lsls	r0, r0, #20
100012b8:	0d40      	lsrs	r0, r0, #21
100012ba:	021b      	lsls	r3, r3, #8
100012bc:	4318      	orrs	r0, r3
100012be:	9003      	str	r0, [sp, #12]
100012c0:	e7c5      	b.n	1000124e <irq_add_shared_handler+0x14a>
100012c2:	f001 f813 	bl	100022ec <hard_assertion_failure>
100012c6:	e74f      	b.n	10001168 <irq_add_shared_handler+0x64>
100012c8:	d0000124 	.word	0xd0000124
100012cc:	20002cf1 	.word	0x20002cf1
100012d0:	20000f54 	.word	0x20000f54
100012d4:	e000ed00 	.word	0xe000ed00
100012d8:	100001cd 	.word	0x100001cd
100012dc:	ffffa100 	.word	0xffffa100
100012e0:	20000f84 	.word	0x20000f84
100012e4:	ffffe000 	.word	0xffffe000
100012e8:	ffffbd01 	.word	0xffffbd01
100012ec:	0000aaaa 	.word	0x0000aaaa
100012f0:	47804801 	.word	0x47804801
100012f4:	0000bd01 	.word	0x0000bd01

100012f8 <irq_add_tail_to_free_list>:
100012f8:	b570      	push	{r4, r5, r6, lr}
100012fa:	2401      	movs	r4, #1
100012fc:	4304      	orrs	r4, r0
100012fe:	f3ef 8105 	mrs	r1, IPSR
10001302:	f3ef 8c10 	mrs	ip, PRIMASK
10001306:	b672      	cpsid	i
10001308:	4a21      	ldr	r2, [pc, #132]	@ (10001390 <irq_add_tail_to_free_list+0x98>)
1000130a:	6813      	ldr	r3, [r2, #0]
1000130c:	2b00      	cmp	r3, #0
1000130e:	d0fc      	beq.n	1000130a <irq_add_tail_to_free_list+0x12>
10001310:	f3bf 8f5f 	dmb	sy
10001314:	4b1f      	ldr	r3, [pc, #124]	@ (10001394 <irq_add_tail_to_free_list+0x9c>)
10001316:	0005      	movs	r5, r0
10001318:	4a1f      	ldr	r2, [pc, #124]	@ (10001398 <irq_add_tail_to_free_list+0xa0>)
1000131a:	1aed      	subs	r5, r5, r3
1000131c:	416d      	adcs	r5, r5
1000131e:	436a      	muls	r2, r5
10001320:	0d12      	lsrs	r2, r2, #20
10001322:	4d1e      	ldr	r5, [pc, #120]	@ (1000139c <irq_add_tail_to_free_list+0xa4>)
10001324:	0089      	lsls	r1, r1, #2
10001326:	68ae      	ldr	r6, [r5, #8]
10001328:	b252      	sxtb	r2, r2
1000132a:	5876      	ldr	r6, [r6, r1]
1000132c:	42a6      	cmp	r6, r4
1000132e:	d01c      	beq.n	1000136a <irq_add_tail_to_free_list+0x72>
10001330:	2106      	movs	r1, #6
10001332:	5659      	ldrsb	r1, [r3, r1]
10001334:	4291      	cmp	r1, r2
10001336:	d01c      	beq.n	10001372 <irq_add_tail_to_free_list+0x7a>
10001338:	2112      	movs	r1, #18
1000133a:	5659      	ldrsb	r1, [r3, r1]
1000133c:	4291      	cmp	r1, r2
1000133e:	d022      	beq.n	10001386 <irq_add_tail_to_free_list+0x8e>
10001340:	211e      	movs	r1, #30
10001342:	5659      	ldrsb	r1, [r3, r1]
10001344:	4291      	cmp	r1, r2
10001346:	d020      	beq.n	1000138a <irq_add_tail_to_free_list+0x92>
10001348:	212a      	movs	r1, #42	@ 0x2a
1000134a:	5659      	ldrsb	r1, [r3, r1]
1000134c:	2403      	movs	r4, #3
1000134e:	4291      	cmp	r1, r2
10001350:	d010      	beq.n	10001374 <irq_add_tail_to_free_list+0x7c>
10001352:	4b13      	ldr	r3, [pc, #76]	@ (100013a0 <irq_add_tail_to_free_list+0xa8>)
10001354:	7819      	ldrb	r1, [r3, #0]
10001356:	701a      	strb	r2, [r3, #0]
10001358:	7181      	strb	r1, [r0, #6]
1000135a:	f3bf 8f5f 	dmb	sy
1000135e:	2200      	movs	r2, #0
10001360:	4b0b      	ldr	r3, [pc, #44]	@ (10001390 <irq_add_tail_to_free_list+0x98>)
10001362:	601a      	str	r2, [r3, #0]
10001364:	f38c 8810 	msr	PRIMASK, ip
10001368:	bd70      	pop	{r4, r5, r6, pc}
1000136a:	68ab      	ldr	r3, [r5, #8]
1000136c:	4c0d      	ldr	r4, [pc, #52]	@ (100013a4 <irq_add_tail_to_free_list+0xac>)
1000136e:	505c      	str	r4, [r3, r1]
10001370:	e7ef      	b.n	10001352 <irq_add_tail_to_free_list+0x5a>
10001372:	2400      	movs	r4, #0
10001374:	0061      	lsls	r1, r4, #1
10001376:	1909      	adds	r1, r1, r4
10001378:	0089      	lsls	r1, r1, #2
1000137a:	185b      	adds	r3, r3, r1
1000137c:	21ff      	movs	r1, #255	@ 0xff
1000137e:	7199      	strb	r1, [r3, #6]
10001380:	4909      	ldr	r1, [pc, #36]	@ (100013a8 <irq_add_tail_to_free_list+0xb0>)
10001382:	8099      	strh	r1, [r3, #4]
10001384:	e7e5      	b.n	10001352 <irq_add_tail_to_free_list+0x5a>
10001386:	2401      	movs	r4, #1
10001388:	e7f4      	b.n	10001374 <irq_add_tail_to_free_list+0x7c>
1000138a:	2402      	movs	r4, #2
1000138c:	e7f2      	b.n	10001374 <irq_add_tail_to_free_list+0x7c>
1000138e:	46c0      	nop			@ (mov r8, r8)
10001390:	d0000124 	.word	0xd0000124
10001394:	20000f54 	.word	0x20000f54
10001398:	0000aaaa 	.word	0x0000aaaa
1000139c:	e000ed00 	.word	0xe000ed00
100013a0:	20002cf1 	.word	0x20002cf1
100013a4:	100001cd 	.word	0x100001cd
100013a8:	ffffbd01 	.word	0xffffbd01

100013ac <user_irq_claim_unused>:
100013ac:	b510      	push	{r4, lr}
100013ae:	4b08      	ldr	r3, [pc, #32]	@ (100013d0 <user_irq_claim_unused+0x24>)
100013b0:	4c08      	ldr	r4, [pc, #32]	@ (100013d4 <user_irq_claim_unused+0x28>)
100013b2:	b082      	sub	sp, #8
100013b4:	0001      	movs	r1, r0
100013b6:	9300      	str	r3, [sp, #0]
100013b8:	2200      	movs	r2, #0
100013ba:	2305      	movs	r3, #5
100013bc:	0020      	movs	r0, r4
100013be:	f7ff fdb3 	bl	10000f28 <hw_claim_unused_from_range>
100013c2:	2800      	cmp	r0, #0
100013c4:	db01      	blt.n	100013ca <user_irq_claim_unused+0x1e>
100013c6:	231f      	movs	r3, #31
100013c8:	1a18      	subs	r0, r3, r0
100013ca:	b002      	add	sp, #8
100013cc:	bd10      	pop	{r4, pc}
100013ce:	46c0      	nop			@ (mov r8, r8)
100013d0:	1000b538 	.word	0x1000b538
100013d4:	20002cf5 	.word	0x20002cf5

100013d8 <lock_init>:
100013d8:	4b02      	ldr	r3, [pc, #8]	@ (100013e4 <lock_init+0xc>)
100013da:	469c      	mov	ip, r3
100013dc:	4461      	add	r1, ip
100013de:	0089      	lsls	r1, r1, #2
100013e0:	6001      	str	r1, [r0, #0]
100013e2:	4770      	bx	lr
100013e4:	34000040 	.word	0x34000040

100013e8 <runtime_init_mutex>:
100013e8:	b570      	push	{r4, r5, r6, lr}
100013ea:	4c11      	ldr	r4, [pc, #68]	@ (10001430 <runtime_init_mutex+0x48>)
100013ec:	4d11      	ldr	r5, [pc, #68]	@ (10001434 <runtime_init_mutex+0x4c>)
100013ee:	42ac      	cmp	r4, r5
100013f0:	d20f      	bcs.n	10001412 <runtime_init_mutex+0x2a>
100013f2:	26ff      	movs	r6, #255	@ 0xff
100013f4:	6823      	ldr	r3, [r4, #0]
100013f6:	2b00      	cmp	r3, #0
100013f8:	d00c      	beq.n	10001414 <runtime_init_mutex+0x2c>
100013fa:	f7ff fde3 	bl	10000fc4 <next_striped_spin_lock_num>
100013fe:	0001      	movs	r1, r0
10001400:	0020      	movs	r0, r4
10001402:	f7ff ffe9 	bl	100013d8 <lock_init>
10001406:	80a6      	strh	r6, [r4, #4]
10001408:	f3bf 8f5f 	dmb	sy
1000140c:	3408      	adds	r4, #8
1000140e:	42ac      	cmp	r4, r5
10001410:	d3f0      	bcc.n	100013f4 <runtime_init_mutex+0xc>
10001412:	bd70      	pop	{r4, r5, r6, pc}
10001414:	f7ff fdd6 	bl	10000fc4 <next_striped_spin_lock_num>
10001418:	0001      	movs	r1, r0
1000141a:	0020      	movs	r0, r4
1000141c:	f7ff ffdc 	bl	100013d8 <lock_init>
10001420:	7126      	strb	r6, [r4, #4]
10001422:	f3bf 8f5f 	dmb	sy
10001426:	3408      	adds	r4, #8
10001428:	42ac      	cmp	r4, r5
1000142a:	d3e3      	bcc.n	100013f4 <runtime_init_mutex+0xc>
1000142c:	e7f1      	b.n	10001412 <runtime_init_mutex+0x2a>
1000142e:	46c0      	nop			@ (mov r8, r8)
10001430:	200016c4 	.word	0x200016c4
10001434:	200016cc 	.word	0x200016cc

10001438 <mutex_init>:
10001438:	b510      	push	{r4, lr}
1000143a:	0004      	movs	r4, r0
1000143c:	f7ff fdc2 	bl	10000fc4 <next_striped_spin_lock_num>
10001440:	0001      	movs	r1, r0
10001442:	0020      	movs	r0, r4
10001444:	f7ff ffc8 	bl	100013d8 <lock_init>
10001448:	23ff      	movs	r3, #255	@ 0xff
1000144a:	7123      	strb	r3, [r4, #4]
1000144c:	f3bf 8f5f 	dmb	sy
10001450:	bd10      	pop	{r4, pc}
10001452:	46c0      	nop			@ (mov r8, r8)

10001454 <critical_section_init>:
10001454:	b510      	push	{r4, lr}
10001456:	0004      	movs	r4, r0
10001458:	2001      	movs	r0, #1
1000145a:	f7ff fdbf 	bl	10000fdc <spin_lock_claim_unused>
1000145e:	4b03      	ldr	r3, [pc, #12]	@ (1000146c <critical_section_init+0x18>)
10001460:	18c3      	adds	r3, r0, r3
10001462:	009b      	lsls	r3, r3, #2
10001464:	6023      	str	r3, [r4, #0]
10001466:	f3bf 8f5f 	dmb	sy
1000146a:	bd10      	pop	{r4, pc}
1000146c:	34000040 	.word	0x34000040

10001470 <critical_section_init_with_lock_num>:
10001470:	4b03      	ldr	r3, [pc, #12]	@ (10001480 <critical_section_init_with_lock_num+0x10>)
10001472:	469c      	mov	ip, r3
10001474:	4461      	add	r1, ip
10001476:	0089      	lsls	r1, r1, #2
10001478:	6001      	str	r1, [r0, #0]
1000147a:	f3bf 8f5f 	dmb	sy
1000147e:	4770      	bx	lr
10001480:	34000040 	.word	0x34000040

10001484 <sleep_until_callback>:
10001484:	4b0a      	ldr	r3, [pc, #40]	@ (100014b0 <sleep_until_callback+0x2c>)
10001486:	6819      	ldr	r1, [r3, #0]
10001488:	f3ef 8010 	mrs	r0, PRIMASK
1000148c:	b672      	cpsid	i
1000148e:	680a      	ldr	r2, [r1, #0]
10001490:	2a00      	cmp	r2, #0
10001492:	d0fc      	beq.n	1000148e <sleep_until_callback+0xa>
10001494:	f3bf 8f5f 	dmb	sy
10001498:	681b      	ldr	r3, [r3, #0]
1000149a:	f3bf 8f5f 	dmb	sy
1000149e:	2200      	movs	r2, #0
100014a0:	601a      	str	r2, [r3, #0]
100014a2:	f380 8810 	msr	PRIMASK, r0
100014a6:	bf40      	sev
100014a8:	2000      	movs	r0, #0
100014aa:	2100      	movs	r1, #0
100014ac:	4770      	bx	lr
100014ae:	46c0      	nop			@ (mov r8, r8)
100014b0:	20002ccc 	.word	0x20002ccc

100014b4 <alarm_pool_irq_handler>:
100014b4:	b5f0      	push	{r4, r5, r6, r7, lr}
100014b6:	46de      	mov	lr, fp
100014b8:	4657      	mov	r7, sl
100014ba:	464e      	mov	r6, r9
100014bc:	4645      	mov	r5, r8
100014be:	b5e0      	push	{r5, r6, r7, lr}
100014c0:	b083      	sub	sp, #12
100014c2:	f3ef 8205 	mrs	r2, IPSR
100014c6:	2303      	movs	r3, #3
100014c8:	4013      	ands	r3, r2
100014ca:	4ab5      	ldr	r2, [pc, #724]	@ (100017a0 <alarm_pool_irq_handler+0x2ec>)
100014cc:	0099      	lsls	r1, r3, #2
100014ce:	5852      	ldr	r2, [r2, r1]
100014d0:	9100      	str	r1, [sp, #0]
100014d2:	4690      	mov	r8, r2
100014d4:	2201      	movs	r2, #1
100014d6:	409a      	lsls	r2, r3
100014d8:	4693      	mov	fp, r2
100014da:	4bb2      	ldr	r3, [pc, #712]	@ (100017a4 <alarm_pool_irq_handler+0x2f0>)
100014dc:	601a      	str	r2, [r3, #0]
100014de:	4bb2      	ldr	r3, [pc, #712]	@ (100017a8 <alarm_pool_irq_handler+0x2f4>)
100014e0:	9301      	str	r3, [sp, #4]
100014e2:	465b      	mov	r3, fp
100014e4:	48b1      	ldr	r0, [pc, #708]	@ (100017ac <alarm_pool_irq_handler+0x2f8>)
100014e6:	6343      	str	r3, [r0, #52]	@ 0x34
100014e8:	4643      	mov	r3, r8
100014ea:	2208      	movs	r2, #8
100014ec:	5e9b      	ldrsh	r3, [r3, r2]
100014ee:	4699      	mov	r9, r3
100014f0:	2b00      	cmp	r3, #0
100014f2:	da3a      	bge.n	1000156a <alarm_pool_irq_handler+0xb6>
100014f4:	4643      	mov	r3, r8
100014f6:	889b      	ldrh	r3, [r3, #4]
100014f8:	b21b      	sxth	r3, r3
100014fa:	2b00      	cmp	r3, #0
100014fc:	db00      	blt.n	10001500 <alarm_pool_irq_handler+0x4c>
100014fe:	e09d      	b.n	1000163c <alarm_pool_irq_handler+0x188>
10001500:	4643      	mov	r3, r8
10001502:	799b      	ldrb	r3, [r3, #6]
10001504:	2b00      	cmp	r3, #0
10001506:	d000      	beq.n	1000150a <alarm_pool_irq_handler+0x56>
10001508:	e0e1      	b.n	100016ce <alarm_pool_irq_handler+0x21a>
1000150a:	4643      	mov	r3, r8
1000150c:	2408      	movs	r4, #8
1000150e:	5f1c      	ldrsh	r4, [r3, r4]
10001510:	2c00      	cmp	r4, #0
10001512:	db20      	blt.n	10001556 <alarm_pool_irq_handler+0xa2>
10001514:	4643      	mov	r3, r8
10001516:	695a      	ldr	r2, [r3, #20]
10001518:	0063      	lsls	r3, r4, #1
1000151a:	191b      	adds	r3, r3, r4
1000151c:	00db      	lsls	r3, r3, #3
1000151e:	18d3      	adds	r3, r2, r3
10001520:	689d      	ldr	r5, [r3, #8]
10001522:	68dc      	ldr	r4, [r3, #12]
10001524:	1c6b      	adds	r3, r5, #1
10001526:	d100      	bne.n	1000152a <alarm_pool_irq_handler+0x76>
10001528:	e103      	b.n	10001732 <alarm_pool_irq_handler+0x27e>
1000152a:	48a0      	ldr	r0, [pc, #640]	@ (100017ac <alarm_pool_irq_handler+0x2f8>)
1000152c:	9900      	ldr	r1, [sp, #0]
1000152e:	4684      	mov	ip, r0
10001530:	4461      	add	r1, ip
10001532:	6a82      	ldr	r2, [r0, #40]	@ 0x28
10001534:	690b      	ldr	r3, [r1, #16]
10001536:	1aae      	subs	r6, r5, r2
10001538:	1a9b      	subs	r3, r3, r2
1000153a:	429e      	cmp	r6, r3
1000153c:	d313      	bcc.n	10001566 <alarm_pool_irq_handler+0xb2>
1000153e:	465a      	mov	r2, fp
10001540:	6a03      	ldr	r3, [r0, #32]
10001542:	421a      	tst	r2, r3
10001544:	d00f      	beq.n	10001566 <alarm_pool_irq_handler+0xb2>
10001546:	4899      	ldr	r0, [pc, #612]	@ (100017ac <alarm_pool_irq_handler+0x2f8>)
10001548:	f000 fbc4 	bl	10001cd4 <timer_time_us_64>
1000154c:	428c      	cmp	r4, r1
1000154e:	dc02      	bgt.n	10001556 <alarm_pool_irq_handler+0xa2>
10001550:	d1c7      	bne.n	100014e2 <alarm_pool_irq_handler+0x2e>
10001552:	4285      	cmp	r5, r0
10001554:	d9c5      	bls.n	100014e2 <alarm_pool_irq_handler+0x2e>
10001556:	bf40      	sev
10001558:	b003      	add	sp, #12
1000155a:	bcf0      	pop	{r4, r5, r6, r7}
1000155c:	46bb      	mov	fp, r7
1000155e:	46b2      	mov	sl, r6
10001560:	46a9      	mov	r9, r5
10001562:	46a0      	mov	r8, r4
10001564:	bdf0      	pop	{r4, r5, r6, r7, pc}
10001566:	610d      	str	r5, [r1, #16]
10001568:	e7ed      	b.n	10001546 <alarm_pool_irq_handler+0x92>
1000156a:	4642      	mov	r2, r8
1000156c:	6952      	ldr	r2, [r2, #20]
1000156e:	005b      	lsls	r3, r3, #1
10001570:	4692      	mov	sl, r2
10001572:	444b      	add	r3, r9
10001574:	00db      	lsls	r3, r3, #3
10001576:	449a      	add	sl, r3
10001578:	4653      	mov	r3, sl
1000157a:	689e      	ldr	r6, [r3, #8]
1000157c:	68df      	ldr	r7, [r3, #12]
1000157e:	f000 fba9 	bl	10001cd4 <timer_time_us_64>
10001582:	428f      	cmp	r7, r1
10001584:	dcb6      	bgt.n	100014f4 <alarm_pool_irq_handler+0x40>
10001586:	d100      	bne.n	1000158a <alarm_pool_irq_handler+0xd6>
10001588:	e0f8      	b.n	1000177c <alarm_pool_irq_handler+0x2c8>
1000158a:	2f00      	cmp	r7, #0
1000158c:	da00      	bge.n	10001590 <alarm_pool_irq_handler+0xdc>
1000158e:	e0d9      	b.n	10001744 <alarm_pool_irq_handler+0x290>
10001590:	4652      	mov	r2, sl
10001592:	4653      	mov	r3, sl
10001594:	6954      	ldr	r4, [r2, #20]
10001596:	691b      	ldr	r3, [r3, #16]
10001598:	9a01      	ldr	r2, [sp, #4]
1000159a:	4293      	cmp	r3, r2
1000159c:	d100      	bne.n	100015a0 <alarm_pool_irq_handler+0xec>
1000159e:	e0cc      	b.n	1000173a <alarm_pool_irq_handler+0x286>
100015a0:	4641      	mov	r1, r8
100015a2:	4652      	mov	r2, sl
100015a4:	2008      	movs	r0, #8
100015a6:	5e08      	ldrsh	r0, [r1, r0]
100015a8:	8852      	ldrh	r2, [r2, #2]
100015aa:	0400      	lsls	r0, r0, #16
100015ac:	0021      	movs	r1, r4
100015ae:	4310      	orrs	r0, r2
100015b0:	4798      	blx	r3
100015b2:	0004      	movs	r4, r0
100015b4:	000d      	movs	r5, r1
100015b6:	0023      	movs	r3, r4
100015b8:	432b      	orrs	r3, r5
100015ba:	d100      	bne.n	100015be <alarm_pool_irq_handler+0x10a>
100015bc:	e0c2      	b.n	10001744 <alarm_pool_irq_handler+0x290>
100015be:	2d00      	cmp	r5, #0
100015c0:	db00      	blt.n	100015c4 <alarm_pool_irq_handler+0x110>
100015c2:	e0df      	b.n	10001784 <alarm_pool_irq_handler+0x2d0>
100015c4:	0030      	movs	r0, r6
100015c6:	0039      	movs	r1, r7
100015c8:	1b00      	subs	r0, r0, r4
100015ca:	41a9      	sbcs	r1, r5
100015cc:	4653      	mov	r3, sl
100015ce:	6098      	str	r0, [r3, #8]
100015d0:	60d9      	str	r1, [r3, #12]
100015d2:	2200      	movs	r2, #0
100015d4:	5e9a      	ldrsh	r2, [r3, r2]
100015d6:	2a00      	cmp	r2, #0
100015d8:	da00      	bge.n	100015dc <alarm_pool_irq_handler+0x128>
100015da:	e78b      	b.n	100014f4 <alarm_pool_irq_handler+0x40>
100015dc:	4643      	mov	r3, r8
100015de:	695d      	ldr	r5, [r3, #20]
100015e0:	0053      	lsls	r3, r2, #1
100015e2:	189c      	adds	r4, r3, r2
100015e4:	00e4      	lsls	r4, r4, #3
100015e6:	192c      	adds	r4, r5, r4
100015e8:	68a7      	ldr	r7, [r4, #8]
100015ea:	68e4      	ldr	r4, [r4, #12]
100015ec:	428c      	cmp	r4, r1
100015ee:	dd00      	ble.n	100015f2 <alarm_pool_irq_handler+0x13e>
100015f0:	e780      	b.n	100014f4 <alarm_pool_irq_handler+0x40>
100015f2:	d102      	bne.n	100015fa <alarm_pool_irq_handler+0x146>
100015f4:	4287      	cmp	r7, r0
100015f6:	d900      	bls.n	100015fa <alarm_pool_irq_handler+0x146>
100015f8:	e77c      	b.n	100014f4 <alarm_pool_irq_handler+0x40>
100015fa:	4646      	mov	r6, r8
100015fc:	8132      	strh	r2, [r6, #8]
100015fe:	3608      	adds	r6, #8
10001600:	e00d      	b.n	1000161e <alarm_pool_irq_handler+0x16a>
10001602:	428c      	cmp	r4, r1
10001604:	d100      	bne.n	10001608 <alarm_pool_irq_handler+0x154>
10001606:	e0c6      	b.n	10001796 <alarm_pool_irq_handler+0x2e2>
10001608:	001e      	movs	r6, r3
1000160a:	2300      	movs	r3, #0
1000160c:	5ef2      	ldrsh	r2, [r6, r3]
1000160e:	2a00      	cmp	r2, #0
10001610:	db0a      	blt.n	10001628 <alarm_pool_irq_handler+0x174>
10001612:	0053      	lsls	r3, r2, #1
10001614:	189c      	adds	r4, r3, r2
10001616:	00e4      	lsls	r4, r4, #3
10001618:	192c      	adds	r4, r5, r4
1000161a:	68a7      	ldr	r7, [r4, #8]
1000161c:	68e4      	ldr	r4, [r4, #12]
1000161e:	189b      	adds	r3, r3, r2
10001620:	00db      	lsls	r3, r3, #3
10001622:	18eb      	adds	r3, r5, r3
10001624:	428c      	cmp	r4, r1
10001626:	ddec      	ble.n	10001602 <alarm_pool_irq_handler+0x14e>
10001628:	4653      	mov	r3, sl
1000162a:	801a      	strh	r2, [r3, #0]
1000162c:	464b      	mov	r3, r9
1000162e:	8033      	strh	r3, [r6, #0]
10001630:	4643      	mov	r3, r8
10001632:	889b      	ldrh	r3, [r3, #4]
10001634:	b21b      	sxth	r3, r3
10001636:	2b00      	cmp	r3, #0
10001638:	da00      	bge.n	1000163c <alarm_pool_irq_handler+0x188>
1000163a:	e761      	b.n	10001500 <alarm_pool_irq_handler+0x4c>
1000163c:	4643      	mov	r3, r8
1000163e:	691a      	ldr	r2, [r3, #16]
10001640:	f3ef 8110 	mrs	r1, PRIMASK
10001644:	b672      	cpsid	i
10001646:	6813      	ldr	r3, [r2, #0]
10001648:	2b00      	cmp	r3, #0
1000164a:	d0fc      	beq.n	10001646 <alarm_pool_irq_handler+0x192>
1000164c:	f3bf 8f5f 	dmb	sy
10001650:	4643      	mov	r3, r8
10001652:	889e      	ldrh	r6, [r3, #4]
10001654:	2301      	movs	r3, #1
10001656:	4642      	mov	r2, r8
10001658:	425b      	negs	r3, r3
1000165a:	8093      	strh	r3, [r2, #4]
1000165c:	b236      	sxth	r6, r6
1000165e:	6913      	ldr	r3, [r2, #16]
10001660:	f3bf 8f5f 	dmb	sy
10001664:	2200      	movs	r2, #0
10001666:	601a      	str	r2, [r3, #0]
10001668:	f381 8810 	msr	PRIMASK, r1
1000166c:	2e00      	cmp	r6, #0
1000166e:	da00      	bge.n	10001672 <alarm_pool_irq_handler+0x1be>
10001670:	e746      	b.n	10001500 <alarm_pool_irq_handler+0x4c>
10001672:	4643      	mov	r3, r8
10001674:	695d      	ldr	r5, [r3, #20]
10001676:	3308      	adds	r3, #8
10001678:	4642      	mov	r2, r8
1000167a:	469c      	mov	ip, r3
1000167c:	0077      	lsls	r7, r6, #1
1000167e:	19bf      	adds	r7, r7, r6
10001680:	00ff      	lsls	r7, r7, #3
10001682:	19ef      	adds	r7, r5, r7
10001684:	68bb      	ldr	r3, [r7, #8]
10001686:	4660      	mov	r0, ip
10001688:	4698      	mov	r8, r3
1000168a:	2308      	movs	r3, #8
1000168c:	5ed1      	ldrsh	r1, [r2, r3]
1000168e:	4692      	mov	sl, r2
10001690:	68fc      	ldr	r4, [r7, #12]
10001692:	2900      	cmp	r1, #0
10001694:	da07      	bge.n	100016a6 <alarm_pool_irq_handler+0x1f2>
10001696:	e00e      	b.n	100016b6 <alarm_pool_irq_handler+0x202>
10001698:	42a2      	cmp	r2, r4
1000169a:	d046      	beq.n	1000172a <alarm_pool_irq_handler+0x276>
1000169c:	0018      	movs	r0, r3
1000169e:	2300      	movs	r3, #0
100016a0:	5ec1      	ldrsh	r1, [r0, r3]
100016a2:	2900      	cmp	r1, #0
100016a4:	db06      	blt.n	100016b4 <alarm_pool_irq_handler+0x200>
100016a6:	004b      	lsls	r3, r1, #1
100016a8:	185b      	adds	r3, r3, r1
100016aa:	00db      	lsls	r3, r3, #3
100016ac:	18eb      	adds	r3, r5, r3
100016ae:	68da      	ldr	r2, [r3, #12]
100016b0:	42a2      	cmp	r2, r4
100016b2:	ddf1      	ble.n	10001698 <alarm_pool_irq_handler+0x1e4>
100016b4:	4652      	mov	r2, sl
100016b6:	8006      	strh	r6, [r0, #0]
100016b8:	2300      	movs	r3, #0
100016ba:	5efe      	ldrsh	r6, [r7, r3]
100016bc:	8039      	strh	r1, [r7, #0]
100016be:	2e00      	cmp	r6, #0
100016c0:	dadc      	bge.n	1000167c <alarm_pool_irq_handler+0x1c8>
100016c2:	4690      	mov	r8, r2
100016c4:	4643      	mov	r3, r8
100016c6:	799b      	ldrb	r3, [r3, #6]
100016c8:	2b00      	cmp	r3, #0
100016ca:	d100      	bne.n	100016ce <alarm_pool_irq_handler+0x21a>
100016cc:	e71d      	b.n	1000150a <alarm_pool_irq_handler+0x56>
100016ce:	2300      	movs	r3, #0
100016d0:	4642      	mov	r2, r8
100016d2:	7193      	strb	r3, [r2, #6]
100016d4:	4643      	mov	r3, r8
100016d6:	4646      	mov	r6, r8
100016d8:	2108      	movs	r1, #8
100016da:	5e59      	ldrsh	r1, [r3, r1]
100016dc:	3608      	adds	r6, #8
100016de:	1c4b      	adds	r3, r1, #1
100016e0:	d100      	bne.n	100016e4 <alarm_pool_irq_handler+0x230>
100016e2:	e738      	b.n	10001556 <alarm_pool_irq_handler+0xa2>
100016e4:	4647      	mov	r7, r8
100016e6:	4689      	mov	r9, r1
100016e8:	6955      	ldr	r5, [r2, #20]
100016ea:	e002      	b.n	100016f2 <alarm_pool_irq_handler+0x23e>
100016ec:	0006      	movs	r6, r0
100016ee:	1c4b      	adds	r3, r1, #1
100016f0:	d018      	beq.n	10001724 <alarm_pool_irq_handler+0x270>
100016f2:	004b      	lsls	r3, r1, #1
100016f4:	185b      	adds	r3, r3, r1
100016f6:	00db      	lsls	r3, r3, #3
100016f8:	18e8      	adds	r0, r5, r3
100016fa:	000a      	movs	r2, r1
100016fc:	468c      	mov	ip, r1
100016fe:	5ee9      	ldrsh	r1, [r5, r3]
10001700:	8843      	ldrh	r3, [r0, #2]
10001702:	b21b      	sxth	r3, r3
10001704:	2b00      	cmp	r3, #0
10001706:	daf1      	bge.n	100016ec <alarm_pool_irq_handler+0x238>
10001708:	2301      	movs	r3, #1
1000170a:	425b      	negs	r3, r3
1000170c:	17dc      	asrs	r4, r3, #31
1000170e:	6083      	str	r3, [r0, #8]
10001710:	60c4      	str	r4, [r0, #12]
10001712:	454a      	cmp	r2, r9
10001714:	d003      	beq.n	1000171e <alarm_pool_irq_handler+0x26a>
10001716:	8031      	strh	r1, [r6, #0]
10001718:	893b      	ldrh	r3, [r7, #8]
1000171a:	8003      	strh	r3, [r0, #0]
1000171c:	813a      	strh	r2, [r7, #8]
1000171e:	46e1      	mov	r9, ip
10001720:	1c4b      	adds	r3, r1, #1
10001722:	d1e6      	bne.n	100016f2 <alarm_pool_irq_handler+0x23e>
10001724:	46b8      	mov	r8, r7
10001726:	464c      	mov	r4, r9
10001728:	e6f2      	b.n	10001510 <alarm_pool_irq_handler+0x5c>
1000172a:	689a      	ldr	r2, [r3, #8]
1000172c:	4542      	cmp	r2, r8
1000172e:	d9b5      	bls.n	1000169c <alarm_pool_irq_handler+0x1e8>
10001730:	e7c0      	b.n	100016b4 <alarm_pool_irq_handler+0x200>
10001732:	1c63      	adds	r3, r4, #1
10001734:	d000      	beq.n	10001738 <alarm_pool_irq_handler+0x284>
10001736:	e6f8      	b.n	1000152a <alarm_pool_irq_handler+0x76>
10001738:	e705      	b.n	10001546 <alarm_pool_irq_handler+0x92>
1000173a:	0020      	movs	r0, r4
1000173c:	6923      	ldr	r3, [r4, #16]
1000173e:	4798      	blx	r3
10001740:	2800      	cmp	r0, #0
10001742:	d125      	bne.n	10001790 <alarm_pool_irq_handler+0x2dc>
10001744:	4653      	mov	r3, sl
10001746:	4642      	mov	r2, r8
10001748:	881b      	ldrh	r3, [r3, #0]
1000174a:	8113      	strh	r3, [r2, #8]
1000174c:	6912      	ldr	r2, [r2, #16]
1000174e:	f3ef 8310 	mrs	r3, PRIMASK
10001752:	b672      	cpsid	i
10001754:	6811      	ldr	r1, [r2, #0]
10001756:	2900      	cmp	r1, #0
10001758:	d0fc      	beq.n	10001754 <alarm_pool_irq_handler+0x2a0>
1000175a:	f3bf 8f5f 	dmb	sy
1000175e:	4642      	mov	r2, r8
10001760:	4651      	mov	r1, sl
10001762:	8852      	ldrh	r2, [r2, #2]
10001764:	800a      	strh	r2, [r1, #0]
10001766:	4642      	mov	r2, r8
10001768:	4649      	mov	r1, r9
1000176a:	8051      	strh	r1, [r2, #2]
1000176c:	6912      	ldr	r2, [r2, #16]
1000176e:	f3bf 8f5f 	dmb	sy
10001772:	2100      	movs	r1, #0
10001774:	6011      	str	r1, [r2, #0]
10001776:	f383 8810 	msr	PRIMASK, r3
1000177a:	e6bb      	b.n	100014f4 <alarm_pool_irq_handler+0x40>
1000177c:	4286      	cmp	r6, r0
1000177e:	d800      	bhi.n	10001782 <alarm_pool_irq_handler+0x2ce>
10001780:	e703      	b.n	1000158a <alarm_pool_irq_handler+0xd6>
10001782:	e6b7      	b.n	100014f4 <alarm_pool_irq_handler+0x40>
10001784:	4809      	ldr	r0, [pc, #36]	@ (100017ac <alarm_pool_irq_handler+0x2f8>)
10001786:	f000 faa5 	bl	10001cd4 <timer_time_us_64>
1000178a:	1900      	adds	r0, r0, r4
1000178c:	4169      	adcs	r1, r5
1000178e:	e71d      	b.n	100015cc <alarm_pool_irq_handler+0x118>
10001790:	6865      	ldr	r5, [r4, #4]
10001792:	6824      	ldr	r4, [r4, #0]
10001794:	e70f      	b.n	100015b6 <alarm_pool_irq_handler+0x102>
10001796:	4287      	cmp	r7, r0
10001798:	d800      	bhi.n	1000179c <alarm_pool_irq_handler+0x2e8>
1000179a:	e735      	b.n	10001608 <alarm_pool_irq_handler+0x154>
1000179c:	e744      	b.n	10001628 <alarm_pool_irq_handler+0x174>
1000179e:	46c0      	nop			@ (mov r8, r8)
100017a0:	20002cb0 	.word	0x20002cb0
100017a4:	4005703c 	.word	0x4005703c
100017a8:	100014b5 	.word	0x100014b5
100017ac:	40054000 	.word	0x40054000

100017b0 <runtime_init_default_alarm_pool>:
100017b0:	b570      	push	{r4, r5, r6, lr}
100017b2:	4c2e      	ldr	r4, [pc, #184]	@ (1000186c <runtime_init_default_alarm_pool+0xbc>)
100017b4:	6925      	ldr	r5, [r4, #16]
100017b6:	2d00      	cmp	r5, #0
100017b8:	d004      	beq.n	100017c4 <runtime_init_default_alarm_pool+0x14>
100017ba:	210a      	movs	r1, #10
100017bc:	482c      	ldr	r0, [pc, #176]	@ (10001870 <runtime_init_default_alarm_pool+0xc0>)
100017be:	f7ff fe0b 	bl	100013d8 <lock_init>
100017c2:	bd70      	pop	{r4, r5, r6, pc}
100017c4:	4e2b      	ldr	r6, [pc, #172]	@ (10001874 <runtime_init_default_alarm_pool+0xc4>)
100017c6:	2103      	movs	r1, #3
100017c8:	0030      	movs	r0, r6
100017ca:	f000 fa79 	bl	10001cc0 <timer_hardware_alarm_claim>
100017ce:	60e6      	str	r6, [r4, #12]
100017d0:	f7ff fbf8 	bl	10000fc4 <next_striped_spin_lock_num>
100017d4:	4b28      	ldr	r3, [pc, #160]	@ (10001878 <runtime_init_default_alarm_pool+0xc8>)
100017d6:	2203      	movs	r2, #3
100017d8:	469c      	mov	ip, r3
100017da:	23d0      	movs	r3, #208	@ 0xd0
100017dc:	7022      	strb	r2, [r4, #0]
100017de:	061b      	lsls	r3, r3, #24
100017e0:	681b      	ldr	r3, [r3, #0]
100017e2:	2101      	movs	r1, #1
100017e4:	7063      	strb	r3, [r4, #1]
100017e6:	4b25      	ldr	r3, [pc, #148]	@ (1000187c <runtime_init_default_alarm_pool+0xcc>)
100017e8:	4460      	add	r0, ip
100017ea:	60a3      	str	r3, [r4, #8]
100017ec:	230f      	movs	r3, #15
100017ee:	0080      	lsls	r0, r0, #2
100017f0:	6120      	str	r0, [r4, #16]
100017f2:	2002      	movs	r0, #2
100017f4:	8063      	strh	r3, [r4, #2]
100017f6:	6963      	ldr	r3, [r4, #20]
100017f8:	4249      	negs	r1, r1
100017fa:	80a1      	strh	r1, [r4, #4]
100017fc:	8019      	strh	r1, [r3, #0]
100017fe:	3102      	adds	r1, #2
10001800:	8619      	strh	r1, [r3, #48]	@ 0x30
10001802:	3147      	adds	r1, #71	@ 0x47
10001804:	831d      	strh	r5, [r3, #24]
10001806:	5258      	strh	r0, [r3, r1]
10001808:	3118      	adds	r1, #24
1000180a:	525a      	strh	r2, [r3, r1]
1000180c:	3275      	adds	r2, #117	@ 0x75
1000180e:	395c      	subs	r1, #92	@ 0x5c
10001810:	5299      	strh	r1, [r3, r2]
10001812:	3218      	adds	r2, #24
10001814:	3101      	adds	r1, #1
10001816:	5299      	strh	r1, [r3, r2]
10001818:	3218      	adds	r2, #24
1000181a:	3101      	adds	r1, #1
1000181c:	5299      	strh	r1, [r3, r2]
1000181e:	3218      	adds	r2, #24
10001820:	3101      	adds	r1, #1
10001822:	5299      	strh	r1, [r3, r2]
10001824:	3508      	adds	r5, #8
10001826:	3218      	adds	r2, #24
10001828:	529d      	strh	r5, [r3, r2]
1000182a:	3102      	adds	r1, #2
1000182c:	3218      	adds	r2, #24
1000182e:	5299      	strh	r1, [r3, r2]
10001830:	3218      	adds	r2, #24
10001832:	3101      	adds	r1, #1
10001834:	5299      	strh	r1, [r3, r2]
10001836:	3218      	adds	r2, #24
10001838:	3101      	adds	r1, #1
1000183a:	5299      	strh	r1, [r3, r2]
1000183c:	3218      	adds	r2, #24
1000183e:	3101      	adds	r1, #1
10001840:	5299      	strh	r1, [r3, r2]
10001842:	3218      	adds	r2, #24
10001844:	3101      	adds	r1, #1
10001846:	5299      	strh	r1, [r3, r2]
10001848:	3218      	adds	r2, #24
1000184a:	3101      	adds	r1, #1
1000184c:	5299      	strh	r1, [r3, r2]
1000184e:	4b0c      	ldr	r3, [pc, #48]	@ (10001880 <runtime_init_default_alarm_pool+0xd0>)
10001850:	490c      	ldr	r1, [pc, #48]	@ (10001884 <runtime_init_default_alarm_pool+0xd4>)
10001852:	60dc      	str	r4, [r3, #12]
10001854:	3001      	adds	r0, #1
10001856:	6235      	str	r5, [r6, #32]
10001858:	f7ff fc2a 	bl	100010b0 <irq_set_exclusive_handler>
1000185c:	2101      	movs	r1, #1
1000185e:	2003      	movs	r0, #3
10001860:	f7ff fbee 	bl	10001040 <irq_set_enabled>
10001864:	4b08      	ldr	r3, [pc, #32]	@ (10001888 <runtime_init_default_alarm_pool+0xd8>)
10001866:	601d      	str	r5, [r3, #0]
10001868:	e7a7      	b.n	100017ba <runtime_init_default_alarm_pool+0xa>
1000186a:	46c0      	nop			@ (mov r8, r8)
1000186c:	20000f9c 	.word	0x20000f9c
10001870:	20002ccc 	.word	0x20002ccc
10001874:	40054000 	.word	0x40054000
10001878:	34000040 	.word	0x34000040
1000187c:	0010ffff 	.word	0x0010ffff
10001880:	20002cb0 	.word	0x20002cb0
10001884:	100014b5 	.word	0x100014b5
10001888:	40056038 	.word	0x40056038

1000188c <alarm_pool_get_default>:
1000188c:	4800      	ldr	r0, [pc, #0]	@ (10001890 <alarm_pool_get_default+0x4>)
1000188e:	4770      	bx	lr
10001890:	20000f9c 	.word	0x20000f9c

10001894 <alarm_pool_add_alarm_at>:
10001894:	b5f8      	push	{r3, r4, r5, r6, r7, lr}
10001896:	001f      	movs	r7, r3
10001898:	ab08      	add	r3, sp, #32
1000189a:	781b      	ldrb	r3, [r3, #0]
1000189c:	0004      	movs	r4, r0
1000189e:	0016      	movs	r6, r2
100018a0:	2b00      	cmp	r3, #0
100018a2:	d108      	bne.n	100018b6 <alarm_pool_add_alarm_at+0x22>
100018a4:	f000 fa1e 	bl	10001ce4 <time_us_64>
100018a8:	0032      	movs	r2, r6
100018aa:	003b      	movs	r3, r7
100018ac:	1a12      	subs	r2, r2, r0
100018ae:	418b      	sbcs	r3, r1
100018b0:	2b00      	cmp	r3, #0
100018b2:	da00      	bge.n	100018b6 <alarm_pool_add_alarm_at+0x22>
100018b4:	e053      	b.n	1000195e <alarm_pool_add_alarm_at+0xca>
100018b6:	6922      	ldr	r2, [r4, #16]
100018b8:	f3ef 8010 	mrs	r0, PRIMASK
100018bc:	b672      	cpsid	i
100018be:	6813      	ldr	r3, [r2, #0]
100018c0:	2b00      	cmp	r3, #0
100018c2:	d0fc      	beq.n	100018be <alarm_pool_add_alarm_at+0x2a>
100018c4:	f3bf 8f5f 	dmb	sy
100018c8:	2302      	movs	r3, #2
100018ca:	5ee1      	ldrsh	r1, [r4, r3]
100018cc:	6963      	ldr	r3, [r4, #20]
100018ce:	004a      	lsls	r2, r1, #1
100018d0:	1852      	adds	r2, r2, r1
100018d2:	00d2      	lsls	r2, r2, #3
100018d4:	189b      	adds	r3, r3, r2
100018d6:	2900      	cmp	r1, #0
100018d8:	db37      	blt.n	1000194a <alarm_pool_add_alarm_at+0xb6>
100018da:	881a      	ldrh	r2, [r3, #0]
100018dc:	8062      	strh	r2, [r4, #2]
100018de:	6922      	ldr	r2, [r4, #16]
100018e0:	f3bf 8f5f 	dmb	sy
100018e4:	2500      	movs	r5, #0
100018e6:	6015      	str	r5, [r2, #0]
100018e8:	f380 8810 	msr	PRIMASK, r0
100018ec:	9a06      	ldr	r2, [sp, #24]
100018ee:	609e      	str	r6, [r3, #8]
100018f0:	60df      	str	r7, [r3, #12]
100018f2:	611a      	str	r2, [r3, #16]
100018f4:	9a07      	ldr	r2, [sp, #28]
100018f6:	615a      	str	r2, [r3, #20]
100018f8:	885a      	ldrh	r2, [r3, #2]
100018fa:	3201      	adds	r2, #1
100018fc:	0452      	lsls	r2, r2, #17
100018fe:	0c52      	lsrs	r2, r2, #17
10001900:	1c10      	adds	r0, r2, #0
10001902:	2a00      	cmp	r2, #0
10001904:	d01f      	beq.n	10001946 <alarm_pool_add_alarm_at+0xb2>
10001906:	b282      	uxth	r2, r0
10001908:	8058      	strh	r0, [r3, #2]
1000190a:	0408      	lsls	r0, r1, #16
1000190c:	4310      	orrs	r0, r2
1000190e:	6926      	ldr	r6, [r4, #16]
10001910:	f3ef 8710 	mrs	r7, PRIMASK
10001914:	b672      	cpsid	i
10001916:	6832      	ldr	r2, [r6, #0]
10001918:	2a00      	cmp	r2, #0
1000191a:	d0fc      	beq.n	10001916 <alarm_pool_add_alarm_at+0x82>
1000191c:	f3bf 8f5f 	dmb	sy
10001920:	88a2      	ldrh	r2, [r4, #4]
10001922:	801a      	strh	r2, [r3, #0]
10001924:	80a1      	strh	r1, [r4, #4]
10001926:	6923      	ldr	r3, [r4, #16]
10001928:	f3bf 8f5f 	dmb	sy
1000192c:	2200      	movs	r2, #0
1000192e:	601a      	str	r2, [r3, #0]
10001930:	f387 8810 	msr	PRIMASK, r7
10001934:	490b      	ldr	r1, [pc, #44]	@ (10001964 <alarm_pool_add_alarm_at+0xd0>)
10001936:	7823      	ldrb	r3, [r4, #0]
10001938:	468c      	mov	ip, r1
1000193a:	3201      	adds	r2, #1
1000193c:	409a      	lsls	r2, r3
1000193e:	68e3      	ldr	r3, [r4, #12]
10001940:	4463      	add	r3, ip
10001942:	601a      	str	r2, [r3, #0]
10001944:	bdf8      	pop	{r3, r4, r5, r6, r7, pc}
10001946:	2001      	movs	r0, #1
10001948:	e7dd      	b.n	10001906 <alarm_pool_add_alarm_at+0x72>
1000194a:	6923      	ldr	r3, [r4, #16]
1000194c:	f3bf 8f5f 	dmb	sy
10001950:	2200      	movs	r2, #0
10001952:	601a      	str	r2, [r3, #0]
10001954:	f380 8810 	msr	PRIMASK, r0
10001958:	2001      	movs	r0, #1
1000195a:	4240      	negs	r0, r0
1000195c:	e7f2      	b.n	10001944 <alarm_pool_add_alarm_at+0xb0>
1000195e:	2000      	movs	r0, #0
10001960:	e7f0      	b.n	10001944 <alarm_pool_add_alarm_at+0xb0>
10001962:	46c0      	nop			@ (mov r8, r8)
10001964:	0000203c 	.word	0x0000203c

10001968 <alarm_pool_add_alarm_at_force_in_context>:
10001968:	b570      	push	{r4, r5, r6, lr}
1000196a:	0001      	movs	r1, r0
1000196c:	6904      	ldr	r4, [r0, #16]
1000196e:	f3ef 8c10 	mrs	ip, PRIMASK
10001972:	b672      	cpsid	i
10001974:	6820      	ldr	r0, [r4, #0]
10001976:	2800      	cmp	r0, #0
10001978:	d0fc      	beq.n	10001974 <alarm_pool_add_alarm_at_force_in_context+0xc>
1000197a:	f3bf 8f5f 	dmb	sy
1000197e:	2002      	movs	r0, #2
10001980:	5e0d      	ldrsh	r5, [r1, r0]
10001982:	694c      	ldr	r4, [r1, #20]
10001984:	0068      	lsls	r0, r5, #1
10001986:	1940      	adds	r0, r0, r5
10001988:	00c0      	lsls	r0, r0, #3
1000198a:	1824      	adds	r4, r4, r0
1000198c:	2d00      	cmp	r5, #0
1000198e:	db37      	blt.n	10001a00 <alarm_pool_add_alarm_at_force_in_context+0x98>
10001990:	8820      	ldrh	r0, [r4, #0]
10001992:	8048      	strh	r0, [r1, #2]
10001994:	6908      	ldr	r0, [r1, #16]
10001996:	f3bf 8f5f 	dmb	sy
1000199a:	2600      	movs	r6, #0
1000199c:	6006      	str	r6, [r0, #0]
1000199e:	f38c 8810 	msr	PRIMASK, ip
100019a2:	60e3      	str	r3, [r4, #12]
100019a4:	8863      	ldrh	r3, [r4, #2]
100019a6:	9804      	ldr	r0, [sp, #16]
100019a8:	3301      	adds	r3, #1
100019aa:	6120      	str	r0, [r4, #16]
100019ac:	045b      	lsls	r3, r3, #17
100019ae:	9805      	ldr	r0, [sp, #20]
100019b0:	0c5b      	lsrs	r3, r3, #17
100019b2:	60a2      	str	r2, [r4, #8]
100019b4:	6160      	str	r0, [r4, #20]
100019b6:	1c1a      	adds	r2, r3, #0
100019b8:	2b00      	cmp	r3, #0
100019ba:	d01f      	beq.n	100019fc <alarm_pool_add_alarm_at_force_in_context+0x94>
100019bc:	b293      	uxth	r3, r2
100019be:	0428      	lsls	r0, r5, #16
100019c0:	8062      	strh	r2, [r4, #2]
100019c2:	4318      	orrs	r0, r3
100019c4:	690a      	ldr	r2, [r1, #16]
100019c6:	f3ef 8c10 	mrs	ip, PRIMASK
100019ca:	b672      	cpsid	i
100019cc:	6813      	ldr	r3, [r2, #0]
100019ce:	2b00      	cmp	r3, #0
100019d0:	d0fc      	beq.n	100019cc <alarm_pool_add_alarm_at_force_in_context+0x64>
100019d2:	f3bf 8f5f 	dmb	sy
100019d6:	888b      	ldrh	r3, [r1, #4]
100019d8:	8023      	strh	r3, [r4, #0]
100019da:	808d      	strh	r5, [r1, #4]
100019dc:	690b      	ldr	r3, [r1, #16]
100019de:	f3bf 8f5f 	dmb	sy
100019e2:	2200      	movs	r2, #0
100019e4:	601a      	str	r2, [r3, #0]
100019e6:	f38c 8810 	msr	PRIMASK, ip
100019ea:	780b      	ldrb	r3, [r1, #0]
100019ec:	3201      	adds	r2, #1
100019ee:	409a      	lsls	r2, r3
100019f0:	68cb      	ldr	r3, [r1, #12]
100019f2:	4908      	ldr	r1, [pc, #32]	@ (10001a14 <alarm_pool_add_alarm_at_force_in_context+0xac>)
100019f4:	468c      	mov	ip, r1
100019f6:	4463      	add	r3, ip
100019f8:	601a      	str	r2, [r3, #0]
100019fa:	bd70      	pop	{r4, r5, r6, pc}
100019fc:	2201      	movs	r2, #1
100019fe:	e7dd      	b.n	100019bc <alarm_pool_add_alarm_at_force_in_context+0x54>
10001a00:	690b      	ldr	r3, [r1, #16]
10001a02:	f3bf 8f5f 	dmb	sy
10001a06:	2200      	movs	r2, #0
10001a08:	601a      	str	r2, [r3, #0]
10001a0a:	f38c 8810 	msr	PRIMASK, ip
10001a0e:	2001      	movs	r0, #1
10001a10:	4240      	negs	r0, r0
10001a12:	e7f2      	b.n	100019fa <alarm_pool_add_alarm_at_force_in_context+0x92>
10001a14:	0000203c 	.word	0x0000203c

10001a18 <alarm_pool_cancel_alarm>:
10001a18:	b510      	push	{r4, lr}
10001a1a:	8943      	ldrh	r3, [r0, #10]
10001a1c:	140a      	asrs	r2, r1, #16
10001a1e:	4293      	cmp	r3, r2
10001a20:	dd1a      	ble.n	10001a58 <alarm_pool_cancel_alarm+0x40>
10001a22:	0053      	lsls	r3, r2, #1
10001a24:	189b      	adds	r3, r3, r2
10001a26:	6942      	ldr	r2, [r0, #20]
10001a28:	00db      	lsls	r3, r3, #3
10001a2a:	18d3      	adds	r3, r2, r3
10001a2c:	6904      	ldr	r4, [r0, #16]
10001a2e:	f3ef 8c10 	mrs	ip, PRIMASK
10001a32:	b672      	cpsid	i
10001a34:	6822      	ldr	r2, [r4, #0]
10001a36:	2a00      	cmp	r2, #0
10001a38:	d0fc      	beq.n	10001a34 <alarm_pool_cancel_alarm+0x1c>
10001a3a:	f3bf 8f5f 	dmb	sy
10001a3e:	885a      	ldrh	r2, [r3, #2]
10001a40:	0409      	lsls	r1, r1, #16
10001a42:	b294      	uxth	r4, r2
10001a44:	0c09      	lsrs	r1, r1, #16
10001a46:	428a      	cmp	r2, r1
10001a48:	d008      	beq.n	10001a5c <alarm_pool_cancel_alarm+0x44>
10001a4a:	6903      	ldr	r3, [r0, #16]
10001a4c:	f3bf 8f5f 	dmb	sy
10001a50:	2200      	movs	r2, #0
10001a52:	601a      	str	r2, [r3, #0]
10001a54:	f38c 8810 	msr	PRIMASK, ip
10001a58:	2000      	movs	r0, #0
10001a5a:	bd10      	pop	{r4, pc}
10001a5c:	2280      	movs	r2, #128	@ 0x80
10001a5e:	0212      	lsls	r2, r2, #8
10001a60:	4314      	orrs	r4, r2
10001a62:	805c      	strh	r4, [r3, #2]
10001a64:	2301      	movs	r3, #1
10001a66:	6902      	ldr	r2, [r0, #16]
10001a68:	7183      	strb	r3, [r0, #6]
10001a6a:	f3bf 8f5f 	dmb	sy
10001a6e:	2100      	movs	r1, #0
10001a70:	6011      	str	r1, [r2, #0]
10001a72:	f38c 8810 	msr	PRIMASK, ip
10001a76:	4904      	ldr	r1, [pc, #16]	@ (10001a88 <alarm_pool_cancel_alarm+0x70>)
10001a78:	7802      	ldrb	r2, [r0, #0]
10001a7a:	468c      	mov	ip, r1
10001a7c:	4093      	lsls	r3, r2
10001a7e:	68c2      	ldr	r2, [r0, #12]
10001a80:	2001      	movs	r0, #1
10001a82:	4462      	add	r2, ip
10001a84:	6013      	str	r3, [r2, #0]
10001a86:	e7e8      	b.n	10001a5a <alarm_pool_cancel_alarm+0x42>
10001a88:	0000203c 	.word	0x0000203c

10001a8c <alarm_pool_core_num>:
10001a8c:	7840      	ldrb	r0, [r0, #1]
10001a8e:	4770      	bx	lr

10001a90 <sleep_until>:
10001a90:	b5f0      	push	{r4, r5, r6, r7, lr}
10001a92:	0004      	movs	r4, r0
10001a94:	000d      	movs	r5, r1
10001a96:	2606      	movs	r6, #6
10001a98:	4276      	negs	r6, r6
10001a9a:	17f7      	asrs	r7, r6, #31
10001a9c:	46c6      	mov	lr, r8
10001a9e:	1936      	adds	r6, r6, r4
10001aa0:	416f      	adcs	r7, r5
10001aa2:	b500      	push	{lr}
10001aa4:	b082      	sub	sp, #8
10001aa6:	428f      	cmp	r7, r1
10001aa8:	d814      	bhi.n	10001ad4 <sleep_until+0x44>
10001aaa:	d011      	beq.n	10001ad0 <sleep_until+0x40>
10001aac:	f000 f91a 	bl	10001ce4 <time_us_64>
10001ab0:	0032      	movs	r2, r6
10001ab2:	003b      	movs	r3, r7
10001ab4:	1a12      	subs	r2, r2, r0
10001ab6:	418b      	sbcs	r3, r1
10001ab8:	2b00      	cmp	r3, #0
10001aba:	dc17      	bgt.n	10001aec <sleep_until+0x5c>
10001abc:	2b00      	cmp	r3, #0
10001abe:	d047      	beq.n	10001b50 <sleep_until+0xc0>
10001ac0:	0020      	movs	r0, r4
10001ac2:	0029      	movs	r1, r5
10001ac4:	f000 f94c 	bl	10001d60 <busy_wait_until>
10001ac8:	b002      	add	sp, #8
10001aca:	bc80      	pop	{r7}
10001acc:	46b8      	mov	r8, r7
10001ace:	bdf0      	pop	{r4, r5, r6, r7, pc}
10001ad0:	4286      	cmp	r6, r0
10001ad2:	d9eb      	bls.n	10001aac <sleep_until+0x1c>
10001ad4:	2200      	movs	r2, #0
10001ad6:	2300      	movs	r3, #0
10001ad8:	0016      	movs	r6, r2
10001ada:	001f      	movs	r7, r3
10001adc:	f000 f902 	bl	10001ce4 <time_us_64>
10001ae0:	0032      	movs	r2, r6
10001ae2:	003b      	movs	r3, r7
10001ae4:	1a12      	subs	r2, r2, r0
10001ae6:	418b      	sbcs	r3, r1
10001ae8:	2b00      	cmp	r3, #0
10001aea:	dde7      	ble.n	10001abc <sleep_until+0x2c>
10001aec:	f000 f8fa 	bl	10001ce4 <time_us_64>
10001af0:	0032      	movs	r2, r6
10001af2:	003b      	movs	r3, r7
10001af4:	1a12      	subs	r2, r2, r0
10001af6:	418b      	sbcs	r3, r1
10001af8:	2b00      	cmp	r3, #0
10001afa:	db0a      	blt.n	10001b12 <sleep_until+0x82>
10001afc:	2300      	movs	r3, #0
10001afe:	9301      	str	r3, [sp, #4]
10001b00:	4b15      	ldr	r3, [pc, #84]	@ (10001b58 <sleep_until+0xc8>)
10001b02:	0032      	movs	r2, r6
10001b04:	9300      	str	r3, [sp, #0]
10001b06:	4815      	ldr	r0, [pc, #84]	@ (10001b5c <sleep_until+0xcc>)
10001b08:	003b      	movs	r3, r7
10001b0a:	f7ff ff2d 	bl	10001968 <alarm_pool_add_alarm_at_force_in_context>
10001b0e:	2800      	cmp	r0, #0
10001b10:	dbd6      	blt.n	10001ac0 <sleep_until+0x30>
10001b12:	2300      	movs	r3, #0
10001b14:	469c      	mov	ip, r3
10001b16:	46b0      	mov	r8, r6
10001b18:	4a11      	ldr	r2, [pc, #68]	@ (10001b60 <sleep_until+0xd0>)
10001b1a:	4e12      	ldr	r6, [pc, #72]	@ (10001b64 <sleep_until+0xd4>)
10001b1c:	6a73      	ldr	r3, [r6, #36]	@ 0x24
10001b1e:	429f      	cmp	r7, r3
10001b20:	d804      	bhi.n	10001b2c <sleep_until+0x9c>
10001b22:	6ab1      	ldr	r1, [r6, #40]	@ 0x28
10001b24:	4588      	cmp	r8, r1
10001b26:	d9cb      	bls.n	10001ac0 <sleep_until+0x30>
10001b28:	429f      	cmp	r7, r3
10001b2a:	d1c9      	bne.n	10001ac0 <sleep_until+0x30>
10001b2c:	6811      	ldr	r1, [r2, #0]
10001b2e:	f3ef 8010 	mrs	r0, PRIMASK
10001b32:	b672      	cpsid	i
10001b34:	680b      	ldr	r3, [r1, #0]
10001b36:	2b00      	cmp	r3, #0
10001b38:	d0fc      	beq.n	10001b34 <sleep_until+0xa4>
10001b3a:	f3bf 8f5f 	dmb	sy
10001b3e:	6813      	ldr	r3, [r2, #0]
10001b40:	f3bf 8f5f 	dmb	sy
10001b44:	4661      	mov	r1, ip
10001b46:	6019      	str	r1, [r3, #0]
10001b48:	f380 8810 	msr	PRIMASK, r0
10001b4c:	bf20      	wfe
10001b4e:	e7e5      	b.n	10001b1c <sleep_until+0x8c>
10001b50:	2a00      	cmp	r2, #0
10001b52:	d0b5      	beq.n	10001ac0 <sleep_until+0x30>
10001b54:	e7ca      	b.n	10001aec <sleep_until+0x5c>
10001b56:	46c0      	nop			@ (mov r8, r8)
10001b58:	10001485 	.word	0x10001485
10001b5c:	20000f9c 	.word	0x20000f9c
10001b60:	20002ccc 	.word	0x20002ccc
10001b64:	40054000 	.word	0x40054000

10001b68 <sleep_us>:
10001b68:	b570      	push	{r4, r5, r6, lr}
10001b6a:	0004      	movs	r4, r0
10001b6c:	000d      	movs	r5, r1
10001b6e:	f000 f8b9 	bl	10001ce4 <time_us_64>
10001b72:	2380      	movs	r3, #128	@ 0x80
10001b74:	1900      	adds	r0, r0, r4
10001b76:	4169      	adcs	r1, r5
10001b78:	061b      	lsls	r3, r3, #24
10001b7a:	4299      	cmp	r1, r3
10001b7c:	d302      	bcc.n	10001b84 <sleep_us+0x1c>
10001b7e:	2001      	movs	r0, #1
10001b80:	4902      	ldr	r1, [pc, #8]	@ (10001b8c <sleep_us+0x24>)
10001b82:	4240      	negs	r0, r0
10001b84:	f7ff ff84 	bl	10001a90 <sleep_until>
10001b88:	bd70      	pop	{r4, r5, r6, pc}
10001b8a:	46c0      	nop			@ (mov r8, r8)
10001b8c:	7fffffff 	.word	0x7fffffff

10001b90 <sleep_ms>:
10001b90:	b570      	push	{r4, r5, r6, lr}
10001b92:	0006      	movs	r6, r0
10001b94:	f000 f8a6 	bl	10001ce4 <time_us_64>
10001b98:	22fa      	movs	r2, #250	@ 0xfa
10001b9a:	0004      	movs	r4, r0
10001b9c:	000d      	movs	r5, r1
10001b9e:	2300      	movs	r3, #0
10001ba0:	0030      	movs	r0, r6
10001ba2:	2100      	movs	r1, #0
10001ba4:	0092      	lsls	r2, r2, #2
10001ba6:	f001 fb99 	bl	100032dc <__wrap___aeabi_lmul>
10001baa:	2380      	movs	r3, #128	@ 0x80
10001bac:	1900      	adds	r0, r0, r4
10001bae:	4169      	adcs	r1, r5
10001bb0:	061b      	lsls	r3, r3, #24
10001bb2:	4299      	cmp	r1, r3
10001bb4:	d302      	bcc.n	10001bbc <sleep_ms+0x2c>
10001bb6:	2001      	movs	r0, #1
10001bb8:	4902      	ldr	r1, [pc, #8]	@ (10001bc4 <sleep_ms+0x34>)
10001bba:	4240      	negs	r0, r0
10001bbc:	f7ff ff68 	bl	10001a90 <sleep_until>
10001bc0:	bd70      	pop	{r4, r5, r6, pc}
10001bc2:	46c0      	nop			@ (mov r8, r8)
10001bc4:	7fffffff 	.word	0x7fffffff

10001bc8 <best_effort_wfe_or_timeout>:
10001bc8:	b5f0      	push	{r4, r5, r6, r7, lr}
10001bca:	46d6      	mov	lr, sl
10001bcc:	464f      	mov	r7, r9
10001bce:	4646      	mov	r6, r8
10001bd0:	b5c0      	push	{r6, r7, lr}
10001bd2:	0004      	movs	r4, r0
10001bd4:	000d      	movs	r5, r1
10001bd6:	b082      	sub	sp, #8
10001bd8:	f3ef 8705 	mrs	r7, IPSR
10001bdc:	4689      	mov	r9, r1
10001bde:	2f00      	cmp	r7, #0
10001be0:	d00e      	beq.n	10001c00 <best_effort_wfe_or_timeout+0x38>
10001be2:	4934      	ldr	r1, [pc, #208]	@ (10001cb4 <best_effort_wfe_or_timeout+0xec>)
10001be4:	2000      	movs	r0, #0
10001be6:	6a4b      	ldr	r3, [r1, #36]	@ 0x24
10001be8:	42ab      	cmp	r3, r5
10001bea:	d303      	bcc.n	10001bf4 <best_effort_wfe_or_timeout+0x2c>
10001bec:	6a8a      	ldr	r2, [r1, #40]	@ 0x28
10001bee:	3001      	adds	r0, #1
10001bf0:	42a2      	cmp	r2, r4
10001bf2:	d326      	bcc.n	10001c42 <best_effort_wfe_or_timeout+0x7a>
10001bf4:	b002      	add	sp, #8
10001bf6:	bce0      	pop	{r5, r6, r7}
10001bf8:	46ba      	mov	sl, r7
10001bfa:	46b1      	mov	r9, r6
10001bfc:	46a8      	mov	r8, r5
10001bfe:	bdf0      	pop	{r4, r5, r6, r7, pc}
10001c00:	4b2d      	ldr	r3, [pc, #180]	@ (10001cb8 <best_effort_wfe_or_timeout+0xf0>)
10001c02:	4698      	mov	r8, r3
10001c04:	68db      	ldr	r3, [r3, #12]
10001c06:	469a      	mov	sl, r3
10001c08:	4643      	mov	r3, r8
10001c0a:	4650      	mov	r0, sl
10001c0c:	781e      	ldrb	r6, [r3, #0]
10001c0e:	f000 f861 	bl	10001cd4 <timer_time_us_64>
10001c12:	000b      	movs	r3, r1
10001c14:	4651      	mov	r1, sl
10001c16:	0002      	movs	r2, r0
10001c18:	3604      	adds	r6, #4
10001c1a:	00b6      	lsls	r6, r6, #2
10001c1c:	5871      	ldr	r1, [r6, r1]
10001c1e:	0020      	movs	r0, r4
10001c20:	1a8e      	subs	r6, r1, r2
10001c22:	0029      	movs	r1, r5
10001c24:	1a80      	subs	r0, r0, r2
10001c26:	4199      	sbcs	r1, r3
10001c28:	428f      	cmp	r7, r1
10001c2a:	dc11      	bgt.n	10001c50 <best_effort_wfe_or_timeout+0x88>
10001c2c:	d00e      	beq.n	10001c4c <best_effort_wfe_or_timeout+0x84>
10001c2e:	bf20      	wfe
10001c30:	4a20      	ldr	r2, [pc, #128]	@ (10001cb4 <best_effort_wfe_or_timeout+0xec>)
10001c32:	2000      	movs	r0, #0
10001c34:	6a53      	ldr	r3, [r2, #36]	@ 0x24
10001c36:	454b      	cmp	r3, r9
10001c38:	d3dc      	bcc.n	10001bf4 <best_effort_wfe_or_timeout+0x2c>
10001c3a:	6a92      	ldr	r2, [r2, #40]	@ 0x28
10001c3c:	3001      	adds	r0, #1
10001c3e:	42a2      	cmp	r2, r4
10001c40:	d2d8      	bcs.n	10001bf4 <best_effort_wfe_or_timeout+0x2c>
10001c42:	1b5b      	subs	r3, r3, r5
10001c44:	1e5a      	subs	r2, r3, #1
10001c46:	4193      	sbcs	r3, r2
10001c48:	b2d8      	uxtb	r0, r3
10001c4a:	e7d3      	b.n	10001bf4 <best_effort_wfe_or_timeout+0x2c>
10001c4c:	4286      	cmp	r6, r0
10001c4e:	d9ee      	bls.n	10001c2e <best_effort_wfe_or_timeout+0x66>
10001c50:	f000 f848 	bl	10001ce4 <time_us_64>
10001c54:	0022      	movs	r2, r4
10001c56:	002b      	movs	r3, r5
10001c58:	1a12      	subs	r2, r2, r0
10001c5a:	418b      	sbcs	r3, r1
10001c5c:	2b00      	cmp	r3, #0
10001c5e:	db1a      	blt.n	10001c96 <best_effort_wfe_or_timeout+0xce>
10001c60:	2300      	movs	r3, #0
10001c62:	9301      	str	r3, [sp, #4]
10001c64:	4b15      	ldr	r3, [pc, #84]	@ (10001cbc <best_effort_wfe_or_timeout+0xf4>)
10001c66:	0022      	movs	r2, r4
10001c68:	9300      	str	r3, [sp, #0]
10001c6a:	4640      	mov	r0, r8
10001c6c:	002b      	movs	r3, r5
10001c6e:	f7ff fe7b 	bl	10001968 <alarm_pool_add_alarm_at_force_in_context>
10001c72:	1e01      	subs	r1, r0, #0
10001c74:	dd0f      	ble.n	10001c96 <best_effort_wfe_or_timeout+0xce>
10001c76:	4b0f      	ldr	r3, [pc, #60]	@ (10001cb4 <best_effort_wfe_or_timeout+0xec>)
10001c78:	6a5a      	ldr	r2, [r3, #36]	@ 0x24
10001c7a:	454a      	cmp	r2, r9
10001c7c:	d317      	bcc.n	10001cae <best_effort_wfe_or_timeout+0xe6>
10001c7e:	6a9b      	ldr	r3, [r3, #40]	@ 0x28
10001c80:	42a3      	cmp	r3, r4
10001c82:	d312      	bcc.n	10001caa <best_effort_wfe_or_timeout+0xe2>
10001c84:	4640      	mov	r0, r8
10001c86:	f7ff fec7 	bl	10001a18 <alarm_pool_cancel_alarm>
10001c8a:	4a0a      	ldr	r2, [pc, #40]	@ (10001cb4 <best_effort_wfe_or_timeout+0xec>)
10001c8c:	2000      	movs	r0, #0
10001c8e:	6a53      	ldr	r3, [r2, #36]	@ 0x24
10001c90:	454b      	cmp	r3, r9
10001c92:	d3af      	bcc.n	10001bf4 <best_effort_wfe_or_timeout+0x2c>
10001c94:	e7d1      	b.n	10001c3a <best_effort_wfe_or_timeout+0x72>
10001c96:	4a07      	ldr	r2, [pc, #28]	@ (10001cb4 <best_effort_wfe_or_timeout+0xec>)
10001c98:	2000      	movs	r0, #0
10001c9a:	6a53      	ldr	r3, [r2, #36]	@ 0x24
10001c9c:	454b      	cmp	r3, r9
10001c9e:	d3a9      	bcc.n	10001bf4 <best_effort_wfe_or_timeout+0x2c>
10001ca0:	6a92      	ldr	r2, [r2, #40]	@ 0x28
10001ca2:	2001      	movs	r0, #1
10001ca4:	42a2      	cmp	r2, r4
10001ca6:	d2a5      	bcs.n	10001bf4 <best_effort_wfe_or_timeout+0x2c>
10001ca8:	e7cb      	b.n	10001c42 <best_effort_wfe_or_timeout+0x7a>
10001caa:	454a      	cmp	r2, r9
10001cac:	d1ea      	bne.n	10001c84 <best_effort_wfe_or_timeout+0xbc>
10001cae:	bf20      	wfe
10001cb0:	e7e8      	b.n	10001c84 <best_effort_wfe_or_timeout+0xbc>
10001cb2:	46c0      	nop			@ (mov r8, r8)
10001cb4:	40054000 	.word	0x40054000
10001cb8:	20000f9c 	.word	0x20000f9c
10001cbc:	10001485 	.word	0x10001485

10001cc0 <timer_hardware_alarm_claim>:
10001cc0:	b510      	push	{r4, lr}
10001cc2:	4a02      	ldr	r2, [pc, #8]	@ (10001ccc <timer_hardware_alarm_claim+0xc>)
10001cc4:	4802      	ldr	r0, [pc, #8]	@ (10001cd0 <timer_hardware_alarm_claim+0x10>)
10001cc6:	f7ff f90d 	bl	10000ee4 <hw_claim_or_assert>
10001cca:	bd10      	pop	{r4, pc}
10001ccc:	1000b554 	.word	0x1000b554
10001cd0:	20002434 	.word	0x20002434

10001cd4 <timer_time_us_64>:
10001cd4:	0003      	movs	r3, r0
10001cd6:	6a41      	ldr	r1, [r0, #36]	@ 0x24
10001cd8:	000a      	movs	r2, r1
10001cda:	6a98      	ldr	r0, [r3, #40]	@ 0x28
10001cdc:	6a59      	ldr	r1, [r3, #36]	@ 0x24
10001cde:	428a      	cmp	r2, r1
10001ce0:	d1fa      	bne.n	10001cd8 <timer_time_us_64+0x4>
10001ce2:	4770      	bx	lr

10001ce4 <time_us_64>:
10001ce4:	4b03      	ldr	r3, [pc, #12]	@ (10001cf4 <time_us_64+0x10>)
10001ce6:	6a59      	ldr	r1, [r3, #36]	@ 0x24
10001ce8:	000a      	movs	r2, r1
10001cea:	6a98      	ldr	r0, [r3, #40]	@ 0x28
10001cec:	6a59      	ldr	r1, [r3, #36]	@ 0x24
10001cee:	4291      	cmp	r1, r2
10001cf0:	d1fa      	bne.n	10001ce8 <time_us_64+0x4>
10001cf2:	4770      	bx	lr
10001cf4:	40054000 	.word	0x40054000

10001cf8 <busy_wait_us>:
10001cf8:	b570      	push	{r4, r5, r6, lr}
10001cfa:	0004      	movs	r4, r0
10001cfc:	000d      	movs	r5, r1
10001cfe:	4a17      	ldr	r2, [pc, #92]	@ (10001d5c <busy_wait_us+0x64>)
10001d00:	6a53      	ldr	r3, [r2, #36]	@ 0x24
10001d02:	0019      	movs	r1, r3
10001d04:	6a96      	ldr	r6, [r2, #40]	@ 0x28
10001d06:	6a53      	ldr	r3, [r2, #36]	@ 0x24
10001d08:	428b      	cmp	r3, r1
10001d0a:	d1fa      	bne.n	10001d02 <busy_wait_us+0xa>
10001d0c:	0030      	movs	r0, r6
10001d0e:	0019      	movs	r1, r3
10001d10:	1824      	adds	r4, r4, r0
10001d12:	414d      	adcs	r5, r1
10001d14:	42ab      	cmp	r3, r5
10001d16:	d816      	bhi.n	10001d46 <busy_wait_us+0x4e>
10001d18:	d013      	beq.n	10001d42 <busy_wait_us+0x4a>
10001d1a:	4a10      	ldr	r2, [pc, #64]	@ (10001d5c <busy_wait_us+0x64>)
10001d1c:	002b      	movs	r3, r5
10001d1e:	6a52      	ldr	r2, [r2, #36]	@ 0x24
10001d20:	4295      	cmp	r5, r2
10001d22:	d903      	bls.n	10001d2c <busy_wait_us+0x34>
10001d24:	490d      	ldr	r1, [pc, #52]	@ (10001d5c <busy_wait_us+0x64>)
10001d26:	6a4a      	ldr	r2, [r1, #36]	@ 0x24
10001d28:	429a      	cmp	r2, r3
10001d2a:	d3fc      	bcc.n	10001d26 <busy_wait_us+0x2e>
10001d2c:	429a      	cmp	r2, r3
10001d2e:	d107      	bne.n	10001d40 <busy_wait_us+0x48>
10001d30:	4a0a      	ldr	r2, [pc, #40]	@ (10001d5c <busy_wait_us+0x64>)
10001d32:	e002      	b.n	10001d3a <busy_wait_us+0x42>
10001d34:	6a51      	ldr	r1, [r2, #36]	@ 0x24
10001d36:	4299      	cmp	r1, r3
10001d38:	d102      	bne.n	10001d40 <busy_wait_us+0x48>
10001d3a:	6a91      	ldr	r1, [r2, #40]	@ 0x28
10001d3c:	42a1      	cmp	r1, r4
10001d3e:	d3f9      	bcc.n	10001d34 <busy_wait_us+0x3c>
10001d40:	bd70      	pop	{r4, r5, r6, pc}
10001d42:	42a6      	cmp	r6, r4
10001d44:	d9e9      	bls.n	10001d1a <busy_wait_us+0x22>
10001d46:	4b05      	ldr	r3, [pc, #20]	@ (10001d5c <busy_wait_us+0x64>)
10001d48:	6a5b      	ldr	r3, [r3, #36]	@ 0x24
10001d4a:	001c      	movs	r4, r3
10001d4c:	1c5a      	adds	r2, r3, #1
10001d4e:	d0ef      	beq.n	10001d30 <busy_wait_us+0x38>
10001d50:	2301      	movs	r3, #1
10001d52:	2401      	movs	r4, #1
10001d54:	4264      	negs	r4, r4
10001d56:	17e5      	asrs	r5, r4, #31
10001d58:	425b      	negs	r3, r3
10001d5a:	e7e3      	b.n	10001d24 <busy_wait_us+0x2c>
10001d5c:	40054000 	.word	0x40054000

10001d60 <busy_wait_until>:
10001d60:	4a06      	ldr	r2, [pc, #24]	@ (10001d7c <busy_wait_until+0x1c>)
10001d62:	6a53      	ldr	r3, [r2, #36]	@ 0x24
10001d64:	4299      	cmp	r1, r3
10001d66:	d8fc      	bhi.n	10001d62 <busy_wait_until+0x2>
10001d68:	d107      	bne.n	10001d7a <busy_wait_until+0x1a>
10001d6a:	4b04      	ldr	r3, [pc, #16]	@ (10001d7c <busy_wait_until+0x1c>)
10001d6c:	e002      	b.n	10001d74 <busy_wait_until+0x14>
10001d6e:	6a5a      	ldr	r2, [r3, #36]	@ 0x24
10001d70:	4291      	cmp	r1, r2
10001d72:	d102      	bne.n	10001d7a <busy_wait_until+0x1a>
10001d74:	6a9a      	ldr	r2, [r3, #40]	@ 0x28
10001d76:	4282      	cmp	r2, r0
10001d78:	d3f9      	bcc.n	10001d6e <busy_wait_until+0xe>
10001d7a:	4770      	bx	lr
10001d7c:	40054000 	.word	0x40054000

10001d80 <uart_init>:
10001d80:	b5f8      	push	{r3, r4, r5, r6, r7, lr}
10001d82:	0004      	movs	r4, r0
10001d84:	2006      	movs	r0, #6
10001d86:	000d      	movs	r5, r1
10001d88:	f000 f9a6 	bl	100020d8 <clock_get_hz>
10001d8c:	2800      	cmp	r0, #0
10001d8e:	d044      	beq.n	10001e1a <uart_init+0x9a>
10001d90:	4b37      	ldr	r3, [pc, #220]	@ (10001e70 <uart_init+0xf0>)
10001d92:	4938      	ldr	r1, [pc, #224]	@ (10001e74 <uart_init+0xf4>)
10001d94:	18e3      	adds	r3, r4, r3
10001d96:	1e5a      	subs	r2, r3, #1
10001d98:	4193      	sbcs	r3, r2
10001d9a:	2280      	movs	r2, #128	@ 0x80
10001d9c:	0412      	lsls	r2, r2, #16
10001d9e:	4694      	mov	ip, r2
10001da0:	425b      	negs	r3, r3
10001da2:	0d9b      	lsrs	r3, r3, #22
10001da4:	4a34      	ldr	r2, [pc, #208]	@ (10001e78 <uart_init+0xf8>)
10001da6:	059b      	lsls	r3, r3, #22
10001da8:	4463      	add	r3, ip
10001daa:	6013      	str	r3, [r2, #0]
10001dac:	4a33      	ldr	r2, [pc, #204]	@ (10001e7c <uart_init+0xfc>)
10001dae:	6013      	str	r3, [r2, #0]
10001db0:	0018      	movs	r0, r3
10001db2:	680a      	ldr	r2, [r1, #0]
10001db4:	4390      	bics	r0, r2
10001db6:	d1fb      	bne.n	10001db0 <uart_init+0x30>
10001db8:	4b2d      	ldr	r3, [pc, #180]	@ (10001e70 <uart_init+0xf0>)
10001dba:	4a31      	ldr	r2, [pc, #196]	@ (10001e80 <uart_init+0x100>)
10001dbc:	18e3      	adds	r3, r4, r3
10001dbe:	4259      	negs	r1, r3
10001dc0:	414b      	adcs	r3, r1
10001dc2:	2180      	movs	r1, #128	@ 0x80
10001dc4:	005b      	lsls	r3, r3, #1
10001dc6:	0049      	lsls	r1, r1, #1
10001dc8:	2006      	movs	r0, #6
10001dca:	5299      	strh	r1, [r3, r2]
10001dcc:	f000 f984 	bl	100020d8 <clock_get_hz>
10001dd0:	0029      	movs	r1, r5
10001dd2:	00c0      	lsls	r0, r0, #3
10001dd4:	f000 fb90 	bl	100024f8 <__wrap___aeabi_uidiv>
10001dd8:	3001      	adds	r0, #1
10001dda:	09c3      	lsrs	r3, r0, #7
10001ddc:	d11e      	bne.n	10001e1c <uart_init+0x9c>
10001dde:	2740      	movs	r7, #64	@ 0x40
10001de0:	2201      	movs	r2, #1
10001de2:	6262      	str	r2, [r4, #36]	@ 0x24
10001de4:	62a3      	str	r3, [r4, #40]	@ 0x28
10001de6:	6b26      	ldr	r6, [r4, #48]	@ 0x30
10001de8:	07f3      	lsls	r3, r6, #31
10001dea:	d422      	bmi.n	10001e32 <uart_init+0xb2>
10001dec:	6ae3      	ldr	r3, [r4, #44]	@ 0x2c
10001dee:	4b25      	ldr	r3, [pc, #148]	@ (10001e84 <uart_init+0x104>)
10001df0:	2006      	movs	r0, #6
10001df2:	18e5      	adds	r5, r4, r3
10001df4:	2300      	movs	r3, #0
10001df6:	602b      	str	r3, [r5, #0]
10001df8:	6326      	str	r6, [r4, #48]	@ 0x30
10001dfa:	f000 f96d 	bl	100020d8 <clock_get_hz>
10001dfe:	0039      	movs	r1, r7
10001e00:	0080      	lsls	r0, r0, #2
10001e02:	f000 fb79 	bl	100024f8 <__wrap___aeabi_uidiv>
10001e06:	2370      	movs	r3, #112	@ 0x70
10001e08:	6ae2      	ldr	r2, [r4, #44]	@ 0x2c
10001e0a:	405a      	eors	r2, r3
10001e0c:	330e      	adds	r3, #14
10001e0e:	4013      	ands	r3, r2
10001e10:	602b      	str	r3, [r5, #0]
10001e12:	4b1d      	ldr	r3, [pc, #116]	@ (10001e88 <uart_init+0x108>)
10001e14:	6323      	str	r3, [r4, #48]	@ 0x30
10001e16:	2303      	movs	r3, #3
10001e18:	64a3      	str	r3, [r4, #72]	@ 0x48
10001e1a:	bdf8      	pop	{r3, r4, r5, r6, r7, pc}
10001e1c:	4a1b      	ldr	r2, [pc, #108]	@ (10001e8c <uart_init+0x10c>)
10001e1e:	4293      	cmp	r3, r2
10001e20:	d91e      	bls.n	10001e60 <uart_init+0xe0>
10001e22:	2300      	movs	r3, #0
10001e24:	4a1a      	ldr	r2, [pc, #104]	@ (10001e90 <uart_init+0x110>)
10001e26:	4f1b      	ldr	r7, [pc, #108]	@ (10001e94 <uart_init+0x114>)
10001e28:	6262      	str	r2, [r4, #36]	@ 0x24
10001e2a:	62a3      	str	r3, [r4, #40]	@ 0x28
10001e2c:	6b26      	ldr	r6, [r4, #48]	@ 0x30
10001e2e:	07f3      	lsls	r3, r6, #31
10001e30:	d5dc      	bpl.n	10001dec <uart_init+0x6c>
10001e32:	4b19      	ldr	r3, [pc, #100]	@ (10001e98 <uart_init+0x118>)
10001e34:	4a14      	ldr	r2, [pc, #80]	@ (10001e88 <uart_init+0x108>)
10001e36:	18e3      	adds	r3, r4, r3
10001e38:	601a      	str	r2, [r3, #0]
10001e3a:	6a65      	ldr	r5, [r4, #36]	@ 0x24
10001e3c:	6aa3      	ldr	r3, [r4, #40]	@ 0x28
10001e3e:	2006      	movs	r0, #6
10001e40:	01ad      	lsls	r5, r5, #6
10001e42:	18ed      	adds	r5, r5, r3
10001e44:	f000 f948 	bl	100020d8 <clock_get_hz>
10001e48:	4914      	ldr	r1, [pc, #80]	@ (10001e9c <uart_init+0x11c>)
10001e4a:	f000 fb55 	bl	100024f8 <__wrap___aeabi_uidiv>
10001e4e:	02ad      	lsls	r5, r5, #10
10001e50:	0001      	movs	r1, r0
10001e52:	0028      	movs	r0, r5
10001e54:	f000 fb50 	bl	100024f8 <__wrap___aeabi_uidiv>
10001e58:	2100      	movs	r1, #0
10001e5a:	f7ff ff4d 	bl	10001cf8 <busy_wait_us>
10001e5e:	e7c5      	b.n	10001dec <uart_init+0x6c>
10001e60:	0640      	lsls	r0, r0, #25
10001e62:	0e80      	lsrs	r0, r0, #26
10001e64:	019f      	lsls	r7, r3, #6
10001e66:	001a      	movs	r2, r3
10001e68:	183f      	adds	r7, r7, r0
10001e6a:	0003      	movs	r3, r0
10001e6c:	e7b9      	b.n	10001de2 <uart_init+0x62>
10001e6e:	46c0      	nop			@ (mov r8, r8)
10001e70:	bffc8000 	.word	0xbffc8000
10001e74:	4000c008 	.word	0x4000c008
10001e78:	4000e000 	.word	0x4000e000
10001e7c:	4000f000 	.word	0x4000f000
10001e80:	20002cd8 	.word	0x20002cd8
10001e84:	0000102c 	.word	0x0000102c
10001e88:	00000301 	.word	0x00000301
10001e8c:	0000fffe 	.word	0x0000fffe
10001e90:	0000ffff 	.word	0x0000ffff
10001e94:	003fffc0 	.word	0x003fffc0
10001e98:	00003030 	.word	0x00003030
10001e9c:	00000e4e 	.word	0x00000e4e

10001ea0 <uart_set_fifo_enabled>:
10001ea0:	b5f8      	push	{r3, r4, r5, r6, r7, lr}
10001ea2:	6b06      	ldr	r6, [r0, #48]	@ 0x30
10001ea4:	0004      	movs	r4, r0
10001ea6:	010d      	lsls	r5, r1, #4
10001ea8:	07f3      	lsls	r3, r6, #31
10001eaa:	d408      	bmi.n	10001ebe <uart_set_fifo_enabled+0x1e>
10001eac:	6ae3      	ldr	r3, [r4, #44]	@ 0x2c
10001eae:	405d      	eors	r5, r3
10001eb0:	2310      	movs	r3, #16
10001eb2:	401d      	ands	r5, r3
10001eb4:	4b0d      	ldr	r3, [pc, #52]	@ (10001eec <uart_set_fifo_enabled+0x4c>)
10001eb6:	18e3      	adds	r3, r4, r3
10001eb8:	601d      	str	r5, [r3, #0]
10001eba:	6326      	str	r6, [r4, #48]	@ 0x30
10001ebc:	bdf8      	pop	{r3, r4, r5, r6, r7, pc}
10001ebe:	4b0c      	ldr	r3, [pc, #48]	@ (10001ef0 <uart_set_fifo_enabled+0x50>)
10001ec0:	4a0c      	ldr	r2, [pc, #48]	@ (10001ef4 <uart_set_fifo_enabled+0x54>)
10001ec2:	18c3      	adds	r3, r0, r3
10001ec4:	601a      	str	r2, [r3, #0]
10001ec6:	6a47      	ldr	r7, [r0, #36]	@ 0x24
10001ec8:	6a83      	ldr	r3, [r0, #40]	@ 0x28
10001eca:	01bf      	lsls	r7, r7, #6
10001ecc:	2006      	movs	r0, #6
10001ece:	18ff      	adds	r7, r7, r3
10001ed0:	f000 f902 	bl	100020d8 <clock_get_hz>
10001ed4:	4908      	ldr	r1, [pc, #32]	@ (10001ef8 <uart_set_fifo_enabled+0x58>)
10001ed6:	f000 fb0f 	bl	100024f8 <__wrap___aeabi_uidiv>
10001eda:	02bf      	lsls	r7, r7, #10
10001edc:	0001      	movs	r1, r0
10001ede:	0038      	movs	r0, r7
10001ee0:	f000 fb0a 	bl	100024f8 <__wrap___aeabi_uidiv>
10001ee4:	2100      	movs	r1, #0
10001ee6:	f7ff ff07 	bl	10001cf8 <busy_wait_us>
10001eea:	e7df      	b.n	10001eac <uart_set_fifo_enabled+0xc>
10001eec:	0000102c 	.word	0x0000102c
10001ef0:	00003030 	.word	0x00003030
10001ef4:	00000301 	.word	0x00000301
10001ef8:	00000e4e 	.word	0x00000e4e

10001efc <clock_configure_int_divider>:
10001efc:	b5f8      	push	{r3, r4, r5, r6, r7, lr}
10001efe:	46de      	mov	lr, fp
10001f00:	464e      	mov	r6, r9
10001f02:	4657      	mov	r7, sl
10001f04:	4645      	mov	r5, r8
10001f06:	b5e0      	push	{r5, r6, r7, lr}
10001f08:	468b      	mov	fp, r1
10001f0a:	0005      	movs	r5, r0
10001f0c:	990a      	ldr	r1, [sp, #40]	@ 0x28
10001f0e:	0018      	movs	r0, r3
10001f10:	0016      	movs	r6, r2
10001f12:	f000 faf1 	bl	100024f8 <__wrap___aeabi_uidiv>
10001f16:	9b0a      	ldr	r3, [sp, #40]	@ 0x28
10001f18:	006c      	lsls	r4, r5, #1
10001f1a:	021f      	lsls	r7, r3, #8
10001f1c:	4b32      	ldr	r3, [pc, #200]	@ (10001fe8 <clock_configure_int_divider+0xec>)
10001f1e:	1964      	adds	r4, r4, r5
10001f20:	469c      	mov	ip, r3
10001f22:	00a4      	lsls	r4, r4, #2
10001f24:	4464      	add	r4, ip
10001f26:	6863      	ldr	r3, [r4, #4]
10001f28:	4681      	mov	r9, r0
10001f2a:	429f      	cmp	r7, r3
10001f2c:	d900      	bls.n	10001f30 <clock_configure_int_divider+0x34>
10001f2e:	6067      	str	r7, [r4, #4]
10001f30:	1f2b      	subs	r3, r5, #4
10001f32:	b2db      	uxtb	r3, r3
10001f34:	4698      	mov	r8, r3
10001f36:	2b01      	cmp	r3, #1
10001f38:	d930      	bls.n	10001f9c <clock_configure_int_divider+0xa0>
10001f3a:	23c0      	movs	r3, #192	@ 0xc0
10001f3c:	2280      	movs	r2, #128	@ 0x80
10001f3e:	019b      	lsls	r3, r3, #6
10001f40:	18e3      	adds	r3, r4, r3
10001f42:	0112      	lsls	r2, r2, #4
10001f44:	601a      	str	r2, [r3, #0]
10001f46:	4b29      	ldr	r3, [pc, #164]	@ (10001fec <clock_configure_int_divider+0xf0>)
10001f48:	00ad      	lsls	r5, r5, #2
10001f4a:	5959      	ldr	r1, [r3, r5]
10001f4c:	469a      	mov	sl, r3
10001f4e:	2900      	cmp	r1, #0
10001f50:	d11b      	bne.n	10001f8a <clock_configure_int_divider+0x8e>
10001f52:	0173      	lsls	r3, r6, #5
10001f54:	26e0      	movs	r6, #224	@ 0xe0
10001f56:	6822      	ldr	r2, [r4, #0]
10001f58:	4053      	eors	r3, r2
10001f5a:	401e      	ands	r6, r3
10001f5c:	2380      	movs	r3, #128	@ 0x80
10001f5e:	4642      	mov	r2, r8
10001f60:	015b      	lsls	r3, r3, #5
10001f62:	18e3      	adds	r3, r4, r3
10001f64:	601e      	str	r6, [r3, #0]
10001f66:	2a01      	cmp	r2, #1
10001f68:	d930      	bls.n	10001fcc <clock_configure_int_divider+0xd0>
10001f6a:	2380      	movs	r3, #128	@ 0x80
10001f6c:	2280      	movs	r2, #128	@ 0x80
10001f6e:	019b      	lsls	r3, r3, #6
10001f70:	18e3      	adds	r3, r4, r3
10001f72:	0112      	lsls	r2, r2, #4
10001f74:	601a      	str	r2, [r3, #0]
10001f76:	4653      	mov	r3, sl
10001f78:	464a      	mov	r2, r9
10001f7a:	6067      	str	r7, [r4, #4]
10001f7c:	515a      	str	r2, [r3, r5]
10001f7e:	bcf0      	pop	{r4, r5, r6, r7}
10001f80:	46bb      	mov	fp, r7
10001f82:	46b2      	mov	sl, r6
10001f84:	46a9      	mov	r9, r5
10001f86:	46a0      	mov	r8, r4
10001f88:	bdf8      	pop	{r3, r4, r5, r6, r7, pc}
10001f8a:	6958      	ldr	r0, [r3, #20]
10001f8c:	f000 fab4 	bl	100024f8 <__wrap___aeabi_uidiv>
10001f90:	3001      	adds	r0, #1
10001f92:	0043      	lsls	r3, r0, #1
10001f94:	181b      	adds	r3, r3, r0
10001f96:	3b03      	subs	r3, #3
10001f98:	d2fd      	bcs.n	10001f96 <clock_configure_int_divider+0x9a>
10001f9a:	e7da      	b.n	10001f52 <clock_configure_int_divider+0x56>
10001f9c:	465b      	mov	r3, fp
10001f9e:	2b01      	cmp	r3, #1
10001fa0:	d1cb      	bne.n	10001f3a <clock_configure_int_divider+0x3e>
10001fa2:	23c0      	movs	r3, #192	@ 0xc0
10001fa4:	2203      	movs	r2, #3
10001fa6:	019b      	lsls	r3, r3, #6
10001fa8:	18e3      	adds	r3, r4, r3
10001faa:	601a      	str	r2, [r3, #0]
10001fac:	3a02      	subs	r2, #2
10001fae:	68a3      	ldr	r3, [r4, #8]
10001fb0:	421a      	tst	r2, r3
10001fb2:	d0fc      	beq.n	10001fae <clock_configure_int_divider+0xb2>
10001fb4:	0173      	lsls	r3, r6, #5
10001fb6:	26e0      	movs	r6, #224	@ 0xe0
10001fb8:	6822      	ldr	r2, [r4, #0]
10001fba:	00ad      	lsls	r5, r5, #2
10001fbc:	4053      	eors	r3, r2
10001fbe:	401e      	ands	r6, r3
10001fc0:	2380      	movs	r3, #128	@ 0x80
10001fc2:	4a0a      	ldr	r2, [pc, #40]	@ (10001fec <clock_configure_int_divider+0xf0>)
10001fc4:	015b      	lsls	r3, r3, #5
10001fc6:	4692      	mov	sl, r2
10001fc8:	18e3      	adds	r3, r4, r3
10001fca:	601e      	str	r6, [r3, #0]
10001fcc:	465a      	mov	r2, fp
10001fce:	6821      	ldr	r1, [r4, #0]
10001fd0:	4051      	eors	r1, r2
10001fd2:	2203      	movs	r2, #3
10001fd4:	400a      	ands	r2, r1
10001fd6:	601a      	str	r2, [r3, #0]
10001fd8:	2201      	movs	r2, #1
10001fda:	465b      	mov	r3, fp
10001fdc:	409a      	lsls	r2, r3
10001fde:	68a3      	ldr	r3, [r4, #8]
10001fe0:	421a      	tst	r2, r3
10001fe2:	d0fc      	beq.n	10001fde <clock_configure_int_divider+0xe2>
10001fe4:	e7c1      	b.n	10001f6a <clock_configure_int_divider+0x6e>
10001fe6:	46c0      	nop			@ (mov r8, r8)
10001fe8:	40008000 	.word	0x40008000
10001fec:	2000283c 	.word	0x2000283c

10001ff0 <clock_configure_undivided>:
10001ff0:	b5f0      	push	{r4, r5, r6, r7, lr}
10001ff2:	4646      	mov	r6, r8
10001ff4:	464f      	mov	r7, r9
10001ff6:	46d6      	mov	lr, sl
10001ff8:	b5c0      	push	{r6, r7, lr}
10001ffa:	001f      	movs	r7, r3
10001ffc:	4b34      	ldr	r3, [pc, #208]	@ (100020d0 <clock_configure_undivided+0xe0>)
10001ffe:	0044      	lsls	r4, r0, #1
10002000:	469c      	mov	ip, r3
10002002:	1824      	adds	r4, r4, r0
10002004:	00a4      	lsls	r4, r4, #2
10002006:	4464      	add	r4, ip
10002008:	6863      	ldr	r3, [r4, #4]
1000200a:	4688      	mov	r8, r1
1000200c:	0016      	movs	r6, r2
1000200e:	2bff      	cmp	r3, #255	@ 0xff
10002010:	d802      	bhi.n	10002018 <clock_configure_undivided+0x28>
10002012:	2380      	movs	r3, #128	@ 0x80
10002014:	005b      	lsls	r3, r3, #1
10002016:	6063      	str	r3, [r4, #4]
10002018:	1f03      	subs	r3, r0, #4
1000201a:	b2db      	uxtb	r3, r3
1000201c:	469a      	mov	sl, r3
1000201e:	2b01      	cmp	r3, #1
10002020:	d930      	bls.n	10002084 <clock_configure_undivided+0x94>
10002022:	23c0      	movs	r3, #192	@ 0xc0
10002024:	2280      	movs	r2, #128	@ 0x80
10002026:	019b      	lsls	r3, r3, #6
10002028:	18e3      	adds	r3, r4, r3
1000202a:	0112      	lsls	r2, r2, #4
1000202c:	601a      	str	r2, [r3, #0]
1000202e:	4b29      	ldr	r3, [pc, #164]	@ (100020d4 <clock_configure_undivided+0xe4>)
10002030:	0085      	lsls	r5, r0, #2
10002032:	5959      	ldr	r1, [r3, r5]
10002034:	4699      	mov	r9, r3
10002036:	2900      	cmp	r1, #0
10002038:	d11b      	bne.n	10002072 <clock_configure_undivided+0x82>
1000203a:	0173      	lsls	r3, r6, #5
1000203c:	26e0      	movs	r6, #224	@ 0xe0
1000203e:	6822      	ldr	r2, [r4, #0]
10002040:	4053      	eors	r3, r2
10002042:	401e      	ands	r6, r3
10002044:	2380      	movs	r3, #128	@ 0x80
10002046:	4652      	mov	r2, sl
10002048:	015b      	lsls	r3, r3, #5
1000204a:	18e3      	adds	r3, r4, r3
1000204c:	601e      	str	r6, [r3, #0]
1000204e:	2a01      	cmp	r2, #1
10002050:	d930      	bls.n	100020b4 <clock_configure_undivided+0xc4>
10002052:	2380      	movs	r3, #128	@ 0x80
10002054:	2280      	movs	r2, #128	@ 0x80
10002056:	019b      	lsls	r3, r3, #6
10002058:	18e3      	adds	r3, r4, r3
1000205a:	0112      	lsls	r2, r2, #4
1000205c:	601a      	str	r2, [r3, #0]
1000205e:	2380      	movs	r3, #128	@ 0x80
10002060:	005b      	lsls	r3, r3, #1
10002062:	6063      	str	r3, [r4, #4]
10002064:	464b      	mov	r3, r9
10002066:	515f      	str	r7, [r3, r5]
10002068:	bce0      	pop	{r5, r6, r7}
1000206a:	46ba      	mov	sl, r7
1000206c:	46b1      	mov	r9, r6
1000206e:	46a8      	mov	r8, r5
10002070:	bdf0      	pop	{r4, r5, r6, r7, pc}
10002072:	6958      	ldr	r0, [r3, #20]
10002074:	f000 fa40 	bl	100024f8 <__wrap___aeabi_uidiv>
10002078:	3001      	adds	r0, #1
1000207a:	0043      	lsls	r3, r0, #1
1000207c:	181b      	adds	r3, r3, r0
1000207e:	3b03      	subs	r3, #3
10002080:	d2fd      	bcs.n	1000207e <clock_configure_undivided+0x8e>
10002082:	e7da      	b.n	1000203a <clock_configure_undivided+0x4a>
10002084:	4643      	mov	r3, r8
10002086:	2b01      	cmp	r3, #1
10002088:	d1cb      	bne.n	10002022 <clock_configure_undivided+0x32>
1000208a:	23c0      	movs	r3, #192	@ 0xc0
1000208c:	2203      	movs	r2, #3
1000208e:	019b      	lsls	r3, r3, #6
10002090:	18e3      	adds	r3, r4, r3
10002092:	601a      	str	r2, [r3, #0]
10002094:	3a02      	subs	r2, #2
10002096:	68a3      	ldr	r3, [r4, #8]
10002098:	421a      	tst	r2, r3
1000209a:	d0fc      	beq.n	10002096 <clock_configure_undivided+0xa6>
1000209c:	0173      	lsls	r3, r6, #5
1000209e:	26e0      	movs	r6, #224	@ 0xe0
100020a0:	6822      	ldr	r2, [r4, #0]
100020a2:	0085      	lsls	r5, r0, #2
100020a4:	4053      	eors	r3, r2
100020a6:	401e      	ands	r6, r3
100020a8:	2380      	movs	r3, #128	@ 0x80
100020aa:	4a0a      	ldr	r2, [pc, #40]	@ (100020d4 <clock_configure_undivided+0xe4>)
100020ac:	015b      	lsls	r3, r3, #5
100020ae:	4691      	mov	r9, r2
100020b0:	18e3      	adds	r3, r4, r3
100020b2:	601e      	str	r6, [r3, #0]
100020b4:	4642      	mov	r2, r8
100020b6:	6821      	ldr	r1, [r4, #0]
100020b8:	4051      	eors	r1, r2
100020ba:	2203      	movs	r2, #3
100020bc:	400a      	ands	r2, r1
100020be:	601a      	str	r2, [r3, #0]
100020c0:	2301      	movs	r3, #1
100020c2:	4642      	mov	r2, r8
100020c4:	4093      	lsls	r3, r2
100020c6:	68a2      	ldr	r2, [r4, #8]
100020c8:	4213      	tst	r3, r2
100020ca:	d0fc      	beq.n	100020c6 <clock_configure_undivided+0xd6>
100020cc:	e7c1      	b.n	10002052 <clock_configure_undivided+0x62>
100020ce:	46c0      	nop			@ (mov r8, r8)
100020d0:	40008000 	.word	0x40008000
100020d4:	2000283c 	.word	0x2000283c

100020d8 <clock_get_hz>:
100020d8:	4b01      	ldr	r3, [pc, #4]	@ (100020e0 <clock_get_hz+0x8>)
100020da:	0080      	lsls	r0, r0, #2
100020dc:	58c0      	ldr	r0, [r0, r3]
100020de:	4770      	bx	lr
100020e0:	2000283c 	.word	0x2000283c

100020e4 <pll_init>:
100020e4:	b5f8      	push	{r3, r4, r5, r6, r7, lr}
100020e6:	0004      	movs	r4, r0
100020e8:	4821      	ldr	r0, [pc, #132]	@ (10002170 <pll_init+0x8c>)
100020ea:	001e      	movs	r6, r3
100020ec:	0017      	movs	r7, r2
100020ee:	000d      	movs	r5, r1
100020f0:	f000 fa02 	bl	100024f8 <__wrap___aeabi_uidiv>
100020f4:	0001      	movs	r1, r0
100020f6:	0038      	movs	r0, r7
100020f8:	f000 f9fe 	bl	100024f8 <__wrap___aeabi_uidiv>
100020fc:	9b06      	ldr	r3, [sp, #24]
100020fe:	0436      	lsls	r6, r6, #16
10002100:	031b      	lsls	r3, r3, #12
10002102:	431e      	orrs	r6, r3
10002104:	6823      	ldr	r3, [r4, #0]
10002106:	2b00      	cmp	r3, #0
10002108:	db20      	blt.n	1000214c <pll_init+0x68>
1000210a:	4b1a      	ldr	r3, [pc, #104]	@ (10002174 <pll_init+0x90>)
1000210c:	491a      	ldr	r1, [pc, #104]	@ (10002178 <pll_init+0x94>)
1000210e:	18e3      	adds	r3, r4, r3
10002110:	1e5a      	subs	r2, r3, #1
10002112:	4193      	sbcs	r3, r2
10002114:	2280      	movs	r2, #128	@ 0x80
10002116:	0192      	lsls	r2, r2, #6
10002118:	4694      	mov	ip, r2
1000211a:	425b      	negs	r3, r3
1000211c:	0b1b      	lsrs	r3, r3, #12
1000211e:	4a17      	ldr	r2, [pc, #92]	@ (1000217c <pll_init+0x98>)
10002120:	031b      	lsls	r3, r3, #12
10002122:	4463      	add	r3, ip
10002124:	6013      	str	r3, [r2, #0]
10002126:	4a16      	ldr	r2, [pc, #88]	@ (10002180 <pll_init+0x9c>)
10002128:	6013      	str	r3, [r2, #0]
1000212a:	001f      	movs	r7, r3
1000212c:	680a      	ldr	r2, [r1, #0]
1000212e:	4397      	bics	r7, r2
10002130:	d1fb      	bne.n	1000212a <pll_init+0x46>
10002132:	4b14      	ldr	r3, [pc, #80]	@ (10002184 <pll_init+0xa0>)
10002134:	6025      	str	r5, [r4, #0]
10002136:	18e2      	adds	r2, r4, r3
10002138:	2321      	movs	r3, #33	@ 0x21
1000213a:	60a0      	str	r0, [r4, #8]
1000213c:	6013      	str	r3, [r2, #0]
1000213e:	6823      	ldr	r3, [r4, #0]
10002140:	2b00      	cmp	r3, #0
10002142:	dafc      	bge.n	1000213e <pll_init+0x5a>
10002144:	2308      	movs	r3, #8
10002146:	60e6      	str	r6, [r4, #12]
10002148:	6013      	str	r3, [r2, #0]
1000214a:	bdf8      	pop	{r3, r4, r5, r6, r7, pc}
1000214c:	233f      	movs	r3, #63	@ 0x3f
1000214e:	6822      	ldr	r2, [r4, #0]
10002150:	4013      	ands	r3, r2
10002152:	42ab      	cmp	r3, r5
10002154:	d1d9      	bne.n	1000210a <pll_init+0x26>
10002156:	68a3      	ldr	r3, [r4, #8]
10002158:	051b      	lsls	r3, r3, #20
1000215a:	0d1b      	lsrs	r3, r3, #20
1000215c:	4283      	cmp	r3, r0
1000215e:	d1d4      	bne.n	1000210a <pll_init+0x26>
10002160:	22ee      	movs	r2, #238	@ 0xee
10002162:	68e3      	ldr	r3, [r4, #12]
10002164:	02d2      	lsls	r2, r2, #11
10002166:	4013      	ands	r3, r2
10002168:	42b3      	cmp	r3, r6
1000216a:	d1ce      	bne.n	1000210a <pll_init+0x26>
1000216c:	e7ed      	b.n	1000214a <pll_init+0x66>
1000216e:	46c0      	nop			@ (mov r8, r8)
10002170:	00b71b00 	.word	0x00b71b00
10002174:	bffd4000 	.word	0xbffd4000
10002178:	4000c008 	.word	0x4000c008
1000217c:	4000e000 	.word	0x4000e000
10002180:	4000f000 	.word	0x4000f000
10002184:	00003004 	.word	0x00003004

10002188 <watchdog_reboot>:
10002188:	b510      	push	{r4, lr}
1000218a:	2480      	movs	r4, #128	@ 0x80
1000218c:	4b1c      	ldr	r3, [pc, #112]	@ (10002200 <watchdog_reboot+0x78>)
1000218e:	05e4      	lsls	r4, r4, #23
10002190:	601c      	str	r4, [r3, #0]
10002192:	2800      	cmp	r0, #0
10002194:	d01a      	beq.n	100021cc <watchdog_reboot+0x44>
10002196:	2301      	movs	r3, #1
10002198:	4c1a      	ldr	r4, [pc, #104]	@ (10002204 <watchdog_reboot+0x7c>)
1000219a:	4318      	orrs	r0, r3
1000219c:	4b1a      	ldr	r3, [pc, #104]	@ (10002208 <watchdog_reboot+0x80>)
1000219e:	61dc      	str	r4, [r3, #28]
100021a0:	4c1a      	ldr	r4, [pc, #104]	@ (1000220c <watchdog_reboot+0x84>)
100021a2:	4044      	eors	r4, r0
100021a4:	621c      	str	r4, [r3, #32]
100021a6:	6259      	str	r1, [r3, #36]	@ 0x24
100021a8:	6298      	str	r0, [r3, #40]	@ 0x28
100021aa:	2180      	movs	r1, #128	@ 0x80
100021ac:	4b14      	ldr	r3, [pc, #80]	@ (10002200 <watchdog_reboot+0x78>)
100021ae:	05c9      	lsls	r1, r1, #23
100021b0:	6019      	str	r1, [r3, #0]
100021b2:	4817      	ldr	r0, [pc, #92]	@ (10002210 <watchdog_reboot+0x88>)
100021b4:	4917      	ldr	r1, [pc, #92]	@ (10002214 <watchdog_reboot+0x8c>)
100021b6:	6008      	str	r0, [r1, #0]
100021b8:	21e0      	movs	r1, #224	@ 0xe0
100021ba:	04c9      	lsls	r1, r1, #19
100021bc:	6019      	str	r1, [r3, #0]
100021be:	2a00      	cmp	r2, #0
100021c0:	d107      	bne.n	100021d2 <watchdog_reboot+0x4a>
100021c2:	2280      	movs	r2, #128	@ 0x80
100021c4:	4b14      	ldr	r3, [pc, #80]	@ (10002218 <watchdog_reboot+0x90>)
100021c6:	0612      	lsls	r2, r2, #24
100021c8:	601a      	str	r2, [r3, #0]
100021ca:	bd10      	pop	{r4, pc}
100021cc:	4b0e      	ldr	r3, [pc, #56]	@ (10002208 <watchdog_reboot+0x80>)
100021ce:	61d8      	str	r0, [r3, #28]
100021d0:	e7eb      	b.n	100021aa <watchdog_reboot+0x22>
100021d2:	0153      	lsls	r3, r2, #5
100021d4:	1a9b      	subs	r3, r3, r2
100021d6:	009b      	lsls	r3, r3, #2
100021d8:	189a      	adds	r2, r3, r2
100021da:	2380      	movs	r3, #128	@ 0x80
100021dc:	0112      	lsls	r2, r2, #4
100021de:	045b      	lsls	r3, r3, #17
100021e0:	429a      	cmp	r2, r3
100021e2:	d209      	bcs.n	100021f8 <watchdog_reboot+0x70>
100021e4:	0013      	movs	r3, r2
100021e6:	490d      	ldr	r1, [pc, #52]	@ (1000221c <watchdog_reboot+0x94>)
100021e8:	600b      	str	r3, [r1, #0]
100021ea:	4b07      	ldr	r3, [pc, #28]	@ (10002208 <watchdog_reboot+0x80>)
100021ec:	605a      	str	r2, [r3, #4]
100021ee:	2280      	movs	r2, #128	@ 0x80
100021f0:	4b09      	ldr	r3, [pc, #36]	@ (10002218 <watchdog_reboot+0x90>)
100021f2:	05d2      	lsls	r2, r2, #23
100021f4:	601a      	str	r2, [r3, #0]
100021f6:	e7e8      	b.n	100021ca <watchdog_reboot+0x42>
100021f8:	4b09      	ldr	r3, [pc, #36]	@ (10002220 <watchdog_reboot+0x98>)
100021fa:	001a      	movs	r2, r3
100021fc:	e7f3      	b.n	100021e6 <watchdog_reboot+0x5e>
100021fe:	46c0      	nop			@ (mov r8, r8)
10002200:	4005b000 	.word	0x4005b000
10002204:	b007c0d3 	.word	0xb007c0d3
10002208:	40058000 	.word	0x40058000
1000220c:	4ff83f2d 	.word	0x4ff83f2d
10002210:	0001fffc 	.word	0x0001fffc
10002214:	40012008 	.word	0x40012008
10002218:	4005a000 	.word	0x4005a000
1000221c:	20002ca0 	.word	0x20002ca0
10002220:	00ffffff 	.word	0x00ffffff

10002224 <tick_start>:
10002224:	2380      	movs	r3, #128	@ 0x80
10002226:	4a02      	ldr	r2, [pc, #8]	@ (10002230 <tick_start+0xc>)
10002228:	009b      	lsls	r3, r3, #2
1000222a:	430b      	orrs	r3, r1
1000222c:	62d3      	str	r3, [r2, #44]	@ 0x2c
1000222e:	4770      	bx	lr
10002230:	40058000 	.word	0x40058000

10002234 <rom_func_lookup>:
10002234:	2314      	movs	r3, #20
10002236:	b510      	push	{r4, lr}
10002238:	0001      	movs	r1, r0
1000223a:	8818      	ldrh	r0, [r3, #0]
1000223c:	3304      	adds	r3, #4
1000223e:	881b      	ldrh	r3, [r3, #0]
10002240:	4798      	blx	r3
10002242:	bd10      	pop	{r4, pc}

10002244 <rom_data_lookup>:
10002244:	2316      	movs	r3, #22
10002246:	b510      	push	{r4, lr}
10002248:	0001      	movs	r1, r0
1000224a:	8818      	ldrh	r0, [r3, #0]
1000224c:	3302      	adds	r3, #2
1000224e:	881b      	ldrh	r3, [r3, #0]
10002250:	4798      	blx	r3
10002252:	bd10      	pop	{r4, pc}

10002254 <rom_funcs_lookup>:
10002254:	b5f8      	push	{r3, r4, r5, r6, r7, lr}
10002256:	4647      	mov	r7, r8
10002258:	46ce      	mov	lr, r9
1000225a:	b580      	push	{r7, lr}
1000225c:	1e0f      	subs	r7, r1, #0
1000225e:	d019      	beq.n	10002294 <rom_funcs_lookup+0x40>
10002260:	2314      	movs	r3, #20
10002262:	4699      	mov	r9, r3
10002264:	3304      	adds	r3, #4
10002266:	0004      	movs	r4, r0
10002268:	2500      	movs	r5, #0
1000226a:	2601      	movs	r6, #1
1000226c:	4698      	mov	r8, r3
1000226e:	464b      	mov	r3, r9
10002270:	8818      	ldrh	r0, [r3, #0]
10002272:	4643      	mov	r3, r8
10002274:	6821      	ldr	r1, [r4, #0]
10002276:	881b      	ldrh	r3, [r3, #0]
10002278:	4798      	blx	r3
1000227a:	c401      	stmia	r4!, {r0}
1000227c:	1e43      	subs	r3, r0, #1
1000227e:	4198      	sbcs	r0, r3
10002280:	3501      	adds	r5, #1
10002282:	4240      	negs	r0, r0
10002284:	4006      	ands	r6, r0
10002286:	42af      	cmp	r7, r5
10002288:	d1f1      	bne.n	1000226e <rom_funcs_lookup+0x1a>
1000228a:	0030      	movs	r0, r6
1000228c:	bcc0      	pop	{r6, r7}
1000228e:	46b9      	mov	r9, r7
10002290:	46b0      	mov	r8, r6
10002292:	bdf8      	pop	{r3, r4, r5, r6, r7, pc}
10002294:	2601      	movs	r6, #1
10002296:	e7f8      	b.n	1000228a <rom_funcs_lookup+0x36>

10002298 <rom_reset_usb_boot_extra>:
10002298:	2314      	movs	r3, #20
1000229a:	b570      	push	{r4, r5, r6, lr}
1000229c:	0004      	movs	r4, r0
1000229e:	8818      	ldrh	r0, [r3, #0]
100022a0:	3304      	adds	r3, #4
100022a2:	881b      	ldrh	r3, [r3, #0]
100022a4:	000d      	movs	r5, r1
100022a6:	4905      	ldr	r1, [pc, #20]	@ (100022bc <rom_reset_usb_boot_extra+0x24>)
100022a8:	4798      	blx	r3
100022aa:	0003      	movs	r3, r0
100022ac:	2000      	movs	r0, #0
100022ae:	2c00      	cmp	r4, #0
100022b0:	db01      	blt.n	100022b6 <rom_reset_usb_boot_extra+0x1e>
100022b2:	3001      	adds	r0, #1
100022b4:	40a0      	lsls	r0, r4
100022b6:	0029      	movs	r1, r5
100022b8:	4798      	blx	r3
100022ba:	46c0      	nop			@ (mov r8, r8)
100022bc:	00004255 	.word	0x00004255

100022c0 <xosc_init>:
100022c0:	23aa      	movs	r3, #170	@ 0xaa
100022c2:	4a06      	ldr	r2, [pc, #24]	@ (100022dc <xosc_init+0x1c>)
100022c4:	011b      	lsls	r3, r3, #4
100022c6:	6013      	str	r3, [r2, #0]
100022c8:	238d      	movs	r3, #141	@ 0x8d
100022ca:	005b      	lsls	r3, r3, #1
100022cc:	60d3      	str	r3, [r2, #12]
100022ce:	4904      	ldr	r1, [pc, #16]	@ (100022e0 <xosc_init+0x20>)
100022d0:	4b04      	ldr	r3, [pc, #16]	@ (100022e4 <xosc_init+0x24>)
100022d2:	6019      	str	r1, [r3, #0]
100022d4:	6853      	ldr	r3, [r2, #4]
100022d6:	2b00      	cmp	r3, #0
100022d8:	dafc      	bge.n	100022d4 <xosc_init+0x14>
100022da:	4770      	bx	lr
100022dc:	40024000 	.word	0x40024000
100022e0:	00fab000 	.word	0x00fab000
100022e4:	40026000 	.word	0x40026000

100022e8 <first_per_core_initializer>:
100022e8:	4770      	bx	lr
100022ea:	46c0      	nop			@ (mov r8, r8)

100022ec <hard_assertion_failure>:
100022ec:	b510      	push	{r4, lr}
100022ee:	4801      	ldr	r0, [pc, #4]	@ (100022f4 <hard_assertion_failure+0x8>)
100022f0:	f7fe fde0 	bl	10000eb4 <panic>
100022f4:	1000b578 	.word	0x1000b578

100022f8 <runtime_run_initializers>:
100022f8:	b570      	push	{r4, r5, r6, lr}
100022fa:	4d07      	ldr	r5, [pc, #28]	@ (10002318 <runtime_run_initializers+0x20>)
100022fc:	4e07      	ldr	r6, [pc, #28]	@ (1000231c <runtime_run_initializers+0x24>)
100022fe:	42b5      	cmp	r5, r6
10002300:	d209      	bcs.n	10002316 <runtime_run_initializers+0x1e>
10002302:	2400      	movs	r4, #0
10002304:	3e01      	subs	r6, #1
10002306:	1b76      	subs	r6, r6, r5
10002308:	08b6      	lsrs	r6, r6, #2
1000230a:	cd08      	ldmia	r5!, {r3}
1000230c:	4798      	blx	r3
1000230e:	0023      	movs	r3, r4
10002310:	3401      	adds	r4, #1
10002312:	42b3      	cmp	r3, r6
10002314:	d1f9      	bne.n	1000230a <runtime_run_initializers+0x12>
10002316:	bd70      	pop	{r4, r5, r6, pc}
10002318:	1000b488 	.word	0x1000b488
1000231c:	1000b4c4 	.word	0x1000b4c4

10002320 <runtime_init_early_resets>:
10002320:	4b05      	ldr	r3, [pc, #20]	@ (10002338 <runtime_init_early_resets+0x18>)
10002322:	4a06      	ldr	r2, [pc, #24]	@ (1000233c <runtime_init_early_resets+0x1c>)
10002324:	4906      	ldr	r1, [pc, #24]	@ (10002340 <runtime_init_early_resets+0x20>)
10002326:	601a      	str	r2, [r3, #0]
10002328:	4a06      	ldr	r2, [pc, #24]	@ (10002344 <runtime_init_early_resets+0x24>)
1000232a:	4b07      	ldr	r3, [pc, #28]	@ (10002348 <runtime_init_early_resets+0x28>)
1000232c:	601a      	str	r2, [r3, #0]
1000232e:	0010      	movs	r0, r2
10002330:	680b      	ldr	r3, [r1, #0]
10002332:	4398      	bics	r0, r3
10002334:	d1fb      	bne.n	1000232e <runtime_init_early_resets+0xe>
10002336:	4770      	bx	lr
10002338:	4000e000 	.word	0x4000e000
1000233c:	fefbcdbf 	.word	0xfefbcdbf
10002340:	4000c008 	.word	0x4000c008
10002344:	003c7ffe 	.word	0x003c7ffe
10002348:	4000f000 	.word	0x4000f000

1000234c <runtime_init_usb_power_down>:
1000234c:	4b04      	ldr	r3, [pc, #16]	@ (10002360 <runtime_init_usb_power_down+0x14>)
1000234e:	6cdb      	ldr	r3, [r3, #76]	@ 0x4c
10002350:	2b00      	cmp	r3, #0
10002352:	d103      	bne.n	1000235c <runtime_init_usb_power_down+0x10>
10002354:	2280      	movs	r2, #128	@ 0x80
10002356:	4b03      	ldr	r3, [pc, #12]	@ (10002364 <runtime_init_usb_power_down+0x18>)
10002358:	02d2      	lsls	r2, r2, #11
1000235a:	601a      	str	r2, [r3, #0]
1000235c:	4770      	bx	lr
1000235e:	46c0      	nop			@ (mov r8, r8)
10002360:	50110000 	.word	0x50110000
10002364:	5011204c 	.word	0x5011204c

10002368 <runtime_init_post_clock_resets>:
10002368:	4a04      	ldr	r2, [pc, #16]	@ (1000237c <runtime_init_post_clock_resets+0x14>)
1000236a:	4b05      	ldr	r3, [pc, #20]	@ (10002380 <runtime_init_post_clock_resets+0x18>)
1000236c:	601a      	str	r2, [r3, #0]
1000236e:	4a05      	ldr	r2, [pc, #20]	@ (10002384 <runtime_init_post_clock_resets+0x1c>)
10002370:	6813      	ldr	r3, [r2, #0]
10002372:	01db      	lsls	r3, r3, #7
10002374:	3380      	adds	r3, #128	@ 0x80
10002376:	d1fb      	bne.n	10002370 <runtime_init_post_clock_resets+0x8>
10002378:	4770      	bx	lr
1000237a:	46c0      	nop			@ (mov r8, r8)
1000237c:	01ffffff 	.word	0x01ffffff
10002380:	4000f000 	.word	0x4000f000
10002384:	4000c008 	.word	0x4000c008

10002388 <runtime_init_rp2040_gpio_ie_disable>:
10002388:	2240      	movs	r2, #64	@ 0x40
1000238a:	4b03      	ldr	r3, [pc, #12]	@ (10002398 <runtime_init_rp2040_gpio_ie_disable+0x10>)
1000238c:	679a      	str	r2, [r3, #120]	@ 0x78
1000238e:	675a      	str	r2, [r3, #116]	@ 0x74
10002390:	671a      	str	r2, [r3, #112]	@ 0x70
10002392:	66da      	str	r2, [r3, #108]	@ 0x6c
10002394:	4770      	bx	lr
10002396:	46c0      	nop			@ (mov r8, r8)
10002398:	4001f000 	.word	0x4001f000

1000239c <runtime_init_spin_locks_reset>:
1000239c:	b510      	push	{r4, lr}
1000239e:	f7fe fe2f 	bl	10001000 <spin_locks_reset>
100023a2:	bd10      	pop	{r4, pc}

100023a4 <runtime_init_install_ram_vector_table>:
100023a4:	b570      	push	{r4, r5, r6, lr}
100023a6:	4d04      	ldr	r5, [pc, #16]	@ (100023b8 <runtime_init_install_ram_vector_table+0x14>)
100023a8:	4c04      	ldr	r4, [pc, #16]	@ (100023bc <runtime_init_install_ram_vector_table+0x18>)
100023aa:	68a9      	ldr	r1, [r5, #8]
100023ac:	22c0      	movs	r2, #192	@ 0xc0
100023ae:	0020      	movs	r0, r4
100023b0:	f001 f8d4 	bl	1000355c <__wrap___aeabi_memcpy>
100023b4:	60ac      	str	r4, [r5, #8]
100023b6:	bd70      	pop	{r4, r5, r6, pc}
100023b8:	e000ed00 	.word	0xe000ed00
100023bc:	20000000 	.word	0x20000000

100023c0 <runtime_init_clocks>:
100023c0:	2300      	movs	r3, #0
100023c2:	b510      	push	{r4, lr}
100023c4:	4c29      	ldr	r4, [pc, #164]	@ (1000246c <runtime_init_clocks+0xac>)
100023c6:	b082      	sub	sp, #8
100023c8:	67a3      	str	r3, [r4, #120]	@ 0x78
100023ca:	f7ff ff79 	bl	100022c0 <xosc_init>
100023ce:	2201      	movs	r2, #1
100023d0:	4b27      	ldr	r3, [pc, #156]	@ (10002470 <runtime_init_clocks+0xb0>)
100023d2:	601a      	str	r2, [r3, #0]
100023d4:	6c63      	ldr	r3, [r4, #68]	@ 0x44
100023d6:	2b01      	cmp	r3, #1
100023d8:	d1fc      	bne.n	100023d4 <runtime_init_clocks+0x14>
100023da:	2203      	movs	r2, #3
100023dc:	4b25      	ldr	r3, [pc, #148]	@ (10002474 <runtime_init_clocks+0xb4>)
100023de:	601a      	str	r2, [r3, #0]
100023e0:	4a22      	ldr	r2, [pc, #136]	@ (1000246c <runtime_init_clocks+0xac>)
100023e2:	6b93      	ldr	r3, [r2, #56]	@ 0x38
100023e4:	2b01      	cmp	r3, #1
100023e6:	d1fc      	bne.n	100023e2 <runtime_init_clocks+0x22>
100023e8:	3301      	adds	r3, #1
100023ea:	9300      	str	r3, [sp, #0]
100023ec:	2101      	movs	r1, #1
100023ee:	4a22      	ldr	r2, [pc, #136]	@ (10002478 <runtime_init_clocks+0xb8>)
100023f0:	4822      	ldr	r0, [pc, #136]	@ (1000247c <runtime_init_clocks+0xbc>)
100023f2:	3304      	adds	r3, #4
100023f4:	f7ff fe76 	bl	100020e4 <pll_init>
100023f8:	2305      	movs	r3, #5
100023fa:	2101      	movs	r1, #1
100023fc:	9300      	str	r3, [sp, #0]
100023fe:	4a20      	ldr	r2, [pc, #128]	@ (10002480 <runtime_init_clocks+0xc0>)
10002400:	4820      	ldr	r0, [pc, #128]	@ (10002484 <runtime_init_clocks+0xc4>)
10002402:	f7ff fe6f 	bl	100020e4 <pll_init>
10002406:	2200      	movs	r2, #0
10002408:	2102      	movs	r1, #2
1000240a:	2004      	movs	r0, #4
1000240c:	4b1e      	ldr	r3, [pc, #120]	@ (10002488 <runtime_init_clocks+0xc8>)
1000240e:	f7ff fdef 	bl	10001ff0 <clock_configure_undivided>
10002412:	2200      	movs	r2, #0
10002414:	2101      	movs	r1, #1
10002416:	2005      	movs	r0, #5
10002418:	4b1c      	ldr	r3, [pc, #112]	@ (1000248c <runtime_init_clocks+0xcc>)
1000241a:	f7ff fde9 	bl	10001ff0 <clock_configure_undivided>
1000241e:	2200      	movs	r2, #0
10002420:	2100      	movs	r1, #0
10002422:	2007      	movs	r0, #7
10002424:	4b1a      	ldr	r3, [pc, #104]	@ (10002490 <runtime_init_clocks+0xd0>)
10002426:	f7ff fde3 	bl	10001ff0 <clock_configure_undivided>
1000242a:	2200      	movs	r2, #0
1000242c:	2100      	movs	r1, #0
1000242e:	2008      	movs	r0, #8
10002430:	4b17      	ldr	r3, [pc, #92]	@ (10002490 <runtime_init_clocks+0xd0>)
10002432:	f7ff fddd 	bl	10001ff0 <clock_configure_undivided>
10002436:	2380      	movs	r3, #128	@ 0x80
10002438:	00db      	lsls	r3, r3, #3
1000243a:	9300      	str	r3, [sp, #0]
1000243c:	2200      	movs	r2, #0
1000243e:	2100      	movs	r1, #0
10002440:	2009      	movs	r0, #9
10002442:	4b13      	ldr	r3, [pc, #76]	@ (10002490 <runtime_init_clocks+0xd0>)
10002444:	f7ff fd5a 	bl	10001efc <clock_configure_int_divider>
10002448:	2200      	movs	r2, #0
1000244a:	4b10      	ldr	r3, [pc, #64]	@ (1000248c <runtime_init_clocks+0xcc>)
1000244c:	2100      	movs	r1, #0
1000244e:	2006      	movs	r0, #6
10002450:	f7ff fdce 	bl	10001ff0 <clock_configure_undivided>
10002454:	2004      	movs	r0, #4
10002456:	f7ff fe3f 	bl	100020d8 <clock_get_hz>
1000245a:	490e      	ldr	r1, [pc, #56]	@ (10002494 <runtime_init_clocks+0xd4>)
1000245c:	f000 f84c 	bl	100024f8 <__wrap___aeabi_uidiv>
10002460:	0001      	movs	r1, r0
10002462:	2000      	movs	r0, #0
10002464:	f7ff fede 	bl	10002224 <tick_start>
10002468:	b002      	add	sp, #8
1000246a:	bd10      	pop	{r4, pc}
1000246c:	40008000 	.word	0x40008000
10002470:	4000b03c 	.word	0x4000b03c
10002474:	4000b030 	.word	0x4000b030
10002478:	59682f00 	.word	0x59682f00
1000247c:	40028000 	.word	0x40028000
10002480:	47868c00 	.word	0x47868c00
10002484:	4002c000 	.word	0x4002c000
10002488:	00b71b00 	.word	0x00b71b00
1000248c:	07735940 	.word	0x07735940
10002490:	02dc6c00 	.word	0x02dc6c00
10002494:	000f4240 	.word	0x000f4240

10002498 <__aeabi_bits_init>:
10002498:	4801      	ldr	r0, [pc, #4]	@ (100024a0 <__aeabi_bits_init+0x8>)
1000249a:	2104      	movs	r1, #4
1000249c:	4b01      	ldr	r3, [pc, #4]	@ (100024a4 <__aeabi_bits_init+0xc>)
1000249e:	4718      	bx	r3
100024a0:	20000fc0 	.word	0x20000fc0
100024a4:	10002255 	.word	0x10002255

100024a8 <__wrap___aeabi_idiv>:
100024a8:	4a12      	ldr	r2, [pc, #72]	@ (100024f4 <divmod_s32s32_savestate+0x18>)
100024aa:	6f93      	ldr	r3, [r2, #120]	@ 0x78
100024ac:	089b      	lsrs	r3, r3, #2
100024ae:	d215      	bcs.n	100024dc <divmod_s32s32_savestate>

100024b0 <divmod_s32s32_unsafe>:
100024b0:	6690      	str	r0, [r2, #104]	@ 0x68
100024b2:	66d1      	str	r1, [r2, #108]	@ 0x6c
100024b4:	2900      	cmp	r1, #0
100024b6:	d005      	beq.n	100024c4 <divmod_s32s32_unsafe+0x14>
100024b8:	e7ff      	b.n	100024ba <divmod_s32s32_unsafe+0xa>
100024ba:	e7ff      	b.n	100024bc <divmod_s32s32_unsafe+0xc>
100024bc:	e7ff      	b.n	100024be <divmod_s32s32_unsafe+0xe>
100024be:	6f51      	ldr	r1, [r2, #116]	@ 0x74
100024c0:	6f10      	ldr	r0, [r2, #112]	@ 0x70
100024c2:	4770      	bx	lr
100024c4:	b504      	push	{r2, lr}
100024c6:	2180      	movs	r1, #128	@ 0x80
100024c8:	0609      	lsls	r1, r1, #24
100024ca:	17c2      	asrs	r2, r0, #31
100024cc:	4051      	eors	r1, r2
100024ce:	2800      	cmp	r0, #0
100024d0:	d000      	beq.n	100024d4 <divmod_s32s32_unsafe+0x24>
100024d2:	43c8      	mvns	r0, r1
100024d4:	f008 ff98 	bl	1000b408 <____aeabi_idiv0_veneer>
100024d8:	2100      	movs	r1, #0
100024da:	bd04      	pop	{r2, pc}

100024dc <divmod_s32s32_savestate>:
100024dc:	b5f0      	push	{r4, r5, r6, r7, lr}
100024de:	6e14      	ldr	r4, [r2, #96]	@ 0x60
100024e0:	6e55      	ldr	r5, [r2, #100]	@ 0x64
100024e2:	6f57      	ldr	r7, [r2, #116]	@ 0x74
100024e4:	6f16      	ldr	r6, [r2, #112]	@ 0x70
100024e6:	f7ff ffe3 	bl	100024b0 <divmod_s32s32_unsafe>
100024ea:	6614      	str	r4, [r2, #96]	@ 0x60
100024ec:	6655      	str	r5, [r2, #100]	@ 0x64
100024ee:	6757      	str	r7, [r2, #116]	@ 0x74
100024f0:	6716      	str	r6, [r2, #112]	@ 0x70
100024f2:	bdf0      	pop	{r4, r5, r6, r7, pc}
100024f4:	d0000000 	.word	0xd0000000

100024f8 <__wrap___aeabi_uidiv>:
100024f8:	4a11      	ldr	r2, [pc, #68]	@ (10002540 <divmod_u32u32_savestate+0x18>)
100024fa:	6f93      	ldr	r3, [r2, #120]	@ 0x78
100024fc:	089b      	lsrs	r3, r3, #2
100024fe:	d213      	bcs.n	10002528 <divmod_u32u32_savestate>

10002500 <divmod_u32u32_unsafe>:
10002500:	6610      	str	r0, [r2, #96]	@ 0x60
10002502:	6651      	str	r1, [r2, #100]	@ 0x64
10002504:	2900      	cmp	r1, #0
10002506:	d005      	beq.n	10002514 <divmod_u32u32_unsafe+0x14>
10002508:	e7ff      	b.n	1000250a <divmod_u32u32_unsafe+0xa>
1000250a:	e7ff      	b.n	1000250c <divmod_u32u32_unsafe+0xc>
1000250c:	e7ff      	b.n	1000250e <divmod_u32u32_unsafe+0xe>
1000250e:	6f51      	ldr	r1, [r2, #116]	@ 0x74
10002510:	6f10      	ldr	r0, [r2, #112]	@ 0x70
10002512:	4770      	bx	lr
10002514:	b504      	push	{r2, lr}
10002516:	2800      	cmp	r0, #0
10002518:	d001      	beq.n	1000251e <divmod_u32u32_unsafe+0x1e>
1000251a:	2000      	movs	r0, #0
1000251c:	43c0      	mvns	r0, r0
1000251e:	f008 ff73 	bl	1000b408 <____aeabi_idiv0_veneer>
10002522:	2100      	movs	r1, #0
10002524:	bd04      	pop	{r2, pc}
10002526:	46c0      	nop			@ (mov r8, r8)

10002528 <divmod_u32u32_savestate>:
10002528:	b5f0      	push	{r4, r5, r6, r7, lr}
1000252a:	6e14      	ldr	r4, [r2, #96]	@ 0x60
1000252c:	6e55      	ldr	r5, [r2, #100]	@ 0x64
1000252e:	6f57      	ldr	r7, [r2, #116]	@ 0x74
10002530:	6f16      	ldr	r6, [r2, #112]	@ 0x70
10002532:	f7ff ffe5 	bl	10002500 <divmod_u32u32_unsafe>
10002536:	6614      	str	r4, [r2, #96]	@ 0x60
10002538:	6655      	str	r5, [r2, #100]	@ 0x64
1000253a:	6757      	str	r7, [r2, #116]	@ 0x74
1000253c:	6716      	str	r6, [r2, #112]	@ 0x70
1000253e:	bdf0      	pop	{r4, r5, r6, r7, pc}
10002540:	d0000000 	.word	0xd0000000

10002544 <__wrap___aeabi_ldivmod>:
10002544:	4694      	mov	ip, r2
10002546:	4a4a      	ldr	r2, [pc, #296]	@ (10002670 <udiv0+0x1a>)
10002548:	6f92      	ldr	r2, [r2, #120]	@ 0x78
1000254a:	0892      	lsrs	r2, r2, #2
1000254c:	4662      	mov	r2, ip
1000254e:	d201      	bcs.n	10002554 <divmod_s64s64_savestate>
10002550:	e028      	b.n	100025a4 <divmod_s64s64_unsafe>
10002552:	46c0      	nop			@ (mov r8, r8)

10002554 <divmod_s64s64_savestate>:
10002554:	b5f0      	push	{r4, r5, r6, r7, lr}
10002556:	4e46      	ldr	r6, [pc, #280]	@ (10002670 <udiv0+0x1a>)
10002558:	6e34      	ldr	r4, [r6, #96]	@ 0x60
1000255a:	6e75      	ldr	r5, [r6, #100]	@ 0x64
1000255c:	6f77      	ldr	r7, [r6, #116]	@ 0x74
1000255e:	6f36      	ldr	r6, [r6, #112]	@ 0x70
10002560:	f000 f820 	bl	100025a4 <divmod_s64s64_unsafe>
10002564:	4694      	mov	ip, r2
10002566:	4a42      	ldr	r2, [pc, #264]	@ (10002670 <udiv0+0x1a>)
10002568:	6614      	str	r4, [r2, #96]	@ 0x60
1000256a:	6655      	str	r5, [r2, #100]	@ 0x64
1000256c:	6757      	str	r7, [r2, #116]	@ 0x74
1000256e:	6716      	str	r6, [r2, #112]	@ 0x70
10002570:	4662      	mov	r2, ip
10002572:	bdf0      	pop	{r4, r5, r6, r7, pc}

10002574 <__wrap___aeabi_uldivmod>:
10002574:	4694      	mov	ip, r2
10002576:	4a3e      	ldr	r2, [pc, #248]	@ (10002670 <udiv0+0x1a>)
10002578:	6f92      	ldr	r2, [r2, #120]	@ 0x78
1000257a:	0892      	lsrs	r2, r2, #2
1000257c:	4662      	mov	r2, ip
1000257e:	d201      	bcs.n	10002584 <divmod_u64u64_savestate>
10002580:	e054      	b.n	1000262c <divmod_u64u64_unsafe>
10002582:	46c0      	nop			@ (mov r8, r8)

10002584 <divmod_u64u64_savestate>:
10002584:	b5f0      	push	{r4, r5, r6, r7, lr}
10002586:	4e3a      	ldr	r6, [pc, #232]	@ (10002670 <udiv0+0x1a>)
10002588:	6e34      	ldr	r4, [r6, #96]	@ 0x60
1000258a:	6e75      	ldr	r5, [r6, #100]	@ 0x64
1000258c:	6f77      	ldr	r7, [r6, #116]	@ 0x74
1000258e:	6f36      	ldr	r6, [r6, #112]	@ 0x70
10002590:	f000 f84c 	bl	1000262c <divmod_u64u64_unsafe>
10002594:	4694      	mov	ip, r2
10002596:	4a36      	ldr	r2, [pc, #216]	@ (10002670 <udiv0+0x1a>)
10002598:	6614      	str	r4, [r2, #96]	@ 0x60
1000259a:	6655      	str	r5, [r2, #100]	@ 0x64
1000259c:	6757      	str	r7, [r2, #116]	@ 0x74
1000259e:	6716      	str	r6, [r2, #112]	@ 0x70
100025a0:	4662      	mov	r2, ip
100025a2:	bdf0      	pop	{r4, r5, r6, r7, pc}

100025a4 <divmod_s64s64_unsafe>:
100025a4:	2b00      	cmp	r3, #0
100025a6:	db24      	blt.n	100025f2 <l42_1+0x26>
100025a8:	d011      	beq.n	100025ce <l42_1+0x2>
100025aa:	2900      	cmp	r1, #0
100025ac:	da3e      	bge.n	1000262c <divmod_u64u64_unsafe>
100025ae:	b500      	push	{lr}
100025b0:	43c9      	mvns	r1, r1
100025b2:	4240      	negs	r0, r0
100025b4:	d100      	bne.n	100025b8 <l40_1>
100025b6:	3101      	adds	r1, #1

100025b8 <l40_1>:
100025b8:	f000 f838 	bl	1000262c <divmod_u64u64_unsafe>
100025bc:	43c9      	mvns	r1, r1
100025be:	4240      	negs	r0, r0
100025c0:	d100      	bne.n	100025c4 <l41_1>
100025c2:	3101      	adds	r1, #1

100025c4 <l41_1>:
100025c4:	43db      	mvns	r3, r3
100025c6:	4252      	negs	r2, r2
100025c8:	d100      	bne.n	100025cc <l42_1>
100025ca:	3301      	adds	r3, #1

100025cc <l42_1>:
100025cc:	bd00      	pop	{pc}
100025ce:	2a00      	cmp	r2, #0
100025d0:	d1eb      	bne.n	100025aa <divmod_s64s64_unsafe+0x6>
100025d2:	2800      	cmp	r0, #0
100025d4:	d101      	bne.n	100025da <l42_1+0xe>
100025d6:	2900      	cmp	r1, #0
100025d8:	d005      	beq.n	100025e6 <l42_1+0x1a>
100025da:	2000      	movs	r0, #0
100025dc:	0fc9      	lsrs	r1, r1, #31
100025de:	07c9      	lsls	r1, r1, #31
100025e0:	d101      	bne.n	100025e6 <l42_1+0x1a>
100025e2:	43c0      	mvns	r0, r0
100025e4:	0841      	lsrs	r1, r0, #1
100025e6:	b500      	push	{lr}
100025e8:	f008 ff06 	bl	1000b3f8 <____aeabi_ldiv0_veneer>
100025ec:	2200      	movs	r2, #0
100025ee:	2300      	movs	r3, #0
100025f0:	bd00      	pop	{pc}
100025f2:	b500      	push	{lr}
100025f4:	2900      	cmp	r1, #0
100025f6:	db0a      	blt.n	1000260e <l44_1+0x2>
100025f8:	43db      	mvns	r3, r3
100025fa:	4252      	negs	r2, r2
100025fc:	d100      	bne.n	10002600 <l43_1>
100025fe:	3301      	adds	r3, #1

10002600 <l43_1>:
10002600:	f000 f814 	bl	1000262c <divmod_u64u64_unsafe>
10002604:	43c9      	mvns	r1, r1
10002606:	4240      	negs	r0, r0
10002608:	d100      	bne.n	1000260c <l44_1>
1000260a:	3101      	adds	r1, #1

1000260c <l44_1>:
1000260c:	bd00      	pop	{pc}
1000260e:	43c9      	mvns	r1, r1
10002610:	4240      	negs	r0, r0
10002612:	d100      	bne.n	10002616 <l45_1>
10002614:	3101      	adds	r1, #1

10002616 <l45_1>:
10002616:	43db      	mvns	r3, r3
10002618:	4252      	negs	r2, r2
1000261a:	d100      	bne.n	1000261e <l46_1>
1000261c:	3301      	adds	r3, #1

1000261e <l46_1>:
1000261e:	f000 f805 	bl	1000262c <divmod_u64u64_unsafe>
10002622:	43db      	mvns	r3, r3
10002624:	4252      	negs	r2, r2
10002626:	d100      	bne.n	1000262a <l47_1>
10002628:	3301      	adds	r3, #1

1000262a <l47_1>:
1000262a:	bd00      	pop	{pc}

1000262c <divmod_u64u64_unsafe>:
1000262c:	2900      	cmp	r1, #0
1000262e:	d123      	bne.n	10002678 <y64>
10002630:	2b00      	cmp	r3, #0
10002632:	d118      	bne.n	10002666 <udiv0+0x10>
10002634:	2a00      	cmp	r2, #0
10002636:	d00c      	beq.n	10002652 <divmod_u64u64_unsafe+0x26>
10002638:	46bc      	mov	ip, r7
1000263a:	4f0d      	ldr	r7, [pc, #52]	@ (10002670 <udiv0+0x1a>)
1000263c:	6638      	str	r0, [r7, #96]	@ 0x60
1000263e:	667a      	str	r2, [r7, #100]	@ 0x64
10002640:	2100      	movs	r1, #0
10002642:	2300      	movs	r3, #0
10002644:	e7ff      	b.n	10002646 <divmod_u64u64_unsafe+0x1a>
10002646:	e7ff      	b.n	10002648 <divmod_u64u64_unsafe+0x1c>
10002648:	e7ff      	b.n	1000264a <divmod_u64u64_unsafe+0x1e>
1000264a:	6f7a      	ldr	r2, [r7, #116]	@ 0x74
1000264c:	6f38      	ldr	r0, [r7, #112]	@ 0x70
1000264e:	4667      	mov	r7, ip
10002650:	4770      	bx	lr
10002652:	2800      	cmp	r0, #0
10002654:	d001      	beq.n	1000265a <udiv0+0x4>

10002656 <udiv0>:
10002656:	4807      	ldr	r0, [pc, #28]	@ (10002674 <udiv0+0x1e>)
10002658:	0001      	movs	r1, r0
1000265a:	b500      	push	{lr}
1000265c:	f008 fecc 	bl	1000b3f8 <____aeabi_ldiv0_veneer>
10002660:	2200      	movs	r2, #0
10002662:	2300      	movs	r3, #0
10002664:	bd00      	pop	{pc}
10002666:	0002      	movs	r2, r0
10002668:	000b      	movs	r3, r1
1000266a:	2000      	movs	r0, #0
1000266c:	2100      	movs	r1, #0
1000266e:	4770      	bx	lr
10002670:	d0000000 	.word	0xd0000000
10002674:	ffffffff 	.word	0xffffffff

10002678 <y64>:
10002678:	2b00      	cmp	r3, #0
1000267a:	d000      	beq.n	1000267e <y64+0x6>
1000267c:	e0bf      	b.n	100027fe <y64_x48>
1000267e:	0c13      	lsrs	r3, r2, #16
10002680:	d128      	bne.n	100026d4 <y64_x32>
10002682:	2a00      	cmp	r2, #0
10002684:	d0e7      	beq.n	10002656 <udiv0>
10002686:	b480      	push	{r7}
10002688:	4f11      	ldr	r7, [pc, #68]	@ (100026d0 <y64+0x58>)
1000268a:	6639      	str	r1, [r7, #96]	@ 0x60
1000268c:	667a      	str	r2, [r7, #100]	@ 0x64
1000268e:	e7ff      	b.n	10002690 <y64+0x18>
10002690:	e7ff      	b.n	10002692 <y64+0x1a>
10002692:	b430      	push	{r4, r5}
10002694:	0c04      	lsrs	r4, r0, #16
10002696:	6f7b      	ldr	r3, [r7, #116]	@ 0x74
10002698:	6f39      	ldr	r1, [r7, #112]	@ 0x70
1000269a:	041b      	lsls	r3, r3, #16
1000269c:	4323      	orrs	r3, r4
1000269e:	663b      	str	r3, [r7, #96]	@ 0x60
100026a0:	667a      	str	r2, [r7, #100]	@ 0x64
100026a2:	e7ff      	b.n	100026a4 <y64+0x2c>
100026a4:	e7ff      	b.n	100026a6 <y64+0x2e>
100026a6:	e7ff      	b.n	100026a8 <y64+0x30>
100026a8:	46c0      	nop			@ (mov r8, r8)
100026aa:	b284      	uxth	r4, r0
100026ac:	6f7b      	ldr	r3, [r7, #116]	@ 0x74
100026ae:	6f3d      	ldr	r5, [r7, #112]	@ 0x70
100026b0:	041b      	lsls	r3, r3, #16
100026b2:	4323      	orrs	r3, r4
100026b4:	663b      	str	r3, [r7, #96]	@ 0x60
100026b6:	667a      	str	r2, [r7, #100]	@ 0x64
100026b8:	e7ff      	b.n	100026ba <y64+0x42>
100026ba:	e7ff      	b.n	100026bc <y64+0x44>
100026bc:	46c0      	nop			@ (mov r8, r8)
100026be:	2300      	movs	r3, #0
100026c0:	042c      	lsls	r4, r5, #16
100026c2:	0c2d      	lsrs	r5, r5, #16
100026c4:	6f7a      	ldr	r2, [r7, #116]	@ 0x74
100026c6:	6f38      	ldr	r0, [r7, #112]	@ 0x70
100026c8:	1900      	adds	r0, r0, r4
100026ca:	4169      	adcs	r1, r5
100026cc:	bcb0      	pop	{r4, r5, r7}
100026ce:	4770      	bx	lr
100026d0:	d0000000 	.word	0xd0000000

100026d4 <y64_x32>:
100026d4:	b5f0      	push	{r4, r5, r6, r7, lr}
100026d6:	4694      	mov	ip, r2
100026d8:	2500      	movs	r5, #0
100026da:	0e14      	lsrs	r4, r2, #24
100026dc:	d101      	bne.n	100026e2 <y64_x32+0xe>
100026de:	0212      	lsls	r2, r2, #8
100026e0:	3508      	adds	r5, #8
100026e2:	0f14      	lsrs	r4, r2, #28
100026e4:	d101      	bne.n	100026ea <y64_x32+0x16>
100026e6:	0112      	lsls	r2, r2, #4
100026e8:	3504      	adds	r5, #4
100026ea:	0f94      	lsrs	r4, r2, #30
100026ec:	d101      	bne.n	100026f2 <y64_x32+0x1e>
100026ee:	0092      	lsls	r2, r2, #2
100026f0:	3502      	adds	r5, #2
100026f2:	0fd4      	lsrs	r4, r2, #31
100026f4:	d101      	bne.n	100026fa <y64_x32+0x26>
100026f6:	0052      	lsls	r2, r2, #1
100026f8:	3501      	adds	r5, #1
100026fa:	0bd4      	lsrs	r4, r2, #15
100026fc:	3401      	adds	r4, #1
100026fe:	4f25      	ldr	r7, [pc, #148]	@ (10002794 <y64_x32+0xc0>)
10002700:	667c      	str	r4, [r7, #100]	@ 0x64
10002702:	4c25      	ldr	r4, [pc, #148]	@ (10002798 <y64_x32+0xc4>)
10002704:	663c      	str	r4, [r7, #96]	@ 0x60
10002706:	0c0e      	lsrs	r6, r1, #16
10002708:	b293      	uxth	r3, r2
1000270a:	e7ff      	b.n	1000270c <y64_x32+0x38>
1000270c:	e7ff      	b.n	1000270e <y64_x32+0x3a>
1000270e:	e7ff      	b.n	10002710 <y64_x32+0x3c>
10002710:	6f3c      	ldr	r4, [r7, #112]	@ 0x70
10002712:	4366      	muls	r6, r4
10002714:	0c36      	lsrs	r6, r6, #16
10002716:	0377      	lsls	r7, r6, #13
10002718:	46be      	mov	lr, r7
1000271a:	4373      	muls	r3, r6
1000271c:	0bdf      	lsrs	r7, r3, #15
1000271e:	045b      	lsls	r3, r3, #17
10002720:	1ac0      	subs	r0, r0, r3
10002722:	41b9      	sbcs	r1, r7
10002724:	0c13      	lsrs	r3, r2, #16
10002726:	4373      	muls	r3, r6
10002728:	18db      	adds	r3, r3, r3
1000272a:	1ac9      	subs	r1, r1, r3
1000272c:	08ce      	lsrs	r6, r1, #3
1000272e:	4366      	muls	r6, r4
10002730:	0c36      	lsrs	r6, r6, #16
10002732:	44b6      	add	lr, r6
10002734:	b293      	uxth	r3, r2
10002736:	4373      	muls	r3, r6
10002738:	0f1f      	lsrs	r7, r3, #28
1000273a:	011b      	lsls	r3, r3, #4
1000273c:	1ac0      	subs	r0, r0, r3
1000273e:	41b9      	sbcs	r1, r7
10002740:	0c13      	lsrs	r3, r2, #16
10002742:	4373      	muls	r3, r6
10002744:	0b1f      	lsrs	r7, r3, #12
10002746:	051b      	lsls	r3, r3, #20
10002748:	1ac0      	subs	r0, r0, r3
1000274a:	41b9      	sbcs	r1, r7
1000274c:	0d86      	lsrs	r6, r0, #22
1000274e:	028f      	lsls	r7, r1, #10
10002750:	433e      	orrs	r6, r7
10002752:	4366      	muls	r6, r4
10002754:	0c36      	lsrs	r6, r6, #16
10002756:	2d09      	cmp	r5, #9
10002758:	db24      	blt.n	100027a4 <last0>
1000275a:	0a52      	lsrs	r2, r2, #9
1000275c:	4372      	muls	r2, r6
1000275e:	1a80      	subs	r0, r0, r2
10002760:	0377      	lsls	r7, r6, #13
10002762:	0a46      	lsrs	r6, r0, #9
10002764:	4366      	muls	r6, r4
10002766:	0c36      	lsrs	r6, r6, #16
10002768:	2316      	movs	r3, #22
1000276a:	1b5b      	subs	r3, r3, r5
1000276c:	40de      	lsrs	r6, r3
1000276e:	40df      	lsrs	r7, r3
10002770:	19bf      	adds	r7, r7, r6
10002772:	4664      	mov	r4, ip
10002774:	4366      	muls	r6, r4
10002776:	1b82      	subs	r2, r0, r6
10002778:	4670      	mov	r0, lr
1000277a:	3504      	adds	r5, #4
1000277c:	3306      	adds	r3, #6
1000277e:	0001      	movs	r1, r0
10002780:	40d9      	lsrs	r1, r3
10002782:	40a8      	lsls	r0, r5
10002784:	19c0      	adds	r0, r0, r7
10002786:	d300      	bcc.n	1000278a <y64_x32+0xb6>
10002788:	3101      	adds	r1, #1
1000278a:	42a2      	cmp	r2, r4
1000278c:	d206      	bcs.n	1000279c <y64_x32+0xc8>
1000278e:	2300      	movs	r3, #0
10002790:	bdf0      	pop	{r4, r5, r6, r7, pc}
10002792:	0000      	.short	0x0000
10002794:	d0000000 	.word	0xd0000000
10002798:	ffffffff 	.word	0xffffffff
1000279c:	1b12      	subs	r2, r2, r4
1000279e:	3001      	adds	r0, #1
100027a0:	d3f3      	bcc.n	1000278a <y64_x32+0xb6>
100027a2:	e7f1      	b.n	10002788 <y64_x32+0xb4>

100027a4 <last0>:
100027a4:	2709      	movs	r7, #9
100027a6:	1b7f      	subs	r7, r7, r5
100027a8:	40fe      	lsrs	r6, r7
100027aa:	4664      	mov	r4, ip
100027ac:	b2a2      	uxth	r2, r4
100027ae:	4372      	muls	r2, r6
100027b0:	1a80      	subs	r0, r0, r2
100027b2:	d200      	bcs.n	100027b6 <last0+0x12>
100027b4:	3901      	subs	r1, #1
100027b6:	0c22      	lsrs	r2, r4, #16
100027b8:	4372      	muls	r2, r6
100027ba:	0c13      	lsrs	r3, r2, #16
100027bc:	0412      	lsls	r2, r2, #16
100027be:	1a82      	subs	r2, r0, r2
100027c0:	4199      	sbcs	r1, r3
100027c2:	000b      	movs	r3, r1
100027c4:	4670      	mov	r0, lr
100027c6:	3504      	adds	r5, #4
100027c8:	3713      	adds	r7, #19
100027ca:	0001      	movs	r1, r0
100027cc:	40f9      	lsrs	r1, r7
100027ce:	40a8      	lsls	r0, r5
100027d0:	1980      	adds	r0, r0, r6
100027d2:	d300      	bcc.n	100027d6 <last0+0x32>
100027d4:	3101      	adds	r1, #1
100027d6:	2b00      	cmp	r3, #0
100027d8:	d102      	bne.n	100027e0 <last0+0x3c>
100027da:	42a2      	cmp	r2, r4
100027dc:	d20a      	bcs.n	100027f4 <last0+0x50>
100027de:	bdf0      	pop	{r4, r5, r6, r7, pc}
100027e0:	3001      	adds	r0, #1
100027e2:	d300      	bcc.n	100027e6 <last0+0x42>
100027e4:	3101      	adds	r1, #1
100027e6:	1b12      	subs	r2, r2, r4
100027e8:	d2fa      	bcs.n	100027e0 <last0+0x3c>
100027ea:	3b01      	subs	r3, #1
100027ec:	d1f8      	bne.n	100027e0 <last0+0x3c>
100027ee:	42a2      	cmp	r2, r4
100027f0:	d200      	bcs.n	100027f4 <last0+0x50>
100027f2:	bdf0      	pop	{r4, r5, r6, r7, pc}
100027f4:	3001      	adds	r0, #1
100027f6:	d300      	bcc.n	100027fa <last0+0x56>
100027f8:	3101      	adds	r1, #1
100027fa:	1b12      	subs	r2, r2, r4
100027fc:	e7f7      	b.n	100027ee <last0+0x4a>

100027fe <y64_x48>:
100027fe:	b5f0      	push	{r4, r5, r6, r7, lr}
10002800:	0c1c      	lsrs	r4, r3, #16
10002802:	d000      	beq.n	10002806 <y64_x48+0x8>
10002804:	e080      	b.n	10002908 <y64_x64>
10002806:	b40c      	push	{r2, r3}
10002808:	2500      	movs	r5, #0
1000280a:	0a1c      	lsrs	r4, r3, #8
1000280c:	d104      	bne.n	10002818 <y64_x48+0x1a>
1000280e:	021b      	lsls	r3, r3, #8
10002810:	0e16      	lsrs	r6, r2, #24
10002812:	4333      	orrs	r3, r6
10002814:	0212      	lsls	r2, r2, #8
10002816:	3508      	adds	r5, #8
10002818:	0b1c      	lsrs	r4, r3, #12
1000281a:	d104      	bne.n	10002826 <y64_x48+0x28>
1000281c:	011b      	lsls	r3, r3, #4
1000281e:	0f16      	lsrs	r6, r2, #28
10002820:	4333      	orrs	r3, r6
10002822:	0112      	lsls	r2, r2, #4
10002824:	3504      	adds	r5, #4
10002826:	0b9c      	lsrs	r4, r3, #14
10002828:	d104      	bne.n	10002834 <y64_x48+0x36>
1000282a:	009b      	lsls	r3, r3, #2
1000282c:	0f96      	lsrs	r6, r2, #30
1000282e:	4333      	orrs	r3, r6
10002830:	0092      	lsls	r2, r2, #2
10002832:	3502      	adds	r5, #2
10002834:	0bdc      	lsrs	r4, r3, #15
10002836:	d102      	bne.n	1000283e <y64_x48+0x40>
10002838:	1892      	adds	r2, r2, r2
1000283a:	415b      	adcs	r3, r3
1000283c:	3501      	adds	r5, #1
1000283e:	001c      	movs	r4, r3
10002840:	1897      	adds	r7, r2, r2
10002842:	4164      	adcs	r4, r4
10002844:	3401      	adds	r4, #1
10002846:	4f46      	ldr	r7, [pc, #280]	@ (10002960 <y64_x64+0x58>)
10002848:	667c      	str	r4, [r7, #100]	@ 0x64
1000284a:	4c46      	ldr	r4, [pc, #280]	@ (10002964 <y64_x64+0x5c>)
1000284c:	663c      	str	r4, [r7, #96]	@ 0x60
1000284e:	0c0e      	lsrs	r6, r1, #16
10002850:	e7ff      	b.n	10002852 <y64_x48+0x54>
10002852:	e7ff      	b.n	10002854 <y64_x48+0x56>
10002854:	e7ff      	b.n	10002856 <y64_x48+0x58>
10002856:	46c0      	nop			@ (mov r8, r8)
10002858:	6f3c      	ldr	r4, [r7, #112]	@ 0x70
1000285a:	4366      	muls	r6, r4
1000285c:	0c36      	lsrs	r6, r6, #16
1000285e:	0377      	lsls	r7, r6, #13
10002860:	46be      	mov	lr, r7
10002862:	b297      	uxth	r7, r2
10002864:	4377      	muls	r7, r6
10002866:	1bc0      	subs	r0, r0, r7
10002868:	d200      	bcs.n	1000286c <y64_x48+0x6e>
1000286a:	3901      	subs	r1, #1
1000286c:	1bc0      	subs	r0, r0, r7
1000286e:	d200      	bcs.n	10002872 <y64_x48+0x74>
10002870:	3901      	subs	r1, #1
10002872:	b29f      	uxth	r7, r3
10002874:	4377      	muls	r7, r6
10002876:	1bc9      	subs	r1, r1, r7
10002878:	1bc9      	subs	r1, r1, r7
1000287a:	0c17      	lsrs	r7, r2, #16
1000287c:	4377      	muls	r7, r6
1000287e:	047e      	lsls	r6, r7, #17
10002880:	0bff      	lsrs	r7, r7, #15
10002882:	1b80      	subs	r0, r0, r6
10002884:	41b9      	sbcs	r1, r7
10002886:	08ce      	lsrs	r6, r1, #3
10002888:	4366      	muls	r6, r4
1000288a:	0c36      	lsrs	r6, r6, #16
1000288c:	2d0c      	cmp	r5, #12
1000288e:	db33      	blt.n	100028f8 <last1>
10002890:	44b6      	add	lr, r6
10002892:	0b12      	lsrs	r2, r2, #12
10002894:	051f      	lsls	r7, r3, #20
10002896:	433a      	orrs	r2, r7
10002898:	0b1b      	lsrs	r3, r3, #12
1000289a:	b297      	uxth	r7, r2
1000289c:	4377      	muls	r7, r6
1000289e:	1bc0      	subs	r0, r0, r7
100028a0:	d200      	bcs.n	100028a4 <y64_x48+0xa6>
100028a2:	3901      	subs	r1, #1
100028a4:	b29f      	uxth	r7, r3
100028a6:	4377      	muls	r7, r6
100028a8:	1bc9      	subs	r1, r1, r7
100028aa:	0c17      	lsrs	r7, r2, #16
100028ac:	4377      	muls	r7, r6
100028ae:	043e      	lsls	r6, r7, #16
100028b0:	0c3f      	lsrs	r7, r7, #16
100028b2:	1b80      	subs	r0, r0, r6
100028b4:	41b9      	sbcs	r1, r7
100028b6:	0d86      	lsrs	r6, r0, #22
100028b8:	028f      	lsls	r7, r1, #10
100028ba:	433e      	orrs	r6, r7
100028bc:	4366      	muls	r6, r4
100028be:	2729      	movs	r7, #41	@ 0x29
100028c0:	1b7f      	subs	r7, r7, r5
100028c2:	40fe      	lsrs	r6, r7
100028c4:	3d0c      	subs	r5, #12
100028c6:	4677      	mov	r7, lr
100028c8:	40af      	lsls	r7, r5
100028ca:	19bf      	adds	r7, r7, r6
100028cc:	bc30      	pop	{r4, r5}
100028ce:	b2a2      	uxth	r2, r4
100028d0:	b2ab      	uxth	r3, r5
100028d2:	4372      	muls	r2, r6
100028d4:	4373      	muls	r3, r6
100028d6:	1a80      	subs	r0, r0, r2
100028d8:	4199      	sbcs	r1, r3
100028da:	0c22      	lsrs	r2, r4, #16
100028dc:	4372      	muls	r2, r6
100028de:	0c13      	lsrs	r3, r2, #16
100028e0:	0412      	lsls	r2, r2, #16
100028e2:	1a80      	subs	r0, r0, r2
100028e4:	4199      	sbcs	r1, r3
100028e6:	0002      	movs	r2, r0
100028e8:	000b      	movs	r3, r1
100028ea:	3701      	adds	r7, #1
100028ec:	1b00      	subs	r0, r0, r4
100028ee:	41a9      	sbcs	r1, r5
100028f0:	d2f9      	bcs.n	100028e6 <y64_x48+0xe8>
100028f2:	1e78      	subs	r0, r7, #1
100028f4:	2100      	movs	r1, #0
100028f6:	bdf0      	pop	{r4, r5, r6, r7, pc}

100028f8 <last1>:
100028f8:	270c      	movs	r7, #12
100028fa:	1b7f      	subs	r7, r7, r5
100028fc:	40fe      	lsrs	r6, r7
100028fe:	4677      	mov	r7, lr
10002900:	0b7f      	lsrs	r7, r7, #13
10002902:	40af      	lsls	r7, r5
10002904:	19ff      	adds	r7, r7, r7
10002906:	e7e0      	b.n	100028ca <y64_x48+0xcc>

10002908 <y64_x64>:
10002908:	2400      	movs	r4, #0
1000290a:	1c5d      	adds	r5, r3, #1
1000290c:	d007      	beq.n	1000291e <y64_x64+0x16>
1000290e:	4f14      	ldr	r7, [pc, #80]	@ (10002960 <y64_x64+0x58>)
10002910:	667d      	str	r5, [r7, #100]	@ 0x64
10002912:	6639      	str	r1, [r7, #96]	@ 0x60
10002914:	e7ff      	b.n	10002916 <y64_x64+0xe>
10002916:	e7ff      	b.n	10002918 <y64_x64+0x10>
10002918:	e7ff      	b.n	1000291a <y64_x64+0x12>
1000291a:	e7ff      	b.n	1000291c <y64_x64+0x14>
1000291c:	6f3c      	ldr	r4, [r7, #112]	@ 0x70
1000291e:	b295      	uxth	r5, r2
10002920:	b29e      	uxth	r6, r3
10002922:	4365      	muls	r5, r4
10002924:	4366      	muls	r6, r4
10002926:	1b40      	subs	r0, r0, r5
10002928:	41b1      	sbcs	r1, r6
1000292a:	0c15      	lsrs	r5, r2, #16
1000292c:	0c1e      	lsrs	r6, r3, #16
1000292e:	4365      	muls	r5, r4
10002930:	4366      	muls	r6, r4
10002932:	0436      	lsls	r6, r6, #16
10002934:	0c2f      	lsrs	r7, r5, #16
10002936:	433e      	orrs	r6, r7
10002938:	042d      	lsls	r5, r5, #16
1000293a:	1b40      	subs	r0, r0, r5
1000293c:	41b1      	sbcs	r1, r6
1000293e:	4299      	cmp	r1, r3
10002940:	d204      	bcs.n	1000294c <y64_x64+0x44>
10002942:	0002      	movs	r2, r0
10002944:	000b      	movs	r3, r1
10002946:	0020      	movs	r0, r4
10002948:	2100      	movs	r1, #0
1000294a:	bdf0      	pop	{r4, r5, r6, r7, pc}
1000294c:	d101      	bne.n	10002952 <y64_x64+0x4a>
1000294e:	4290      	cmp	r0, r2
10002950:	d3f7      	bcc.n	10002942 <y64_x64+0x3a>
10002952:	1a80      	subs	r0, r0, r2
10002954:	4199      	sbcs	r1, r3
10002956:	3401      	adds	r4, #1
10002958:	4299      	cmp	r1, r3
1000295a:	d3f2      	bcc.n	10002942 <y64_x64+0x3a>
1000295c:	e7f6      	b.n	1000294c <y64_x64+0x44>
1000295e:	0000      	.short	0x0000
10002960:	d0000000 	.word	0xd0000000
10002964:	ffffffff 	.word	0xffffffff

10002968 <__wrap___aeabi_drsub>:
10002968:	4048      	eors	r0, r1
1000296a:	4041      	eors	r1, r0
1000296c:	4048      	eors	r0, r1

1000296e <__wrap___aeabi_dsub>:
1000296e:	b418      	push	{r3, r4}
10002970:	4b1b      	ldr	r3, [pc, #108]	@ (100029e0 <__wrap___aeabi_dmul+0x12>)
10002972:	685b      	ldr	r3, [r3, #4]
10002974:	46fc      	mov	ip, pc
10002976:	9301      	str	r3, [sp, #4]
10002978:	bd08      	pop	{r3, pc}
1000297a:	df04      	.short	0xdf04
1000297c:	10002cab 	.word	0x10002cab

10002980 <__wrap___aeabi_dadd>:
10002980:	b418      	push	{r3, r4}
10002982:	4b17      	ldr	r3, [pc, #92]	@ (100029e0 <__wrap___aeabi_dmul+0x12>)
10002984:	681b      	ldr	r3, [r3, #0]
10002986:	46fc      	mov	ip, pc
10002988:	9301      	str	r3, [sp, #4]
1000298a:	bd08      	pop	{r3, pc}
1000298c:	2cb5df00 	.word	0x2cb5df00
10002990:	1000      	.short	0x1000

10002992 <__wrap___aeabi_ddiv>:
10002992:	4694      	mov	ip, r2
10002994:	4a13      	ldr	r2, [pc, #76]	@ (100029e4 <__wrap___aeabi_dmul+0x16>)
10002996:	6f92      	ldr	r2, [r2, #120]	@ 0x78
10002998:	0892      	lsrs	r2, r2, #2
1000299a:	d209      	bcs.n	100029b0 <ddiv_save_state>
1000299c:	4662      	mov	r2, ip

1000299e <ddiv_shim_call>:
1000299e:	b418      	push	{r3, r4}
100029a0:	4b0f      	ldr	r3, [pc, #60]	@ (100029e0 <__wrap___aeabi_dmul+0x12>)
100029a2:	68db      	ldr	r3, [r3, #12]
100029a4:	46fc      	mov	ip, pc
100029a6:	9301      	str	r3, [sp, #4]
100029a8:	bd08      	pop	{r3, pc}
100029aa:	df0c      	.short	0xdf0c
100029ac:	10002f6d 	.word	0x10002f6d

100029b0 <ddiv_save_state>:
100029b0:	4a0c      	ldr	r2, [pc, #48]	@ (100029e4 <__wrap___aeabi_dmul+0x16>)
100029b2:	b5f0      	push	{r4, r5, r6, r7, lr}
100029b4:	6e14      	ldr	r4, [r2, #96]	@ 0x60
100029b6:	6e55      	ldr	r5, [r2, #100]	@ 0x64
100029b8:	6f57      	ldr	r7, [r2, #116]	@ 0x74
100029ba:	6f16      	ldr	r6, [r2, #112]	@ 0x70
100029bc:	4662      	mov	r2, ip
100029be:	f7ff ffee 	bl	1000299e <ddiv_shim_call>
100029c2:	4a08      	ldr	r2, [pc, #32]	@ (100029e4 <__wrap___aeabi_dmul+0x16>)
100029c4:	6614      	str	r4, [r2, #96]	@ 0x60
100029c6:	6655      	str	r5, [r2, #100]	@ 0x64
100029c8:	6757      	str	r7, [r2, #116]	@ 0x74
100029ca:	6716      	str	r6, [r2, #112]	@ 0x70
100029cc:	bdf0      	pop	{r4, r5, r6, r7, pc}

100029ce <__wrap___aeabi_dmul>:
100029ce:	b418      	push	{r3, r4}
100029d0:	4b03      	ldr	r3, [pc, #12]	@ (100029e0 <__wrap___aeabi_dmul+0x12>)
100029d2:	689b      	ldr	r3, [r3, #8]
100029d4:	46fc      	mov	ip, pc
100029d6:	9301      	str	r3, [sp, #4]
100029d8:	bd08      	pop	{r3, pc}
100029da:	df08      	.short	0xdf08
100029dc:	10002e11 	.word	0x10002e11
100029e0:	20001858 	.word	0x20001858
100029e4:	d0000000 	.word	0xd0000000

100029e8 <__wrap___aeabi_cdrcmple>:
100029e8:	b5ff      	push	{r0, r1, r2, r3, r4, r5, r6, r7, lr}
100029ea:	4050      	eors	r0, r2
100029ec:	4042      	eors	r2, r0
100029ee:	4050      	eors	r0, r2
100029f0:	4059      	eors	r1, r3
100029f2:	404b      	eors	r3, r1
100029f4:	4059      	eors	r1, r3
100029f6:	e000      	b.n	100029fa <__aeabi_dfcmple_guts>

100029f8 <__wrap___aeabi_cdcmpeq>:
100029f8:	b5ff      	push	{r0, r1, r2, r3, r4, r5, r6, r7, lr}

100029fa <__aeabi_dfcmple_guts>:
100029fa:	4f15      	ldr	r7, [pc, #84]	@ (10002a50 <__aeabi_dfcmple_guts+0x56>)
100029fc:	004c      	lsls	r4, r1, #1
100029fe:	0d64      	lsrs	r4, r4, #21
10002a00:	d003      	beq.n	10002a0a <__aeabi_dfcmple_guts+0x10>
10002a02:	42bc      	cmp	r4, r7
10002a04:	d104      	bne.n	10002a10 <__aeabi_dfcmple_guts+0x16>
10002a06:	030c      	lsls	r4, r1, #12
10002a08:	d814      	bhi.n	10002a34 <__aeabi_dfcmple_guts+0x3a>
10002a0a:	2000      	movs	r0, #0
10002a0c:	0d09      	lsrs	r1, r1, #20
10002a0e:	0509      	lsls	r1, r1, #20
10002a10:	005c      	lsls	r4, r3, #1
10002a12:	0d64      	lsrs	r4, r4, #21
10002a14:	d003      	beq.n	10002a1e <__aeabi_dfcmple_guts+0x24>
10002a16:	42bc      	cmp	r4, r7
10002a18:	d104      	bne.n	10002a24 <__aeabi_dfcmple_guts+0x2a>
10002a1a:	031c      	lsls	r4, r3, #12
10002a1c:	d80a      	bhi.n	10002a34 <__aeabi_dfcmple_guts+0x3a>
10002a1e:	2200      	movs	r2, #0
10002a20:	0d1b      	lsrs	r3, r3, #20
10002a22:	051b      	lsls	r3, r3, #20
10002a24:	2601      	movs	r6, #1
10002a26:	404b      	eors	r3, r1
10002a28:	d409      	bmi.n	10002a3e <__aeabi_dfcmple_guts+0x44>
10002a2a:	404b      	eors	r3, r1
10002a2c:	d503      	bpl.n	10002a36 <__aeabi_dfcmple_guts+0x3c>
10002a2e:	428b      	cmp	r3, r1
10002a30:	d100      	bne.n	10002a34 <__aeabi_dfcmple_guts+0x3a>
10002a32:	4282      	cmp	r2, r0
10002a34:	bdff      	pop	{r0, r1, r2, r3, r4, r5, r6, r7, pc}
10002a36:	4299      	cmp	r1, r3
10002a38:	d1fc      	bne.n	10002a34 <__aeabi_dfcmple_guts+0x3a>
10002a3a:	4290      	cmp	r0, r2
10002a3c:	bdff      	pop	{r0, r1, r2, r3, r4, r5, r6, r7, pc}
10002a3e:	430b      	orrs	r3, r1
10002a40:	18db      	adds	r3, r3, r3
10002a42:	4303      	orrs	r3, r0
10002a44:	4313      	orrs	r3, r2
10002a46:	d0f5      	beq.n	10002a34 <__aeabi_dfcmple_guts+0x3a>
10002a48:	43c9      	mvns	r1, r1
10002a4a:	1849      	adds	r1, r1, r1
10002a4c:	bdff      	pop	{r0, r1, r2, r3, r4, r5, r6, r7, pc}
10002a4e:	0000      	.short	0x0000
10002a50:	000007ff 	.word	0x000007ff

10002a54 <__wrap___aeabi_dcmpeq>:
10002a54:	b500      	push	{lr}
10002a56:	f7ff ffcf 	bl	100029f8 <__wrap___aeabi_cdcmpeq>
10002a5a:	d001      	beq.n	10002a60 <__wrap___aeabi_dcmpeq+0xc>
10002a5c:	2000      	movs	r0, #0
10002a5e:	bd00      	pop	{pc}
10002a60:	2001      	movs	r0, #1
10002a62:	bd00      	pop	{pc}

10002a64 <__wrap___aeabi_dcmplt>:
10002a64:	b500      	push	{lr}
10002a66:	f7ff ffc7 	bl	100029f8 <__wrap___aeabi_cdcmpeq>
10002a6a:	4180      	sbcs	r0, r0
10002a6c:	bd00      	pop	{pc}
10002a6e:	46c0      	nop			@ (mov r8, r8)

10002a70 <__wrap___aeabi_dcmple>:
10002a70:	b500      	push	{lr}
10002a72:	f7ff ffc1 	bl	100029f8 <__wrap___aeabi_cdcmpeq>
10002a76:	d901      	bls.n	10002a7c <__wrap___aeabi_dcmple+0xc>
10002a78:	2000      	movs	r0, #0
10002a7a:	bd00      	pop	{pc}
10002a7c:	2001      	movs	r0, #1
10002a7e:	bd00      	pop	{pc}

10002a80 <__wrap___aeabi_dcmpge>:
10002a80:	b500      	push	{lr}
10002a82:	f7ff ffb1 	bl	100029e8 <__wrap___aeabi_cdrcmple>
10002a86:	d901      	bls.n	10002a8c <__wrap___aeabi_dcmpge+0xc>
10002a88:	2000      	movs	r0, #0
10002a8a:	bd00      	pop	{pc}
10002a8c:	2001      	movs	r0, #1
10002a8e:	bd00      	pop	{pc}

10002a90 <__wrap___aeabi_dcmpgt>:
10002a90:	b500      	push	{lr}
10002a92:	f7ff ffa9 	bl	100029e8 <__wrap___aeabi_cdrcmple>
10002a96:	4180      	sbcs	r0, r0
10002a98:	bd00      	pop	{pc}

10002a9a <__wrap___aeabi_dcmpun>:
10002a9a:	2001      	movs	r0, #1
10002a9c:	0540      	lsls	r0, r0, #21
10002a9e:	004a      	lsls	r2, r1, #1
10002aa0:	1812      	adds	r2, r2, r0
10002aa2:	d804      	bhi.n	10002aae <__wrap___aeabi_dcmpun+0x14>
10002aa4:	005a      	lsls	r2, r3, #1
10002aa6:	1812      	adds	r2, r2, r0
10002aa8:	d801      	bhi.n	10002aae <__wrap___aeabi_dcmpun+0x14>
10002aaa:	2000      	movs	r0, #0
10002aac:	4770      	bx	lr
10002aae:	2001      	movs	r0, #1
10002ab0:	4770      	bx	lr
	...

10002ab4 <__wrap___aeabi_ui2d>:
10002ab4:	2100      	movs	r1, #0
10002ab6:	2800      	cmp	r0, #0
10002ab8:	d105      	bne.n	10002ac6 <__wrap___aeabi_i2d+0xa>
10002aba:	4770      	bx	lr

10002abc <__wrap___aeabi_i2d>:
10002abc:	17c1      	asrs	r1, r0, #31
10002abe:	4048      	eors	r0, r1
10002ac0:	1a40      	subs	r0, r0, r1
10002ac2:	d0fa      	beq.n	10002aba <__wrap___aeabi_ui2d+0x6>
10002ac4:	07c9      	lsls	r1, r1, #31
10002ac6:	b513      	push	{r0, r1, r4, lr}
10002ac8:	4b06      	ldr	r3, [pc, #24]	@ (10002ae4 <__wrap___aeabi_i2d+0x28>)
10002aca:	681b      	ldr	r3, [r3, #0]
10002acc:	4798      	blx	r3
10002ace:	bc0c      	pop	{r2, r3}
10002ad0:	1c44      	adds	r4, r0, #1
10002ad2:	40a2      	lsls	r2, r4
10002ad4:	0510      	lsls	r0, r2, #20
10002ad6:	0b12      	lsrs	r2, r2, #12
10002ad8:	4903      	ldr	r1, [pc, #12]	@ (10002ae8 <__wrap___aeabi_i2d+0x2c>)
10002ada:	1b09      	subs	r1, r1, r4
10002adc:	0509      	lsls	r1, r1, #20
10002ade:	4319      	orrs	r1, r3
10002ae0:	4311      	orrs	r1, r2
10002ae2:	bd10      	pop	{r4, pc}
10002ae4:	20002cc8 	.word	0x20002cc8
10002ae8:	0000041f 	.word	0x0000041f

10002aec <__wrap___aeabi_d2iz>:
10002aec:	b510      	push	{r4, lr}
10002aee:	004c      	lsls	r4, r1, #1
10002af0:	0d62      	lsrs	r2, r4, #21
10002af2:	2380      	movs	r3, #128	@ 0x80
10002af4:	18d2      	adds	r2, r2, r3
10002af6:	00db      	lsls	r3, r3, #3
10002af8:	1ad2      	subs	r2, r2, r3
10002afa:	055b      	lsls	r3, r3, #21
10002afc:	2a7e      	cmp	r2, #126	@ 0x7e
10002afe:	dd10      	ble.n	10002b22 <__wrap___aeabi_d2iz+0x36>
10002b00:	3a9e      	subs	r2, #158	@ 0x9e
10002b02:	da13      	bge.n	10002b2c <__wrap___aeabi_d2iz+0x40>
10002b04:	17cc      	asrs	r4, r1, #31
10002b06:	0309      	lsls	r1, r1, #12
10002b08:	0849      	lsrs	r1, r1, #1
10002b0a:	4319      	orrs	r1, r3
10002b0c:	4252      	negs	r2, r2
10002b0e:	40d1      	lsrs	r1, r2
10002b10:	0064      	lsls	r4, r4, #1
10002b12:	3401      	adds	r4, #1
10002b14:	3215      	adds	r2, #21
10002b16:	2a20      	cmp	r2, #32
10002b18:	da05      	bge.n	10002b26 <__wrap___aeabi_d2iz+0x3a>
10002b1a:	40d0      	lsrs	r0, r2
10002b1c:	4308      	orrs	r0, r1
10002b1e:	4360      	muls	r0, r4
10002b20:	bd10      	pop	{r4, pc}
10002b22:	2000      	movs	r0, #0
10002b24:	bd10      	pop	{r4, pc}
10002b26:	4608      	mov	r0, r1
10002b28:	4360      	muls	r0, r4
10002b2a:	bd10      	pop	{r4, pc}
10002b2c:	0fc8      	lsrs	r0, r1, #31
10002b2e:	18c0      	adds	r0, r0, r3
10002b30:	3801      	subs	r0, #1
10002b32:	bd10      	pop	{r4, pc}

10002b34 <__wrap___aeabi_d2uiz>:
10002b34:	b418      	push	{r3, r4}
10002b36:	4b04      	ldr	r3, [pc, #16]	@ (10002b48 <__wrap___aeabi_d2uiz+0x14>)
10002b38:	6a5b      	ldr	r3, [r3, #36]	@ 0x24
10002b3a:	46fc      	mov	ip, pc
10002b3c:	9301      	str	r3, [sp, #4]
10002b3e:	bd08      	pop	{r3, pc}
10002b40:	311ddf24 	.word	0x311ddf24
10002b44:	00001000 	.word	0x00001000
10002b48:	20001858 	.word	0x20001858

10002b4c <__wrap___aeabi_l2d>:
10002b4c:	b418      	push	{r3, r4}
10002b4e:	4b04      	ldr	r3, [pc, #16]	@ (10002b60 <__wrap___aeabi_l2d+0x14>)
10002b50:	6ddb      	ldr	r3, [r3, #92]	@ 0x5c
10002b52:	46fc      	mov	ip, pc
10002b54:	9301      	str	r3, [sp, #4]
10002b56:	bd08      	pop	{r3, pc}
10002b58:	3229df5c 	.word	0x3229df5c
10002b5c:	00001000 	.word	0x00001000
10002b60:	20001858 	.word	0x20001858

10002b64 <__wrap___aeabi_d2lz>:
10002b64:	42c9      	cmn	r1, r1
10002b66:	d311      	bcc.n	10002b8c <double2int64>
10002b68:	b500      	push	{lr}
10002b6a:	0049      	lsls	r1, r1, #1
10002b6c:	0849      	lsrs	r1, r1, #1
10002b6e:	2200      	movs	r2, #0
10002b70:	f000 f818 	bl	10002ba4 <double2ufix64>
10002b74:	2900      	cmp	r1, #0
10002b76:	d404      	bmi.n	10002b82 <__wrap___aeabi_d2lz+0x1e>
10002b78:	2200      	movs	r2, #0
10002b7a:	4240      	negs	r0, r0
10002b7c:	418a      	sbcs	r2, r1
10002b7e:	4611      	mov	r1, r2
10002b80:	bd00      	pop	{pc}
10002b82:	2180      	movs	r1, #128	@ 0x80
10002b84:	0609      	lsls	r1, r1, #24
10002b86:	2000      	movs	r0, #0
10002b88:	bd00      	pop	{pc}
	...

10002b8c <double2int64>:
10002b8c:	b418      	push	{r3, r4}
10002b8e:	4b04      	ldr	r3, [pc, #16]	@ (10002ba0 <double2int64+0x14>)
10002b90:	6edb      	ldr	r3, [r3, #108]	@ 0x6c
10002b92:	46fc      	mov	ip, pc
10002b94:	9301      	str	r3, [sp, #4]
10002b96:	bd08      	pop	{r3, pc}
10002b98:	312bdf6c 	.word	0x312bdf6c
10002b9c:	00001000 	.word	0x00001000
10002ba0:	20001858 	.word	0x20001858

10002ba4 <double2ufix64>:
10002ba4:	b418      	push	{r3, r4}
10002ba6:	4b04      	ldr	r3, [pc, #16]	@ (10002bb8 <double2ufix64+0x14>)
10002ba8:	6f9b      	ldr	r3, [r3, #120]	@ 0x78
10002baa:	46fc      	mov	ip, pc
10002bac:	9301      	str	r3, [sp, #4]
10002bae:	bd08      	pop	{r3, pc}
10002bb0:	3147df78 	.word	0x3147df78
10002bb4:	00001000 	.word	0x00001000
10002bb8:	20001858 	.word	0x20001858

10002bbc <__wrap___aeabi_d2f>:
10002bbc:	b418      	push	{r3, r4}
10002bbe:	4b04      	ldr	r3, [pc, #16]	@ (10002bd0 <__wrap___aeabi_d2f+0x14>)
10002bc0:	6fdb      	ldr	r3, [r3, #124]	@ 0x7c
10002bc2:	46fc      	mov	ip, pc
10002bc4:	9301      	str	r3, [sp, #4]
10002bc6:	bd08      	pop	{r3, pc}
10002bc8:	31b5df7c 	.word	0x31b5df7c
10002bcc:	00001000 	.word	0x00001000
10002bd0:	20001858 	.word	0x20001858

10002bd4 <__aeabi_double_init>:
10002bd4:	2313      	movs	r3, #19
10002bd6:	b570      	push	{r4, r5, r6, lr}
10002bd8:	781d      	ldrb	r5, [r3, #0]
10002bda:	2d01      	cmp	r5, #1
10002bdc:	d019      	beq.n	10002c12 <__aeabi_double_init+0x3e>
10002bde:	dd14      	ble.n	10002c0a <__aeabi_double_init+0x36>
10002be0:	481f      	ldr	r0, [pc, #124]	@ (10002c60 <__aeabi_double_init+0x8c>)
10002be2:	f7ff fb2f 	bl	10002244 <rom_data_lookup>
10002be6:	0006      	movs	r6, r0
10002be8:	481e      	ldr	r0, [pc, #120]	@ (10002c64 <__aeabi_double_init+0x90>)
10002bea:	f7ff fb2b 	bl	10002244 <rom_data_lookup>
10002bee:	4c1e      	ldr	r4, [pc, #120]	@ (10002c68 <__aeabi_double_init+0x94>)
10002bf0:	2280      	movs	r2, #128	@ 0x80
10002bf2:	0031      	movs	r1, r6
10002bf4:	0020      	movs	r0, r4
10002bf6:	f000 fcb1 	bl	1000355c <__wrap___aeabi_memcpy>
10002bfa:	2d02      	cmp	r5, #2
10002bfc:	d02d      	beq.n	10002c5a <__aeabi_double_init+0x86>
10002bfe:	481b      	ldr	r0, [pc, #108]	@ (10002c6c <__aeabi_double_init+0x98>)
10002c00:	f7ff fb18 	bl	10002234 <rom_func_lookup>
10002c04:	4b1a      	ldr	r3, [pc, #104]	@ (10002c70 <__aeabi_double_init+0x9c>)
10002c06:	6018      	str	r0, [r3, #0]
10002c08:	bd70      	pop	{r4, r5, r6, pc}
10002c0a:	4b1a      	ldr	r3, [pc, #104]	@ (10002c74 <__aeabi_double_init+0xa0>)
10002c0c:	4c16      	ldr	r4, [pc, #88]	@ (10002c68 <__aeabi_double_init+0x94>)
10002c0e:	64a3      	str	r3, [r4, #72]	@ 0x48
10002c10:	e7f5      	b.n	10002bfe <__aeabi_double_init+0x2a>
10002c12:	4b18      	ldr	r3, [pc, #96]	@ (10002c74 <__aeabi_double_init+0xa0>)
10002c14:	4c14      	ldr	r4, [pc, #80]	@ (10002c68 <__aeabi_double_init+0x94>)
10002c16:	6023      	str	r3, [r4, #0]
10002c18:	6063      	str	r3, [r4, #4]
10002c1a:	60a3      	str	r3, [r4, #8]
10002c1c:	60e3      	str	r3, [r4, #12]
10002c1e:	6123      	str	r3, [r4, #16]
10002c20:	6163      	str	r3, [r4, #20]
10002c22:	61a3      	str	r3, [r4, #24]
10002c24:	61e3      	str	r3, [r4, #28]
10002c26:	6223      	str	r3, [r4, #32]
10002c28:	6263      	str	r3, [r4, #36]	@ 0x24
10002c2a:	62a3      	str	r3, [r4, #40]	@ 0x28
10002c2c:	62e3      	str	r3, [r4, #44]	@ 0x2c
10002c2e:	6323      	str	r3, [r4, #48]	@ 0x30
10002c30:	6363      	str	r3, [r4, #52]	@ 0x34
10002c32:	63a3      	str	r3, [r4, #56]	@ 0x38
10002c34:	63e3      	str	r3, [r4, #60]	@ 0x3c
10002c36:	6423      	str	r3, [r4, #64]	@ 0x40
10002c38:	6463      	str	r3, [r4, #68]	@ 0x44
10002c3a:	64a3      	str	r3, [r4, #72]	@ 0x48
10002c3c:	64e3      	str	r3, [r4, #76]	@ 0x4c
10002c3e:	6523      	str	r3, [r4, #80]	@ 0x50
10002c40:	6563      	str	r3, [r4, #84]	@ 0x54
10002c42:	65a3      	str	r3, [r4, #88]	@ 0x58
10002c44:	65e3      	str	r3, [r4, #92]	@ 0x5c
10002c46:	6623      	str	r3, [r4, #96]	@ 0x60
10002c48:	6663      	str	r3, [r4, #100]	@ 0x64
10002c4a:	66a3      	str	r3, [r4, #104]	@ 0x68
10002c4c:	66e3      	str	r3, [r4, #108]	@ 0x6c
10002c4e:	6723      	str	r3, [r4, #112]	@ 0x70
10002c50:	6763      	str	r3, [r4, #116]	@ 0x74
10002c52:	67a3      	str	r3, [r4, #120]	@ 0x78
10002c54:	67e3      	str	r3, [r4, #124]	@ 0x7c
10002c56:	64a3      	str	r3, [r4, #72]	@ 0x48
10002c58:	e7d1      	b.n	10002bfe <__aeabi_double_init+0x2a>
10002c5a:	4b06      	ldr	r3, [pc, #24]	@ (10002c74 <__aeabi_double_init+0xa0>)
10002c5c:	64a3      	str	r3, [r4, #72]	@ 0x48
10002c5e:	e7ce      	b.n	10002bfe <__aeabi_double_init+0x2a>
10002c60:	00004453 	.word	0x00004453
10002c64:	00004653 	.word	0x00004653
10002c68:	20001858 	.word	0x20001858
10002c6c:	0000334c 	.word	0x0000334c
10002c70:	20002cc8 	.word	0x20002cc8
10002c74:	10002c79 	.word	0x10002c79

10002c78 <double_table_shim_on_use_helper>:
10002c78:	b507      	push	{r0, r1, r2, lr}
10002c7a:	4660      	mov	r0, ip
10002c7c:	8801      	ldrh	r1, [r0, #0]
10002c7e:	0a0a      	lsrs	r2, r1, #8
10002c80:	3002      	adds	r0, #2
10002c82:	2adf      	cmp	r2, #223	@ 0xdf
10002c84:	d1fa      	bne.n	10002c7c <double_table_shim_on_use_helper+0x4>
10002c86:	b2c9      	uxtb	r1, r1
10002c88:	0882      	lsrs	r2, r0, #2
10002c8a:	d304      	bcc.n	10002c96 <double_table_shim_on_use_helper+0x1e>
10002c8c:	8802      	ldrh	r2, [r0, #0]
10002c8e:	8840      	ldrh	r0, [r0, #2]
10002c90:	0400      	lsls	r0, r0, #16
10002c92:	4310      	orrs	r0, r2
10002c94:	e000      	b.n	10002c98 <double_table_shim_on_use_helper+0x20>
10002c96:	6800      	ldr	r0, [r0, #0]
10002c98:	4a01      	ldr	r2, [pc, #4]	@ (10002ca0 <double_table_shim_on_use_helper+0x28>)
10002c9a:	5050      	str	r0, [r2, r1]
10002c9c:	9003      	str	r0, [sp, #12]
10002c9e:	bd07      	pop	{r0, r1, r2, pc}
10002ca0:	20001858 	.word	0x20001858

10002ca4 <drsub_shim>:
10002ca4:	b40f      	push	{r0, r1, r2, r3}
10002ca6:	bc03      	pop	{r0, r1}
10002ca8:	bc0c      	pop	{r2, r3}

10002caa <dsub_shim>:
10002caa:	b5f0      	push	{r4, r5, r6, r7, lr}
10002cac:	2401      	movs	r4, #1
10002cae:	07e4      	lsls	r4, r4, #31
10002cb0:	4063      	eors	r3, r4
10002cb2:	e000      	b.n	10002cb6 <da_entry>

10002cb4 <dadd_shim>:
10002cb4:	b5f0      	push	{r4, r5, r6, r7, lr}

10002cb6 <da_entry>:
10002cb6:	0d0c      	lsrs	r4, r1, #20
10002cb8:	0fcf      	lsrs	r7, r1, #31
10002cba:	1e66      	subs	r6, r4, #1
10002cbc:	0536      	lsls	r6, r6, #20
10002cbe:	1b89      	subs	r1, r1, r6
10002cc0:	0564      	lsls	r4, r4, #21
10002cc2:	d303      	bcc.n	10002ccc <l8_1>
10002cc4:	43c9      	mvns	r1, r1
10002cc6:	4240      	negs	r0, r0
10002cc8:	d300      	bcc.n	10002ccc <l8_1>
10002cca:	3101      	adds	r1, #1

10002ccc <l8_1>:
10002ccc:	0d64      	lsrs	r4, r4, #21
10002cce:	d003      	beq.n	10002cd8 <l8_2>
10002cd0:	1c66      	adds	r6, r4, #1
10002cd2:	0af6      	lsrs	r6, r6, #11
10002cd4:	d007      	beq.n	10002ce6 <l8_3>
10002cd6:	1be4      	subs	r4, r4, r7

10002cd8 <l8_2>:
10002cd8:	2000      	movs	r0, #0
10002cda:	007f      	lsls	r7, r7, #1
10002cdc:	1c79      	adds	r1, r7, #1
10002cde:	0789      	lsls	r1, r1, #30
10002ce0:	1289      	asrs	r1, r1, #10
10002ce2:	3c80      	subs	r4, #128	@ 0x80
10002ce4:	0324      	lsls	r4, r4, #12

10002ce6 <l8_3>:
10002ce6:	0d1d      	lsrs	r5, r3, #20
10002ce8:	0fdf      	lsrs	r7, r3, #31
10002cea:	1e6e      	subs	r6, r5, #1
10002cec:	0536      	lsls	r6, r6, #20
10002cee:	1b9b      	subs	r3, r3, r6
10002cf0:	056d      	lsls	r5, r5, #21
10002cf2:	d303      	bcc.n	10002cfc <l9_1>
10002cf4:	43db      	mvns	r3, r3
10002cf6:	4252      	negs	r2, r2
10002cf8:	d300      	bcc.n	10002cfc <l9_1>
10002cfa:	3301      	adds	r3, #1

10002cfc <l9_1>:
10002cfc:	0d6d      	lsrs	r5, r5, #21
10002cfe:	d003      	beq.n	10002d08 <l9_2>
10002d00:	1c6e      	adds	r6, r5, #1
10002d02:	0af6      	lsrs	r6, r6, #11
10002d04:	d007      	beq.n	10002d16 <l9_3>
10002d06:	1bed      	subs	r5, r5, r7

10002d08 <l9_2>:
10002d08:	2200      	movs	r2, #0
10002d0a:	007f      	lsls	r7, r7, #1
10002d0c:	1c7b      	adds	r3, r7, #1
10002d0e:	079b      	lsls	r3, r3, #30
10002d10:	129b      	asrs	r3, r3, #10
10002d12:	3d80      	subs	r5, #128	@ 0x80
10002d14:	032d      	lsls	r5, r5, #12

10002d16 <l9_3>:
10002d16:	1b2f      	subs	r7, r5, r4
10002d18:	1b66      	subs	r6, r4, r5
10002d1a:	d458      	bmi.n	10002dce <da_ygtx>
10002d1c:	46a4      	mov	ip, r4
10002d1e:	2e20      	cmp	r6, #32
10002d20:	da46      	bge.n	10002db0 <da_xrgty>
10002d22:	3720      	adds	r7, #32
10002d24:	0014      	movs	r4, r2
10002d26:	40bc      	lsls	r4, r7

10002d28 <da_xgty0>:
10002d28:	001d      	movs	r5, r3
10002d2a:	40bd      	lsls	r5, r7
10002d2c:	40f2      	lsrs	r2, r6
10002d2e:	4133      	asrs	r3, r6
10002d30:	432a      	orrs	r2, r5

10002d32 <da_add>:
10002d32:	1880      	adds	r0, r0, r2
10002d34:	4159      	adcs	r1, r3

10002d36 <da_pack>:
10002d36:	0fcb      	lsrs	r3, r1, #31
10002d38:	d005      	beq.n	10002d46 <da_pack+0x10>
10002d3a:	43c9      	mvns	r1, r1
10002d3c:	43c0      	mvns	r0, r0
10002d3e:	2200      	movs	r2, #0
10002d40:	4264      	negs	r4, r4
10002d42:	4150      	adcs	r0, r2
10002d44:	4151      	adcs	r1, r2
10002d46:	4662      	mov	r2, ip
10002d48:	0d4d      	lsrs	r5, r1, #21
10002d4a:	d128      	bne.n	10002d9e <da_0>
10002d4c:	0d0d      	lsrs	r5, r1, #20
10002d4e:	d107      	bne.n	10002d60 <da_1>
10002d50:	2800      	cmp	r0, #0
10002d52:	d01f      	beq.n	10002d94 <da_5>

10002d54 <da_2>:
10002d54:	1924      	adds	r4, r4, r4
10002d56:	4140      	adcs	r0, r0
10002d58:	4149      	adcs	r1, r1
10002d5a:	3a01      	subs	r2, #1
10002d5c:	0d0d      	lsrs	r5, r1, #20
10002d5e:	d0f9      	beq.n	10002d54 <da_2>

10002d60 <da_1>:
10002d60:	0064      	lsls	r4, r4, #1
10002d62:	d306      	bcc.n	10002d72 <da_3>

10002d64 <da_4>:
10002d64:	3001      	adds	r0, #1
10002d66:	d300      	bcc.n	10002d6a <da_4+0x6>
10002d68:	3101      	adds	r1, #1
10002d6a:	2c00      	cmp	r4, #0
10002d6c:	d101      	bne.n	10002d72 <da_3>
10002d6e:	0840      	lsrs	r0, r0, #1
10002d70:	0040      	lsls	r0, r0, #1

10002d72 <da_3>:
10002d72:	3a01      	subs	r2, #1
10002d74:	d40b      	bmi.n	10002d8e <da_6>
10002d76:	1c94      	adds	r4, r2, #2
10002d78:	0ae4      	lsrs	r4, r4, #11
10002d7a:	d104      	bne.n	10002d86 <da_7>
10002d7c:	0512      	lsls	r2, r2, #20
10002d7e:	4411      	add	r1, r2
10002d80:	07db      	lsls	r3, r3, #31
10002d82:	4419      	add	r1, r3
10002d84:	bdf0      	pop	{r4, r5, r6, r7, pc}

10002d86 <da_7>:
10002d86:	07d9      	lsls	r1, r3, #31
10002d88:	4b20      	ldr	r3, [pc, #128]	@ (10002e0c <da_xmgty+0x4>)
10002d8a:	4319      	orrs	r1, r3
10002d8c:	e000      	b.n	10002d90 <da_6+0x2>

10002d8e <da_6>:
10002d8e:	07d9      	lsls	r1, r3, #31
10002d90:	2000      	movs	r0, #0
10002d92:	bdf0      	pop	{r4, r5, r6, r7, pc}

10002d94 <da_5>:
10002d94:	2900      	cmp	r1, #0
10002d96:	d1dd      	bne.n	10002d54 <da_2>
10002d98:	2c00      	cmp	r4, #0
10002d9a:	d1db      	bne.n	10002d54 <da_2>
10002d9c:	bdf0      	pop	{r4, r5, r6, r7, pc}

10002d9e <da_0>:
10002d9e:	3201      	adds	r2, #1
10002da0:	07c6      	lsls	r6, r0, #31
10002da2:	0840      	lsrs	r0, r0, #1
10002da4:	07cd      	lsls	r5, r1, #31
10002da6:	4328      	orrs	r0, r5
10002da8:	0849      	lsrs	r1, r1, #1
10002daa:	2e00      	cmp	r6, #0
10002dac:	d0e1      	beq.n	10002d72 <da_3>
10002dae:	e7d9      	b.n	10002d64 <da_4>

10002db0 <da_xrgty>:
10002db0:	2e3c      	cmp	r6, #60	@ 0x3c
10002db2:	da29      	bge.n	10002e08 <da_xmgty>
10002db4:	3e20      	subs	r6, #32
10002db6:	3740      	adds	r7, #64	@ 0x40
10002db8:	0014      	movs	r4, r2
10002dba:	40bc      	lsls	r4, r7
10002dbc:	d000      	beq.n	10002dc0 <da_xrgty+0x10>
10002dbe:	2401      	movs	r4, #1
10002dc0:	40f2      	lsrs	r2, r6
10002dc2:	4314      	orrs	r4, r2
10002dc4:	001a      	movs	r2, r3
10002dc6:	40bb      	lsls	r3, r7
10002dc8:	431c      	orrs	r4, r3
10002dca:	17d3      	asrs	r3, r2, #31
10002dcc:	e7ac      	b.n	10002d28 <da_xgty0>

10002dce <da_ygtx>:
10002dce:	46ac      	mov	ip, r5
10002dd0:	2f20      	cmp	r7, #32
10002dd2:	da08      	bge.n	10002de6 <da_yrgtx>
10002dd4:	3620      	adds	r6, #32
10002dd6:	0004      	movs	r4, r0
10002dd8:	40b4      	lsls	r4, r6

10002dda <da_ygtx0>:
10002dda:	000d      	movs	r5, r1
10002ddc:	40b5      	lsls	r5, r6
10002dde:	40f8      	lsrs	r0, r7
10002de0:	4139      	asrs	r1, r7
10002de2:	4328      	orrs	r0, r5
10002de4:	e7a5      	b.n	10002d32 <da_add>

10002de6 <da_yrgtx>:
10002de6:	2f3c      	cmp	r7, #60	@ 0x3c
10002de8:	da0c      	bge.n	10002e04 <da_ymgtx>
10002dea:	3f20      	subs	r7, #32
10002dec:	3640      	adds	r6, #64	@ 0x40
10002dee:	0004      	movs	r4, r0
10002df0:	40b4      	lsls	r4, r6
10002df2:	d000      	beq.n	10002df6 <da_yrgtx+0x10>
10002df4:	2401      	movs	r4, #1
10002df6:	40f8      	lsrs	r0, r7
10002df8:	4304      	orrs	r4, r0
10002dfa:	0008      	movs	r0, r1
10002dfc:	40b1      	lsls	r1, r6
10002dfe:	430c      	orrs	r4, r1
10002e00:	17c1      	asrs	r1, r0, #31
10002e02:	e7ea      	b.n	10002dda <da_ygtx0>

10002e04 <da_ymgtx>:
10002e04:	0010      	movs	r0, r2
10002e06:	0019      	movs	r1, r3

10002e08 <da_xmgty>:
10002e08:	2400      	movs	r4, #0
10002e0a:	e794      	b.n	10002d36 <da_pack>
10002e0c:	7ff00000 	.word	0x7ff00000

10002e10 <dmul_shim>:
10002e10:	b5f0      	push	{r4, r5, r6, r7, lr}
10002e12:	0d0c      	lsrs	r4, r1, #20
10002e14:	1e66      	subs	r6, r4, #1
10002e16:	0536      	lsls	r6, r6, #20
10002e18:	1b89      	subs	r1, r1, r6
10002e1a:	0ae6      	lsrs	r6, r4, #11
10002e1c:	0564      	lsls	r4, r4, #21
10002e1e:	0d64      	lsrs	r4, r4, #21
10002e20:	d002      	beq.n	10002e28 <l12_1>
10002e22:	1c65      	adds	r5, r4, #1
10002e24:	0aed      	lsrs	r5, r5, #11
10002e26:	d004      	beq.n	10002e32 <l12_2>

10002e28 <l12_1>:
10002e28:	2000      	movs	r0, #0
10002e2a:	2101      	movs	r1, #1
10002e2c:	0509      	lsls	r1, r1, #20
10002e2e:	3c80      	subs	r4, #128	@ 0x80
10002e30:	0324      	lsls	r4, r4, #12

10002e32 <l12_2>:
10002e32:	46a4      	mov	ip, r4
10002e34:	0d1c      	lsrs	r4, r3, #20
10002e36:	1e67      	subs	r7, r4, #1
10002e38:	053f      	lsls	r7, r7, #20
10002e3a:	1bdb      	subs	r3, r3, r7
10002e3c:	0ae7      	lsrs	r7, r4, #11
10002e3e:	0564      	lsls	r4, r4, #21
10002e40:	0d64      	lsrs	r4, r4, #21
10002e42:	d002      	beq.n	10002e4a <l13_1>
10002e44:	1c65      	adds	r5, r4, #1
10002e46:	0aed      	lsrs	r5, r5, #11
10002e48:	d004      	beq.n	10002e54 <l13_2>

10002e4a <l13_1>:
10002e4a:	2200      	movs	r2, #0
10002e4c:	2301      	movs	r3, #1
10002e4e:	051b      	lsls	r3, r3, #20
10002e50:	3c80      	subs	r4, #128	@ 0x80
10002e52:	0324      	lsls	r4, r4, #12

10002e54 <l13_2>:
10002e54:	4077      	eors	r7, r6
10002e56:	4464      	add	r4, ip
10002e58:	b497      	push	{r0, r1, r2, r4, r7}
10002e5a:	b284      	uxth	r4, r0
10002e5c:	b296      	uxth	r6, r2
10002e5e:	4374      	muls	r4, r6
10002e60:	0c07      	lsrs	r7, r0, #16
10002e62:	437e      	muls	r6, r7
10002e64:	0c15      	lsrs	r5, r2, #16
10002e66:	436f      	muls	r7, r5
10002e68:	b280      	uxth	r0, r0
10002e6a:	4368      	muls	r0, r5
10002e6c:	1836      	adds	r6, r6, r0
10002e6e:	d302      	bcc.n	10002e76 <l14_1>
10002e70:	2001      	movs	r0, #1
10002e72:	0400      	lsls	r0, r0, #16
10002e74:	183f      	adds	r7, r7, r0

10002e76 <l14_1>:
10002e76:	0430      	lsls	r0, r6, #16
10002e78:	0c35      	lsrs	r5, r6, #16
10002e7a:	1900      	adds	r0, r0, r4
10002e7c:	417d      	adcs	r5, r7
10002e7e:	4684      	mov	ip, r0
10002e80:	b288      	uxth	r0, r1
10002e82:	b29a      	uxth	r2, r3
10002e84:	4350      	muls	r0, r2
10002e86:	0c0c      	lsrs	r4, r1, #16
10002e88:	4362      	muls	r2, r4
10002e8a:	0c1f      	lsrs	r7, r3, #16
10002e8c:	437c      	muls	r4, r7
10002e8e:	b28e      	uxth	r6, r1
10002e90:	437e      	muls	r6, r7
10002e92:	1992      	adds	r2, r2, r6
10002e94:	d302      	bcc.n	10002e9c <l15_1>
10002e96:	2601      	movs	r6, #1
10002e98:	0436      	lsls	r6, r6, #16
10002e9a:	19a4      	adds	r4, r4, r6

10002e9c <l15_1>:
10002e9c:	0416      	lsls	r6, r2, #16
10002e9e:	0c17      	lsrs	r7, r2, #16
10002ea0:	1836      	adds	r6, r6, r0
10002ea2:	4167      	adcs	r7, r4
10002ea4:	bc01      	pop	{r0}
10002ea6:	b281      	uxth	r1, r0
10002ea8:	b29a      	uxth	r2, r3
10002eaa:	4351      	muls	r1, r2
10002eac:	0c04      	lsrs	r4, r0, #16
10002eae:	4362      	muls	r2, r4
10002eb0:	0c1b      	lsrs	r3, r3, #16
10002eb2:	435c      	muls	r4, r3
10002eb4:	b280      	uxth	r0, r0
10002eb6:	4358      	muls	r0, r3
10002eb8:	1812      	adds	r2, r2, r0
10002eba:	d302      	bcc.n	10002ec2 <l16_1>
10002ebc:	2001      	movs	r0, #1
10002ebe:	0400      	lsls	r0, r0, #16
10002ec0:	1824      	adds	r4, r4, r0

10002ec2 <l16_1>:
10002ec2:	0410      	lsls	r0, r2, #16
10002ec4:	0c13      	lsrs	r3, r2, #16
10002ec6:	1840      	adds	r0, r0, r1
10002ec8:	4163      	adcs	r3, r4
10002eca:	182d      	adds	r5, r5, r0
10002ecc:	415e      	adcs	r6, r3
10002ece:	2000      	movs	r0, #0
10002ed0:	4147      	adcs	r7, r0
10002ed2:	bc06      	pop	{r1, r2}
10002ed4:	b288      	uxth	r0, r1
10002ed6:	b293      	uxth	r3, r2
10002ed8:	4358      	muls	r0, r3
10002eda:	0c0c      	lsrs	r4, r1, #16
10002edc:	4363      	muls	r3, r4
10002ede:	0c12      	lsrs	r2, r2, #16
10002ee0:	4354      	muls	r4, r2
10002ee2:	b289      	uxth	r1, r1
10002ee4:	4351      	muls	r1, r2
10002ee6:	185b      	adds	r3, r3, r1
10002ee8:	d302      	bcc.n	10002ef0 <l17_1>
10002eea:	2101      	movs	r1, #1
10002eec:	0409      	lsls	r1, r1, #16
10002eee:	1864      	adds	r4, r4, r1

10002ef0 <l17_1>:
10002ef0:	0419      	lsls	r1, r3, #16
10002ef2:	0c1a      	lsrs	r2, r3, #16
10002ef4:	1809      	adds	r1, r1, r0
10002ef6:	4162      	adcs	r2, r4
10002ef8:	186d      	adds	r5, r5, r1
10002efa:	4156      	adcs	r6, r2
10002efc:	2000      	movs	r0, #0
10002efe:	4147      	adcs	r7, r0
10002f00:	bc18      	pop	{r3, r4}
10002f02:	02f9      	lsls	r1, r7, #11
10002f04:	0d72      	lsrs	r2, r6, #21
10002f06:	4311      	orrs	r1, r2
10002f08:	02f0      	lsls	r0, r6, #11
10002f0a:	0d6a      	lsrs	r2, r5, #21
10002f0c:	4310      	orrs	r0, r2
10002f0e:	02ed      	lsls	r5, r5, #11
10002f10:	0d0a      	lsrs	r2, r1, #20
10002f12:	d103      	bne.n	10002f1c <l17_1+0x2c>
10002f14:	196d      	adds	r5, r5, r5
10002f16:	4140      	adcs	r0, r0
10002f18:	4149      	adcs	r1, r1
10002f1a:	3b01      	subs	r3, #1
10002f1c:	4e12      	ldr	r6, [pc, #72]	@ (10002f68 <dm_1+0xa>)
10002f1e:	1b9b      	subs	r3, r3, r6
10002f20:	0076      	lsls	r6, r6, #1
10002f22:	42b3      	cmp	r3, r6
10002f24:	d20e      	bcs.n	10002f44 <dm_0>
10002f26:	006d      	lsls	r5, r5, #1
10002f28:	d307      	bcc.n	10002f3a <l17_1+0x4a>
10002f2a:	3001      	adds	r0, #1
10002f2c:	2600      	movs	r6, #0
10002f2e:	4171      	adcs	r1, r6
10002f30:	4666      	mov	r6, ip
10002f32:	4335      	orrs	r5, r6
10002f34:	d101      	bne.n	10002f3a <l17_1+0x4a>
10002f36:	0840      	lsrs	r0, r0, #1
10002f38:	0040      	lsls	r0, r0, #1
10002f3a:	051b      	lsls	r3, r3, #20
10002f3c:	18c9      	adds	r1, r1, r3

10002f3e <dm_2>:
10002f3e:	07e4      	lsls	r4, r4, #31
10002f40:	4421      	add	r1, r4
10002f42:	bdf0      	pop	{r4, r5, r6, r7, pc}

10002f44 <dm_0>:
10002f44:	da0b      	bge.n	10002f5e <dm_1>
10002f46:	3301      	adds	r3, #1
10002f48:	d106      	bne.n	10002f58 <dm_0+0x14>
10002f4a:	3001      	adds	r0, #1
10002f4c:	d104      	bne.n	10002f58 <dm_0+0x14>
10002f4e:	3101      	adds	r1, #1
10002f50:	0d4f      	lsrs	r7, r1, #21
10002f52:	d001      	beq.n	10002f58 <dm_0+0x14>
10002f54:	0849      	lsrs	r1, r1, #1
10002f56:	e7f2      	b.n	10002f3e <dm_2>
10002f58:	07e1      	lsls	r1, r4, #31
10002f5a:	2000      	movs	r0, #0
10002f5c:	bdf0      	pop	{r4, r5, r6, r7, pc}

10002f5e <dm_1>:
10002f5e:	3601      	adds	r6, #1
10002f60:	0531      	lsls	r1, r6, #20
10002f62:	2000      	movs	r0, #0
10002f64:	e7eb      	b.n	10002f3e <dm_2>
10002f66:	0000      	.short	0x0000
10002f68:	000003ff 	.word	0x000003ff

10002f6c <ddiv_shim>:
10002f6c:	b5f0      	push	{r4, r5, r6, r7, lr}

10002f6e <ddiv0>:
10002f6e:	0d1c      	lsrs	r4, r3, #20
10002f70:	1e67      	subs	r7, r4, #1
10002f72:	053f      	lsls	r7, r7, #20
10002f74:	1bdb      	subs	r3, r3, r7
10002f76:	0ae7      	lsrs	r7, r4, #11
10002f78:	0564      	lsls	r4, r4, #21
10002f7a:	0d64      	lsrs	r4, r4, #21
10002f7c:	d002      	beq.n	10002f84 <l20_1>
10002f7e:	1c66      	adds	r6, r4, #1
10002f80:	0af6      	lsrs	r6, r6, #11
10002f82:	d004      	beq.n	10002f8e <l20_2>

10002f84 <l20_1>:
10002f84:	2200      	movs	r2, #0
10002f86:	2301      	movs	r3, #1
10002f88:	051b      	lsls	r3, r3, #20
10002f8a:	3c80      	subs	r4, #128	@ 0x80
10002f8c:	0324      	lsls	r4, r4, #12

10002f8e <l20_2>:
10002f8e:	25d0      	movs	r5, #208	@ 0xd0
10002f90:	062d      	lsls	r5, r5, #24
10002f92:	2600      	movs	r6, #0
10002f94:	43f6      	mvns	r6, r6
10002f96:	662e      	str	r6, [r5, #96]	@ 0x60
10002f98:	091e      	lsrs	r6, r3, #4
10002f9a:	666e      	str	r6, [r5, #100]	@ 0x64
10002f9c:	0fce      	lsrs	r6, r1, #31
10002f9e:	19f6      	adds	r6, r6, r7
10002fa0:	46b4      	mov	ip, r6
10002fa2:	0049      	lsls	r1, r1, #1
10002fa4:	0d4f      	lsrs	r7, r1, #21
10002fa6:	d002      	beq.n	10002fae <l20_2+0x20>
10002fa8:	1c7e      	adds	r6, r7, #1
10002faa:	0af6      	lsrs	r6, r6, #11
10002fac:	d003      	beq.n	10002fb6 <l20_2+0x28>
10002fae:	2000      	movs	r0, #0
10002fb0:	2100      	movs	r1, #0
10002fb2:	3f40      	subs	r7, #64	@ 0x40
10002fb4:	033f      	lsls	r7, r7, #12
10002fb6:	1b3e      	subs	r6, r7, r4
10002fb8:	00b6      	lsls	r6, r6, #2
10002fba:	44b4      	add	ip, r6
10002fbc:	3f01      	subs	r7, #1
10002fbe:	057f      	lsls	r7, r7, #21
10002fc0:	1bc9      	subs	r1, r1, r7
10002fc2:	0849      	lsrs	r1, r1, #1
10002fc4:	6f2e      	ldr	r6, [r5, #112]	@ 0x70
10002fc6:	3601      	adds	r6, #1
10002fc8:	0876      	lsrs	r6, r6, #1
10002fca:	029c      	lsls	r4, r3, #10
10002fcc:	0d95      	lsrs	r5, r2, #22
10002fce:	4325      	orrs	r5, r4
10002fd0:	4375      	muls	r5, r6
10002fd2:	13ed      	asrs	r5, r5, #15
10002fd4:	4375      	muls	r5, r6
10002fd6:	13ad      	asrs	r5, r5, #14
10002fd8:	3501      	adds	r5, #1
10002fda:	106d      	asrs	r5, r5, #1
10002fdc:	03f6      	lsls	r6, r6, #15
10002fde:	1b76      	subs	r6, r6, r5
10002fe0:	b40c      	push	{r2, r3}
10002fe2:	02cc      	lsls	r4, r1, #11
10002fe4:	0d45      	lsrs	r5, r0, #21
10002fe6:	432c      	orrs	r4, r5
10002fe8:	b2a2      	uxth	r2, r4
10002fea:	b2b3      	uxth	r3, r6
10002fec:	435a      	muls	r2, r3
10002fee:	0c27      	lsrs	r7, r4, #16
10002ff0:	437b      	muls	r3, r7
10002ff2:	0c35      	lsrs	r5, r6, #16
10002ff4:	436f      	muls	r7, r5
10002ff6:	b2a4      	uxth	r4, r4
10002ff8:	436c      	muls	r4, r5
10002ffa:	191b      	adds	r3, r3, r4
10002ffc:	d302      	bcc.n	10003004 <l21_1>
10002ffe:	2401      	movs	r4, #1
10003000:	0424      	lsls	r4, r4, #16
10003002:	193f      	adds	r7, r7, r4

10003004 <l21_1>:
10003004:	041c      	lsls	r4, r3, #16
10003006:	0c1d      	lsrs	r5, r3, #16
10003008:	18a4      	adds	r4, r4, r2
1000300a:	417d      	adcs	r5, r7
1000300c:	1924      	adds	r4, r4, r4
1000300e:	416d      	adcs	r5, r5
10003010:	9a00      	ldr	r2, [sp, #0]
10003012:	b291      	uxth	r1, r2
10003014:	b2ac      	uxth	r4, r5
10003016:	4361      	muls	r1, r4
10003018:	0c17      	lsrs	r7, r2, #16
1000301a:	437c      	muls	r4, r7
1000301c:	0c2b      	lsrs	r3, r5, #16
1000301e:	435f      	muls	r7, r3
10003020:	b292      	uxth	r2, r2
10003022:	435a      	muls	r2, r3
10003024:	18a4      	adds	r4, r4, r2
10003026:	d302      	bcc.n	1000302e <l22_1>
10003028:	2201      	movs	r2, #1
1000302a:	0412      	lsls	r2, r2, #16
1000302c:	18bf      	adds	r7, r7, r2

1000302e <l22_1>:
1000302e:	0422      	lsls	r2, r4, #16
10003030:	0c23      	lsrs	r3, r4, #16
10003032:	1852      	adds	r2, r2, r1
10003034:	417b      	adcs	r3, r7
10003036:	9c01      	ldr	r4, [sp, #4]
10003038:	436c      	muls	r4, r5
1000303a:	191b      	adds	r3, r3, r4
1000303c:	0e52      	lsrs	r2, r2, #25
1000303e:	01d9      	lsls	r1, r3, #7
10003040:	430a      	orrs	r2, r1
10003042:	0144      	lsls	r4, r0, #5
10003044:	1aa0      	subs	r0, r4, r2
10003046:	b281      	uxth	r1, r0
10003048:	b2b2      	uxth	r2, r6
1000304a:	4351      	muls	r1, r2
1000304c:	1403      	asrs	r3, r0, #16
1000304e:	435a      	muls	r2, r3
10003050:	0c36      	lsrs	r6, r6, #16
10003052:	4373      	muls	r3, r6
10003054:	b287      	uxth	r7, r0
10003056:	4377      	muls	r7, r6
10003058:	17d6      	asrs	r6, r2, #31
1000305a:	19d2      	adds	r2, r2, r7
1000305c:	2700      	movs	r7, #0
1000305e:	417e      	adcs	r6, r7
10003060:	0436      	lsls	r6, r6, #16
10003062:	199b      	adds	r3, r3, r6
10003064:	0417      	lsls	r7, r2, #16
10003066:	0c16      	lsrs	r6, r2, #16
10003068:	187f      	adds	r7, r7, r1
1000306a:	415e      	adcs	r6, r3
1000306c:	1673      	asrs	r3, r6, #25
1000306e:	18ed      	adds	r5, r5, r3
10003070:	01f3      	lsls	r3, r6, #7
10003072:	2600      	movs	r6, #0
10003074:	3380      	adds	r3, #128	@ 0x80
10003076:	4175      	adcs	r5, r6
10003078:	0fa9      	lsrs	r1, r5, #30
1000307a:	d106      	bne.n	1000308a <dd_0>
1000307c:	0064      	lsls	r4, r4, #1
1000307e:	0a69      	lsrs	r1, r5, #9
10003080:	05e8      	lsls	r0, r5, #23
10003082:	0a5b      	lsrs	r3, r3, #9
10003084:	4318      	orrs	r0, r3
10003086:	d209      	bcs.n	1000309c <dd_1>
10003088:	e02f      	b.n	100030ea <dd_2>

1000308a <dd_0>:
1000308a:	2204      	movs	r2, #4
1000308c:	4494      	add	ip, r2
1000308e:	3380      	adds	r3, #128	@ 0x80
10003090:	4175      	adcs	r5, r6
10003092:	0aa9      	lsrs	r1, r5, #10
10003094:	05a8      	lsls	r0, r5, #22
10003096:	0a9b      	lsrs	r3, r3, #10
10003098:	4318      	orrs	r0, r3
1000309a:	d326      	bcc.n	100030ea <dd_2>

1000309c <dd_1>:
1000309c:	4140      	adcs	r0, r0
1000309e:	4149      	adcs	r1, r1
100030a0:	0424      	lsls	r4, r4, #16
100030a2:	9a00      	ldr	r2, [sp, #0]
100030a4:	9b01      	ldr	r3, [sp, #4]
100030a6:	000d      	movs	r5, r1
100030a8:	4355      	muls	r5, r2
100030aa:	1b64      	subs	r4, r4, r5
100030ac:	4343      	muls	r3, r0
100030ae:	1ae4      	subs	r4, r4, r3
100030b0:	b295      	uxth	r5, r2
100030b2:	b286      	uxth	r6, r0
100030b4:	4375      	muls	r5, r6
100030b6:	0c17      	lsrs	r7, r2, #16
100030b8:	437e      	muls	r6, r7
100030ba:	0c03      	lsrs	r3, r0, #16
100030bc:	435f      	muls	r7, r3
100030be:	b292      	uxth	r2, r2
100030c0:	435a      	muls	r2, r3
100030c2:	18b6      	adds	r6, r6, r2
100030c4:	d302      	bcc.n	100030cc <l24_1>
100030c6:	2201      	movs	r2, #1
100030c8:	0412      	lsls	r2, r2, #16
100030ca:	18bf      	adds	r7, r7, r2

100030cc <l24_1>:
100030cc:	0432      	lsls	r2, r6, #16
100030ce:	0c33      	lsrs	r3, r6, #16
100030d0:	1952      	adds	r2, r2, r5
100030d2:	417b      	adcs	r3, r7
100030d4:	4252      	negs	r2, r2
100030d6:	419c      	sbcs	r4, r3
100030d8:	2c00      	cmp	r4, #0
100030da:	d402      	bmi.n	100030e2 <l24_1+0x16>
100030dc:	2200      	movs	r2, #0
100030de:	3001      	adds	r0, #1
100030e0:	4151      	adcs	r1, r2
100030e2:	0840      	lsrs	r0, r0, #1
100030e4:	07ca      	lsls	r2, r1, #31
100030e6:	4310      	orrs	r0, r2
100030e8:	0849      	lsrs	r1, r1, #1

100030ea <dd_2>:
100030ea:	b002      	add	sp, #8
100030ec:	4662      	mov	r2, ip
100030ee:	07d7      	lsls	r7, r2, #31
100030f0:	1092      	asrs	r2, r2, #2
100030f2:	4b08      	ldr	r3, [pc, #32]	@ (10003114 <dd_4+0x6>)
100030f4:	18d2      	adds	r2, r2, r3
100030f6:	4b08      	ldr	r3, [pc, #32]	@ (10003118 <dd_4+0xa>)
100030f8:	429a      	cmp	r2, r3
100030fa:	d203      	bcs.n	10003104 <dd_3>
100030fc:	0512      	lsls	r2, r2, #20
100030fe:	1889      	adds	r1, r1, r2

10003100 <dd_5>:
10003100:	19c9      	adds	r1, r1, r7
10003102:	bdf0      	pop	{r4, r5, r6, r7, pc}

10003104 <dd_3>:
10003104:	2000      	movs	r0, #0
10003106:	2a00      	cmp	r2, #0
10003108:	dc01      	bgt.n	1000310e <dd_4>
1000310a:	0039      	movs	r1, r7
1000310c:	bdf0      	pop	{r4, r5, r6, r7, pc}

1000310e <dd_4>:
1000310e:	3301      	adds	r3, #1
10003110:	0519      	lsls	r1, r3, #20
10003112:	e7f5      	b.n	10003100 <dd_5>
10003114:	000003fd 	.word	0x000003fd
10003118:	000007fe 	.word	0x000007fe

1000311c <double2uint_shim>:
1000311c:	2200      	movs	r2, #0

1000311e <double2ufix_shim>:
1000311e:	b500      	push	{lr}
10003120:	3220      	adds	r2, #32
10003122:	f000 f810 	bl	10003146 <double2ufix64_shim>
10003126:	0008      	movs	r0, r1
10003128:	bd00      	pop	{pc}

1000312a <double2int64_shim>:
1000312a:	2200      	movs	r2, #0

1000312c <double2fix64_shim>:
1000312c:	b500      	push	{lr}
1000312e:	f000 f80c 	bl	1000314a <d2fix>
10003132:	17ca      	asrs	r2, r1, #31
10003134:	429a      	cmp	r2, r3
10003136:	d100      	bne.n	1000313a <double2fix64_shim+0xe>
10003138:	bd00      	pop	{pc}
1000313a:	43d8      	mvns	r0, r3
1000313c:	2101      	movs	r1, #1
1000313e:	07c9      	lsls	r1, r1, #31
10003140:	4041      	eors	r1, r0
10003142:	bd00      	pop	{pc}

10003144 <double2uint64_shim>:
10003144:	2200      	movs	r2, #0

10003146 <double2ufix64_shim>:
10003146:	150b      	asrs	r3, r1, #20
10003148:	d40a      	bmi.n	10003160 <ret_dzero>

1000314a <d2fix>:
1000314a:	b510      	push	{r4, lr}
1000314c:	4694      	mov	ip, r2
1000314e:	f000 f8a7 	bl	100032a0 <dunpacks>
10003152:	1414      	asrs	r4, r2, #16
10003154:	3401      	adds	r4, #1
10003156:	da00      	bge.n	1000315a <d2fix+0x10>
10003158:	2100      	movs	r1, #0
1000315a:	17cb      	asrs	r3, r1, #31
1000315c:	4c14      	ldr	r4, [pc, #80]	@ (100031b0 <d2fix_a+0x4a>)
1000315e:	4720      	bx	r4

10003160 <ret_dzero>:
10003160:	2000      	movs	r0, #0
10003162:	2100      	movs	r1, #0
10003164:	4770      	bx	lr

10003166 <d2fix_a>:
10003166:	4462      	add	r2, ip
10003168:	3a34      	subs	r2, #52	@ 0x34
1000316a:	d40c      	bmi.n	10003186 <d2fix_a+0x20>
1000316c:	2a0c      	cmp	r2, #12
1000316e:	da07      	bge.n	10003180 <d2fix_a+0x1a>
10003170:	0004      	movs	r4, r0
10003172:	4091      	lsls	r1, r2
10003174:	4090      	lsls	r0, r2
10003176:	4252      	negs	r2, r2
10003178:	3220      	adds	r2, #32
1000317a:	40d4      	lsrs	r4, r2
1000317c:	4321      	orrs	r1, r4
1000317e:	bd10      	pop	{r4, pc}
10003180:	43d8      	mvns	r0, r3
10003182:	43d9      	mvns	r1, r3
10003184:	bd10      	pop	{r4, pc}
10003186:	3220      	adds	r2, #32
10003188:	d407      	bmi.n	1000319a <d2fix_a+0x34>
1000318a:	460c      	mov	r4, r1
1000318c:	4094      	lsls	r4, r2
1000318e:	4252      	negs	r2, r2
10003190:	3220      	adds	r2, #32
10003192:	4111      	asrs	r1, r2
10003194:	40d0      	lsrs	r0, r2
10003196:	4320      	orrs	r0, r4
10003198:	bd10      	pop	{r4, pc}
1000319a:	0008      	movs	r0, r1
1000319c:	17c9      	asrs	r1, r1, #31
1000319e:	3220      	adds	r2, #32
100031a0:	d403      	bmi.n	100031aa <d2fix_a+0x44>
100031a2:	4252      	negs	r2, r2
100031a4:	3220      	adds	r2, #32
100031a6:	4110      	asrs	r0, r2
100031a8:	bd10      	pop	{r4, pc}
100031aa:	0018      	movs	r0, r3
100031ac:	0019      	movs	r1, r3
100031ae:	bd10      	pop	{r4, pc}
100031b0:	10003167 	.word	0x10003167

100031b4 <double2float_shim>:
100031b4:	004a      	lsls	r2, r1, #1
100031b6:	0d52      	lsrs	r2, r2, #21
100031b8:	4b14      	ldr	r3, [pc, #80]	@ (1000320c <double2float_shim+0x58>)
100031ba:	1ad2      	subs	r2, r2, r3
100031bc:	dd13      	ble.n	100031e6 <double2float_shim+0x32>
100031be:	2aff      	cmp	r2, #255	@ 0xff
100031c0:	da1e      	bge.n	10003200 <double2float_shim+0x4c>
100031c2:	05d2      	lsls	r2, r2, #23
100031c4:	0fcb      	lsrs	r3, r1, #31
100031c6:	07db      	lsls	r3, r3, #31
100031c8:	431a      	orrs	r2, r3
100031ca:	00c3      	lsls	r3, r0, #3
100031cc:	0f40      	lsrs	r0, r0, #29
100031ce:	0309      	lsls	r1, r1, #12
100031d0:	0a49      	lsrs	r1, r1, #9
100031d2:	4308      	orrs	r0, r1
100031d4:	4310      	orrs	r0, r2
100031d6:	005b      	lsls	r3, r3, #1
100031d8:	d301      	bcc.n	100031de <double2float_shim+0x2a>
100031da:	d001      	beq.n	100031e0 <double2float_shim+0x2c>
100031dc:	3001      	adds	r0, #1
100031de:	4770      	bx	lr
100031e0:	0843      	lsrs	r3, r0, #1
100031e2:	d2fb      	bcs.n	100031dc <double2float_shim+0x28>
100031e4:	4770      	bx	lr
100031e6:	d002      	beq.n	100031ee <double2float_shim+0x3a>
100031e8:	0fc8      	lsrs	r0, r1, #31
100031ea:	07c0      	lsls	r0, r0, #31
100031ec:	4770      	bx	lr
100031ee:	030a      	lsls	r2, r1, #12
100031f0:	1312      	asrs	r2, r2, #12
100031f2:	3201      	adds	r2, #1
100031f4:	d1f8      	bne.n	100031e8 <double2float_shim+0x34>
100031f6:	0f42      	lsrs	r2, r0, #29
100031f8:	2a07      	cmp	r2, #7
100031fa:	d1f5      	bne.n	100031e8 <double2float_shim+0x34>
100031fc:	2201      	movs	r2, #1
100031fe:	e000      	b.n	10003202 <double2float_shim+0x4e>
10003200:	22ff      	movs	r2, #255	@ 0xff
10003202:	0fc8      	lsrs	r0, r1, #31
10003204:	0200      	lsls	r0, r0, #8
10003206:	1880      	adds	r0, r0, r2
10003208:	05c0      	lsls	r0, r0, #23
1000320a:	4770      	bx	lr
1000320c:	00000380 	.word	0x00000380

10003210 <uint2double_shim>:
10003210:	2100      	movs	r1, #0

10003212 <ufix2double_shim>:
10003212:	000a      	movs	r2, r1
10003214:	2100      	movs	r1, #0
10003216:	e004      	b.n	10003222 <ufix642double_shim>

10003218 <int2double_shim>:
10003218:	2100      	movs	r1, #0

1000321a <fix2double_shim>:
1000321a:	000a      	movs	r2, r1
1000321c:	17c1      	asrs	r1, r0, #31
1000321e:	e004      	b.n	1000322a <fix642double_shim>

10003220 <uint642double_shim>:
10003220:	2200      	movs	r2, #0

10003222 <ufix642double_shim>:
10003222:	2300      	movs	r3, #0
10003224:	e006      	b.n	10003234 <uf2d>
10003226:	46c0      	nop			@ (mov r8, r8)

10003228 <int642double_shim>:
10003228:	2200      	movs	r2, #0

1000322a <fix642double_shim>:
1000322a:	17cb      	asrs	r3, r1, #31
1000322c:	4058      	eors	r0, r3
1000322e:	4059      	eors	r1, r3
10003230:	1ac0      	subs	r0, r0, r3
10003232:	4199      	sbcs	r1, r3

10003234 <uf2d>:
10003234:	b530      	push	{r4, r5, lr}
10003236:	4c18      	ldr	r4, [pc, #96]	@ (10003298 <uf2d+0x64>)
10003238:	1aa2      	subs	r2, r4, r2
1000323a:	2900      	cmp	r1, #0
1000323c:	d103      	bne.n	10003246 <uf2d+0x12>
1000323e:	0001      	movs	r1, r0
10003240:	d010      	beq.n	10003264 <uf2d+0x30>
10003242:	2000      	movs	r0, #0
10003244:	3a20      	subs	r2, #32
10003246:	154c      	asrs	r4, r1, #21
10003248:	d112      	bne.n	10003270 <uf2d+0x3c>
1000324a:	d204      	bcs.n	10003256 <uf2d+0x22>
1000324c:	3a01      	subs	r2, #1
1000324e:	1800      	adds	r0, r0, r0
10003250:	4149      	adcs	r1, r1
10003252:	0d4c      	lsrs	r4, r1, #21
10003254:	d3fa      	bcc.n	1000324c <uf2d+0x18>
10003256:	4c11      	ldr	r4, [pc, #68]	@ (1000329c <uf2d+0x68>)
10003258:	42a2      	cmp	r2, r4
1000325a:	d204      	bcs.n	10003266 <uf2d+0x32>
1000325c:	0512      	lsls	r2, r2, #20
1000325e:	1889      	adds	r1, r1, r2
10003260:	07db      	lsls	r3, r3, #31
10003262:	18c9      	adds	r1, r1, r3
10003264:	bd30      	pop	{r4, r5, pc}
10003266:	43d2      	mvns	r2, r2
10003268:	0d52      	lsrs	r2, r2, #21
1000326a:	2000      	movs	r0, #0
1000326c:	2100      	movs	r1, #0
1000326e:	e7f5      	b.n	1000325c <uf2d+0x28>
10003270:	d403      	bmi.n	1000327a <uf2d+0x46>
10003272:	3a01      	subs	r2, #1
10003274:	1800      	adds	r0, r0, r0
10003276:	4149      	adcs	r1, r1
10003278:	d5fb      	bpl.n	10003272 <uf2d+0x3e>
1000327a:	320b      	adds	r2, #11
1000327c:	0544      	lsls	r4, r0, #21
1000327e:	0ac0      	lsrs	r0, r0, #11
10003280:	054d      	lsls	r5, r1, #21
10003282:	4328      	orrs	r0, r5
10003284:	0ac9      	lsrs	r1, r1, #11
10003286:	0064      	lsls	r4, r4, #1
10003288:	d003      	beq.n	10003292 <uf2d+0x5e>
1000328a:	2400      	movs	r4, #0
1000328c:	4160      	adcs	r0, r4
1000328e:	4161      	adcs	r1, r4
10003290:	e7e1      	b.n	10003256 <uf2d+0x22>
10003292:	d3e0      	bcc.n	10003256 <uf2d+0x22>
10003294:	0844      	lsrs	r4, r0, #1
10003296:	e7f8      	b.n	1000328a <uf2d+0x56>
10003298:	00000432 	.word	0x00000432
1000329c:	000007fe 	.word	0x000007fe

100032a0 <dunpacks>:
100032a0:	0d0a      	lsrs	r2, r1, #20
100032a2:	0fcc      	lsrs	r4, r1, #31
100032a4:	1e53      	subs	r3, r2, #1
100032a6:	051b      	lsls	r3, r3, #20
100032a8:	1ac9      	subs	r1, r1, r3
100032aa:	0552      	lsls	r2, r2, #21
100032ac:	d303      	bcc.n	100032b6 <l60_1>
100032ae:	43c9      	mvns	r1, r1
100032b0:	4240      	negs	r0, r0
100032b2:	d300      	bcc.n	100032b6 <l60_1>
100032b4:	3101      	adds	r1, #1

100032b6 <l60_1>:
100032b6:	0d52      	lsrs	r2, r2, #21
100032b8:	d003      	beq.n	100032c2 <l60_2>
100032ba:	1c53      	adds	r3, r2, #1
100032bc:	0adb      	lsrs	r3, r3, #11
100032be:	d007      	beq.n	100032d0 <l60_3>
100032c0:	1b12      	subs	r2, r2, r4

100032c2 <l60_2>:
100032c2:	2000      	movs	r0, #0
100032c4:	0064      	lsls	r4, r4, #1
100032c6:	1c61      	adds	r1, r4, #1
100032c8:	0789      	lsls	r1, r1, #30
100032ca:	1289      	asrs	r1, r1, #10
100032cc:	3a80      	subs	r2, #128	@ 0x80
100032ce:	0312      	lsls	r2, r2, #12

100032d0 <l60_3>:
100032d0:	4b01      	ldr	r3, [pc, #4]	@ (100032d8 <l60_3+0x8>)
100032d2:	1ad2      	subs	r2, r2, r3
100032d4:	4770      	bx	lr
100032d6:	0000      	.short	0x0000
100032d8:	000003ff 	.word	0x000003ff

100032dc <__wrap___aeabi_lmul>:
100032dc:	4351      	muls	r1, r2
100032de:	4343      	muls	r3, r0
100032e0:	18c9      	adds	r1, r1, r3
100032e2:	468c      	mov	ip, r1
100032e4:	0c11      	lsrs	r1, r2, #16
100032e6:	b283      	uxth	r3, r0
100032e8:	434b      	muls	r3, r1
100032ea:	b410      	push	{r4}
100032ec:	0c04      	lsrs	r4, r0, #16
100032ee:	4361      	muls	r1, r4
100032f0:	b292      	uxth	r2, r2
100032f2:	b280      	uxth	r0, r0
100032f4:	4350      	muls	r0, r2
100032f6:	4362      	muls	r2, r4
100032f8:	041c      	lsls	r4, r3, #16
100032fa:	0c1b      	lsrs	r3, r3, #16
100032fc:	1900      	adds	r0, r0, r4
100032fe:	bc10      	pop	{r4}
10003300:	4159      	adcs	r1, r3
10003302:	0413      	lsls	r3, r2, #16
10003304:	0c12      	lsrs	r2, r2, #16
10003306:	18c0      	adds	r0, r0, r3
10003308:	4151      	adcs	r1, r2
1000330a:	4461      	add	r1, ip
1000330c:	4770      	bx	lr
	...

10003310 <__wrap___aeabi_frsub>:
10003310:	4048      	eors	r0, r1
10003312:	4041      	eors	r1, r0
10003314:	4048      	eors	r0, r1

10003316 <__wrap___aeabi_fsub>:
10003316:	4b0e      	ldr	r3, [pc, #56]	@ (10003350 <__wrap___aeabi_fmul+0x6>)
10003318:	685b      	ldr	r3, [r3, #4]
1000331a:	4718      	bx	r3

1000331c <__wrap___aeabi_fadd>:
1000331c:	4b0c      	ldr	r3, [pc, #48]	@ (10003350 <__wrap___aeabi_fmul+0x6>)
1000331e:	681b      	ldr	r3, [r3, #0]
10003320:	4718      	bx	r3

10003322 <__wrap___aeabi_fdiv>:
10003322:	4a0c      	ldr	r2, [pc, #48]	@ (10003354 <__wrap___aeabi_fmul+0xa>)
10003324:	6f93      	ldr	r3, [r2, #120]	@ 0x78
10003326:	089b      	lsrs	r3, r3, #2
10003328:	d202      	bcs.n	10003330 <fdiv_save_state>

1000332a <fdiv_shim_call>:
1000332a:	4b09      	ldr	r3, [pc, #36]	@ (10003350 <__wrap___aeabi_fmul+0x6>)
1000332c:	68db      	ldr	r3, [r3, #12]
1000332e:	4718      	bx	r3

10003330 <fdiv_save_state>:
10003330:	b5f0      	push	{r4, r5, r6, r7, lr}
10003332:	6e14      	ldr	r4, [r2, #96]	@ 0x60
10003334:	6e55      	ldr	r5, [r2, #100]	@ 0x64
10003336:	6f57      	ldr	r7, [r2, #116]	@ 0x74
10003338:	6f16      	ldr	r6, [r2, #112]	@ 0x70
1000333a:	f7ff fff6 	bl	1000332a <fdiv_shim_call>
1000333e:	4a05      	ldr	r2, [pc, #20]	@ (10003354 <__wrap___aeabi_fmul+0xa>)
10003340:	6614      	str	r4, [r2, #96]	@ 0x60
10003342:	6655      	str	r5, [r2, #100]	@ 0x64
10003344:	6757      	str	r7, [r2, #116]	@ 0x74
10003346:	6716      	str	r6, [r2, #112]	@ 0x70
10003348:	bdf0      	pop	{r4, r5, r6, r7, pc}

1000334a <__wrap___aeabi_fmul>:
1000334a:	4b01      	ldr	r3, [pc, #4]	@ (10003350 <__wrap___aeabi_fmul+0x6>)
1000334c:	689b      	ldr	r3, [r3, #8]
1000334e:	4718      	bx	r3
10003350:	20001958 	.word	0x20001958
10003354:	d0000000 	.word	0xd0000000

10003358 <__wrap___aeabi_cfrcmple>:
10003358:	b507      	push	{r0, r1, r2, lr}
1000335a:	4048      	eors	r0, r1
1000335c:	4041      	eors	r1, r0
1000335e:	4048      	eors	r0, r1
10003360:	e001      	b.n	10003366 <__aeabi_cfcmple_guts>
10003362:	46c0      	nop			@ (mov r8, r8)

10003364 <__wrap___aeabi_cfcmpeq>:
10003364:	b507      	push	{r0, r1, r2, lr}

10003366 <__aeabi_cfcmple_guts>:
10003366:	0042      	lsls	r2, r0, #1
10003368:	0e12      	lsrs	r2, r2, #24
1000336a:	d003      	beq.n	10003374 <__aeabi_cfcmple_guts+0xe>
1000336c:	2aff      	cmp	r2, #255	@ 0xff
1000336e:	d103      	bne.n	10003378 <__aeabi_cfcmple_guts+0x12>
10003370:	0242      	lsls	r2, r0, #9
10003372:	d818      	bhi.n	100033a6 <__aeabi_cfcmple_guts+0x40>
10003374:	0dc0      	lsrs	r0, r0, #23
10003376:	05c0      	lsls	r0, r0, #23
10003378:	004a      	lsls	r2, r1, #1
1000337a:	0e12      	lsrs	r2, r2, #24
1000337c:	d003      	beq.n	10003386 <__aeabi_cfcmple_guts+0x20>
1000337e:	2aff      	cmp	r2, #255	@ 0xff
10003380:	d103      	bne.n	1000338a <__aeabi_cfcmple_guts+0x24>
10003382:	024a      	lsls	r2, r1, #9
10003384:	d80f      	bhi.n	100033a6 <__aeabi_cfcmple_guts+0x40>
10003386:	0dc9      	lsrs	r1, r1, #23
10003388:	05c9      	lsls	r1, r1, #23
1000338a:	2201      	movs	r2, #1
1000338c:	4041      	eors	r1, r0
1000338e:	d405      	bmi.n	1000339c <__aeabi_cfcmple_guts+0x36>
10003390:	4041      	eors	r1, r0
10003392:	d501      	bpl.n	10003398 <__aeabi_cfcmple_guts+0x32>
10003394:	4281      	cmp	r1, r0
10003396:	bd07      	pop	{r0, r1, r2, pc}
10003398:	4288      	cmp	r0, r1
1000339a:	bd07      	pop	{r0, r1, r2, pc}
1000339c:	4301      	orrs	r1, r0
1000339e:	1849      	adds	r1, r1, r1
100033a0:	d001      	beq.n	100033a6 <__aeabi_cfcmple_guts+0x40>
100033a2:	43c0      	mvns	r0, r0
100033a4:	1800      	adds	r0, r0, r0
100033a6:	bd07      	pop	{r0, r1, r2, pc}

100033a8 <__wrap___aeabi_fcmplt>:
100033a8:	b500      	push	{lr}
100033aa:	f7ff ffdb 	bl	10003364 <__wrap___aeabi_cfcmpeq>
100033ae:	4180      	sbcs	r0, r0
100033b0:	bd00      	pop	{pc}
100033b2:	46c0      	nop			@ (mov r8, r8)

100033b4 <__wrap___aeabi_fcmple>:
100033b4:	b500      	push	{lr}
100033b6:	f7ff ffd5 	bl	10003364 <__wrap___aeabi_cfcmpeq>
100033ba:	d901      	bls.n	100033c0 <__wrap___aeabi_fcmple+0xc>
100033bc:	2000      	movs	r0, #0
100033be:	bd00      	pop	{pc}
100033c0:	2001      	movs	r0, #1
100033c2:	bd00      	pop	{pc}

100033c4 <__wrap___aeabi_fcmpgt>:
100033c4:	b500      	push	{lr}
100033c6:	f7ff ffc7 	bl	10003358 <__wrap___aeabi_cfrcmple>
100033ca:	4180      	sbcs	r0, r0
100033cc:	bd00      	pop	{pc}

100033ce <__wrap___aeabi_fcmpun>:
100033ce:	2301      	movs	r3, #1
100033d0:	061b      	lsls	r3, r3, #24
100033d2:	0042      	lsls	r2, r0, #1
100033d4:	18d2      	adds	r2, r2, r3
100033d6:	d804      	bhi.n	100033e2 <__wrap___aeabi_fcmpun+0x14>
100033d8:	004a      	lsls	r2, r1, #1
100033da:	18d2      	adds	r2, r2, r3
100033dc:	d801      	bhi.n	100033e2 <__wrap___aeabi_fcmpun+0x14>
100033de:	2000      	movs	r0, #0
100033e0:	4770      	bx	lr
100033e2:	2001      	movs	r0, #1
100033e4:	4770      	bx	lr

100033e6 <__wrap___aeabi_ui2f>:
100033e6:	1a49      	subs	r1, r1, r1
100033e8:	2800      	cmp	r0, #0
100033ea:	d107      	bne.n	100033fc <__aeabi_i2f_main>
100033ec:	4608      	mov	r0, r1
100033ee:	4770      	bx	lr

100033f0 <__wrap___aeabi_i2f>:
100033f0:	0fc1      	lsrs	r1, r0, #31
100033f2:	07c9      	lsls	r1, r1, #31
100033f4:	d500      	bpl.n	100033f8 <__wrap___aeabi_i2f+0x8>
100033f6:	4240      	negs	r0, r0
100033f8:	2800      	cmp	r0, #0
100033fa:	d017      	beq.n	1000342c <__aeabi_i2f_main+0x30>

100033fc <__aeabi_i2f_main>:
100033fc:	46f4      	mov	ip, lr
100033fe:	b403      	push	{r0, r1}
10003400:	4b0b      	ldr	r3, [pc, #44]	@ (10003430 <__aeabi_i2f_main+0x34>)
10003402:	681b      	ldr	r3, [r3, #0]
10003404:	4798      	blx	r3
10003406:	bc06      	pop	{r1, r2}
10003408:	4081      	lsls	r1, r0
1000340a:	389e      	subs	r0, #158	@ 0x9e
1000340c:	4240      	negs	r0, r0
1000340e:	3180      	adds	r1, #128	@ 0x80
10003410:	d207      	bcs.n	10003422 <__aeabi_i2f_main+0x26>
10003412:	060b      	lsls	r3, r1, #24
10003414:	d007      	beq.n	10003426 <__aeabi_i2f_main+0x2a>
10003416:	0049      	lsls	r1, r1, #1
10003418:	0a49      	lsrs	r1, r1, #9
1000341a:	05c0      	lsls	r0, r0, #23
1000341c:	4310      	orrs	r0, r2
1000341e:	4308      	orrs	r0, r1
10003420:	4760      	bx	ip
10003422:	3001      	adds	r0, #1
10003424:	e7f8      	b.n	10003418 <__aeabi_i2f_main+0x1c>
10003426:	0a49      	lsrs	r1, r1, #9
10003428:	0289      	lsls	r1, r1, #10
1000342a:	e7f5      	b.n	10003418 <__aeabi_i2f_main+0x1c>
1000342c:	4770      	bx	lr
1000342e:	0000      	.short	0x0000
10003430:	20002cc8 	.word	0x20002cc8

10003434 <__wrap___aeabi_f2uiz>:
10003434:	4b01      	ldr	r3, [pc, #4]	@ (1000343c <__wrap___aeabi_f2uiz+0x8>)
10003436:	6a5b      	ldr	r3, [r3, #36]	@ 0x24
10003438:	4718      	bx	r3
1000343a:	0000      	.short	0x0000
1000343c:	20001958 	.word	0x20001958

10003440 <__wrap___aeabi_f2d>:
10003440:	4b03      	ldr	r3, [pc, #12]	@ (10003450 <__wrap___aeabi_f2d+0x10>)
10003442:	6fdb      	ldr	r3, [r3, #124]	@ 0x7c
10003444:	46fc      	mov	ip, pc
10003446:	4718      	bx	r3
10003448:	34e5df7c 	.word	0x34e5df7c
1000344c:	00001000 	.word	0x00001000
10003450:	20001958 	.word	0x20001958

10003454 <__aeabi_float_init>:
10003454:	2313      	movs	r3, #19
10003456:	b510      	push	{r4, lr}
10003458:	4812      	ldr	r0, [pc, #72]	@ (100034a4 <__aeabi_float_init+0x50>)
1000345a:	781c      	ldrb	r4, [r3, #0]
1000345c:	f7fe fef2 	bl	10002244 <rom_data_lookup>
10003460:	0001      	movs	r1, r0
10003462:	2c01      	cmp	r4, #1
10003464:	d00a      	beq.n	1000347c <__aeabi_float_init+0x28>
10003466:	dd03      	ble.n	10003470 <__aeabi_float_init+0x1c>
10003468:	2280      	movs	r2, #128	@ 0x80
1000346a:	480f      	ldr	r0, [pc, #60]	@ (100034a8 <__aeabi_float_init+0x54>)
1000346c:	f000 f876 	bl	1000355c <__wrap___aeabi_memcpy>
10003470:	480e      	ldr	r0, [pc, #56]	@ (100034ac <__aeabi_float_init+0x58>)
10003472:	f7fe fedf 	bl	10002234 <rom_func_lookup>
10003476:	4b0e      	ldr	r3, [pc, #56]	@ (100034b0 <__aeabi_float_init+0x5c>)
10003478:	6018      	str	r0, [r3, #0]
1000347a:	bd10      	pop	{r4, pc}
1000347c:	4c0a      	ldr	r4, [pc, #40]	@ (100034a8 <__aeabi_float_init+0x54>)
1000347e:	2254      	movs	r2, #84	@ 0x54
10003480:	0020      	movs	r0, r4
10003482:	f000 f86b 	bl	1000355c <__wrap___aeabi_memcpy>
10003486:	4b0b      	ldr	r3, [pc, #44]	@ (100034b4 <__aeabi_float_init+0x60>)
10003488:	6563      	str	r3, [r4, #84]	@ 0x54
1000348a:	65a3      	str	r3, [r4, #88]	@ 0x58
1000348c:	65e3      	str	r3, [r4, #92]	@ 0x5c
1000348e:	6623      	str	r3, [r4, #96]	@ 0x60
10003490:	6663      	str	r3, [r4, #100]	@ 0x64
10003492:	66a3      	str	r3, [r4, #104]	@ 0x68
10003494:	66e3      	str	r3, [r4, #108]	@ 0x6c
10003496:	6723      	str	r3, [r4, #112]	@ 0x70
10003498:	6763      	str	r3, [r4, #116]	@ 0x74
1000349a:	67a3      	str	r3, [r4, #120]	@ 0x78
1000349c:	67e3      	str	r3, [r4, #124]	@ 0x7c
1000349e:	6223      	str	r3, [r4, #32]
100034a0:	61e3      	str	r3, [r4, #28]
100034a2:	e7e5      	b.n	10003470 <__aeabi_float_init+0x1c>
100034a4:	00004653 	.word	0x00004653
100034a8:	20001958 	.word	0x20001958
100034ac:	0000334c 	.word	0x0000334c
100034b0:	20002cc8 	.word	0x20002cc8
100034b4:	100034b9 	.word	0x100034b9

100034b8 <float_table_shim_on_use_helper>:
100034b8:	b507      	push	{r0, r1, r2, lr}
100034ba:	4660      	mov	r0, ip
100034bc:	8801      	ldrh	r1, [r0, #0]
100034be:	0a0a      	lsrs	r2, r1, #8
100034c0:	3002      	adds	r0, #2
100034c2:	2adf      	cmp	r2, #223	@ 0xdf
100034c4:	d1fa      	bne.n	100034bc <float_table_shim_on_use_helper+0x4>
100034c6:	b2c9      	uxtb	r1, r1
100034c8:	0882      	lsrs	r2, r0, #2
100034ca:	d304      	bcc.n	100034d6 <float_table_shim_on_use_helper+0x1e>
100034cc:	8802      	ldrh	r2, [r0, #0]
100034ce:	8840      	ldrh	r0, [r0, #2]
100034d0:	0400      	lsls	r0, r0, #16
100034d2:	4310      	orrs	r0, r2
100034d4:	e000      	b.n	100034d8 <float_table_shim_on_use_helper+0x20>
100034d6:	6800      	ldr	r0, [r0, #0]
100034d8:	4a01      	ldr	r2, [pc, #4]	@ (100034e0 <float_table_shim_on_use_helper+0x28>)
100034da:	5050      	str	r0, [r2, r1]
100034dc:	9003      	str	r0, [sp, #12]
100034de:	bd07      	pop	{r0, r1, r2, pc}
100034e0:	20001958 	.word	0x20001958

100034e4 <float2double_shim>:
100034e4:	0fc3      	lsrs	r3, r0, #31
100034e6:	07db      	lsls	r3, r3, #31
100034e8:	0041      	lsls	r1, r0, #1
100034ea:	0e0a      	lsrs	r2, r1, #24
100034ec:	d007      	beq.n	100034fe <float2double_shim+0x1a>
100034ee:	2aff      	cmp	r2, #255	@ 0xff
100034f0:	d008      	beq.n	10003504 <float2double_shim+0x20>
100034f2:	0909      	lsrs	r1, r1, #4
100034f4:	4a05      	ldr	r2, [pc, #20]	@ (1000350c <float2double_shim+0x28>)
100034f6:	1889      	adds	r1, r1, r2
100034f8:	4319      	orrs	r1, r3
100034fa:	0740      	lsls	r0, r0, #29
100034fc:	4770      	bx	lr
100034fe:	0019      	movs	r1, r3
10003500:	2000      	movs	r0, #0
10003502:	4770      	bx	lr
10003504:	4902      	ldr	r1, [pc, #8]	@ (10003510 <float2double_shim+0x2c>)
10003506:	18c9      	adds	r1, r1, r3
10003508:	e7fa      	b.n	10003500 <float2double_shim+0x1c>
1000350a:	0000      	.short	0x0000
1000350c:	38000000 	.word	0x38000000
10003510:	7ff00000 	.word	0x7ff00000

10003514 <__wrap_malloc>:
10003514:	b510      	push	{r4, lr}
10003516:	0004      	movs	r4, r0
10003518:	f006 ff88 	bl	1000a42c <malloc>
1000351c:	2800      	cmp	r0, #0
1000351e:	d004      	beq.n	1000352a <__wrap_malloc+0x16>
10003520:	4b03      	ldr	r3, [pc, #12]	@ (10003530 <__wrap_malloc+0x1c>)
10003522:	1904      	adds	r4, r0, r4
10003524:	429c      	cmp	r4, r3
10003526:	d800      	bhi.n	1000352a <__wrap_malloc+0x16>
10003528:	bd10      	pop	{r4, pc}
1000352a:	4802      	ldr	r0, [pc, #8]	@ (10003534 <__wrap_malloc+0x20>)
1000352c:	f7fd fcc2 	bl	10000eb4 <panic>
10003530:	20040000 	.word	0x20040000
10003534:	1000b584 	.word	0x1000b584

10003538 <__wrap_free>:
10003538:	b510      	push	{r4, lr}
1000353a:	f006 ff81 	bl	1000a440 <free>
1000353e:	bd10      	pop	{r4, pc}

10003540 <__aeabi_mem_init>:
10003540:	4801      	ldr	r0, [pc, #4]	@ (10003548 <__aeabi_mem_init+0x8>)
10003542:	2104      	movs	r1, #4
10003544:	4b01      	ldr	r3, [pc, #4]	@ (1000354c <__aeabi_mem_init+0xc>)
10003546:	4718      	bx	r3
10003548:	20000fd0 	.word	0x20000fd0
1000354c:	10002255 	.word	0x10002255

10003550 <__wrap_memset>:
10003550:	4b01      	ldr	r3, [pc, #4]	@ (10003558 <__wrap_memset+0x8>)
10003552:	681b      	ldr	r3, [r3, #0]
10003554:	4718      	bx	r3
10003556:	0000      	.short	0x0000
10003558:	20000fd0 	.word	0x20000fd0

1000355c <__wrap___aeabi_memcpy>:
1000355c:	4b01      	ldr	r3, [pc, #4]	@ (10003564 <__wrap___aeabi_memcpy+0x8>)
1000355e:	685b      	ldr	r3, [r3, #4]
10003560:	4718      	bx	r3
10003562:	0000      	.short	0x0000
10003564:	20000fd0 	.word	0x20000fd0

10003568 <_Znwj>:
10003568:	b510      	push	{r4, lr}
1000356a:	f7ff ffd3 	bl	10003514 <__wrap_malloc>
1000356e:	bd10      	pop	{r4, pc}

10003570 <_ZdlPvj>:
10003570:	b510      	push	{r4, lr}
10003572:	f7ff ffe1 	bl	10003538 <__wrap_free>
10003576:	bd10      	pop	{r4, pc}

10003578 <_out_null>:
10003578:	4770      	bx	lr
1000357a:	46c0      	nop			@ (mov r8, r8)

1000357c <_out_rev>:
1000357c:	b5f8      	push	{r3, r4, r5, r6, r7, lr}
1000357e:	4657      	mov	r7, sl
10003580:	46de      	mov	lr, fp
10003582:	464e      	mov	r6, r9
10003584:	4645      	mov	r5, r8
10003586:	b5e0      	push	{r5, r6, r7, lr}
10003588:	4699      	mov	r9, r3
1000358a:	9b0a      	ldr	r3, [sp, #40]	@ 0x28
1000358c:	0007      	movs	r7, r0
1000358e:	469a      	mov	sl, r3
10003590:	9b0d      	ldr	r3, [sp, #52]	@ 0x34
10003592:	4688      	mov	r8, r1
10003594:	4693      	mov	fp, r2
10003596:	9c0b      	ldr	r4, [sp, #44]	@ 0x2c
10003598:	079b      	lsls	r3, r3, #30
1000359a:	d13b      	bne.n	10003614 <_out_rev+0x98>
1000359c:	9b0c      	ldr	r3, [sp, #48]	@ 0x30
1000359e:	429c      	cmp	r4, r3
100035a0:	d23d      	bcs.n	1000361e <_out_rev+0xa2>
100035a2:	1b1e      	subs	r6, r3, r4
100035a4:	940b      	str	r4, [sp, #44]	@ 0x2c
100035a6:	0015      	movs	r5, r2
100035a8:	000c      	movs	r4, r1
100035aa:	445e      	add	r6, fp
100035ac:	002a      	movs	r2, r5
100035ae:	464b      	mov	r3, r9
100035b0:	3501      	adds	r5, #1
100035b2:	0021      	movs	r1, r4
100035b4:	2020      	movs	r0, #32
100035b6:	47b8      	blx	r7
100035b8:	42b5      	cmp	r5, r6
100035ba:	d1f7      	bne.n	100035ac <_out_rev+0x30>
100035bc:	46a0      	mov	r8, r4
100035be:	9c0b      	ldr	r4, [sp, #44]	@ 0x2c
100035c0:	2c00      	cmp	r4, #0
100035c2:	d020      	beq.n	10003606 <_out_rev+0x8a>
100035c4:	4645      	mov	r5, r8
100035c6:	1936      	adds	r6, r6, r4
100035c8:	4653      	mov	r3, sl
100035ca:	1b32      	subs	r2, r6, r4
100035cc:	3c01      	subs	r4, #1
100035ce:	5d18      	ldrb	r0, [r3, r4]
100035d0:	0029      	movs	r1, r5
100035d2:	464b      	mov	r3, r9
100035d4:	47b8      	blx	r7
100035d6:	2c00      	cmp	r4, #0
100035d8:	d1f6      	bne.n	100035c8 <_out_rev+0x4c>
100035da:	002b      	movs	r3, r5
100035dc:	0035      	movs	r5, r6
100035de:	4698      	mov	r8, r3
100035e0:	9b0d      	ldr	r3, [sp, #52]	@ 0x34
100035e2:	079b      	lsls	r3, r3, #30
100035e4:	d50f      	bpl.n	10003606 <_out_rev+0x8a>
100035e6:	465b      	mov	r3, fp
100035e8:	1aec      	subs	r4, r5, r3
100035ea:	9b0c      	ldr	r3, [sp, #48]	@ 0x30
100035ec:	42a3      	cmp	r3, r4
100035ee:	d90a      	bls.n	10003606 <_out_rev+0x8a>
100035f0:	4646      	mov	r6, r8
100035f2:	4698      	mov	r8, r3
100035f4:	002a      	movs	r2, r5
100035f6:	464b      	mov	r3, r9
100035f8:	0031      	movs	r1, r6
100035fa:	2020      	movs	r0, #32
100035fc:	3401      	adds	r4, #1
100035fe:	47b8      	blx	r7
10003600:	3501      	adds	r5, #1
10003602:	4544      	cmp	r4, r8
10003604:	d3f6      	bcc.n	100035f4 <_out_rev+0x78>
10003606:	0028      	movs	r0, r5
10003608:	bcf0      	pop	{r4, r5, r6, r7}
1000360a:	46bb      	mov	fp, r7
1000360c:	46b2      	mov	sl, r6
1000360e:	46a9      	mov	r9, r5
10003610:	46a0      	mov	r8, r4
10003612:	bdf8      	pop	{r3, r4, r5, r6, r7, pc}
10003614:	0016      	movs	r6, r2
10003616:	0015      	movs	r5, r2
10003618:	2c00      	cmp	r4, #0
1000361a:	d1d3      	bne.n	100035c4 <_out_rev+0x48>
1000361c:	e7e0      	b.n	100035e0 <_out_rev+0x64>
1000361e:	0016      	movs	r6, r2
10003620:	2c00      	cmp	r4, #0
10003622:	d1cf      	bne.n	100035c4 <_out_rev+0x48>
10003624:	0015      	movs	r5, r2
10003626:	e7ee      	b.n	10003606 <_out_rev+0x8a>

10003628 <_ntoa_format>:
10003628:	b5f0      	push	{r4, r5, r6, r7, lr}
1000362a:	464f      	mov	r7, r9
1000362c:	4646      	mov	r6, r8
1000362e:	46d6      	mov	lr, sl
10003630:	b5c0      	push	{r6, r7, lr}
10003632:	b084      	sub	sp, #16
10003634:	4698      	mov	r8, r3
10003636:	ab0e      	add	r3, sp, #56	@ 0x38
10003638:	781b      	ldrb	r3, [r3, #0]
1000363a:	4694      	mov	ip, r2
1000363c:	4699      	mov	r9, r3
1000363e:	9b12      	ldr	r3, [sp, #72]	@ 0x48
10003640:	9c0d      	ldr	r4, [sp, #52]	@ 0x34
10003642:	9f10      	ldr	r7, [sp, #64]	@ 0x40
10003644:	9e11      	ldr	r6, [sp, #68]	@ 0x44
10003646:	079a      	lsls	r2, r3, #30
10003648:	d425      	bmi.n	10003696 <_ntoa_format+0x6e>
1000364a:	2e00      	cmp	r6, #0
1000364c:	d165      	bne.n	1000371a <_ntoa_format+0xf2>
1000364e:	42bc      	cmp	r4, r7
10003650:	d221      	bcs.n	10003696 <_ntoa_format+0x6e>
10003652:	2201      	movs	r2, #1
10003654:	401a      	ands	r2, r3
10003656:	4692      	mov	sl, r2
10003658:	2c20      	cmp	r4, #32
1000365a:	d100      	bne.n	1000365e <_ntoa_format+0x36>
1000365c:	e0e9      	b.n	10003832 <_ntoa_format+0x20a>
1000365e:	9a0c      	ldr	r2, [sp, #48]	@ 0x30
10003660:	1e55      	subs	r5, r2, #1
10003662:	2230      	movs	r2, #48	@ 0x30
10003664:	e002      	b.n	1000366c <_ntoa_format+0x44>
10003666:	2c20      	cmp	r4, #32
10003668:	d100      	bne.n	1000366c <_ntoa_format+0x44>
1000366a:	e07b      	b.n	10003764 <_ntoa_format+0x13c>
1000366c:	3401      	adds	r4, #1
1000366e:	552a      	strb	r2, [r5, r4]
10003670:	42a7      	cmp	r7, r4
10003672:	d8f8      	bhi.n	10003666 <_ntoa_format+0x3e>
10003674:	4652      	mov	r2, sl
10003676:	2a00      	cmp	r2, #0
10003678:	d00d      	beq.n	10003696 <_ntoa_format+0x6e>
1000367a:	42b4      	cmp	r4, r6
1000367c:	d20b      	bcs.n	10003696 <_ntoa_format+0x6e>
1000367e:	9a0c      	ldr	r2, [sp, #48]	@ 0x30
10003680:	1e55      	subs	r5, r2, #1
10003682:	2230      	movs	r2, #48	@ 0x30
10003684:	2c20      	cmp	r4, #32
10003686:	d102      	bne.n	1000368e <_ntoa_format+0x66>
10003688:	e071      	b.n	1000376e <_ntoa_format+0x146>
1000368a:	2c20      	cmp	r4, #32
1000368c:	d02d      	beq.n	100036ea <_ntoa_format+0xc2>
1000368e:	3401      	adds	r4, #1
10003690:	552a      	strb	r2, [r5, r4]
10003692:	42b4      	cmp	r4, r6
10003694:	d1f9      	bne.n	1000368a <_ntoa_format+0x62>
10003696:	06da      	lsls	r2, r3, #27
10003698:	d53c      	bpl.n	10003714 <_ntoa_format+0xec>
1000369a:	055a      	lsls	r2, r3, #21
1000369c:	d42e      	bmi.n	100036fc <_ntoa_format+0xd4>
1000369e:	2c00      	cmp	r4, #0
100036a0:	d128      	bne.n	100036f4 <_ntoa_format+0xcc>
100036a2:	9a0f      	ldr	r2, [sp, #60]	@ 0x3c
100036a4:	2a10      	cmp	r2, #16
100036a6:	d100      	bne.n	100036aa <_ntoa_format+0x82>
100036a8:	e0b6      	b.n	10003818 <_ntoa_format+0x1f0>
100036aa:	2a02      	cmp	r2, #2
100036ac:	d100      	bne.n	100036b0 <_ntoa_format+0x88>
100036ae:	e0bc      	b.n	1000382a <_ntoa_format+0x202>
100036b0:	2230      	movs	r2, #48	@ 0x30
100036b2:	9c0c      	ldr	r4, [sp, #48]	@ 0x30
100036b4:	7022      	strb	r2, [r4, #0]
100036b6:	2401      	movs	r4, #1
100036b8:	464a      	mov	r2, r9
100036ba:	2a00      	cmp	r2, #0
100036bc:	d165      	bne.n	1000378a <_ntoa_format+0x162>
100036be:	075a      	lsls	r2, r3, #29
100036c0:	d400      	bmi.n	100036c4 <_ntoa_format+0x9c>
100036c2:	e099      	b.n	100037f8 <_ntoa_format+0x1d0>
100036c4:	222b      	movs	r2, #43	@ 0x2b
100036c6:	9d0c      	ldr	r5, [sp, #48]	@ 0x30
100036c8:	552a      	strb	r2, [r5, r4]
100036ca:	3401      	adds	r4, #1
100036cc:	9303      	str	r3, [sp, #12]
100036ce:	9b0c      	ldr	r3, [sp, #48]	@ 0x30
100036d0:	4662      	mov	r2, ip
100036d2:	9300      	str	r3, [sp, #0]
100036d4:	9602      	str	r6, [sp, #8]
100036d6:	4643      	mov	r3, r8
100036d8:	9401      	str	r4, [sp, #4]
100036da:	f7ff ff4f 	bl	1000357c <_out_rev>
100036de:	b004      	add	sp, #16
100036e0:	bce0      	pop	{r5, r6, r7}
100036e2:	46ba      	mov	sl, r7
100036e4:	46b1      	mov	r9, r6
100036e6:	46a8      	mov	r8, r5
100036e8:	bdf0      	pop	{r4, r5, r6, r7, pc}
100036ea:	2420      	movs	r4, #32
100036ec:	06da      	lsls	r2, r3, #27
100036ee:	d5ed      	bpl.n	100036cc <_ntoa_format+0xa4>
100036f0:	055a      	lsls	r2, r3, #21
100036f2:	d403      	bmi.n	100036fc <_ntoa_format+0xd4>
100036f4:	42a7      	cmp	r7, r4
100036f6:	d066      	beq.n	100037c6 <_ntoa_format+0x19e>
100036f8:	42b4      	cmp	r4, r6
100036fa:	d064      	beq.n	100037c6 <_ntoa_format+0x19e>
100036fc:	9a0f      	ldr	r2, [sp, #60]	@ 0x3c
100036fe:	2a10      	cmp	r2, #16
10003700:	d071      	beq.n	100037e6 <_ntoa_format+0x1be>
10003702:	2a02      	cmp	r2, #2
10003704:	d057      	beq.n	100037b6 <_ntoa_format+0x18e>
10003706:	2c20      	cmp	r4, #32
10003708:	d0e0      	beq.n	100036cc <_ntoa_format+0xa4>
1000370a:	0022      	movs	r2, r4
1000370c:	3401      	adds	r4, #1
1000370e:	2530      	movs	r5, #48	@ 0x30
10003710:	9f0c      	ldr	r7, [sp, #48]	@ 0x30
10003712:	54bd      	strb	r5, [r7, r2]
10003714:	2c20      	cmp	r4, #32
10003716:	d0d9      	beq.n	100036cc <_ntoa_format+0xa4>
10003718:	e7ce      	b.n	100036b8 <_ntoa_format+0x90>
1000371a:	2201      	movs	r2, #1
1000371c:	0015      	movs	r5, r2
1000371e:	401d      	ands	r5, r3
10003720:	46aa      	mov	sl, r5
10003722:	421a      	tst	r2, r3
10003724:	d036      	beq.n	10003794 <_ntoa_format+0x16c>
10003726:	464a      	mov	r2, r9
10003728:	2a00      	cmp	r2, #0
1000372a:	d14a      	bne.n	100037c2 <_ntoa_format+0x19a>
1000372c:	320c      	adds	r2, #12
1000372e:	421a      	tst	r2, r3
10003730:	d147      	bne.n	100037c2 <_ntoa_format+0x19a>
10003732:	42bc      	cmp	r4, r7
10003734:	d2a1      	bcs.n	1000367a <_ntoa_format+0x52>
10003736:	2c20      	cmp	r4, #32
10003738:	d191      	bne.n	1000365e <_ntoa_format+0x36>
1000373a:	2e20      	cmp	r6, #32
1000373c:	d817      	bhi.n	1000376e <_ntoa_format+0x146>
1000373e:	2420      	movs	r4, #32
10003740:	06da      	lsls	r2, r3, #27
10003742:	d5c3      	bpl.n	100036cc <_ntoa_format+0xa4>
10003744:	055a      	lsls	r2, r3, #21
10003746:	d41b      	bmi.n	10003780 <_ntoa_format+0x158>
10003748:	2f20      	cmp	r7, #32
1000374a:	d001      	beq.n	10003750 <_ntoa_format+0x128>
1000374c:	2e20      	cmp	r6, #32
1000374e:	d1d5      	bne.n	100036fc <_ntoa_format+0xd4>
10003750:	221f      	movs	r2, #31
10003752:	9d0f      	ldr	r5, [sp, #60]	@ 0x3c
10003754:	2d10      	cmp	r5, #16
10003756:	d06f      	beq.n	10003838 <_ntoa_format+0x210>
10003758:	2d02      	cmp	r5, #2
1000375a:	d1d8      	bne.n	1000370e <_ntoa_format+0xe6>
1000375c:	2562      	movs	r5, #98	@ 0x62
1000375e:	9f0c      	ldr	r7, [sp, #48]	@ 0x30
10003760:	54bd      	strb	r5, [r7, r2]
10003762:	e7d0      	b.n	10003706 <_ntoa_format+0xde>
10003764:	4652      	mov	r2, sl
10003766:	2a00      	cmp	r2, #0
10003768:	d079      	beq.n	1000385e <_ntoa_format+0x236>
1000376a:	2e20      	cmp	r6, #32
1000376c:	d9bd      	bls.n	100036ea <_ntoa_format+0xc2>
1000376e:	2420      	movs	r4, #32
10003770:	06da      	lsls	r2, r3, #27
10003772:	d5ab      	bpl.n	100036cc <_ntoa_format+0xa4>
10003774:	055a      	lsls	r2, r3, #21
10003776:	d403      	bmi.n	10003780 <_ntoa_format+0x158>
10003778:	2f20      	cmp	r7, #32
1000377a:	d0e9      	beq.n	10003750 <_ntoa_format+0x128>
1000377c:	2e20      	cmp	r6, #32
1000377e:	d0e7      	beq.n	10003750 <_ntoa_format+0x128>
10003780:	9a0f      	ldr	r2, [sp, #60]	@ 0x3c
10003782:	2a10      	cmp	r2, #16
10003784:	d1a2      	bne.n	100036cc <_ntoa_format+0xa4>
10003786:	2420      	movs	r4, #32
10003788:	e7a0      	b.n	100036cc <_ntoa_format+0xa4>
1000378a:	222d      	movs	r2, #45	@ 0x2d
1000378c:	9d0c      	ldr	r5, [sp, #48]	@ 0x30
1000378e:	552a      	strb	r2, [r5, r4]
10003790:	3401      	adds	r4, #1
10003792:	e79b      	b.n	100036cc <_ntoa_format+0xa4>
10003794:	42bc      	cmp	r4, r7
10003796:	d300      	bcc.n	1000379a <_ntoa_format+0x172>
10003798:	e77d      	b.n	10003696 <_ntoa_format+0x6e>
1000379a:	2c20      	cmp	r4, #32
1000379c:	d000      	beq.n	100037a0 <_ntoa_format+0x178>
1000379e:	e75e      	b.n	1000365e <_ntoa_format+0x36>
100037a0:	06da      	lsls	r2, r3, #27
100037a2:	d5f0      	bpl.n	10003786 <_ntoa_format+0x15e>
100037a4:	055a      	lsls	r2, r3, #21
100037a6:	d4ee      	bmi.n	10003786 <_ntoa_format+0x15e>
100037a8:	2f20      	cmp	r7, #32
100037aa:	d062      	beq.n	10003872 <_ntoa_format+0x24a>
100037ac:	2e20      	cmp	r6, #32
100037ae:	d1ea      	bne.n	10003786 <_ntoa_format+0x15e>
100037b0:	0034      	movs	r4, r6
100037b2:	221f      	movs	r2, #31
100037b4:	e7cd      	b.n	10003752 <_ntoa_format+0x12a>
100037b6:	2c20      	cmp	r4, #32
100037b8:	d100      	bne.n	100037bc <_ntoa_format+0x194>
100037ba:	e787      	b.n	100036cc <_ntoa_format+0xa4>
100037bc:	0022      	movs	r2, r4
100037be:	3401      	adds	r4, #1
100037c0:	e7cc      	b.n	1000375c <_ntoa_format+0x134>
100037c2:	3e01      	subs	r6, #1
100037c4:	e7b5      	b.n	10003732 <_ntoa_format+0x10a>
100037c6:	1e62      	subs	r2, r4, #1
100037c8:	2c01      	cmp	r4, #1
100037ca:	d1c2      	bne.n	10003752 <_ntoa_format+0x12a>
100037cc:	9a0f      	ldr	r2, [sp, #60]	@ 0x3c
100037ce:	2a10      	cmp	r2, #16
100037d0:	d000      	beq.n	100037d4 <_ntoa_format+0x1ac>
100037d2:	e76a      	b.n	100036aa <_ntoa_format+0x82>
100037d4:	069a      	lsls	r2, r3, #26
100037d6:	d53b      	bpl.n	10003850 <_ntoa_format+0x228>
100037d8:	2258      	movs	r2, #88	@ 0x58
100037da:	9c0c      	ldr	r4, [sp, #48]	@ 0x30
100037dc:	7022      	strb	r2, [r4, #0]
100037de:	3a28      	subs	r2, #40	@ 0x28
100037e0:	7062      	strb	r2, [r4, #1]
100037e2:	2402      	movs	r4, #2
100037e4:	e768      	b.n	100036b8 <_ntoa_format+0x90>
100037e6:	069a      	lsls	r2, r3, #26
100037e8:	d40e      	bmi.n	10003808 <_ntoa_format+0x1e0>
100037ea:	2c20      	cmp	r4, #32
100037ec:	d0cb      	beq.n	10003786 <_ntoa_format+0x15e>
100037ee:	2278      	movs	r2, #120	@ 0x78
100037f0:	9d0c      	ldr	r5, [sp, #48]	@ 0x30
100037f2:	552a      	strb	r2, [r5, r4]
100037f4:	3401      	adds	r4, #1
100037f6:	e786      	b.n	10003706 <_ntoa_format+0xde>
100037f8:	071a      	lsls	r2, r3, #28
100037fa:	d400      	bmi.n	100037fe <_ntoa_format+0x1d6>
100037fc:	e766      	b.n	100036cc <_ntoa_format+0xa4>
100037fe:	2220      	movs	r2, #32
10003800:	9d0c      	ldr	r5, [sp, #48]	@ 0x30
10003802:	552a      	strb	r2, [r5, r4]
10003804:	3401      	adds	r4, #1
10003806:	e761      	b.n	100036cc <_ntoa_format+0xa4>
10003808:	2c20      	cmp	r4, #32
1000380a:	d0bc      	beq.n	10003786 <_ntoa_format+0x15e>
1000380c:	2558      	movs	r5, #88	@ 0x58
1000380e:	9a0c      	ldr	r2, [sp, #48]	@ 0x30
10003810:	1912      	adds	r2, r2, r4
10003812:	7015      	strb	r5, [r2, #0]
10003814:	3401      	adds	r4, #1
10003816:	e776      	b.n	10003706 <_ntoa_format+0xde>
10003818:	069a      	lsls	r2, r3, #26
1000381a:	d508      	bpl.n	1000382e <_ntoa_format+0x206>
1000381c:	2258      	movs	r2, #88	@ 0x58
1000381e:	9c0c      	ldr	r4, [sp, #48]	@ 0x30
10003820:	7022      	strb	r2, [r4, #0]
10003822:	2230      	movs	r2, #48	@ 0x30
10003824:	7062      	strb	r2, [r4, #1]
10003826:	2402      	movs	r4, #2
10003828:	e746      	b.n	100036b8 <_ntoa_format+0x90>
1000382a:	3260      	adds	r2, #96	@ 0x60
1000382c:	e7f7      	b.n	1000381e <_ntoa_format+0x1f6>
1000382e:	2278      	movs	r2, #120	@ 0x78
10003830:	e7f5      	b.n	1000381e <_ntoa_format+0x1f6>
10003832:	2a00      	cmp	r2, #0
10003834:	d183      	bne.n	1000373e <_ntoa_format+0x116>
10003836:	e7b3      	b.n	100037a0 <_ntoa_format+0x178>
10003838:	1ea2      	subs	r2, r4, #2
1000383a:	3c01      	subs	r4, #1
1000383c:	069d      	lsls	r5, r3, #26
1000383e:	d403      	bmi.n	10003848 <_ntoa_format+0x220>
10003840:	2578      	movs	r5, #120	@ 0x78
10003842:	9f0c      	ldr	r7, [sp, #48]	@ 0x30
10003844:	54bd      	strb	r5, [r7, r2]
10003846:	e760      	b.n	1000370a <_ntoa_format+0xe2>
10003848:	2558      	movs	r5, #88	@ 0x58
1000384a:	9f0c      	ldr	r7, [sp, #48]	@ 0x30
1000384c:	54bd      	strb	r5, [r7, r2]
1000384e:	e75c      	b.n	1000370a <_ntoa_format+0xe2>
10003850:	2278      	movs	r2, #120	@ 0x78
10003852:	9c0c      	ldr	r4, [sp, #48]	@ 0x30
10003854:	7022      	strb	r2, [r4, #0]
10003856:	3a48      	subs	r2, #72	@ 0x48
10003858:	7062      	strb	r2, [r4, #1]
1000385a:	2402      	movs	r4, #2
1000385c:	e72c      	b.n	100036b8 <_ntoa_format+0x90>
1000385e:	06da      	lsls	r2, r3, #27
10003860:	d400      	bmi.n	10003864 <_ntoa_format+0x23c>
10003862:	e733      	b.n	100036cc <_ntoa_format+0xa4>
10003864:	055a      	lsls	r2, r3, #21
10003866:	d48b      	bmi.n	10003780 <_ntoa_format+0x158>
10003868:	2f20      	cmp	r7, #32
1000386a:	d000      	beq.n	1000386e <_ntoa_format+0x246>
1000386c:	e744      	b.n	100036f8 <_ntoa_format+0xd0>
1000386e:	221f      	movs	r2, #31
10003870:	e76f      	b.n	10003752 <_ntoa_format+0x12a>
10003872:	003c      	movs	r4, r7
10003874:	221f      	movs	r2, #31
10003876:	e76c      	b.n	10003752 <_ntoa_format+0x12a>

10003878 <_out_char>:
10003878:	b510      	push	{r4, lr}
1000387a:	2800      	cmp	r0, #0
1000387c:	d100      	bne.n	10003880 <_out_char+0x8>
1000387e:	bd10      	pop	{r4, pc}
10003880:	f001 fc06 	bl	10005090 <__wrap_putchar>
10003884:	e7fb      	b.n	1000387e <_out_char+0x6>
10003886:	46c0      	nop			@ (mov r8, r8)

10003888 <_out_fct>:
10003888:	000b      	movs	r3, r1
1000388a:	b510      	push	{r4, lr}
1000388c:	2800      	cmp	r0, #0
1000388e:	d002      	beq.n	10003896 <_out_fct+0xe>
10003890:	6849      	ldr	r1, [r1, #4]
10003892:	681b      	ldr	r3, [r3, #0]
10003894:	4798      	blx	r3
10003896:	bd10      	pop	{r4, pc}

10003898 <_etoa>:
10003898:	b5f0      	push	{r4, r5, r6, r7, lr}
1000389a:	4657      	mov	r7, sl
1000389c:	464e      	mov	r6, r9
1000389e:	4645      	mov	r5, r8
100038a0:	46de      	mov	lr, fp
100038a2:	b5e0      	push	{r5, r6, r7, lr}
100038a4:	b099      	sub	sp, #100	@ 0x64
100038a6:	4682      	mov	sl, r0
100038a8:	4689      	mov	r9, r1
100038aa:	4690      	mov	r8, r2
100038ac:	9308      	str	r3, [sp, #32]
100038ae:	9a22      	ldr	r2, [sp, #136]	@ 0x88
100038b0:	9b23      	ldr	r3, [sp, #140]	@ 0x8c
100038b2:	0010      	movs	r0, r2
100038b4:	0019      	movs	r1, r3
100038b6:	f7ff f8f0 	bl	10002a9a <__wrap___aeabi_dcmpun>
100038ba:	2800      	cmp	r0, #0
100038bc:	d000      	beq.n	100038c0 <_etoa+0x28>
100038be:	e0cd      	b.n	10003a5c <_etoa+0x1c4>
100038c0:	9822      	ldr	r0, [sp, #136]	@ 0x88
100038c2:	9923      	ldr	r1, [sp, #140]	@ 0x8c
100038c4:	2201      	movs	r2, #1
100038c6:	4bd9      	ldr	r3, [pc, #868]	@ (10003c2c <_etoa+0x394>)
100038c8:	4252      	negs	r2, r2
100038ca:	f7ff f8e1 	bl	10002a90 <__wrap___aeabi_dcmpgt>
100038ce:	2800      	cmp	r0, #0
100038d0:	d000      	beq.n	100038d4 <_etoa+0x3c>
100038d2:	e0c3      	b.n	10003a5c <_etoa+0x1c4>
100038d4:	9822      	ldr	r0, [sp, #136]	@ 0x88
100038d6:	9923      	ldr	r1, [sp, #140]	@ 0x8c
100038d8:	2201      	movs	r2, #1
100038da:	4bd5      	ldr	r3, [pc, #852]	@ (10003c30 <_etoa+0x398>)
100038dc:	4252      	negs	r2, r2
100038de:	f7ff f8c1 	bl	10002a64 <__wrap___aeabi_dcmplt>
100038e2:	2800      	cmp	r0, #0
100038e4:	d000      	beq.n	100038e8 <_etoa+0x50>
100038e6:	e0b9      	b.n	10003a5c <_etoa+0x1c4>
100038e8:	9822      	ldr	r0, [sp, #136]	@ 0x88
100038ea:	9923      	ldr	r1, [sp, #140]	@ 0x8c
100038ec:	2200      	movs	r2, #0
100038ee:	2300      	movs	r3, #0
100038f0:	f7ff f8b8 	bl	10002a64 <__wrap___aeabi_dcmplt>
100038f4:	2800      	cmp	r0, #0
100038f6:	d000      	beq.n	100038fa <_etoa+0x62>
100038f8:	e1f1      	b.n	10003cde <_etoa+0x446>
100038fa:	9e22      	ldr	r6, [sp, #136]	@ 0x88
100038fc:	9f23      	ldr	r7, [sp, #140]	@ 0x8c
100038fe:	2380      	movs	r3, #128	@ 0x80
10003900:	9a26      	ldr	r2, [sp, #152]	@ 0x98
10003902:	00db      	lsls	r3, r3, #3
10003904:	401a      	ands	r2, r3
10003906:	920d      	str	r2, [sp, #52]	@ 0x34
10003908:	9a26      	ldr	r2, [sp, #152]	@ 0x98
1000390a:	421a      	tst	r2, r3
1000390c:	d101      	bne.n	10003912 <_etoa+0x7a>
1000390e:	2306      	movs	r3, #6
10003910:	9324      	str	r3, [sp, #144]	@ 0x90
10003912:	2380      	movs	r3, #128	@ 0x80
10003914:	9a26      	ldr	r2, [sp, #152]	@ 0x98
10003916:	011b      	lsls	r3, r3, #4
10003918:	401a      	ands	r2, r3
1000391a:	003b      	movs	r3, r7
1000391c:	4693      	mov	fp, r2
1000391e:	9609      	str	r6, [sp, #36]	@ 0x24
10003920:	4333      	orrs	r3, r6
10003922:	d000      	beq.n	10003926 <_etoa+0x8e>
10003924:	e0b3      	b.n	10003a8e <_etoa+0x1f6>
10003926:	2a00      	cmp	r2, #0
10003928:	d000      	beq.n	1000392c <_etoa+0x94>
1000392a:	e1c2      	b.n	10003cb2 <_etoa+0x41a>
1000392c:	2300      	movs	r3, #0
1000392e:	2400      	movs	r4, #0
10003930:	930a      	str	r3, [sp, #40]	@ 0x28
10003932:	940b      	str	r4, [sp, #44]	@ 0x2c
10003934:	2300      	movs	r3, #0
10003936:	2504      	movs	r5, #4
10003938:	9309      	str	r3, [sp, #36]	@ 0x24
1000393a:	9b25      	ldr	r3, [sp, #148]	@ 0x94
1000393c:	2400      	movs	r4, #0
1000393e:	42ab      	cmp	r3, r5
10003940:	d900      	bls.n	10003944 <_etoa+0xac>
10003942:	1b5c      	subs	r4, r3, r5
10003944:	2302      	movs	r3, #2
10003946:	9a26      	ldr	r2, [sp, #152]	@ 0x98
10003948:	401a      	ands	r2, r3
1000394a:	920c      	str	r2, [sp, #48]	@ 0x30
1000394c:	9a26      	ldr	r2, [sp, #152]	@ 0x98
1000394e:	4213      	tst	r3, r2
10003950:	d003      	beq.n	1000395a <_etoa+0xc2>
10003952:	426b      	negs	r3, r5
10003954:	416b      	adcs	r3, r5
10003956:	425b      	negs	r3, r3
10003958:	401c      	ands	r4, r3
1000395a:	9b09      	ldr	r3, [sp, #36]	@ 0x24
1000395c:	2b00      	cmp	r3, #0
1000395e:	d007      	beq.n	10003970 <_etoa+0xd8>
10003960:	9a0a      	ldr	r2, [sp, #40]	@ 0x28
10003962:	9b0b      	ldr	r3, [sp, #44]	@ 0x2c
10003964:	0030      	movs	r0, r6
10003966:	0039      	movs	r1, r7
10003968:	f7ff f813 	bl	10002992 <__wrap___aeabi_ddiv>
1000396c:	0006      	movs	r6, r0
1000396e:	000f      	movs	r7, r1
10003970:	9822      	ldr	r0, [sp, #136]	@ 0x88
10003972:	9923      	ldr	r1, [sp, #140]	@ 0x8c
10003974:	2200      	movs	r2, #0
10003976:	2300      	movs	r3, #0
10003978:	f7ff f874 	bl	10002a64 <__wrap___aeabi_dcmplt>
1000397c:	2800      	cmp	r0, #0
1000397e:	d003      	beq.n	10003988 <_etoa+0xf0>
10003980:	2180      	movs	r1, #128	@ 0x80
10003982:	0609      	lsls	r1, r1, #24
10003984:	187b      	adds	r3, r7, r1
10003986:	001f      	movs	r7, r3
10003988:	9a26      	ldr	r2, [sp, #152]	@ 0x98
1000398a:	4baa      	ldr	r3, [pc, #680]	@ (10003c34 <_etoa+0x39c>)
1000398c:	9600      	str	r6, [sp, #0]
1000398e:	9701      	str	r7, [sp, #4]
10003990:	4013      	ands	r3, r2
10003992:	9e08      	ldr	r6, [sp, #32]
10003994:	9304      	str	r3, [sp, #16]
10003996:	9b24      	ldr	r3, [sp, #144]	@ 0x90
10003998:	9403      	str	r4, [sp, #12]
1000399a:	9302      	str	r3, [sp, #8]
1000399c:	4642      	mov	r2, r8
1000399e:	0033      	movs	r3, r6
100039a0:	4649      	mov	r1, r9
100039a2:	4650      	mov	r0, sl
100039a4:	f000 f9aa 	bl	10003cfc <_ftoa>
100039a8:	0004      	movs	r4, r0
100039aa:	2d00      	cmp	r5, #0
100039ac:	d067      	beq.n	10003a7e <_etoa+0x1e6>
100039ae:	2020      	movs	r0, #32
100039b0:	9a26      	ldr	r2, [sp, #152]	@ 0x98
100039b2:	4649      	mov	r1, r9
100039b4:	4002      	ands	r2, r0
100039b6:	0013      	movs	r3, r2
100039b8:	425a      	negs	r2, r3
100039ba:	4153      	adcs	r3, r2
100039bc:	425b      	negs	r3, r3
100039be:	1c62      	adds	r2, r4, #1
100039c0:	4018      	ands	r0, r3
100039c2:	920a      	str	r2, [sp, #40]	@ 0x28
100039c4:	0033      	movs	r3, r6
100039c6:	0022      	movs	r2, r4
100039c8:	3045      	adds	r0, #69	@ 0x45
100039ca:	47d0      	blx	sl
100039cc:	9a09      	ldr	r2, [sp, #36]	@ 0x24
100039ce:	1e6f      	subs	r7, r5, #1
100039d0:	17d3      	asrs	r3, r2, #31
100039d2:	18d4      	adds	r4, r2, r3
100039d4:	405c      	eors	r4, r3
100039d6:	0fd3      	lsrs	r3, r2, #31
100039d8:	469b      	mov	fp, r3
100039da:	2500      	movs	r5, #0
100039dc:	e001      	b.n	100039e2 <_etoa+0x14a>
100039de:	2d20      	cmp	r5, #32
100039e0:	d013      	beq.n	10003a0a <_etoa+0x172>
100039e2:	aa08      	add	r2, sp, #32
100039e4:	4694      	mov	ip, r2
100039e6:	231f      	movs	r3, #31
100039e8:	0020      	movs	r0, r4
100039ea:	4463      	add	r3, ip
100039ec:	210a      	movs	r1, #10
100039ee:	3501      	adds	r5, #1
100039f0:	195e      	adds	r6, r3, r5
100039f2:	f7fe fd81 	bl	100024f8 <__wrap___aeabi_uidiv>
100039f6:	3130      	adds	r1, #48	@ 0x30
100039f8:	7031      	strb	r1, [r6, #0]
100039fa:	0020      	movs	r0, r4
100039fc:	210a      	movs	r1, #10
100039fe:	f7fe fd7b 	bl	100024f8 <__wrap___aeabi_uidiv>
10003a02:	0026      	movs	r6, r4
10003a04:	0004      	movs	r4, r0
10003a06:	2e09      	cmp	r6, #9
10003a08:	d8e9      	bhi.n	100039de <_etoa+0x146>
10003a0a:	2305      	movs	r3, #5
10003a0c:	9306      	str	r3, [sp, #24]
10003a0e:	2300      	movs	r3, #0
10003a10:	9304      	str	r3, [sp, #16]
10003a12:	330a      	adds	r3, #10
10003a14:	9303      	str	r3, [sp, #12]
10003a16:	465b      	mov	r3, fp
10003a18:	9e08      	ldr	r6, [sp, #32]
10003a1a:	9302      	str	r3, [sp, #8]
10003a1c:	ab10      	add	r3, sp, #64	@ 0x40
10003a1e:	9a0a      	ldr	r2, [sp, #40]	@ 0x28
10003a20:	9300      	str	r3, [sp, #0]
10003a22:	4649      	mov	r1, r9
10003a24:	0033      	movs	r3, r6
10003a26:	4650      	mov	r0, sl
10003a28:	9705      	str	r7, [sp, #20]
10003a2a:	9501      	str	r5, [sp, #4]
10003a2c:	f7ff fdfc 	bl	10003628 <_ntoa_format>
10003a30:	9a0c      	ldr	r2, [sp, #48]	@ 0x30
10003a32:	0004      	movs	r4, r0
10003a34:	2a00      	cmp	r2, #0
10003a36:	d022      	beq.n	10003a7e <_etoa+0x1e6>
10003a38:	4642      	mov	r2, r8
10003a3a:	1a85      	subs	r5, r0, r2
10003a3c:	9a25      	ldr	r2, [sp, #148]	@ 0x94
10003a3e:	42aa      	cmp	r2, r5
10003a40:	d91d      	bls.n	10003a7e <_etoa+0x1e6>
10003a42:	46b0      	mov	r8, r6
10003a44:	4657      	mov	r7, sl
10003a46:	0016      	movs	r6, r2
10003a48:	0022      	movs	r2, r4
10003a4a:	4643      	mov	r3, r8
10003a4c:	4649      	mov	r1, r9
10003a4e:	2020      	movs	r0, #32
10003a50:	3501      	adds	r5, #1
10003a52:	47b8      	blx	r7
10003a54:	3401      	adds	r4, #1
10003a56:	42ae      	cmp	r6, r5
10003a58:	d8f6      	bhi.n	10003a48 <_etoa+0x1b0>
10003a5a:	e010      	b.n	10003a7e <_etoa+0x1e6>
10003a5c:	9b26      	ldr	r3, [sp, #152]	@ 0x98
10003a5e:	4642      	mov	r2, r8
10003a60:	9304      	str	r3, [sp, #16]
10003a62:	9b25      	ldr	r3, [sp, #148]	@ 0x94
10003a64:	4649      	mov	r1, r9
10003a66:	9303      	str	r3, [sp, #12]
10003a68:	9b24      	ldr	r3, [sp, #144]	@ 0x90
10003a6a:	4650      	mov	r0, sl
10003a6c:	9302      	str	r3, [sp, #8]
10003a6e:	9b22      	ldr	r3, [sp, #136]	@ 0x88
10003a70:	9c23      	ldr	r4, [sp, #140]	@ 0x8c
10003a72:	9300      	str	r3, [sp, #0]
10003a74:	9401      	str	r4, [sp, #4]
10003a76:	9b08      	ldr	r3, [sp, #32]
10003a78:	f000 f940 	bl	10003cfc <_ftoa>
10003a7c:	0004      	movs	r4, r0
10003a7e:	0020      	movs	r0, r4
10003a80:	b019      	add	sp, #100	@ 0x64
10003a82:	bcf0      	pop	{r4, r5, r6, r7}
10003a84:	46bb      	mov	fp, r7
10003a86:	46b2      	mov	sl, r6
10003a88:	46a9      	mov	r9, r5
10003a8a:	46a0      	mov	r8, r4
10003a8c:	bdf0      	pop	{r4, r5, r6, r7, pc}
10003a8e:	4b6a      	ldr	r3, [pc, #424]	@ (10003c38 <_etoa+0x3a0>)
10003a90:	0078      	lsls	r0, r7, #1
10003a92:	469c      	mov	ip, r3
10003a94:	0d40      	lsrs	r0, r0, #21
10003a96:	4460      	add	r0, ip
10003a98:	f7ff f810 	bl	10002abc <__wrap___aeabi_i2d>
10003a9c:	4a67      	ldr	r2, [pc, #412]	@ (10003c3c <_etoa+0x3a4>)
10003a9e:	4b68      	ldr	r3, [pc, #416]	@ (10003c40 <_etoa+0x3a8>)
10003aa0:	f7fe ff95 	bl	100029ce <__wrap___aeabi_dmul>
10003aa4:	4a67      	ldr	r2, [pc, #412]	@ (10003c44 <_etoa+0x3ac>)
10003aa6:	4b68      	ldr	r3, [pc, #416]	@ (10003c48 <_etoa+0x3b0>)
10003aa8:	f7fe ff6a 	bl	10002980 <__wrap___aeabi_dadd>
10003aac:	4a67      	ldr	r2, [pc, #412]	@ (10003c4c <_etoa+0x3b4>)
10003aae:	033b      	lsls	r3, r7, #12
10003ab0:	0b1b      	lsrs	r3, r3, #12
10003ab2:	431a      	orrs	r2, r3
10003ab4:	0004      	movs	r4, r0
10003ab6:	000d      	movs	r5, r1
10003ab8:	9809      	ldr	r0, [sp, #36]	@ 0x24
10003aba:	0011      	movs	r1, r2
10003abc:	4b64      	ldr	r3, [pc, #400]	@ (10003c50 <_etoa+0x3b8>)
10003abe:	2200      	movs	r2, #0
10003ac0:	f7fe ff55 	bl	1000296e <__wrap___aeabi_dsub>
10003ac4:	4a63      	ldr	r2, [pc, #396]	@ (10003c54 <_etoa+0x3bc>)
10003ac6:	4b64      	ldr	r3, [pc, #400]	@ (10003c58 <_etoa+0x3c0>)
10003ac8:	f7fe ff81 	bl	100029ce <__wrap___aeabi_dmul>
10003acc:	0002      	movs	r2, r0
10003ace:	000b      	movs	r3, r1
10003ad0:	0020      	movs	r0, r4
10003ad2:	0029      	movs	r1, r5
10003ad4:	f7fe ff54 	bl	10002980 <__wrap___aeabi_dadd>
10003ad8:	f7ff f808 	bl	10002aec <__wrap___aeabi_d2iz>
10003adc:	9009      	str	r0, [sp, #36]	@ 0x24
10003ade:	f7fe ffed 	bl	10002abc <__wrap___aeabi_i2d>
10003ae2:	4a5e      	ldr	r2, [pc, #376]	@ (10003c5c <_etoa+0x3c4>)
10003ae4:	4b5e      	ldr	r3, [pc, #376]	@ (10003c60 <_etoa+0x3c8>)
10003ae6:	0004      	movs	r4, r0
10003ae8:	000d      	movs	r5, r1
10003aea:	f7fe ff70 	bl	100029ce <__wrap___aeabi_dmul>
10003aee:	2200      	movs	r2, #0
10003af0:	4b5c      	ldr	r3, [pc, #368]	@ (10003c64 <_etoa+0x3cc>)
10003af2:	f7fe ff45 	bl	10002980 <__wrap___aeabi_dadd>
10003af6:	f7fe fff9 	bl	10002aec <__wrap___aeabi_d2iz>
10003afa:	4a5b      	ldr	r2, [pc, #364]	@ (10003c68 <_etoa+0x3d0>)
10003afc:	4b5b      	ldr	r3, [pc, #364]	@ (10003c6c <_etoa+0x3d4>)
10003afe:	0029      	movs	r1, r5
10003b00:	900c      	str	r0, [sp, #48]	@ 0x30
10003b02:	0020      	movs	r0, r4
10003b04:	f7fe ff63 	bl	100029ce <__wrap___aeabi_dmul>
10003b08:	0004      	movs	r4, r0
10003b0a:	980c      	ldr	r0, [sp, #48]	@ 0x30
10003b0c:	000d      	movs	r5, r1
10003b0e:	f7fe ffd5 	bl	10002abc <__wrap___aeabi_i2d>
10003b12:	4a57      	ldr	r2, [pc, #348]	@ (10003c70 <_etoa+0x3d8>)
10003b14:	4b57      	ldr	r3, [pc, #348]	@ (10003c74 <_etoa+0x3dc>)
10003b16:	f7fe ff5a 	bl	100029ce <__wrap___aeabi_dmul>
10003b1a:	0002      	movs	r2, r0
10003b1c:	000b      	movs	r3, r1
10003b1e:	0020      	movs	r0, r4
10003b20:	0029      	movs	r1, r5
10003b22:	f7fe ff24 	bl	1000296e <__wrap___aeabi_dsub>
10003b26:	0004      	movs	r4, r0
10003b28:	000d      	movs	r5, r1
10003b2a:	0002      	movs	r2, r0
10003b2c:	000b      	movs	r3, r1
10003b2e:	940a      	str	r4, [sp, #40]	@ 0x28
10003b30:	950b      	str	r5, [sp, #44]	@ 0x2c
10003b32:	f7fe ff4c 	bl	100029ce <__wrap___aeabi_dmul>
10003b36:	0004      	movs	r4, r0
10003b38:	000d      	movs	r5, r1
10003b3a:	980a      	ldr	r0, [sp, #40]	@ 0x28
10003b3c:	990b      	ldr	r1, [sp, #44]	@ 0x2c
10003b3e:	0002      	movs	r2, r0
10003b40:	000b      	movs	r3, r1
10003b42:	f7fe ff1d 	bl	10002980 <__wrap___aeabi_dadd>
10003b46:	2200      	movs	r2, #0
10003b48:	900e      	str	r0, [sp, #56]	@ 0x38
10003b4a:	910f      	str	r1, [sp, #60]	@ 0x3c
10003b4c:	4b4a      	ldr	r3, [pc, #296]	@ (10003c78 <_etoa+0x3e0>)
10003b4e:	0020      	movs	r0, r4
10003b50:	0029      	movs	r1, r5
10003b52:	f7fe ff1e 	bl	10002992 <__wrap___aeabi_ddiv>
10003b56:	2200      	movs	r2, #0
10003b58:	4b48      	ldr	r3, [pc, #288]	@ (10003c7c <_etoa+0x3e4>)
10003b5a:	f7fe ff11 	bl	10002980 <__wrap___aeabi_dadd>
10003b5e:	0002      	movs	r2, r0
10003b60:	000b      	movs	r3, r1
10003b62:	0020      	movs	r0, r4
10003b64:	0029      	movs	r1, r5
10003b66:	f7fe ff14 	bl	10002992 <__wrap___aeabi_ddiv>
10003b6a:	2200      	movs	r2, #0
10003b6c:	4b44      	ldr	r3, [pc, #272]	@ (10003c80 <_etoa+0x3e8>)
10003b6e:	f7fe ff07 	bl	10002980 <__wrap___aeabi_dadd>
10003b72:	0002      	movs	r2, r0
10003b74:	000b      	movs	r3, r1
10003b76:	0020      	movs	r0, r4
10003b78:	0029      	movs	r1, r5
10003b7a:	f7fe ff0a 	bl	10002992 <__wrap___aeabi_ddiv>
10003b7e:	9a0a      	ldr	r2, [sp, #40]	@ 0x28
10003b80:	9b0b      	ldr	r3, [sp, #44]	@ 0x2c
10003b82:	000d      	movs	r5, r1
10003b84:	2180      	movs	r1, #128	@ 0x80
10003b86:	0004      	movs	r4, r0
10003b88:	05c9      	lsls	r1, r1, #23
10003b8a:	2000      	movs	r0, #0
10003b8c:	f7fe feef 	bl	1000296e <__wrap___aeabi_dsub>
10003b90:	0002      	movs	r2, r0
10003b92:	000b      	movs	r3, r1
10003b94:	0020      	movs	r0, r4
10003b96:	0029      	movs	r1, r5
10003b98:	f7fe fef2 	bl	10002980 <__wrap___aeabi_dadd>
10003b9c:	0002      	movs	r2, r0
10003b9e:	000b      	movs	r3, r1
10003ba0:	980e      	ldr	r0, [sp, #56]	@ 0x38
10003ba2:	990f      	ldr	r1, [sp, #60]	@ 0x3c
10003ba4:	f7fe fef5 	bl	10002992 <__wrap___aeabi_ddiv>
10003ba8:	2200      	movs	r2, #0
10003baa:	4b28      	ldr	r3, [pc, #160]	@ (10003c4c <_etoa+0x3b4>)
10003bac:	f7fe fee8 	bl	10002980 <__wrap___aeabi_dadd>
10003bb0:	4b34      	ldr	r3, [pc, #208]	@ (10003c84 <_etoa+0x3ec>)
10003bb2:	9c0c      	ldr	r4, [sp, #48]	@ 0x30
10003bb4:	469c      	mov	ip, r3
10003bb6:	4464      	add	r4, ip
10003bb8:	0523      	lsls	r3, r4, #20
10003bba:	2200      	movs	r2, #0
10003bbc:	f7fe ff07 	bl	100029ce <__wrap___aeabi_dmul>
10003bc0:	0004      	movs	r4, r0
10003bc2:	000d      	movs	r5, r1
10003bc4:	0002      	movs	r2, r0
10003bc6:	000b      	movs	r3, r1
10003bc8:	0030      	movs	r0, r6
10003bca:	0039      	movs	r1, r7
10003bcc:	940a      	str	r4, [sp, #40]	@ 0x28
10003bce:	950b      	str	r5, [sp, #44]	@ 0x2c
10003bd0:	f7fe ff48 	bl	10002a64 <__wrap___aeabi_dcmplt>
10003bd4:	2800      	cmp	r0, #0
10003bd6:	d15d      	bne.n	10003c94 <_etoa+0x3fc>
10003bd8:	0023      	movs	r3, r4
10003bda:	002a      	movs	r2, r5
10003bdc:	25c6      	movs	r5, #198	@ 0xc6
10003bde:	9909      	ldr	r1, [sp, #36]	@ 0x24
10003be0:	3163      	adds	r1, #99	@ 0x63
10003be2:	428d      	cmp	r5, r1
10003be4:	41ad      	sbcs	r5, r5
10003be6:	4659      	mov	r1, fp
10003be8:	426d      	negs	r5, r5
10003bea:	3504      	adds	r5, #4
10003bec:	2900      	cmp	r1, #0
10003bee:	d100      	bne.n	10003bf2 <_etoa+0x35a>
10003bf0:	e6a3      	b.n	1000393a <_etoa+0xa2>
10003bf2:	4313      	orrs	r3, r2
10003bf4:	d063      	beq.n	10003cbe <_etoa+0x426>
10003bf6:	0030      	movs	r0, r6
10003bf8:	0039      	movs	r1, r7
10003bfa:	4a23      	ldr	r2, [pc, #140]	@ (10003c88 <_etoa+0x3f0>)
10003bfc:	4b23      	ldr	r3, [pc, #140]	@ (10003c8c <_etoa+0x3f4>)
10003bfe:	f7fe ff3f 	bl	10002a80 <__wrap___aeabi_dcmpge>
10003c02:	2800      	cmp	r0, #0
10003c04:	d007      	beq.n	10003c16 <_etoa+0x37e>
10003c06:	2200      	movs	r2, #0
10003c08:	0030      	movs	r0, r6
10003c0a:	0039      	movs	r1, r7
10003c0c:	4b20      	ldr	r3, [pc, #128]	@ (10003c90 <_etoa+0x3f8>)
10003c0e:	f7fe ff29 	bl	10002a64 <__wrap___aeabi_dcmplt>
10003c12:	2800      	cmp	r0, #0
10003c14:	d153      	bne.n	10003cbe <_etoa+0x426>
10003c16:	9b24      	ldr	r3, [sp, #144]	@ 0x90
10003c18:	2b00      	cmp	r3, #0
10003c1a:	d100      	bne.n	10003c1e <_etoa+0x386>
10003c1c:	e68d      	b.n	1000393a <_etoa+0xa2>
10003c1e:	9b0d      	ldr	r3, [sp, #52]	@ 0x34
10003c20:	1e5a      	subs	r2, r3, #1
10003c22:	4193      	sbcs	r3, r2
10003c24:	9a24      	ldr	r2, [sp, #144]	@ 0x90
10003c26:	1ad3      	subs	r3, r2, r3
10003c28:	9324      	str	r3, [sp, #144]	@ 0x90
10003c2a:	e686      	b.n	1000393a <_etoa+0xa2>
10003c2c:	7fefffff 	.word	0x7fefffff
10003c30:	ffefffff 	.word	0xffefffff
10003c34:	fffff7ff 	.word	0xfffff7ff
10003c38:	fffffc01 	.word	0xfffffc01
10003c3c:	509f79fb 	.word	0x509f79fb
10003c40:	3fd34413 	.word	0x3fd34413
10003c44:	8b60c8b3 	.word	0x8b60c8b3
10003c48:	3fc68a28 	.word	0x3fc68a28
10003c4c:	3ff00000 	.word	0x3ff00000
10003c50:	3ff80000 	.word	0x3ff80000
10003c54:	636f4361 	.word	0x636f4361
10003c58:	3fd287a7 	.word	0x3fd287a7
10003c5c:	0979a371 	.word	0x0979a371
10003c60:	400a934f 	.word	0x400a934f
10003c64:	3fe00000 	.word	0x3fe00000
10003c68:	bbb55516 	.word	0xbbb55516
10003c6c:	40026bb1 	.word	0x40026bb1
10003c70:	fefa39ef 	.word	0xfefa39ef
10003c74:	3fe62e42 	.word	0x3fe62e42
10003c78:	402c0000 	.word	0x402c0000
10003c7c:	40240000 	.word	0x40240000
10003c80:	40180000 	.word	0x40180000
10003c84:	000003ff 	.word	0x000003ff
10003c88:	eb1c432d 	.word	0xeb1c432d
10003c8c:	3f1a36e2 	.word	0x3f1a36e2
10003c90:	412e8480 	.word	0x412e8480
10003c94:	9b09      	ldr	r3, [sp, #36]	@ 0x24
10003c96:	2200      	movs	r2, #0
10003c98:	3b01      	subs	r3, #1
10003c9a:	9309      	str	r3, [sp, #36]	@ 0x24
10003c9c:	0020      	movs	r0, r4
10003c9e:	4b16      	ldr	r3, [pc, #88]	@ (10003cf8 <_etoa+0x460>)
10003ca0:	0029      	movs	r1, r5
10003ca2:	f7fe fe76 	bl	10002992 <__wrap___aeabi_ddiv>
10003ca6:	000a      	movs	r2, r1
10003ca8:	0001      	movs	r1, r0
10003caa:	0003      	movs	r3, r0
10003cac:	910a      	str	r1, [sp, #40]	@ 0x28
10003cae:	920b      	str	r2, [sp, #44]	@ 0x2c
10003cb0:	e794      	b.n	10003bdc <_etoa+0x344>
10003cb2:	2300      	movs	r3, #0
10003cb4:	2400      	movs	r4, #0
10003cb6:	930a      	str	r3, [sp, #40]	@ 0x28
10003cb8:	940b      	str	r4, [sp, #44]	@ 0x2c
10003cba:	2300      	movs	r3, #0
10003cbc:	9309      	str	r3, [sp, #36]	@ 0x24
10003cbe:	9a24      	ldr	r2, [sp, #144]	@ 0x90
10003cc0:	9b09      	ldr	r3, [sp, #36]	@ 0x24
10003cc2:	429a      	cmp	r2, r3
10003cc4:	dd14      	ble.n	10003cf0 <_etoa+0x458>
10003cc6:	1ad3      	subs	r3, r2, r3
10003cc8:	3b01      	subs	r3, #1
10003cca:	9324      	str	r3, [sp, #144]	@ 0x90
10003ccc:	2380      	movs	r3, #128	@ 0x80
10003cce:	9a26      	ldr	r2, [sp, #152]	@ 0x98
10003cd0:	00db      	lsls	r3, r3, #3
10003cd2:	431a      	orrs	r2, r3
10003cd4:	2300      	movs	r3, #0
10003cd6:	2500      	movs	r5, #0
10003cd8:	9226      	str	r2, [sp, #152]	@ 0x98
10003cda:	9309      	str	r3, [sp, #36]	@ 0x24
10003cdc:	e62d      	b.n	1000393a <_etoa+0xa2>
10003cde:	2280      	movs	r2, #128	@ 0x80
10003ce0:	0612      	lsls	r2, r2, #24
10003ce2:	4694      	mov	ip, r2
10003ce4:	9b22      	ldr	r3, [sp, #136]	@ 0x88
10003ce6:	001e      	movs	r6, r3
10003ce8:	9b23      	ldr	r3, [sp, #140]	@ 0x8c
10003cea:	4463      	add	r3, ip
10003cec:	001f      	movs	r7, r3
10003cee:	e606      	b.n	100038fe <_etoa+0x66>
10003cf0:	2300      	movs	r3, #0
10003cf2:	9324      	str	r3, [sp, #144]	@ 0x90
10003cf4:	e7ea      	b.n	10003ccc <_etoa+0x434>
10003cf6:	46c0      	nop			@ (mov r8, r8)
10003cf8:	40240000 	.word	0x40240000

10003cfc <_ftoa>:
10003cfc:	b5f0      	push	{r4, r5, r6, r7, lr}
10003cfe:	4645      	mov	r5, r8
10003d00:	46de      	mov	lr, fp
10003d02:	464e      	mov	r6, r9
10003d04:	4657      	mov	r7, sl
10003d06:	b5e0      	push	{r5, r6, r7, lr}
10003d08:	b095      	sub	sp, #84	@ 0x54
10003d0a:	468b      	mov	fp, r1
10003d0c:	4690      	mov	r8, r2
10003d0e:	4699      	mov	r9, r3
10003d10:	9a1e      	ldr	r2, [sp, #120]	@ 0x78
10003d12:	9b1f      	ldr	r3, [sp, #124]	@ 0x7c
10003d14:	900a      	str	r0, [sp, #40]	@ 0x28
10003d16:	0019      	movs	r1, r3
10003d18:	0010      	movs	r0, r2
10003d1a:	9d20      	ldr	r5, [sp, #128]	@ 0x80
10003d1c:	f7fe febd 	bl	10002a9a <__wrap___aeabi_dcmpun>
10003d20:	2800      	cmp	r0, #0
10003d22:	d000      	beq.n	10003d26 <_ftoa+0x2a>
10003d24:	e1b0      	b.n	10004088 <_ftoa+0x38c>
10003d26:	981e      	ldr	r0, [sp, #120]	@ 0x78
10003d28:	991f      	ldr	r1, [sp, #124]	@ 0x7c
10003d2a:	2201      	movs	r2, #1
10003d2c:	4bc7      	ldr	r3, [pc, #796]	@ (1000404c <_ftoa+0x350>)
10003d2e:	4252      	negs	r2, r2
10003d30:	f7fe fe98 	bl	10002a64 <__wrap___aeabi_dcmplt>
10003d34:	2800      	cmp	r0, #0
10003d36:	d000      	beq.n	10003d3a <_ftoa+0x3e>
10003d38:	e137      	b.n	10003faa <_ftoa+0x2ae>
10003d3a:	981e      	ldr	r0, [sp, #120]	@ 0x78
10003d3c:	991f      	ldr	r1, [sp, #124]	@ 0x7c
10003d3e:	2201      	movs	r2, #1
10003d40:	4bc3      	ldr	r3, [pc, #780]	@ (10004050 <_ftoa+0x354>)
10003d42:	4252      	negs	r2, r2
10003d44:	f7fe fea4 	bl	10002a90 <__wrap___aeabi_dcmpgt>
10003d48:	2800      	cmp	r0, #0
10003d4a:	d000      	beq.n	10003d4e <_ftoa+0x52>
10003d4c:	e0a7      	b.n	10003e9e <_ftoa+0x1a2>
10003d4e:	981e      	ldr	r0, [sp, #120]	@ 0x78
10003d50:	991f      	ldr	r1, [sp, #124]	@ 0x7c
10003d52:	2200      	movs	r2, #0
10003d54:	4bbf      	ldr	r3, [pc, #764]	@ (10004054 <_ftoa+0x358>)
10003d56:	f7fe fe9b 	bl	10002a90 <__wrap___aeabi_dcmpgt>
10003d5a:	2800      	cmp	r0, #0
10003d5c:	d000      	beq.n	10003d60 <_ftoa+0x64>
10003d5e:	e088      	b.n	10003e72 <_ftoa+0x176>
10003d60:	981e      	ldr	r0, [sp, #120]	@ 0x78
10003d62:	991f      	ldr	r1, [sp, #124]	@ 0x7c
10003d64:	2200      	movs	r2, #0
10003d66:	4bbc      	ldr	r3, [pc, #752]	@ (10004058 <_ftoa+0x35c>)
10003d68:	f7fe fe7c 	bl	10002a64 <__wrap___aeabi_dcmplt>
10003d6c:	2800      	cmp	r0, #0
10003d6e:	d000      	beq.n	10003d72 <_ftoa+0x76>
10003d70:	e07f      	b.n	10003e72 <_ftoa+0x176>
10003d72:	981e      	ldr	r0, [sp, #120]	@ 0x78
10003d74:	991f      	ldr	r1, [sp, #124]	@ 0x7c
10003d76:	2200      	movs	r2, #0
10003d78:	2300      	movs	r3, #0
10003d7a:	f7fe fe73 	bl	10002a64 <__wrap___aeabi_dcmplt>
10003d7e:	2800      	cmp	r0, #0
10003d80:	d000      	beq.n	10003d84 <_ftoa+0x88>
10003d82:	e0fa      	b.n	10003f7a <_ftoa+0x27e>
10003d84:	2300      	movs	r3, #0
10003d86:	930b      	str	r3, [sp, #44]	@ 0x2c
10003d88:	2380      	movs	r3, #128	@ 0x80
10003d8a:	9c22      	ldr	r4, [sp, #136]	@ 0x88
10003d8c:	9a22      	ldr	r2, [sp, #136]	@ 0x88
10003d8e:	00db      	lsls	r3, r3, #3
10003d90:	401c      	ands	r4, r3
10003d92:	421a      	tst	r2, r3
10003d94:	d100      	bne.n	10003d98 <_ftoa+0x9c>
10003d96:	e102      	b.n	10003f9e <_ftoa+0x2a2>
10003d98:	2d09      	cmp	r5, #9
10003d9a:	d800      	bhi.n	10003d9e <_ftoa+0xa2>
10003d9c:	e17c      	b.n	10004098 <_ftoa+0x39c>
10003d9e:	a906      	add	r1, sp, #24
10003da0:	468c      	mov	ip, r1
10003da2:	002c      	movs	r4, r5
10003da4:	2217      	movs	r2, #23
10003da6:	2300      	movs	r3, #0
10003da8:	2130      	movs	r1, #48	@ 0x30
10003daa:	3c09      	subs	r4, #9
10003dac:	4462      	add	r2, ip
10003dae:	3301      	adds	r3, #1
10003db0:	54d1      	strb	r1, [r2, r3]
10003db2:	1aef      	subs	r7, r5, r3
10003db4:	2b20      	cmp	r3, #32
10003db6:	d100      	bne.n	10003dba <_ftoa+0xbe>
10003db8:	e132      	b.n	10004020 <_ftoa+0x324>
10003dba:	42a3      	cmp	r3, r4
10003dbc:	d1f7      	bne.n	10003dae <_ftoa+0xb2>
10003dbe:	2200      	movs	r2, #0
10003dc0:	4ba4      	ldr	r3, [pc, #656]	@ (10004054 <_ftoa+0x358>)
10003dc2:	9206      	str	r2, [sp, #24]
10003dc4:	9307      	str	r3, [sp, #28]
10003dc6:	981e      	ldr	r0, [sp, #120]	@ 0x78
10003dc8:	991f      	ldr	r1, [sp, #124]	@ 0x7c
10003dca:	f7fe fe8f 	bl	10002aec <__wrap___aeabi_d2iz>
10003dce:	0005      	movs	r5, r0
10003dd0:	f7fe fe74 	bl	10002abc <__wrap___aeabi_i2d>
10003dd4:	0002      	movs	r2, r0
10003dd6:	000b      	movs	r3, r1
10003dd8:	981e      	ldr	r0, [sp, #120]	@ 0x78
10003dda:	991f      	ldr	r1, [sp, #124]	@ 0x7c
10003ddc:	f7fe fdc7 	bl	1000296e <__wrap___aeabi_dsub>
10003de0:	9a06      	ldr	r2, [sp, #24]
10003de2:	9b07      	ldr	r3, [sp, #28]
10003de4:	f7fe fdf3 	bl	100029ce <__wrap___aeabi_dmul>
10003de8:	9008      	str	r0, [sp, #32]
10003dea:	9109      	str	r1, [sp, #36]	@ 0x24
10003dec:	f7fe fea2 	bl	10002b34 <__wrap___aeabi_d2uiz>
10003df0:	0006      	movs	r6, r0
10003df2:	f7fe fe5f 	bl	10002ab4 <__wrap___aeabi_ui2d>
10003df6:	0002      	movs	r2, r0
10003df8:	000b      	movs	r3, r1
10003dfa:	9808      	ldr	r0, [sp, #32]
10003dfc:	9909      	ldr	r1, [sp, #36]	@ 0x24
10003dfe:	f7fe fdb6 	bl	1000296e <__wrap___aeabi_dsub>
10003e02:	2200      	movs	r2, #0
10003e04:	4b95      	ldr	r3, [pc, #596]	@ (1000405c <_ftoa+0x360>)
10003e06:	9008      	str	r0, [sp, #32]
10003e08:	9109      	str	r1, [sp, #36]	@ 0x24
10003e0a:	f7fe fe41 	bl	10002a90 <__wrap___aeabi_dcmpgt>
10003e0e:	2800      	cmp	r0, #0
10003e10:	d100      	bne.n	10003e14 <_ftoa+0x118>
10003e12:	e0d2      	b.n	10003fba <_ftoa+0x2be>
10003e14:	3601      	adds	r6, #1
10003e16:	0030      	movs	r0, r6
10003e18:	f7fe fe4c 	bl	10002ab4 <__wrap___aeabi_ui2d>
10003e1c:	9a06      	ldr	r2, [sp, #24]
10003e1e:	9b07      	ldr	r3, [sp, #28]
10003e20:	f7fe fe2e 	bl	10002a80 <__wrap___aeabi_dcmpge>
10003e24:	2800      	cmp	r0, #0
10003e26:	d001      	beq.n	10003e2c <_ftoa+0x130>
10003e28:	2600      	movs	r6, #0
10003e2a:	3501      	adds	r5, #1
10003e2c:	46aa      	mov	sl, r5
10003e2e:	2f00      	cmp	r7, #0
10003e30:	d000      	beq.n	10003e34 <_ftoa+0x138>
10003e32:	e098      	b.n	10003f66 <_ftoa+0x26a>
10003e34:	0028      	movs	r0, r5
10003e36:	f7fe fe41 	bl	10002abc <__wrap___aeabi_i2d>
10003e3a:	0002      	movs	r2, r0
10003e3c:	000b      	movs	r3, r1
10003e3e:	981e      	ldr	r0, [sp, #120]	@ 0x78
10003e40:	991f      	ldr	r1, [sp, #124]	@ 0x7c
10003e42:	f7fe fd94 	bl	1000296e <__wrap___aeabi_dsub>
10003e46:	4b85      	ldr	r3, [pc, #532]	@ (1000405c <_ftoa+0x360>)
10003e48:	2200      	movs	r2, #0
10003e4a:	0006      	movs	r6, r0
10003e4c:	000f      	movs	r7, r1
10003e4e:	f7fe fe09 	bl	10002a64 <__wrap___aeabi_dcmplt>
10003e52:	ab0c      	add	r3, sp, #48	@ 0x30
10003e54:	469a      	mov	sl, r3
10003e56:	2800      	cmp	r0, #0
10003e58:	d145      	bne.n	10003ee6 <_ftoa+0x1ea>
10003e5a:	2200      	movs	r2, #0
10003e5c:	0030      	movs	r0, r6
10003e5e:	0039      	movs	r1, r7
10003e60:	4b7e      	ldr	r3, [pc, #504]	@ (1000405c <_ftoa+0x360>)
10003e62:	f7fe fe15 	bl	10002a90 <__wrap___aeabi_dcmpgt>
10003e66:	2800      	cmp	r0, #0
10003e68:	d13d      	bne.n	10003ee6 <_ftoa+0x1ea>
10003e6a:	07eb      	lsls	r3, r5, #31
10003e6c:	d53b      	bpl.n	10003ee6 <_ftoa+0x1ea>
10003e6e:	3501      	adds	r5, #1
10003e70:	e039      	b.n	10003ee6 <_ftoa+0x1ea>
10003e72:	9b22      	ldr	r3, [sp, #136]	@ 0x88
10003e74:	4642      	mov	r2, r8
10003e76:	9304      	str	r3, [sp, #16]
10003e78:	9b21      	ldr	r3, [sp, #132]	@ 0x84
10003e7a:	4659      	mov	r1, fp
10003e7c:	9303      	str	r3, [sp, #12]
10003e7e:	980a      	ldr	r0, [sp, #40]	@ 0x28
10003e80:	9b1e      	ldr	r3, [sp, #120]	@ 0x78
10003e82:	9c1f      	ldr	r4, [sp, #124]	@ 0x7c
10003e84:	9502      	str	r5, [sp, #8]
10003e86:	9300      	str	r3, [sp, #0]
10003e88:	9401      	str	r4, [sp, #4]
10003e8a:	464b      	mov	r3, r9
10003e8c:	f7ff fd04 	bl	10003898 <_etoa>
10003e90:	b015      	add	sp, #84	@ 0x54
10003e92:	bcf0      	pop	{r4, r5, r6, r7}
10003e94:	46bb      	mov	fp, r7
10003e96:	46b2      	mov	sl, r6
10003e98:	46a9      	mov	r9, r5
10003e9a:	46a0      	mov	r8, r4
10003e9c:	bdf0      	pop	{r4, r5, r6, r7, pc}
10003e9e:	9b22      	ldr	r3, [sp, #136]	@ 0x88
10003ea0:	075b      	lsls	r3, r3, #29
10003ea2:	d467      	bmi.n	10003f74 <_ftoa+0x278>
10003ea4:	2203      	movs	r2, #3
10003ea6:	4b6e      	ldr	r3, [pc, #440]	@ (10004060 <_ftoa+0x364>)
10003ea8:	9922      	ldr	r1, [sp, #136]	@ 0x88
10003eaa:	9201      	str	r2, [sp, #4]
10003eac:	9103      	str	r1, [sp, #12]
10003eae:	9921      	ldr	r1, [sp, #132]	@ 0x84
10003eb0:	9102      	str	r1, [sp, #8]
10003eb2:	9300      	str	r3, [sp, #0]
10003eb4:	4642      	mov	r2, r8
10003eb6:	464b      	mov	r3, r9
10003eb8:	4659      	mov	r1, fp
10003eba:	980a      	ldr	r0, [sp, #40]	@ 0x28
10003ebc:	f7ff fb5e 	bl	1000357c <_out_rev>
10003ec0:	e7e6      	b.n	10003e90 <_ftoa+0x194>
10003ec2:	aa06      	add	r2, sp, #24
10003ec4:	4694      	mov	ip, r2
10003ec6:	2317      	movs	r3, #23
10003ec8:	0028      	movs	r0, r5
10003eca:	4463      	add	r3, ip
10003ecc:	210a      	movs	r1, #10
10003ece:	3401      	adds	r4, #1
10003ed0:	191e      	adds	r6, r3, r4
10003ed2:	f7fe fae9 	bl	100024a8 <__wrap___aeabi_idiv>
10003ed6:	3130      	adds	r1, #48	@ 0x30
10003ed8:	0028      	movs	r0, r5
10003eda:	7031      	strb	r1, [r6, #0]
10003edc:	210a      	movs	r1, #10
10003ede:	f7fe fae3 	bl	100024a8 <__wrap___aeabi_idiv>
10003ee2:	1e05      	subs	r5, r0, #0
10003ee4:	d076      	beq.n	10003fd4 <_ftoa+0x2d8>
10003ee6:	2c20      	cmp	r4, #32
10003ee8:	d1eb      	bne.n	10003ec2 <_ftoa+0x1c6>
10003eea:	2303      	movs	r3, #3
10003eec:	9a22      	ldr	r2, [sp, #136]	@ 0x88
10003eee:	4013      	ands	r3, r2
10003ef0:	2b01      	cmp	r3, #1
10003ef2:	d11d      	bne.n	10003f30 <_ftoa+0x234>
10003ef4:	9b21      	ldr	r3, [sp, #132]	@ 0x84
10003ef6:	2b00      	cmp	r3, #0
10003ef8:	d01a      	beq.n	10003f30 <_ftoa+0x234>
10003efa:	9b0b      	ldr	r3, [sp, #44]	@ 0x2c
10003efc:	2b00      	cmp	r3, #0
10003efe:	d000      	beq.n	10003f02 <_ftoa+0x206>
10003f00:	e0bb      	b.n	1000407a <_ftoa+0x37e>
10003f02:	9a22      	ldr	r2, [sp, #136]	@ 0x88
10003f04:	330c      	adds	r3, #12
10003f06:	4213      	tst	r3, r2
10003f08:	d000      	beq.n	10003f0c <_ftoa+0x210>
10003f0a:	e0b6      	b.n	1000407a <_ftoa+0x37e>
10003f0c:	9b21      	ldr	r3, [sp, #132]	@ 0x84
10003f0e:	42a3      	cmp	r3, r4
10003f10:	d800      	bhi.n	10003f14 <_ftoa+0x218>
10003f12:	e087      	b.n	10004024 <_ftoa+0x328>
10003f14:	ab06      	add	r3, sp, #24
10003f16:	469c      	mov	ip, r3
10003f18:	2217      	movs	r2, #23
10003f1a:	2330      	movs	r3, #48	@ 0x30
10003f1c:	4462      	add	r2, ip
10003f1e:	e004      	b.n	10003f2a <_ftoa+0x22e>
10003f20:	9921      	ldr	r1, [sp, #132]	@ 0x84
10003f22:	3401      	adds	r4, #1
10003f24:	5513      	strb	r3, [r2, r4]
10003f26:	428c      	cmp	r4, r1
10003f28:	d059      	beq.n	10003fde <_ftoa+0x2e2>
10003f2a:	2c20      	cmp	r4, #32
10003f2c:	d1f8      	bne.n	10003f20 <_ftoa+0x224>
10003f2e:	2420      	movs	r4, #32
10003f30:	9b22      	ldr	r3, [sp, #136]	@ 0x88
10003f32:	9401      	str	r4, [sp, #4]
10003f34:	9303      	str	r3, [sp, #12]
10003f36:	9b21      	ldr	r3, [sp, #132]	@ 0x84
10003f38:	9302      	str	r3, [sp, #8]
10003f3a:	4653      	mov	r3, sl
10003f3c:	e7b9      	b.n	10003eb2 <_ftoa+0x1b6>
10003f3e:	aa06      	add	r2, sp, #24
10003f40:	4694      	mov	ip, r2
10003f42:	2317      	movs	r3, #23
10003f44:	210a      	movs	r1, #10
10003f46:	4463      	add	r3, ip
10003f48:	0030      	movs	r0, r6
10003f4a:	3401      	adds	r4, #1
10003f4c:	191d      	adds	r5, r3, r4
10003f4e:	f7fe fad3 	bl	100024f8 <__wrap___aeabi_uidiv>
10003f52:	3130      	adds	r1, #48	@ 0x30
10003f54:	7029      	strb	r1, [r5, #0]
10003f56:	0030      	movs	r0, r6
10003f58:	210a      	movs	r1, #10
10003f5a:	3f01      	subs	r7, #1
10003f5c:	f7fe facc 	bl	100024f8 <__wrap___aeabi_uidiv>
10003f60:	2e09      	cmp	r6, #9
10003f62:	d946      	bls.n	10003ff2 <_ftoa+0x2f6>
10003f64:	0006      	movs	r6, r0
10003f66:	2c20      	cmp	r4, #32
10003f68:	d1e9      	bne.n	10003f3e <_ftoa+0x242>
10003f6a:	4655      	mov	r5, sl
10003f6c:	ab0c      	add	r3, sp, #48	@ 0x30
10003f6e:	2420      	movs	r4, #32
10003f70:	469a      	mov	sl, r3
10003f72:	e7b8      	b.n	10003ee6 <_ftoa+0x1ea>
10003f74:	2204      	movs	r2, #4
10003f76:	4b3b      	ldr	r3, [pc, #236]	@ (10004064 <_ftoa+0x368>)
10003f78:	e796      	b.n	10003ea8 <_ftoa+0x1ac>
10003f7a:	9a1e      	ldr	r2, [sp, #120]	@ 0x78
10003f7c:	9b1f      	ldr	r3, [sp, #124]	@ 0x7c
10003f7e:	2000      	movs	r0, #0
10003f80:	2100      	movs	r1, #0
10003f82:	f7fe fcf4 	bl	1000296e <__wrap___aeabi_dsub>
10003f86:	2301      	movs	r3, #1
10003f88:	930b      	str	r3, [sp, #44]	@ 0x2c
10003f8a:	2380      	movs	r3, #128	@ 0x80
10003f8c:	9c22      	ldr	r4, [sp, #136]	@ 0x88
10003f8e:	9a22      	ldr	r2, [sp, #136]	@ 0x88
10003f90:	00db      	lsls	r3, r3, #3
10003f92:	901e      	str	r0, [sp, #120]	@ 0x78
10003f94:	911f      	str	r1, [sp, #124]	@ 0x7c
10003f96:	401c      	ands	r4, r3
10003f98:	421a      	tst	r2, r3
10003f9a:	d000      	beq.n	10003f9e <_ftoa+0x2a2>
10003f9c:	e6fc      	b.n	10003d98 <_ftoa+0x9c>
10003f9e:	2200      	movs	r2, #0
10003fa0:	4b31      	ldr	r3, [pc, #196]	@ (10004068 <_ftoa+0x36c>)
10003fa2:	2706      	movs	r7, #6
10003fa4:	9206      	str	r2, [sp, #24]
10003fa6:	9307      	str	r3, [sp, #28]
10003fa8:	e70d      	b.n	10003dc6 <_ftoa+0xca>
10003faa:	9b22      	ldr	r3, [sp, #136]	@ 0x88
10003fac:	9303      	str	r3, [sp, #12]
10003fae:	9b21      	ldr	r3, [sp, #132]	@ 0x84
10003fb0:	9302      	str	r3, [sp, #8]
10003fb2:	2304      	movs	r3, #4
10003fb4:	9301      	str	r3, [sp, #4]
10003fb6:	4b2d      	ldr	r3, [pc, #180]	@ (1000406c <_ftoa+0x370>)
10003fb8:	e77b      	b.n	10003eb2 <_ftoa+0x1b6>
10003fba:	2200      	movs	r2, #0
10003fbc:	9808      	ldr	r0, [sp, #32]
10003fbe:	9909      	ldr	r1, [sp, #36]	@ 0x24
10003fc0:	4b26      	ldr	r3, [pc, #152]	@ (1000405c <_ftoa+0x360>)
10003fc2:	f7fe fd4f 	bl	10002a64 <__wrap___aeabi_dcmplt>
10003fc6:	2800      	cmp	r0, #0
10003fc8:	d000      	beq.n	10003fcc <_ftoa+0x2d0>
10003fca:	e72f      	b.n	10003e2c <_ftoa+0x130>
10003fcc:	2e00      	cmp	r6, #0
10003fce:	d14f      	bne.n	10004070 <_ftoa+0x374>
10003fd0:	3601      	adds	r6, #1
10003fd2:	e72b      	b.n	10003e2c <_ftoa+0x130>
10003fd4:	2303      	movs	r3, #3
10003fd6:	9a22      	ldr	r2, [sp, #136]	@ 0x88
10003fd8:	4013      	ands	r3, r2
10003fda:	2b01      	cmp	r3, #1
10003fdc:	d066      	beq.n	100040ac <_ftoa+0x3b0>
10003fde:	2c20      	cmp	r4, #32
10003fe0:	d0a6      	beq.n	10003f30 <_ftoa+0x234>
10003fe2:	9b0b      	ldr	r3, [sp, #44]	@ 0x2c
10003fe4:	2b00      	cmp	r3, #0
10003fe6:	d01f      	beq.n	10004028 <_ftoa+0x32c>
10003fe8:	232d      	movs	r3, #45	@ 0x2d
10003fea:	4652      	mov	r2, sl
10003fec:	5513      	strb	r3, [r2, r4]
10003fee:	3401      	adds	r4, #1
10003ff0:	e79e      	b.n	10003f30 <_ftoa+0x234>
10003ff2:	4655      	mov	r5, sl
10003ff4:	2c20      	cmp	r4, #32
10003ff6:	d0b9      	beq.n	10003f6c <_ftoa+0x270>
10003ff8:	2330      	movs	r3, #48	@ 0x30
10003ffa:	193a      	adds	r2, r7, r4
10003ffc:	2f00      	cmp	r7, #0
10003ffe:	d008      	beq.n	10004012 <_ftoa+0x316>
10004000:	2017      	movs	r0, #23
10004002:	a906      	add	r1, sp, #24
10004004:	3401      	adds	r4, #1
10004006:	1809      	adds	r1, r1, r0
10004008:	550b      	strb	r3, [r1, r4]
1000400a:	2c20      	cmp	r4, #32
1000400c:	d0ae      	beq.n	10003f6c <_ftoa+0x270>
1000400e:	4294      	cmp	r4, r2
10004010:	d1f6      	bne.n	10004000 <_ftoa+0x304>
10004012:	ab0c      	add	r3, sp, #48	@ 0x30
10004014:	469a      	mov	sl, r3
10004016:	232e      	movs	r3, #46	@ 0x2e
10004018:	4652      	mov	r2, sl
1000401a:	5513      	strb	r3, [r2, r4]
1000401c:	3401      	adds	r4, #1
1000401e:	e762      	b.n	10003ee6 <_ftoa+0x1ea>
10004020:	2420      	movs	r4, #32
10004022:	e6cc      	b.n	10003dbe <_ftoa+0xc2>
10004024:	2c20      	cmp	r4, #32
10004026:	d083      	beq.n	10003f30 <_ftoa+0x234>
10004028:	9b22      	ldr	r3, [sp, #136]	@ 0x88
1000402a:	075b      	lsls	r3, r3, #29
1000402c:	d408      	bmi.n	10004040 <_ftoa+0x344>
1000402e:	9b22      	ldr	r3, [sp, #136]	@ 0x88
10004030:	071b      	lsls	r3, r3, #28
10004032:	d400      	bmi.n	10004036 <_ftoa+0x33a>
10004034:	e77c      	b.n	10003f30 <_ftoa+0x234>
10004036:	2320      	movs	r3, #32
10004038:	4652      	mov	r2, sl
1000403a:	5513      	strb	r3, [r2, r4]
1000403c:	3401      	adds	r4, #1
1000403e:	e777      	b.n	10003f30 <_ftoa+0x234>
10004040:	232b      	movs	r3, #43	@ 0x2b
10004042:	4652      	mov	r2, sl
10004044:	5513      	strb	r3, [r2, r4]
10004046:	3401      	adds	r4, #1
10004048:	e772      	b.n	10003f30 <_ftoa+0x234>
1000404a:	46c0      	nop			@ (mov r8, r8)
1000404c:	ffefffff 	.word	0xffefffff
10004050:	7fefffff 	.word	0x7fefffff
10004054:	41cdcd65 	.word	0x41cdcd65
10004058:	c1cdcd65 	.word	0xc1cdcd65
1000405c:	3fe00000 	.word	0x3fe00000
10004060:	1000b5e4 	.word	0x1000b5e4
10004064:	1000b5dc 	.word	0x1000b5dc
10004068:	412e8480 	.word	0x412e8480
1000406c:	1000b5ec 	.word	0x1000b5ec
10004070:	07f3      	lsls	r3, r6, #31
10004072:	d400      	bmi.n	10004076 <_ftoa+0x37a>
10004074:	e6da      	b.n	10003e2c <_ftoa+0x130>
10004076:	3601      	adds	r6, #1
10004078:	e6d8      	b.n	10003e2c <_ftoa+0x130>
1000407a:	9b21      	ldr	r3, [sp, #132]	@ 0x84
1000407c:	3b01      	subs	r3, #1
1000407e:	9321      	str	r3, [sp, #132]	@ 0x84
10004080:	42a3      	cmp	r3, r4
10004082:	d900      	bls.n	10004086 <_ftoa+0x38a>
10004084:	e746      	b.n	10003f14 <_ftoa+0x218>
10004086:	e7aa      	b.n	10003fde <_ftoa+0x2e2>
10004088:	9b22      	ldr	r3, [sp, #136]	@ 0x88
1000408a:	9303      	str	r3, [sp, #12]
1000408c:	9b21      	ldr	r3, [sp, #132]	@ 0x84
1000408e:	9302      	str	r3, [sp, #8]
10004090:	2303      	movs	r3, #3
10004092:	9301      	str	r3, [sp, #4]
10004094:	4b07      	ldr	r3, [pc, #28]	@ (100040b4 <_ftoa+0x3b8>)
10004096:	e70c      	b.n	10003eb2 <_ftoa+0x1b6>
10004098:	4b07      	ldr	r3, [pc, #28]	@ (100040b8 <_ftoa+0x3bc>)
1000409a:	00ea      	lsls	r2, r5, #3
1000409c:	189b      	adds	r3, r3, r2
1000409e:	685c      	ldr	r4, [r3, #4]
100040a0:	681b      	ldr	r3, [r3, #0]
100040a2:	002f      	movs	r7, r5
100040a4:	9306      	str	r3, [sp, #24]
100040a6:	9407      	str	r4, [sp, #28]
100040a8:	2400      	movs	r4, #0
100040aa:	e68c      	b.n	10003dc6 <_ftoa+0xca>
100040ac:	9b21      	ldr	r3, [sp, #132]	@ 0x84
100040ae:	2b00      	cmp	r3, #0
100040b0:	d095      	beq.n	10003fde <_ftoa+0x2e2>
100040b2:	e722      	b.n	10003efa <_ftoa+0x1fe>
100040b4:	1000b5e8 	.word	0x1000b5e8
100040b8:	1000b990 	.word	0x1000b990

100040bc <_vsnprintf>:
100040bc:	b5f0      	push	{r4, r5, r6, r7, lr}
100040be:	4657      	mov	r7, sl
100040c0:	46de      	mov	lr, fp
100040c2:	464e      	mov	r6, r9
100040c4:	4645      	mov	r5, r8
100040c6:	b5e0      	push	{r5, r6, r7, lr}
100040c8:	b0a5      	sub	sp, #148	@ 0x94
100040ca:	001f      	movs	r7, r3
100040cc:	9b2e      	ldr	r3, [sp, #184]	@ 0xb8
100040ce:	4691      	mov	r9, r2
100040d0:	930d      	str	r3, [sp, #52]	@ 0x34
100040d2:	4aca      	ldr	r2, [pc, #808]	@ (100043fc <_vsnprintf+0x340>)
100040d4:	4bca      	ldr	r3, [pc, #808]	@ (10004400 <_vsnprintf+0x344>)
100040d6:	4682      	mov	sl, r0
100040d8:	468b      	mov	fp, r1
100040da:	601a      	str	r2, [r3, #0]
100040dc:	2900      	cmp	r1, #0
100040de:	d100      	bne.n	100040e2 <_vsnprintf+0x26>
100040e0:	e229      	b.n	10004536 <_vsnprintf+0x47a>
100040e2:	2300      	movs	r3, #0
100040e4:	7838      	ldrb	r0, [r7, #0]
100040e6:	4698      	mov	r8, r3
100040e8:	2800      	cmp	r0, #0
100040ea:	d100      	bne.n	100040ee <_vsnprintf+0x32>
100040ec:	e22b      	b.n	10004546 <_vsnprintf+0x48a>
100040ee:	4bc5      	ldr	r3, [pc, #788]	@ (10004404 <_vsnprintf+0x348>)
100040f0:	4644      	mov	r4, r8
100040f2:	930c      	str	r3, [sp, #48]	@ 0x30
100040f4:	4bc4      	ldr	r3, [pc, #784]	@ (10004408 <_vsnprintf+0x34c>)
100040f6:	4655      	mov	r5, sl
100040f8:	464e      	mov	r6, r9
100040fa:	930e      	str	r3, [sp, #56]	@ 0x38
100040fc:	e00a      	b.n	10004114 <_vsnprintf+0x58>
100040fe:	1c63      	adds	r3, r4, #1
10004100:	4698      	mov	r8, r3
10004102:	0022      	movs	r2, r4
10004104:	0033      	movs	r3, r6
10004106:	4659      	mov	r1, fp
10004108:	47a8      	blx	r5
1000410a:	4644      	mov	r4, r8
1000410c:	7838      	ldrb	r0, [r7, #0]
1000410e:	2800      	cmp	r0, #0
10004110:	d100      	bne.n	10004114 <_vsnprintf+0x58>
10004112:	e087      	b.n	10004224 <_vsnprintf+0x168>
10004114:	3701      	adds	r7, #1
10004116:	2825      	cmp	r0, #37	@ 0x25
10004118:	d1f1      	bne.n	100040fe <_vsnprintf+0x42>
1000411a:	2308      	movs	r3, #8
1000411c:	469a      	mov	sl, r3
1000411e:	3b04      	subs	r3, #4
10004120:	4699      	mov	r9, r3
10004122:	3b02      	subs	r3, #2
10004124:	4698      	mov	r8, r3
10004126:	3b01      	subs	r3, #1
10004128:	2200      	movs	r2, #0
1000412a:	469c      	mov	ip, r3
1000412c:	940b      	str	r4, [sp, #44]	@ 0x2c
1000412e:	7838      	ldrb	r0, [r7, #0]
10004130:	1c79      	adds	r1, r7, #1
10004132:	0003      	movs	r3, r0
10004134:	3b20      	subs	r3, #32
10004136:	b2db      	uxtb	r3, r3
10004138:	2b10      	cmp	r3, #16
1000413a:	d803      	bhi.n	10004144 <_vsnprintf+0x88>
1000413c:	9c0c      	ldr	r4, [sp, #48]	@ 0x30
1000413e:	009b      	lsls	r3, r3, #2
10004140:	58e3      	ldr	r3, [r4, r3]
10004142:	469f      	mov	pc, r3
10004144:	0003      	movs	r3, r0
10004146:	3b30      	subs	r3, #48	@ 0x30
10004148:	9c0b      	ldr	r4, [sp, #44]	@ 0x2c
1000414a:	920b      	str	r2, [sp, #44]	@ 0x2c
1000414c:	2b09      	cmp	r3, #9
1000414e:	d93a      	bls.n	100041c6 <_vsnprintf+0x10a>
10004150:	2300      	movs	r3, #0
10004152:	4698      	mov	r8, r3
10004154:	282a      	cmp	r0, #42	@ 0x2a
10004156:	d100      	bne.n	1000415a <_vsnprintf+0x9e>
10004158:	e0dd      	b.n	10004316 <_vsnprintf+0x25a>
1000415a:	2300      	movs	r3, #0
1000415c:	469a      	mov	sl, r3
1000415e:	282e      	cmp	r0, #46	@ 0x2e
10004160:	d04b      	beq.n	100041fa <_vsnprintf+0x13e>
10004162:	0003      	movs	r3, r0
10004164:	3b68      	subs	r3, #104	@ 0x68
10004166:	b2db      	uxtb	r3, r3
10004168:	2b12      	cmp	r3, #18
1000416a:	d81e      	bhi.n	100041aa <_vsnprintf+0xee>
1000416c:	9a0e      	ldr	r2, [sp, #56]	@ 0x38
1000416e:	009b      	lsls	r3, r3, #2
10004170:	58d3      	ldr	r3, [r2, r3]
10004172:	469f      	mov	pc, r3
10004174:	4663      	mov	r3, ip
10004176:	000f      	movs	r7, r1
10004178:	431a      	orrs	r2, r3
1000417a:	e7d8      	b.n	1000412e <_vsnprintf+0x72>
1000417c:	4643      	mov	r3, r8
1000417e:	000f      	movs	r7, r1
10004180:	431a      	orrs	r2, r3
10004182:	e7d4      	b.n	1000412e <_vsnprintf+0x72>
10004184:	464b      	mov	r3, r9
10004186:	000f      	movs	r7, r1
10004188:	431a      	orrs	r2, r3
1000418a:	e7d0      	b.n	1000412e <_vsnprintf+0x72>
1000418c:	2310      	movs	r3, #16
1000418e:	000f      	movs	r7, r1
10004190:	431a      	orrs	r2, r3
10004192:	e7cc      	b.n	1000412e <_vsnprintf+0x72>
10004194:	4653      	mov	r3, sl
10004196:	000f      	movs	r7, r1
10004198:	431a      	orrs	r2, r3
1000419a:	e7c8      	b.n	1000412e <_vsnprintf+0x72>
1000419c:	2380      	movs	r3, #128	@ 0x80
1000419e:	005b      	lsls	r3, r3, #1
100041a0:	9a0b      	ldr	r2, [sp, #44]	@ 0x2c
100041a2:	7878      	ldrb	r0, [r7, #1]
100041a4:	431a      	orrs	r2, r3
100041a6:	920b      	str	r2, [sp, #44]	@ 0x2c
100041a8:	3101      	adds	r1, #1
100041aa:	000f      	movs	r7, r1
100041ac:	2867      	cmp	r0, #103	@ 0x67
100041ae:	d84f      	bhi.n	10004250 <_vsnprintf+0x194>
100041b0:	2824      	cmp	r0, #36	@ 0x24
100041b2:	d9a4      	bls.n	100040fe <_vsnprintf+0x42>
100041b4:	0003      	movs	r3, r0
100041b6:	3b25      	subs	r3, #37	@ 0x25
100041b8:	b2db      	uxtb	r3, r3
100041ba:	2b42      	cmp	r3, #66	@ 0x42
100041bc:	d89f      	bhi.n	100040fe <_vsnprintf+0x42>
100041be:	4993      	ldr	r1, [pc, #588]	@ (1000440c <_vsnprintf+0x350>)
100041c0:	009b      	lsls	r3, r3, #2
100041c2:	58cb      	ldr	r3, [r1, r3]
100041c4:	469f      	mov	pc, r3
100041c6:	2300      	movs	r3, #0
100041c8:	4698      	mov	r8, r3
100041ca:	9b0b      	ldr	r3, [sp, #44]	@ 0x2c
100041cc:	4647      	mov	r7, r8
100041ce:	469c      	mov	ip, r3
100041d0:	e000      	b.n	100041d4 <_vsnprintf+0x118>
100041d2:	3101      	adds	r1, #1
100041d4:	00bb      	lsls	r3, r7, #2
100041d6:	19db      	adds	r3, r3, r7
100041d8:	005b      	lsls	r3, r3, #1
100041da:	181f      	adds	r7, r3, r0
100041dc:	7808      	ldrb	r0, [r1, #0]
100041de:	3f30      	subs	r7, #48	@ 0x30
100041e0:	0003      	movs	r3, r0
100041e2:	3b30      	subs	r3, #48	@ 0x30
100041e4:	2b09      	cmp	r3, #9
100041e6:	d9f4      	bls.n	100041d2 <_vsnprintf+0x116>
100041e8:	4663      	mov	r3, ip
100041ea:	930b      	str	r3, [sp, #44]	@ 0x2c
100041ec:	2300      	movs	r3, #0
100041ee:	46b8      	mov	r8, r7
100041f0:	469a      	mov	sl, r3
100041f2:	000f      	movs	r7, r1
100041f4:	3101      	adds	r1, #1
100041f6:	282e      	cmp	r0, #46	@ 0x2e
100041f8:	d1b3      	bne.n	10004162 <_vsnprintf+0xa6>
100041fa:	2080      	movs	r0, #128	@ 0x80
100041fc:	9a0b      	ldr	r2, [sp, #44]	@ 0x2c
100041fe:	00c0      	lsls	r0, r0, #3
10004200:	4302      	orrs	r2, r0
10004202:	920b      	str	r2, [sp, #44]	@ 0x2c
10004204:	2230      	movs	r2, #48	@ 0x30
10004206:	4252      	negs	r2, r2
10004208:	4694      	mov	ip, r2
1000420a:	7878      	ldrb	r0, [r7, #1]
1000420c:	000b      	movs	r3, r1
1000420e:	4484      	add	ip, r0
10004210:	4662      	mov	r2, ip
10004212:	2a09      	cmp	r2, #9
10004214:	d800      	bhi.n	10004218 <_vsnprintf+0x15c>
10004216:	e1aa      	b.n	1000456e <_vsnprintf+0x4b2>
10004218:	282a      	cmp	r0, #42	@ 0x2a
1000421a:	d100      	bne.n	1000421e <_vsnprintf+0x162>
1000421c:	e1b9      	b.n	10004592 <_vsnprintf+0x4d6>
1000421e:	000f      	movs	r7, r1
10004220:	3101      	adds	r1, #1
10004222:	e79e      	b.n	10004162 <_vsnprintf+0xa6>
10004224:	46a0      	mov	r8, r4
10004226:	46aa      	mov	sl, r5
10004228:	46b1      	mov	r9, r6
1000422a:	45c8      	cmp	r8, r9
1000422c:	d303      	bcc.n	10004236 <_vsnprintf+0x17a>
1000422e:	2301      	movs	r3, #1
10004230:	425b      	negs	r3, r3
10004232:	444b      	add	r3, r9
10004234:	4698      	mov	r8, r3
10004236:	464b      	mov	r3, r9
10004238:	4642      	mov	r2, r8
1000423a:	4659      	mov	r1, fp
1000423c:	2000      	movs	r0, #0
1000423e:	47d0      	blx	sl
10004240:	0020      	movs	r0, r4
10004242:	b025      	add	sp, #148	@ 0x94
10004244:	bcf0      	pop	{r4, r5, r6, r7}
10004246:	46bb      	mov	fp, r7
10004248:	46b2      	mov	sl, r6
1000424a:	46a9      	mov	r9, r5
1000424c:	46a0      	mov	r8, r4
1000424e:	bdf0      	pop	{r4, r5, r6, r7, pc}
10004250:	0001      	movs	r1, r0
10004252:	3969      	subs	r1, #105	@ 0x69
10004254:	b2c9      	uxtb	r1, r1
10004256:	290f      	cmp	r1, #15
10004258:	d900      	bls.n	1000425c <_vsnprintf+0x1a0>
1000425a:	e750      	b.n	100040fe <_vsnprintf+0x42>
1000425c:	2301      	movs	r3, #1
1000425e:	408b      	lsls	r3, r1
10004260:	469c      	mov	ip, r3
10004262:	4b6b      	ldr	r3, [pc, #428]	@ (10004410 <_vsnprintf+0x354>)
10004264:	4699      	mov	r9, r3
10004266:	4663      	mov	r3, ip
10004268:	464a      	mov	r2, r9
1000426a:	4013      	ands	r3, r2
1000426c:	930f      	str	r3, [sp, #60]	@ 0x3c
1000426e:	4662      	mov	r2, ip
10004270:	464b      	mov	r3, r9
10004272:	421a      	tst	r2, r3
10004274:	d000      	beq.n	10004278 <_vsnprintf+0x1bc>
10004276:	e168      	b.n	1000454a <_vsnprintf+0x48e>
10004278:	290a      	cmp	r1, #10
1000427a:	d056      	beq.n	1000432a <_vsnprintf+0x26e>
1000427c:	2907      	cmp	r1, #7
1000427e:	d000      	beq.n	10004282 <_vsnprintf+0x1c6>
10004280:	e73d      	b.n	100040fe <_vsnprintf+0x42>
10004282:	9b0d      	ldr	r3, [sp, #52]	@ 0x34
10004284:	cb02      	ldmia	r3!, {r1}
10004286:	4698      	mov	r8, r3
10004288:	2900      	cmp	r1, #0
1000428a:	d000      	beq.n	1000428e <_vsnprintf+0x1d2>
1000428c:	e192      	b.n	100045b4 <_vsnprintf+0x4f8>
1000428e:	9b0b      	ldr	r3, [sp, #44]	@ 0x2c
10004290:	2110      	movs	r1, #16
10004292:	001a      	movs	r2, r3
10004294:	438a      	bics	r2, r1
10004296:	0010      	movs	r0, r2
10004298:	3111      	adds	r1, #17
1000429a:	4308      	orrs	r0, r1
1000429c:	4681      	mov	r9, r0
1000429e:	2080      	movs	r0, #128	@ 0x80
100042a0:	001a      	movs	r2, r3
100042a2:	00c0      	lsls	r0, r0, #3
100042a4:	4002      	ands	r2, r0
100042a6:	0011      	movs	r1, r2
100042a8:	4203      	tst	r3, r0
100042aa:	d11c      	bne.n	100042e6 <_vsnprintf+0x22a>
100042ac:	ab14      	add	r3, sp, #80	@ 0x50
100042ae:	469c      	mov	ip, r3
100042b0:	221f      	movs	r2, #31
100042b2:	230f      	movs	r3, #15
100042b4:	4462      	add	r2, ip
100042b6:	950d      	str	r5, [sp, #52]	@ 0x34
100042b8:	469c      	mov	ip, r3
100042ba:	0015      	movs	r5, r2
100042bc:	9b0f      	ldr	r3, [sp, #60]	@ 0x3c
100042be:	940b      	str	r4, [sp, #44]	@ 0x2c
100042c0:	e002      	b.n	100042c8 <_vsnprintf+0x20c>
100042c2:	2b20      	cmp	r3, #32
100042c4:	d00c      	beq.n	100042e0 <_vsnprintf+0x224>
100042c6:	0011      	movs	r1, r2
100042c8:	4664      	mov	r4, ip
100042ca:	400c      	ands	r4, r1
100042cc:	0020      	movs	r0, r4
100042ce:	3037      	adds	r0, #55	@ 0x37
100042d0:	2c09      	cmp	r4, #9
100042d2:	d800      	bhi.n	100042d6 <_vsnprintf+0x21a>
100042d4:	3807      	subs	r0, #7
100042d6:	3301      	adds	r3, #1
100042d8:	54e8      	strb	r0, [r5, r3]
100042da:	090a      	lsrs	r2, r1, #4
100042dc:	290f      	cmp	r1, #15
100042de:	d8f0      	bhi.n	100042c2 <_vsnprintf+0x206>
100042e0:	9c0b      	ldr	r4, [sp, #44]	@ 0x2c
100042e2:	9d0d      	ldr	r5, [sp, #52]	@ 0x34
100042e4:	930f      	str	r3, [sp, #60]	@ 0x3c
100042e6:	464b      	mov	r3, r9
100042e8:	2208      	movs	r2, #8
100042ea:	9306      	str	r3, [sp, #24]
100042ec:	4653      	mov	r3, sl
100042ee:	9205      	str	r2, [sp, #20]
100042f0:	3208      	adds	r2, #8
100042f2:	9203      	str	r2, [sp, #12]
100042f4:	2200      	movs	r2, #0
100042f6:	9304      	str	r3, [sp, #16]
100042f8:	9b0f      	ldr	r3, [sp, #60]	@ 0x3c
100042fa:	9202      	str	r2, [sp, #8]
100042fc:	9301      	str	r3, [sp, #4]
100042fe:	ab1c      	add	r3, sp, #112	@ 0x70
10004300:	0022      	movs	r2, r4
10004302:	9300      	str	r3, [sp, #0]
10004304:	4659      	mov	r1, fp
10004306:	0033      	movs	r3, r6
10004308:	0028      	movs	r0, r5
1000430a:	f7ff f98d 	bl	10003628 <_ntoa_format>
1000430e:	4643      	mov	r3, r8
10004310:	0004      	movs	r4, r0
10004312:	930d      	str	r3, [sp, #52]	@ 0x34
10004314:	e6fa      	b.n	1000410c <_vsnprintf+0x50>
10004316:	9b0d      	ldr	r3, [sp, #52]	@ 0x34
10004318:	cb04      	ldmia	r3!, {r2}
1000431a:	4690      	mov	r8, r2
1000431c:	2a00      	cmp	r2, #0
1000431e:	db79      	blt.n	10004414 <_vsnprintf+0x358>
10004320:	7878      	ldrb	r0, [r7, #1]
10004322:	930d      	str	r3, [sp, #52]	@ 0x34
10004324:	000f      	movs	r7, r1
10004326:	3101      	adds	r1, #1
10004328:	e717      	b.n	1000415a <_vsnprintf+0x9e>
1000432a:	9b0d      	ldr	r3, [sp, #52]	@ 0x34
1000432c:	cb02      	ldmia	r3!, {r1}
1000432e:	9314      	str	r3, [sp, #80]	@ 0x50
10004330:	780b      	ldrb	r3, [r1, #0]
10004332:	469c      	mov	ip, r3
10004334:	0018      	movs	r0, r3
10004336:	4653      	mov	r3, sl
10004338:	2b00      	cmp	r3, #0
1000433a:	d100      	bne.n	1000433e <_vsnprintf+0x282>
1000433c:	e134      	b.n	100045a8 <_vsnprintf+0x4ec>
1000433e:	2800      	cmp	r0, #0
10004340:	d015      	beq.n	1000436e <_vsnprintf+0x2b2>
10004342:	4653      	mov	r3, sl
10004344:	3b01      	subs	r3, #1
10004346:	3301      	adds	r3, #1
10004348:	4699      	mov	r9, r3
1000434a:	940d      	str	r4, [sp, #52]	@ 0x34
1000434c:	9c0b      	ldr	r4, [sp, #44]	@ 0x2c
1000434e:	4489      	add	r9, r1
10004350:	464a      	mov	r2, r9
10004352:	000b      	movs	r3, r1
10004354:	46a1      	mov	r9, r4
10004356:	e001      	b.n	1000435c <_vsnprintf+0x2a0>
10004358:	4293      	cmp	r3, r2
1000435a:	d003      	beq.n	10004364 <_vsnprintf+0x2a8>
1000435c:	785c      	ldrb	r4, [r3, #1]
1000435e:	3301      	adds	r3, #1
10004360:	2c00      	cmp	r4, #0
10004362:	d1f9      	bne.n	10004358 <_vsnprintf+0x29c>
10004364:	464a      	mov	r2, r9
10004366:	1a5b      	subs	r3, r3, r1
10004368:	9c0d      	ldr	r4, [sp, #52]	@ 0x34
1000436a:	920b      	str	r2, [sp, #44]	@ 0x2c
1000436c:	930f      	str	r3, [sp, #60]	@ 0x3c
1000436e:	2380      	movs	r3, #128	@ 0x80
10004370:	00db      	lsls	r3, r3, #3
10004372:	4699      	mov	r9, r3
10004374:	9a0b      	ldr	r2, [sp, #44]	@ 0x2c
10004376:	4013      	ands	r3, r2
10004378:	930d      	str	r3, [sp, #52]	@ 0x34
1000437a:	464b      	mov	r3, r9
1000437c:	421a      	tst	r2, r3
1000437e:	d004      	beq.n	1000438a <_vsnprintf+0x2ce>
10004380:	9b0f      	ldr	r3, [sp, #60]	@ 0x3c
10004382:	4553      	cmp	r3, sl
10004384:	d901      	bls.n	1000438a <_vsnprintf+0x2ce>
10004386:	4653      	mov	r3, sl
10004388:	930f      	str	r3, [sp, #60]	@ 0x3c
1000438a:	2302      	movs	r3, #2
1000438c:	4699      	mov	r9, r3
1000438e:	9a0b      	ldr	r2, [sp, #44]	@ 0x2c
10004390:	4013      	ands	r3, r2
10004392:	930b      	str	r3, [sp, #44]	@ 0x2c
10004394:	464b      	mov	r3, r9
10004396:	4213      	tst	r3, r2
10004398:	d100      	bne.n	1000439c <_vsnprintf+0x2e0>
1000439a:	e1f5      	b.n	10004788 <_vsnprintf+0x6cc>
1000439c:	4663      	mov	r3, ip
1000439e:	2b00      	cmp	r3, #0
100043a0:	d100      	bne.n	100043a4 <_vsnprintf+0x2e8>
100043a2:	e1d6      	b.n	10004752 <_vsnprintf+0x696>
100043a4:	9b0d      	ldr	r3, [sp, #52]	@ 0x34
100043a6:	2b00      	cmp	r3, #0
100043a8:	d100      	bne.n	100043ac <_vsnprintf+0x2f0>
100043aa:	e182      	b.n	100046b2 <_vsnprintf+0x5f6>
100043ac:	1b0b      	subs	r3, r1, r4
100043ae:	46d1      	mov	r9, sl
100043b0:	0031      	movs	r1, r6
100043b2:	469a      	mov	sl, r3
100043b4:	003b      	movs	r3, r7
100043b6:	44a1      	add	r9, r4
100043b8:	002e      	movs	r6, r5
100043ba:	465f      	mov	r7, fp
100043bc:	464d      	mov	r5, r9
100043be:	0022      	movs	r2, r4
100043c0:	469b      	mov	fp, r3
100043c2:	4689      	mov	r9, r1
100043c4:	e009      	b.n	100043da <_vsnprintf+0x31e>
100043c6:	464b      	mov	r3, r9
100043c8:	0039      	movs	r1, r7
100043ca:	1c54      	adds	r4, r2, #1
100043cc:	47b0      	blx	r6
100043ce:	4653      	mov	r3, sl
100043d0:	5d18      	ldrb	r0, [r3, r4]
100043d2:	2800      	cmp	r0, #0
100043d4:	d100      	bne.n	100043d8 <_vsnprintf+0x31c>
100043d6:	e192      	b.n	100046fe <_vsnprintf+0x642>
100043d8:	0022      	movs	r2, r4
100043da:	4295      	cmp	r5, r2
100043dc:	d1f3      	bne.n	100043c6 <_vsnprintf+0x30a>
100043de:	464b      	mov	r3, r9
100043e0:	465a      	mov	r2, fp
100043e2:	46a9      	mov	r9, r5
100043e4:	46bb      	mov	fp, r7
100043e6:	0035      	movs	r5, r6
100043e8:	0017      	movs	r7, r2
100043ea:	001e      	movs	r6, r3
100043ec:	464c      	mov	r4, r9
100043ee:	9b0b      	ldr	r3, [sp, #44]	@ 0x2c
100043f0:	2b00      	cmp	r3, #0
100043f2:	d000      	beq.n	100043f6 <_vsnprintf+0x33a>
100043f4:	e1ad      	b.n	10004752 <_vsnprintf+0x696>
100043f6:	9b14      	ldr	r3, [sp, #80]	@ 0x50
100043f8:	930d      	str	r3, [sp, #52]	@ 0x34
100043fa:	e687      	b.n	1000410c <_vsnprintf+0x50>
100043fc:	100040bd 	.word	0x100040bd
10004400:	20002c9c 	.word	0x20002c9c
10004404:	1000b7f4 	.word	0x1000b7f4
10004408:	1000b838 	.word	0x1000b838
1000440c:	1000b884 	.word	0x1000b884
10004410:	00009041 	.word	0x00009041
10004414:	9a0b      	ldr	r2, [sp, #44]	@ 0x2c
10004416:	3828      	subs	r0, #40	@ 0x28
10004418:	4302      	orrs	r2, r0
1000441a:	920b      	str	r2, [sp, #44]	@ 0x2c
1000441c:	4642      	mov	r2, r8
1000441e:	4252      	negs	r2, r2
10004420:	7878      	ldrb	r0, [r7, #1]
10004422:	4690      	mov	r8, r2
10004424:	000f      	movs	r7, r1
10004426:	930d      	str	r3, [sp, #52]	@ 0x34
10004428:	3101      	adds	r1, #1
1000442a:	e696      	b.n	1000415a <_vsnprintf+0x9e>
1000442c:	7878      	ldrb	r0, [r7, #1]
1000442e:	286c      	cmp	r0, #108	@ 0x6c
10004430:	d100      	bne.n	10004434 <_vsnprintf+0x378>
10004432:	e15d      	b.n	100046f0 <_vsnprintf+0x634>
10004434:	2380      	movs	r3, #128	@ 0x80
10004436:	9a0b      	ldr	r2, [sp, #44]	@ 0x2c
10004438:	005b      	lsls	r3, r3, #1
1000443a:	431a      	orrs	r2, r3
1000443c:	920b      	str	r2, [sp, #44]	@ 0x2c
1000443e:	3101      	adds	r1, #1
10004440:	e6b3      	b.n	100041aa <_vsnprintf+0xee>
10004442:	2380      	movs	r3, #128	@ 0x80
10004444:	009b      	lsls	r3, r3, #2
10004446:	e6ab      	b.n	100041a0 <_vsnprintf+0xe4>
10004448:	7878      	ldrb	r0, [r7, #1]
1000444a:	2868      	cmp	r0, #104	@ 0x68
1000444c:	d100      	bne.n	10004450 <_vsnprintf+0x394>
1000444e:	e148      	b.n	100046e2 <_vsnprintf+0x626>
10004450:	2380      	movs	r3, #128	@ 0x80
10004452:	9a0b      	ldr	r2, [sp, #44]	@ 0x2c
10004454:	3101      	adds	r1, #1
10004456:	431a      	orrs	r2, r3
10004458:	920b      	str	r2, [sp, #44]	@ 0x2c
1000445a:	e6a6      	b.n	100041aa <_vsnprintf+0xee>
1000445c:	2867      	cmp	r0, #103	@ 0x67
1000445e:	d100      	bne.n	10004462 <_vsnprintf+0x3a6>
10004460:	e0b2      	b.n	100045c8 <_vsnprintf+0x50c>
10004462:	2847      	cmp	r0, #71	@ 0x47
10004464:	d100      	bne.n	10004468 <_vsnprintf+0x3ac>
10004466:	e11a      	b.n	1000469e <_vsnprintf+0x5e2>
10004468:	2845      	cmp	r0, #69	@ 0x45
1000446a:	d100      	bne.n	1000446e <_vsnprintf+0x3b2>
1000446c:	e11c      	b.n	100046a8 <_vsnprintf+0x5ec>
1000446e:	9a0b      	ldr	r2, [sp, #44]	@ 0x2c
10004470:	2107      	movs	r1, #7
10004472:	9204      	str	r2, [sp, #16]
10004474:	4642      	mov	r2, r8
10004476:	9b0d      	ldr	r3, [sp, #52]	@ 0x34
10004478:	9203      	str	r2, [sp, #12]
1000447a:	3307      	adds	r3, #7
1000447c:	4652      	mov	r2, sl
1000447e:	438b      	bics	r3, r1
10004480:	0019      	movs	r1, r3
10004482:	9202      	str	r2, [sp, #8]
10004484:	c90c      	ldmia	r1!, {r2, r3}
10004486:	0028      	movs	r0, r5
10004488:	9200      	str	r2, [sp, #0]
1000448a:	9301      	str	r3, [sp, #4]
1000448c:	910d      	str	r1, [sp, #52]	@ 0x34
1000448e:	0022      	movs	r2, r4
10004490:	0033      	movs	r3, r6
10004492:	4659      	mov	r1, fp
10004494:	f7ff fa00 	bl	10003898 <_etoa>
10004498:	0004      	movs	r4, r0
1000449a:	e637      	b.n	1000410c <_vsnprintf+0x50>
1000449c:	2846      	cmp	r0, #70	@ 0x46
1000449e:	d100      	bne.n	100044a2 <_vsnprintf+0x3e6>
100044a0:	e08d      	b.n	100045be <_vsnprintf+0x502>
100044a2:	9a0b      	ldr	r2, [sp, #44]	@ 0x2c
100044a4:	2107      	movs	r1, #7
100044a6:	9204      	str	r2, [sp, #16]
100044a8:	4642      	mov	r2, r8
100044aa:	9b0d      	ldr	r3, [sp, #52]	@ 0x34
100044ac:	9203      	str	r2, [sp, #12]
100044ae:	3307      	adds	r3, #7
100044b0:	4652      	mov	r2, sl
100044b2:	438b      	bics	r3, r1
100044b4:	0019      	movs	r1, r3
100044b6:	9202      	str	r2, [sp, #8]
100044b8:	c90c      	ldmia	r1!, {r2, r3}
100044ba:	0028      	movs	r0, r5
100044bc:	9200      	str	r2, [sp, #0]
100044be:	9301      	str	r3, [sp, #4]
100044c0:	910d      	str	r1, [sp, #52]	@ 0x34
100044c2:	0022      	movs	r2, r4
100044c4:	0033      	movs	r3, r6
100044c6:	4659      	mov	r1, fp
100044c8:	f7ff fc18 	bl	10003cfc <_ftoa>
100044cc:	0004      	movs	r4, r0
100044ce:	e61d      	b.n	1000410c <_vsnprintf+0x50>
100044d0:	1c63      	adds	r3, r4, #1
100044d2:	4698      	mov	r8, r3
100044d4:	0022      	movs	r2, r4
100044d6:	0033      	movs	r3, r6
100044d8:	4659      	mov	r1, fp
100044da:	2025      	movs	r0, #37	@ 0x25
100044dc:	47a8      	blx	r5
100044de:	4644      	mov	r4, r8
100044e0:	e614      	b.n	1000410c <_vsnprintf+0x50>
100044e2:	9b0d      	ldr	r3, [sp, #52]	@ 0x34
100044e4:	3304      	adds	r3, #4
100044e6:	930f      	str	r3, [sp, #60]	@ 0x3c
100044e8:	1c63      	adds	r3, r4, #1
100044ea:	4699      	mov	r9, r3
100044ec:	9b0b      	ldr	r3, [sp, #44]	@ 0x2c
100044ee:	079a      	lsls	r2, r3, #30
100044f0:	d400      	bmi.n	100044f4 <_vsnprintf+0x438>
100044f2:	e10a      	b.n	1000470a <_vsnprintf+0x64e>
100044f4:	9b0d      	ldr	r3, [sp, #52]	@ 0x34
100044f6:	0022      	movs	r2, r4
100044f8:	7818      	ldrb	r0, [r3, #0]
100044fa:	4659      	mov	r1, fp
100044fc:	0033      	movs	r3, r6
100044fe:	47a8      	blx	r5
10004500:	4643      	mov	r3, r8
10004502:	4444      	add	r4, r8
10004504:	2b01      	cmp	r3, #1
10004506:	d800      	bhi.n	1000450a <_vsnprintf+0x44e>
10004508:	e16f      	b.n	100047ea <_vsnprintf+0x72e>
1000450a:	46b0      	mov	r8, r6
1000450c:	002e      	movs	r6, r5
1000450e:	0025      	movs	r5, r4
10004510:	464c      	mov	r4, r9
10004512:	46b9      	mov	r9, r7
10004514:	465f      	mov	r7, fp
10004516:	0022      	movs	r2, r4
10004518:	4643      	mov	r3, r8
1000451a:	3401      	adds	r4, #1
1000451c:	0039      	movs	r1, r7
1000451e:	2020      	movs	r0, #32
10004520:	47b0      	blx	r6
10004522:	42ac      	cmp	r4, r5
10004524:	d1f7      	bne.n	10004516 <_vsnprintf+0x45a>
10004526:	002c      	movs	r4, r5
10004528:	46bb      	mov	fp, r7
1000452a:	0035      	movs	r5, r6
1000452c:	464f      	mov	r7, r9
1000452e:	4646      	mov	r6, r8
10004530:	9b0f      	ldr	r3, [sp, #60]	@ 0x3c
10004532:	930d      	str	r3, [sp, #52]	@ 0x34
10004534:	e5ea      	b.n	1000410c <_vsnprintf+0x50>
10004536:	4bd6      	ldr	r3, [pc, #856]	@ (10004890 <_vsnprintf+0x7d4>)
10004538:	7838      	ldrb	r0, [r7, #0]
1000453a:	469a      	mov	sl, r3
1000453c:	2300      	movs	r3, #0
1000453e:	4698      	mov	r8, r3
10004540:	2800      	cmp	r0, #0
10004542:	d000      	beq.n	10004546 <_vsnprintf+0x48a>
10004544:	e5d3      	b.n	100040ee <_vsnprintf+0x32>
10004546:	2400      	movs	r4, #0
10004548:	e66f      	b.n	1000422a <_vsnprintf+0x16e>
1000454a:	286f      	cmp	r0, #111	@ 0x6f
1000454c:	d042      	beq.n	100045d4 <_vsnprintf+0x518>
1000454e:	d800      	bhi.n	10004552 <_vsnprintf+0x496>
10004550:	e1fd      	b.n	1000494e <_vsnprintf+0x892>
10004552:	2310      	movs	r3, #16
10004554:	2878      	cmp	r0, #120	@ 0x78
10004556:	d100      	bne.n	1000455a <_vsnprintf+0x49e>
10004558:	e09b      	b.n	10004692 <_vsnprintf+0x5d6>
1000455a:	9a0b      	ldr	r2, [sp, #44]	@ 0x2c
1000455c:	439a      	bics	r2, r3
1000455e:	920b      	str	r2, [sp, #44]	@ 0x2c
10004560:	230a      	movs	r3, #10
10004562:	469c      	mov	ip, r3
10004564:	2300      	movs	r3, #0
10004566:	9314      	str	r3, [sp, #80]	@ 0x50
10004568:	330a      	adds	r3, #10
1000456a:	930f      	str	r3, [sp, #60]	@ 0x3c
1000456c:	e038      	b.n	100045e0 <_vsnprintf+0x524>
1000456e:	4657      	mov	r7, sl
10004570:	9a0b      	ldr	r2, [sp, #44]	@ 0x2c
10004572:	00b9      	lsls	r1, r7, #2
10004574:	19c9      	adds	r1, r1, r7
10004576:	0049      	lsls	r1, r1, #1
10004578:	3301      	adds	r3, #1
1000457a:	180f      	adds	r7, r1, r0
1000457c:	7818      	ldrb	r0, [r3, #0]
1000457e:	3f30      	subs	r7, #48	@ 0x30
10004580:	0001      	movs	r1, r0
10004582:	3930      	subs	r1, #48	@ 0x30
10004584:	2909      	cmp	r1, #9
10004586:	d9f4      	bls.n	10004572 <_vsnprintf+0x4b6>
10004588:	46ba      	mov	sl, r7
1000458a:	920b      	str	r2, [sp, #44]	@ 0x2c
1000458c:	001f      	movs	r7, r3
1000458e:	1c59      	adds	r1, r3, #1
10004590:	e5e7      	b.n	10004162 <_vsnprintf+0xa6>
10004592:	9b0d      	ldr	r3, [sp, #52]	@ 0x34
10004594:	78b8      	ldrb	r0, [r7, #2]
10004596:	cb04      	ldmia	r3!, {r2}
10004598:	3702      	adds	r7, #2
1000459a:	43d1      	mvns	r1, r2
1000459c:	17c9      	asrs	r1, r1, #31
1000459e:	400a      	ands	r2, r1
100045a0:	4692      	mov	sl, r2
100045a2:	930d      	str	r3, [sp, #52]	@ 0x34
100045a4:	1c79      	adds	r1, r7, #1
100045a6:	e5dc      	b.n	10004162 <_vsnprintf+0xa6>
100045a8:	2800      	cmp	r0, #0
100045aa:	d100      	bne.n	100045ae <_vsnprintf+0x4f2>
100045ac:	e6df      	b.n	1000436e <_vsnprintf+0x2b2>
100045ae:	2302      	movs	r3, #2
100045b0:	425b      	negs	r3, r3
100045b2:	e6c8      	b.n	10004346 <_vsnprintf+0x28a>
100045b4:	2021      	movs	r0, #33	@ 0x21
100045b6:	9a0b      	ldr	r2, [sp, #44]	@ 0x2c
100045b8:	4302      	orrs	r2, r0
100045ba:	4691      	mov	r9, r2
100045bc:	e676      	b.n	100042ac <_vsnprintf+0x1f0>
100045be:	2320      	movs	r3, #32
100045c0:	9a0b      	ldr	r2, [sp, #44]	@ 0x2c
100045c2:	431a      	orrs	r2, r3
100045c4:	920b      	str	r2, [sp, #44]	@ 0x2c
100045c6:	e76c      	b.n	100044a2 <_vsnprintf+0x3e6>
100045c8:	2380      	movs	r3, #128	@ 0x80
100045ca:	9a0b      	ldr	r2, [sp, #44]	@ 0x2c
100045cc:	011b      	lsls	r3, r3, #4
100045ce:	431a      	orrs	r2, r3
100045d0:	920b      	str	r2, [sp, #44]	@ 0x2c
100045d2:	e74c      	b.n	1000446e <_vsnprintf+0x3b2>
100045d4:	2308      	movs	r3, #8
100045d6:	469c      	mov	ip, r3
100045d8:	2300      	movs	r3, #0
100045da:	9314      	str	r3, [sp, #80]	@ 0x50
100045dc:	3308      	adds	r3, #8
100045de:	930f      	str	r3, [sp, #60]	@ 0x3c
100045e0:	980b      	ldr	r0, [sp, #44]	@ 0x2c
100045e2:	2380      	movs	r3, #128	@ 0x80
100045e4:	0002      	movs	r2, r0
100045e6:	00db      	lsls	r3, r3, #3
100045e8:	401a      	ands	r2, r3
100045ea:	0011      	movs	r1, r2
100045ec:	0002      	movs	r2, r0
100045ee:	4218      	tst	r0, r3
100045f0:	d000      	beq.n	100045f4 <_vsnprintf+0x538>
100045f2:	e080      	b.n	100046f6 <_vsnprintf+0x63a>
100045f4:	230c      	movs	r3, #12
100045f6:	439a      	bics	r2, r3
100045f8:	0010      	movs	r0, r2
100045fa:	2380      	movs	r3, #128	@ 0x80
100045fc:	0002      	movs	r2, r0
100045fe:	009b      	lsls	r3, r3, #2
10004600:	401a      	ands	r2, r3
10004602:	920b      	str	r2, [sp, #44]	@ 0x2c
10004604:	4218      	tst	r0, r3
10004606:	d000      	beq.n	1000460a <_vsnprintf+0x54e>
10004608:	e0f1      	b.n	100047ee <_vsnprintf+0x732>
1000460a:	2380      	movs	r3, #128	@ 0x80
1000460c:	0002      	movs	r2, r0
1000460e:	005b      	lsls	r3, r3, #1
10004610:	401a      	ands	r2, r3
10004612:	4691      	mov	r9, r2
10004614:	9a0d      	ldr	r2, [sp, #52]	@ 0x34
10004616:	3204      	adds	r2, #4
10004618:	9214      	str	r2, [sp, #80]	@ 0x50
1000461a:	4218      	tst	r0, r3
1000461c:	d000      	beq.n	10004620 <_vsnprintf+0x564>
1000461e:	e2c3      	b.n	10004ba8 <_vsnprintf+0xaec>
10004620:	0643      	lsls	r3, r0, #25
10004622:	d500      	bpl.n	10004626 <_vsnprintf+0x56a>
10004624:	e0d7      	b.n	100047d6 <_vsnprintf+0x71a>
10004626:	0603      	lsls	r3, r0, #24
10004628:	d400      	bmi.n	1000462c <_vsnprintf+0x570>
1000462a:	e321      	b.n	10004c70 <_vsnprintf+0xbb4>
1000462c:	9b0d      	ldr	r3, [sp, #52]	@ 0x34
1000462e:	881b      	ldrh	r3, [r3, #0]
10004630:	9309      	str	r3, [sp, #36]	@ 0x24
10004632:	2b00      	cmp	r3, #0
10004634:	d000      	beq.n	10004638 <_vsnprintf+0x57c>
10004636:	e12d      	b.n	10004894 <_vsnprintf+0x7d8>
10004638:	3310      	adds	r3, #16
1000463a:	4398      	bics	r0, r3
1000463c:	2900      	cmp	r1, #0
1000463e:	d100      	bne.n	10004642 <_vsnprintf+0x586>
10004640:	e128      	b.n	10004894 <_vsnprintf+0x7d8>
10004642:	2300      	movs	r3, #0
10004644:	4699      	mov	r9, r3
10004646:	4643      	mov	r3, r8
10004648:	9305      	str	r3, [sp, #20]
1000464a:	4653      	mov	r3, sl
1000464c:	9304      	str	r3, [sp, #16]
1000464e:	9b0f      	ldr	r3, [sp, #60]	@ 0x3c
10004650:	9006      	str	r0, [sp, #24]
10004652:	9303      	str	r3, [sp, #12]
10004654:	2300      	movs	r3, #0
10004656:	9302      	str	r3, [sp, #8]
10004658:	464b      	mov	r3, r9
1000465a:	9301      	str	r3, [sp, #4]
1000465c:	ab1c      	add	r3, sp, #112	@ 0x70
1000465e:	0022      	movs	r2, r4
10004660:	9300      	str	r3, [sp, #0]
10004662:	4659      	mov	r1, fp
10004664:	0033      	movs	r3, r6
10004666:	0028      	movs	r0, r5
10004668:	f7fe ffde 	bl	10003628 <_ntoa_format>
1000466c:	0004      	movs	r4, r0
1000466e:	e6c2      	b.n	100043f6 <_vsnprintf+0x33a>
10004670:	2858      	cmp	r0, #88	@ 0x58
10004672:	d009      	beq.n	10004688 <_vsnprintf+0x5cc>
10004674:	2862      	cmp	r0, #98	@ 0x62
10004676:	d000      	beq.n	1000467a <_vsnprintf+0x5be>
10004678:	e2e3      	b.n	10004c42 <_vsnprintf+0xb86>
1000467a:	2302      	movs	r3, #2
1000467c:	469c      	mov	ip, r3
1000467e:	2300      	movs	r3, #0
10004680:	9314      	str	r3, [sp, #80]	@ 0x50
10004682:	3302      	adds	r3, #2
10004684:	930f      	str	r3, [sp, #60]	@ 0x3c
10004686:	e7ab      	b.n	100045e0 <_vsnprintf+0x524>
10004688:	2320      	movs	r3, #32
1000468a:	9a0b      	ldr	r2, [sp, #44]	@ 0x2c
1000468c:	431a      	orrs	r2, r3
1000468e:	920b      	str	r2, [sp, #44]	@ 0x2c
10004690:	3b10      	subs	r3, #16
10004692:	469c      	mov	ip, r3
10004694:	2300      	movs	r3, #0
10004696:	9314      	str	r3, [sp, #80]	@ 0x50
10004698:	3310      	adds	r3, #16
1000469a:	930f      	str	r3, [sp, #60]	@ 0x3c
1000469c:	e7a0      	b.n	100045e0 <_vsnprintf+0x524>
1000469e:	2380      	movs	r3, #128	@ 0x80
100046a0:	9a0b      	ldr	r2, [sp, #44]	@ 0x2c
100046a2:	011b      	lsls	r3, r3, #4
100046a4:	431a      	orrs	r2, r3
100046a6:	920b      	str	r2, [sp, #44]	@ 0x2c
100046a8:	2320      	movs	r3, #32
100046aa:	9a0b      	ldr	r2, [sp, #44]	@ 0x2c
100046ac:	431a      	orrs	r2, r3
100046ae:	920b      	str	r2, [sp, #44]	@ 0x2c
100046b0:	e6dd      	b.n	1000446e <_vsnprintf+0x3b2>
100046b2:	1b0b      	subs	r3, r1, r4
100046b4:	469a      	mov	sl, r3
100046b6:	9b0f      	ldr	r3, [sp, #60]	@ 0x3c
100046b8:	4699      	mov	r9, r3
100046ba:	003b      	movs	r3, r7
100046bc:	0037      	movs	r7, r6
100046be:	465e      	mov	r6, fp
100046c0:	469b      	mov	fp, r3
100046c2:	0022      	movs	r2, r4
100046c4:	003b      	movs	r3, r7
100046c6:	0031      	movs	r1, r6
100046c8:	47a8      	blx	r5
100046ca:	4653      	mov	r3, sl
100046cc:	3401      	adds	r4, #1
100046ce:	5d18      	ldrb	r0, [r3, r4]
100046d0:	2800      	cmp	r0, #0
100046d2:	d1f6      	bne.n	100046c2 <_vsnprintf+0x606>
100046d4:	464b      	mov	r3, r9
100046d6:	930f      	str	r3, [sp, #60]	@ 0x3c
100046d8:	465b      	mov	r3, fp
100046da:	46b3      	mov	fp, r6
100046dc:	003e      	movs	r6, r7
100046de:	001f      	movs	r7, r3
100046e0:	e685      	b.n	100043ee <_vsnprintf+0x332>
100046e2:	23c0      	movs	r3, #192	@ 0xc0
100046e4:	9a0b      	ldr	r2, [sp, #44]	@ 0x2c
100046e6:	78b8      	ldrb	r0, [r7, #2]
100046e8:	431a      	orrs	r2, r3
100046ea:	920b      	str	r2, [sp, #44]	@ 0x2c
100046ec:	1cf9      	adds	r1, r7, #3
100046ee:	e55c      	b.n	100041aa <_vsnprintf+0xee>
100046f0:	23c0      	movs	r3, #192	@ 0xc0
100046f2:	009b      	lsls	r3, r3, #2
100046f4:	e7f6      	b.n	100046e4 <_vsnprintf+0x628>
100046f6:	230d      	movs	r3, #13
100046f8:	439a      	bics	r2, r3
100046fa:	0010      	movs	r0, r2
100046fc:	e77d      	b.n	100045fa <_vsnprintf+0x53e>
100046fe:	465b      	mov	r3, fp
10004700:	0035      	movs	r5, r6
10004702:	46bb      	mov	fp, r7
10004704:	464e      	mov	r6, r9
10004706:	001f      	movs	r7, r3
10004708:	e671      	b.n	100043ee <_vsnprintf+0x332>
1000470a:	4643      	mov	r3, r8
1000470c:	2b01      	cmp	r3, #1
1000470e:	d966      	bls.n	100047de <_vsnprintf+0x722>
10004710:	1e63      	subs	r3, r4, #1
10004712:	4443      	add	r3, r8
10004714:	0032      	movs	r2, r6
10004716:	002e      	movs	r6, r5
10004718:	001d      	movs	r5, r3
1000471a:	003b      	movs	r3, r7
1000471c:	46a2      	mov	sl, r4
1000471e:	465f      	mov	r7, fp
10004720:	4691      	mov	r9, r2
10004722:	469b      	mov	fp, r3
10004724:	0022      	movs	r2, r4
10004726:	464b      	mov	r3, r9
10004728:	3401      	adds	r4, #1
1000472a:	0039      	movs	r1, r7
1000472c:	2020      	movs	r0, #32
1000472e:	47b0      	blx	r6
10004730:	42ac      	cmp	r4, r5
10004732:	d1f7      	bne.n	10004724 <_vsnprintf+0x668>
10004734:	465b      	mov	r3, fp
10004736:	0035      	movs	r5, r6
10004738:	46bb      	mov	fp, r7
1000473a:	464e      	mov	r6, r9
1000473c:	46a1      	mov	r9, r4
1000473e:	4654      	mov	r4, sl
10004740:	001f      	movs	r7, r3
10004742:	9b0d      	ldr	r3, [sp, #52]	@ 0x34
10004744:	464a      	mov	r2, r9
10004746:	7818      	ldrb	r0, [r3, #0]
10004748:	4659      	mov	r1, fp
1000474a:	0033      	movs	r3, r6
1000474c:	4444      	add	r4, r8
1000474e:	47a8      	blx	r5
10004750:	e6ee      	b.n	10004530 <_vsnprintf+0x474>
10004752:	9b0f      	ldr	r3, [sp, #60]	@ 0x3c
10004754:	46a1      	mov	r9, r4
10004756:	4598      	cmp	r8, r3
10004758:	d800      	bhi.n	1000475c <_vsnprintf+0x6a0>
1000475a:	e64c      	b.n	100043f6 <_vsnprintf+0x33a>
1000475c:	4444      	add	r4, r8
1000475e:	1ae4      	subs	r4, r4, r3
10004760:	46b0      	mov	r8, r6
10004762:	002e      	movs	r6, r5
10004764:	0025      	movs	r5, r4
10004766:	464c      	mov	r4, r9
10004768:	46b9      	mov	r9, r7
1000476a:	465f      	mov	r7, fp
1000476c:	0022      	movs	r2, r4
1000476e:	4643      	mov	r3, r8
10004770:	3401      	adds	r4, #1
10004772:	0039      	movs	r1, r7
10004774:	2020      	movs	r0, #32
10004776:	47b0      	blx	r6
10004778:	42ac      	cmp	r4, r5
1000477a:	d1f7      	bne.n	1000476c <_vsnprintf+0x6b0>
1000477c:	002c      	movs	r4, r5
1000477e:	46bb      	mov	fp, r7
10004780:	0035      	movs	r5, r6
10004782:	464f      	mov	r7, r9
10004784:	4646      	mov	r6, r8
10004786:	e636      	b.n	100043f6 <_vsnprintf+0x33a>
10004788:	980f      	ldr	r0, [sp, #60]	@ 0x3c
1000478a:	4580      	cmp	r8, r0
1000478c:	d800      	bhi.n	10004790 <_vsnprintf+0x6d4>
1000478e:	e273      	b.n	10004c78 <_vsnprintf+0xbbc>
10004790:	4643      	mov	r3, r8
10004792:	18e2      	adds	r2, r4, r3
10004794:	1a13      	subs	r3, r2, r0
10004796:	0032      	movs	r2, r6
10004798:	002e      	movs	r6, r5
1000479a:	001d      	movs	r5, r3
1000479c:	003b      	movs	r3, r7
1000479e:	4691      	mov	r9, r2
100047a0:	465f      	mov	r7, fp
100047a2:	469b      	mov	fp, r3
100047a4:	910f      	str	r1, [sp, #60]	@ 0x3c
100047a6:	0022      	movs	r2, r4
100047a8:	464b      	mov	r3, r9
100047aa:	3401      	adds	r4, #1
100047ac:	0039      	movs	r1, r7
100047ae:	2020      	movs	r0, #32
100047b0:	47b0      	blx	r6
100047b2:	42ac      	cmp	r4, r5
100047b4:	d1f7      	bne.n	100047a6 <_vsnprintf+0x6ea>
100047b6:	465b      	mov	r3, fp
100047b8:	46bb      	mov	fp, r7
100047ba:	001f      	movs	r7, r3
100047bc:	4643      	mov	r3, r8
100047be:	990f      	ldr	r1, [sp, #60]	@ 0x3c
100047c0:	3301      	adds	r3, #1
100047c2:	930f      	str	r3, [sp, #60]	@ 0x3c
100047c4:	780b      	ldrb	r3, [r1, #0]
100047c6:	0035      	movs	r5, r6
100047c8:	469c      	mov	ip, r3
100047ca:	464e      	mov	r6, r9
100047cc:	4660      	mov	r0, ip
100047ce:	2800      	cmp	r0, #0
100047d0:	d000      	beq.n	100047d4 <_vsnprintf+0x718>
100047d2:	e5e7      	b.n	100043a4 <_vsnprintf+0x2e8>
100047d4:	e60f      	b.n	100043f6 <_vsnprintf+0x33a>
100047d6:	9b0d      	ldr	r3, [sp, #52]	@ 0x34
100047d8:	781b      	ldrb	r3, [r3, #0]
100047da:	9309      	str	r3, [sp, #36]	@ 0x24
100047dc:	e729      	b.n	10004632 <_vsnprintf+0x576>
100047de:	9b0d      	ldr	r3, [sp, #52]	@ 0x34
100047e0:	0022      	movs	r2, r4
100047e2:	7818      	ldrb	r0, [r3, #0]
100047e4:	4659      	mov	r1, fp
100047e6:	0033      	movs	r3, r6
100047e8:	47a8      	blx	r5
100047ea:	464c      	mov	r4, r9
100047ec:	e6a0      	b.n	10004530 <_vsnprintf+0x474>
100047ee:	9a0d      	ldr	r2, [sp, #52]	@ 0x34
100047f0:	3bfa      	subs	r3, #250	@ 0xfa
100047f2:	3bff      	subs	r3, #255	@ 0xff
100047f4:	3207      	adds	r2, #7
100047f6:	439a      	bics	r2, r3
100047f8:	3301      	adds	r3, #1
100047fa:	4699      	mov	r9, r3
100047fc:	4491      	add	r9, r2
100047fe:	464b      	mov	r3, r9
10004800:	930d      	str	r3, [sp, #52]	@ 0x34
10004802:	6813      	ldr	r3, [r2, #0]
10004804:	6852      	ldr	r2, [r2, #4]
10004806:	9215      	str	r2, [sp, #84]	@ 0x54
10004808:	431a      	orrs	r2, r3
1000480a:	d106      	bne.n	1000481a <_vsnprintf+0x75e>
1000480c:	3210      	adds	r2, #16
1000480e:	4390      	bics	r0, r2
10004810:	2200      	movs	r2, #0
10004812:	9209      	str	r2, [sp, #36]	@ 0x24
10004814:	2900      	cmp	r1, #0
10004816:	d000      	beq.n	1000481a <_vsnprintf+0x75e>
10004818:	e083      	b.n	10004922 <_vsnprintf+0x866>
1000481a:	2261      	movs	r2, #97	@ 0x61
1000481c:	0681      	lsls	r1, r0, #26
1000481e:	d500      	bpl.n	10004822 <_vsnprintf+0x766>
10004820:	2241      	movs	r2, #65	@ 0x41
10004822:	b2d2      	uxtb	r2, r2
10004824:	920a      	str	r2, [sp, #40]	@ 0x28
10004826:	aa14      	add	r2, sp, #80	@ 0x50
10004828:	4691      	mov	r9, r2
1000482a:	9a0a      	ldr	r2, [sp, #40]	@ 0x28
1000482c:	2100      	movs	r1, #0
1000482e:	3a0a      	subs	r2, #10
10004830:	920b      	str	r2, [sp, #44]	@ 0x2c
10004832:	4642      	mov	r2, r8
10004834:	9217      	str	r2, [sp, #92]	@ 0x5c
10004836:	4652      	mov	r2, sl
10004838:	9218      	str	r2, [sp, #96]	@ 0x60
1000483a:	465a      	mov	r2, fp
1000483c:	46b2      	mov	sl, r6
1000483e:	9109      	str	r1, [sp, #36]	@ 0x24
10004840:	001e      	movs	r6, r3
10004842:	311f      	adds	r1, #31
10004844:	9b14      	ldr	r3, [sp, #80]	@ 0x50
10004846:	4449      	add	r1, r9
10004848:	46bb      	mov	fp, r7
1000484a:	9416      	str	r4, [sp, #88]	@ 0x58
1000484c:	951a      	str	r5, [sp, #104]	@ 0x68
1000484e:	2400      	movs	r4, #0
10004850:	4667      	mov	r7, ip
10004852:	4698      	mov	r8, r3
10004854:	4689      	mov	r9, r1
10004856:	9d15      	ldr	r5, [sp, #84]	@ 0x54
10004858:	9019      	str	r0, [sp, #100]	@ 0x64
1000485a:	921b      	str	r2, [sp, #108]	@ 0x6c
1000485c:	e00a      	b.n	10004874 <_vsnprintf+0x7b8>
1000485e:	3230      	adds	r2, #48	@ 0x30
10004860:	b2d2      	uxtb	r2, r2
10004862:	464b      	mov	r3, r9
10004864:	3401      	adds	r4, #1
10004866:	551a      	strb	r2, [r3, r4]
10004868:	45a8      	cmp	r8, r5
1000486a:	d04c      	beq.n	10004906 <_vsnprintf+0x84a>
1000486c:	2c20      	cmp	r4, #32
1000486e:	d04c      	beq.n	1000490a <_vsnprintf+0x84e>
10004870:	0006      	movs	r6, r0
10004872:	000d      	movs	r5, r1
10004874:	003a      	movs	r2, r7
10004876:	2300      	movs	r3, #0
10004878:	0030      	movs	r0, r6
1000487a:	0029      	movs	r1, r5
1000487c:	f7fd fe7a 	bl	10002574 <__wrap___aeabi_uldivmod>
10004880:	b2d2      	uxtb	r2, r2
10004882:	2a09      	cmp	r2, #9
10004884:	d9eb      	bls.n	1000485e <_vsnprintf+0x7a2>
10004886:	9b0b      	ldr	r3, [sp, #44]	@ 0x2c
10004888:	469c      	mov	ip, r3
1000488a:	4462      	add	r2, ip
1000488c:	b2d2      	uxtb	r2, r2
1000488e:	e7e8      	b.n	10004862 <_vsnprintf+0x7a6>
10004890:	10003579 	.word	0x10003579
10004894:	2361      	movs	r3, #97	@ 0x61
10004896:	0682      	lsls	r2, r0, #26
10004898:	d500      	bpl.n	1000489c <_vsnprintf+0x7e0>
1000489a:	2341      	movs	r3, #65	@ 0x41
1000489c:	b2db      	uxtb	r3, r3
1000489e:	3b0a      	subs	r3, #10
100048a0:	930b      	str	r3, [sp, #44]	@ 0x2c
100048a2:	4643      	mov	r3, r8
100048a4:	a914      	add	r1, sp, #80	@ 0x50
100048a6:	221f      	movs	r2, #31
100048a8:	468c      	mov	ip, r1
100048aa:	9315      	str	r3, [sp, #84]	@ 0x54
100048ac:	4653      	mov	r3, sl
100048ae:	4462      	add	r2, ip
100048b0:	46b2      	mov	sl, r6
100048b2:	940d      	str	r4, [sp, #52]	@ 0x34
100048b4:	9717      	str	r7, [sp, #92]	@ 0x5c
100048b6:	464c      	mov	r4, r9
100048b8:	4680      	mov	r8, r0
100048ba:	46a9      	mov	r9, r5
100048bc:	0017      	movs	r7, r2
100048be:	9d09      	ldr	r5, [sp, #36]	@ 0x24
100048c0:	9e0f      	ldr	r6, [sp, #60]	@ 0x3c
100048c2:	9316      	str	r3, [sp, #88]	@ 0x58
100048c4:	e008      	b.n	100048d8 <_vsnprintf+0x81c>
100048c6:	3330      	adds	r3, #48	@ 0x30
100048c8:	b2db      	uxtb	r3, r3
100048ca:	3401      	adds	r4, #1
100048cc:	553b      	strb	r3, [r7, r4]
100048ce:	42b5      	cmp	r5, r6
100048d0:	d30e      	bcc.n	100048f0 <_vsnprintf+0x834>
100048d2:	2c20      	cmp	r4, #32
100048d4:	d00c      	beq.n	100048f0 <_vsnprintf+0x834>
100048d6:	0005      	movs	r5, r0
100048d8:	0031      	movs	r1, r6
100048da:	0028      	movs	r0, r5
100048dc:	f7fd fe0c 	bl	100024f8 <__wrap___aeabi_uidiv>
100048e0:	b2cb      	uxtb	r3, r1
100048e2:	2909      	cmp	r1, #9
100048e4:	d9ef      	bls.n	100048c6 <_vsnprintf+0x80a>
100048e6:	9a0b      	ldr	r2, [sp, #44]	@ 0x2c
100048e8:	4694      	mov	ip, r2
100048ea:	4463      	add	r3, ip
100048ec:	b2db      	uxtb	r3, r3
100048ee:	e7ec      	b.n	100048ca <_vsnprintf+0x80e>
100048f0:	9b15      	ldr	r3, [sp, #84]	@ 0x54
100048f2:	4640      	mov	r0, r8
100048f4:	4698      	mov	r8, r3
100048f6:	9b16      	ldr	r3, [sp, #88]	@ 0x58
100048f8:	464d      	mov	r5, r9
100048fa:	4656      	mov	r6, sl
100048fc:	46a1      	mov	r9, r4
100048fe:	469a      	mov	sl, r3
10004900:	9c0d      	ldr	r4, [sp, #52]	@ 0x34
10004902:	9f17      	ldr	r7, [sp, #92]	@ 0x5c
10004904:	e69f      	b.n	10004646 <_vsnprintf+0x58a>
10004906:	42b7      	cmp	r7, r6
10004908:	d9b0      	bls.n	1000486c <_vsnprintf+0x7b0>
1000490a:	9b17      	ldr	r3, [sp, #92]	@ 0x5c
1000490c:	4656      	mov	r6, sl
1000490e:	4698      	mov	r8, r3
10004910:	9b18      	ldr	r3, [sp, #96]	@ 0x60
10004912:	465f      	mov	r7, fp
10004914:	469a      	mov	sl, r3
10004916:	9b1b      	ldr	r3, [sp, #108]	@ 0x6c
10004918:	9409      	str	r4, [sp, #36]	@ 0x24
1000491a:	469b      	mov	fp, r3
1000491c:	9c16      	ldr	r4, [sp, #88]	@ 0x58
1000491e:	9819      	ldr	r0, [sp, #100]	@ 0x64
10004920:	9d1a      	ldr	r5, [sp, #104]	@ 0x68
10004922:	4643      	mov	r3, r8
10004924:	9305      	str	r3, [sp, #20]
10004926:	4653      	mov	r3, sl
10004928:	9304      	str	r3, [sp, #16]
1000492a:	9b0f      	ldr	r3, [sp, #60]	@ 0x3c
1000492c:	9006      	str	r0, [sp, #24]
1000492e:	9303      	str	r3, [sp, #12]
10004930:	2300      	movs	r3, #0
10004932:	9302      	str	r3, [sp, #8]
10004934:	9b09      	ldr	r3, [sp, #36]	@ 0x24
10004936:	9301      	str	r3, [sp, #4]
10004938:	ab1c      	add	r3, sp, #112	@ 0x70
1000493a:	0022      	movs	r2, r4
1000493c:	9300      	str	r3, [sp, #0]
1000493e:	4659      	mov	r1, fp
10004940:	0033      	movs	r3, r6
10004942:	0028      	movs	r0, r5
10004944:	f7fe fe70 	bl	10003628 <_ntoa_format>
10004948:	0004      	movs	r4, r0
1000494a:	f7ff fbdf 	bl	1000410c <_vsnprintf+0x50>
1000494e:	2310      	movs	r3, #16
10004950:	9a0b      	ldr	r2, [sp, #44]	@ 0x2c
10004952:	439a      	bics	r2, r3
10004954:	920f      	str	r2, [sp, #60]	@ 0x3c
10004956:	2869      	cmp	r0, #105	@ 0x69
10004958:	d000      	beq.n	1000495c <_vsnprintf+0x8a0>
1000495a:	e191      	b.n	10004c80 <_vsnprintf+0xbc4>
1000495c:	990b      	ldr	r1, [sp, #44]	@ 0x2c
1000495e:	2380      	movs	r3, #128	@ 0x80
10004960:	000a      	movs	r2, r1
10004962:	00db      	lsls	r3, r3, #3
10004964:	401a      	ands	r2, r3
10004966:	0010      	movs	r0, r2
10004968:	000a      	movs	r2, r1
1000496a:	4219      	tst	r1, r3
1000496c:	d003      	beq.n	10004976 <_vsnprintf+0x8ba>
1000496e:	2111      	movs	r1, #17
10004970:	0018      	movs	r0, r3
10004972:	438a      	bics	r2, r1
10004974:	920f      	str	r2, [sp, #60]	@ 0x3c
10004976:	9a0f      	ldr	r2, [sp, #60]	@ 0x3c
10004978:	2380      	movs	r3, #128	@ 0x80
1000497a:	0011      	movs	r1, r2
1000497c:	009b      	lsls	r3, r3, #2
1000497e:	4019      	ands	r1, r3
10004980:	468c      	mov	ip, r1
10004982:	421a      	tst	r2, r3
10004984:	d15b      	bne.n	10004a3e <_vsnprintf+0x982>
10004986:	2380      	movs	r3, #128	@ 0x80
10004988:	0011      	movs	r1, r2
1000498a:	005b      	lsls	r3, r3, #1
1000498c:	4019      	ands	r1, r3
1000498e:	4689      	mov	r9, r1
10004990:	990d      	ldr	r1, [sp, #52]	@ 0x34
10004992:	3104      	adds	r1, #4
10004994:	910b      	str	r1, [sp, #44]	@ 0x2c
10004996:	421a      	tst	r2, r3
10004998:	d000      	beq.n	1000499c <_vsnprintf+0x8e0>
1000499a:	e0b2      	b.n	10004b02 <_vsnprintf+0xa46>
1000499c:	0013      	movs	r3, r2
1000499e:	065b      	lsls	r3, r3, #25
100049a0:	d400      	bmi.n	100049a4 <_vsnprintf+0x8e8>
100049a2:	e0ed      	b.n	10004b80 <_vsnprintf+0xac4>
100049a4:	9b0d      	ldr	r3, [sp, #52]	@ 0x34
100049a6:	781b      	ldrb	r3, [r3, #0]
100049a8:	001a      	movs	r2, r3
100049aa:	0fd9      	lsrs	r1, r3, #31
100049ac:	910d      	str	r1, [sp, #52]	@ 0x34
100049ae:	2b00      	cmp	r3, #0
100049b0:	d100      	bne.n	100049b4 <_vsnprintf+0x8f8>
100049b2:	e0a3      	b.n	10004afc <_vsnprintf+0xa40>
100049b4:	0010      	movs	r0, r2
100049b6:	aa14      	add	r2, sp, #80	@ 0x50
100049b8:	4694      	mov	ip, r2
100049ba:	4642      	mov	r2, r8
100049bc:	231f      	movs	r3, #31
100049be:	9215      	str	r2, [sp, #84]	@ 0x54
100049c0:	4652      	mov	r2, sl
100049c2:	4463      	add	r3, ip
100049c4:	46a8      	mov	r8, r5
100049c6:	46ba      	mov	sl, r7
100049c8:	464d      	mov	r5, r9
100049ca:	9414      	str	r4, [sp, #80]	@ 0x50
100049cc:	46b1      	mov	r9, r6
100049ce:	0004      	movs	r4, r0
100049d0:	001f      	movs	r7, r3
100049d2:	9216      	str	r2, [sp, #88]	@ 0x58
100049d4:	e001      	b.n	100049da <_vsnprintf+0x91e>
100049d6:	2d20      	cmp	r5, #32
100049d8:	d00f      	beq.n	100049fa <_vsnprintf+0x93e>
100049da:	0020      	movs	r0, r4
100049dc:	210a      	movs	r1, #10
100049de:	f7fd fd8b 	bl	100024f8 <__wrap___aeabi_uidiv>
100049e2:	3501      	adds	r5, #1
100049e4:	197e      	adds	r6, r7, r5
100049e6:	3130      	adds	r1, #48	@ 0x30
100049e8:	7031      	strb	r1, [r6, #0]
100049ea:	0020      	movs	r0, r4
100049ec:	210a      	movs	r1, #10
100049ee:	f7fd fd83 	bl	100024f8 <__wrap___aeabi_uidiv>
100049f2:	0026      	movs	r6, r4
100049f4:	0004      	movs	r4, r0
100049f6:	2e09      	cmp	r6, #9
100049f8:	d8ed      	bhi.n	100049d6 <_vsnprintf+0x91a>
100049fa:	9b15      	ldr	r3, [sp, #84]	@ 0x54
100049fc:	464e      	mov	r6, r9
100049fe:	46a9      	mov	r9, r5
10004a00:	4645      	mov	r5, r8
10004a02:	4698      	mov	r8, r3
10004a04:	9b16      	ldr	r3, [sp, #88]	@ 0x58
10004a06:	4657      	mov	r7, sl
10004a08:	469a      	mov	sl, r3
10004a0a:	9c14      	ldr	r4, [sp, #80]	@ 0x50
10004a0c:	9b0f      	ldr	r3, [sp, #60]	@ 0x3c
10004a0e:	9306      	str	r3, [sp, #24]
10004a10:	4643      	mov	r3, r8
10004a12:	9305      	str	r3, [sp, #20]
10004a14:	4653      	mov	r3, sl
10004a16:	9304      	str	r3, [sp, #16]
10004a18:	230a      	movs	r3, #10
10004a1a:	9303      	str	r3, [sp, #12]
10004a1c:	9b0d      	ldr	r3, [sp, #52]	@ 0x34
10004a1e:	9302      	str	r3, [sp, #8]
10004a20:	464b      	mov	r3, r9
10004a22:	9301      	str	r3, [sp, #4]
10004a24:	ab1c      	add	r3, sp, #112	@ 0x70
10004a26:	0022      	movs	r2, r4
10004a28:	9300      	str	r3, [sp, #0]
10004a2a:	4659      	mov	r1, fp
10004a2c:	0033      	movs	r3, r6
10004a2e:	0028      	movs	r0, r5
10004a30:	f7fe fdfa 	bl	10003628 <_ntoa_format>
10004a34:	9b0b      	ldr	r3, [sp, #44]	@ 0x2c
10004a36:	0004      	movs	r4, r0
10004a38:	930d      	str	r3, [sp, #52]	@ 0x34
10004a3a:	f7ff fb67 	bl	1000410c <_vsnprintf+0x50>
10004a3e:	2207      	movs	r2, #7
10004a40:	9b0d      	ldr	r3, [sp, #52]	@ 0x34
10004a42:	3307      	adds	r3, #7
10004a44:	4393      	bics	r3, r2
10004a46:	3201      	adds	r2, #1
10004a48:	4694      	mov	ip, r2
10004a4a:	449c      	add	ip, r3
10004a4c:	4662      	mov	r2, ip
10004a4e:	920d      	str	r2, [sp, #52]	@ 0x34
10004a50:	cb0c      	ldmia	r3, {r2, r3}
10004a52:	0fd9      	lsrs	r1, r3, #31
10004a54:	910b      	str	r1, [sp, #44]	@ 0x2c
10004a56:	0011      	movs	r1, r2
10004a58:	4319      	orrs	r1, r3
10004a5a:	d100      	bne.n	10004a5e <_vsnprintf+0x9a2>
10004a5c:	e09b      	b.n	10004b96 <_vsnprintf+0xada>
10004a5e:	17d9      	asrs	r1, r3, #31
10004a60:	9113      	str	r1, [sp, #76]	@ 0x4c
10004a62:	9112      	str	r1, [sp, #72]	@ 0x48
10004a64:	4051      	eors	r1, r2
10004a66:	9110      	str	r1, [sp, #64]	@ 0x40
10004a68:	9913      	ldr	r1, [sp, #76]	@ 0x4c
10004a6a:	4059      	eors	r1, r3
10004a6c:	9111      	str	r1, [sp, #68]	@ 0x44
10004a6e:	9810      	ldr	r0, [sp, #64]	@ 0x40
10004a70:	9911      	ldr	r1, [sp, #68]	@ 0x44
10004a72:	9a12      	ldr	r2, [sp, #72]	@ 0x48
10004a74:	9b13      	ldr	r3, [sp, #76]	@ 0x4c
10004a76:	1a80      	subs	r0, r0, r2
10004a78:	4199      	sbcs	r1, r3
10004a7a:	9010      	str	r0, [sp, #64]	@ 0x40
10004a7c:	9111      	str	r1, [sp, #68]	@ 0x44
10004a7e:	aa14      	add	r2, sp, #80	@ 0x50
10004a80:	4694      	mov	ip, r2
10004a82:	4642      	mov	r2, r8
10004a84:	2300      	movs	r3, #0
10004a86:	9215      	str	r2, [sp, #84]	@ 0x54
10004a88:	4652      	mov	r2, sl
10004a8a:	4699      	mov	r9, r3
10004a8c:	9216      	str	r2, [sp, #88]	@ 0x58
10004a8e:	0032      	movs	r2, r6
10004a90:	331f      	adds	r3, #31
10004a92:	4463      	add	r3, ip
10004a94:	46a8      	mov	r8, r5
10004a96:	464e      	mov	r6, r9
10004a98:	46ba      	mov	sl, r7
10004a9a:	9414      	str	r4, [sp, #80]	@ 0x50
10004a9c:	001f      	movs	r7, r3
10004a9e:	9c10      	ldr	r4, [sp, #64]	@ 0x40
10004aa0:	9d11      	ldr	r5, [sp, #68]	@ 0x44
10004aa2:	4691      	mov	r9, r2
10004aa4:	e001      	b.n	10004aaa <_vsnprintf+0x9ee>
10004aa6:	2e20      	cmp	r6, #32
10004aa8:	d010      	beq.n	10004acc <_vsnprintf+0xa10>
10004aaa:	0020      	movs	r0, r4
10004aac:	0029      	movs	r1, r5
10004aae:	220a      	movs	r2, #10
10004ab0:	2300      	movs	r3, #0
10004ab2:	f7fd fd5f 	bl	10002574 <__wrap___aeabi_uldivmod>
10004ab6:	3601      	adds	r6, #1
10004ab8:	3230      	adds	r2, #48	@ 0x30
10004aba:	002b      	movs	r3, r5
10004abc:	55ba      	strb	r2, [r7, r6]
10004abe:	000d      	movs	r5, r1
10004ac0:	0022      	movs	r2, r4
10004ac2:	0004      	movs	r4, r0
10004ac4:	2b00      	cmp	r3, #0
10004ac6:	d1ee      	bne.n	10004aa6 <_vsnprintf+0x9ea>
10004ac8:	2a09      	cmp	r2, #9
10004aca:	d8ec      	bhi.n	10004aa6 <_vsnprintf+0x9ea>
10004acc:	9b15      	ldr	r3, [sp, #84]	@ 0x54
10004ace:	9410      	str	r4, [sp, #64]	@ 0x40
10004ad0:	9511      	str	r5, [sp, #68]	@ 0x44
10004ad2:	4645      	mov	r5, r8
10004ad4:	4698      	mov	r8, r3
10004ad6:	464b      	mov	r3, r9
10004ad8:	9a16      	ldr	r2, [sp, #88]	@ 0x58
10004ada:	46b1      	mov	r9, r6
10004adc:	4657      	mov	r7, sl
10004ade:	001e      	movs	r6, r3
10004ae0:	4692      	mov	sl, r2
10004ae2:	9c14      	ldr	r4, [sp, #80]	@ 0x50
10004ae4:	9b0f      	ldr	r3, [sp, #60]	@ 0x3c
10004ae6:	9306      	str	r3, [sp, #24]
10004ae8:	4643      	mov	r3, r8
10004aea:	9305      	str	r3, [sp, #20]
10004aec:	4653      	mov	r3, sl
10004aee:	9304      	str	r3, [sp, #16]
10004af0:	230a      	movs	r3, #10
10004af2:	9303      	str	r3, [sp, #12]
10004af4:	9b0b      	ldr	r3, [sp, #44]	@ 0x2c
10004af6:	9302      	str	r3, [sp, #8]
10004af8:	464b      	mov	r3, r9
10004afa:	e71c      	b.n	10004936 <_vsnprintf+0x87a>
10004afc:	2800      	cmp	r0, #0
10004afe:	d185      	bne.n	10004a0c <_vsnprintf+0x950>
10004b00:	e759      	b.n	100049b6 <_vsnprintf+0x8fa>
10004b02:	9b0d      	ldr	r3, [sp, #52]	@ 0x34
10004b04:	681b      	ldr	r3, [r3, #0]
10004b06:	0fda      	lsrs	r2, r3, #31
10004b08:	0011      	movs	r1, r2
10004b0a:	2b00      	cmp	r3, #0
10004b0c:	d100      	bne.n	10004b10 <_vsnprintf+0xa54>
10004b0e:	e0a6      	b.n	10004c5e <_vsnprintf+0xba2>
10004b10:	17da      	asrs	r2, r3, #31
10004b12:	1898      	adds	r0, r3, r2
10004b14:	4050      	eors	r0, r2
10004b16:	aa14      	add	r2, sp, #80	@ 0x50
10004b18:	4691      	mov	r9, r2
10004b1a:	231f      	movs	r3, #31
10004b1c:	4642      	mov	r2, r8
10004b1e:	444b      	add	r3, r9
10004b20:	46a8      	mov	r8, r5
10004b22:	940d      	str	r4, [sp, #52]	@ 0x34
10004b24:	9716      	str	r7, [sp, #88]	@ 0x58
10004b26:	0004      	movs	r4, r0
10004b28:	4665      	mov	r5, ip
10004b2a:	46b1      	mov	r9, r6
10004b2c:	001f      	movs	r7, r3
10004b2e:	9114      	str	r1, [sp, #80]	@ 0x50
10004b30:	9215      	str	r2, [sp, #84]	@ 0x54
10004b32:	e001      	b.n	10004b38 <_vsnprintf+0xa7c>
10004b34:	2d20      	cmp	r5, #32
10004b36:	d00f      	beq.n	10004b58 <_vsnprintf+0xa9c>
10004b38:	0020      	movs	r0, r4
10004b3a:	210a      	movs	r1, #10
10004b3c:	f7fd fcdc 	bl	100024f8 <__wrap___aeabi_uidiv>
10004b40:	3501      	adds	r5, #1
10004b42:	197e      	adds	r6, r7, r5
10004b44:	3130      	adds	r1, #48	@ 0x30
10004b46:	7031      	strb	r1, [r6, #0]
10004b48:	0020      	movs	r0, r4
10004b4a:	210a      	movs	r1, #10
10004b4c:	f7fd fcd4 	bl	100024f8 <__wrap___aeabi_uidiv>
10004b50:	0026      	movs	r6, r4
10004b52:	0004      	movs	r4, r0
10004b54:	2e09      	cmp	r6, #9
10004b56:	d8ed      	bhi.n	10004b34 <_vsnprintf+0xa78>
10004b58:	9b15      	ldr	r3, [sp, #84]	@ 0x54
10004b5a:	46ac      	mov	ip, r5
10004b5c:	4645      	mov	r5, r8
10004b5e:	4698      	mov	r8, r3
10004b60:	9b14      	ldr	r3, [sp, #80]	@ 0x50
10004b62:	464e      	mov	r6, r9
10004b64:	0019      	movs	r1, r3
10004b66:	9c0d      	ldr	r4, [sp, #52]	@ 0x34
10004b68:	9f16      	ldr	r7, [sp, #88]	@ 0x58
10004b6a:	9b0f      	ldr	r3, [sp, #60]	@ 0x3c
10004b6c:	9102      	str	r1, [sp, #8]
10004b6e:	9306      	str	r3, [sp, #24]
10004b70:	4643      	mov	r3, r8
10004b72:	9305      	str	r3, [sp, #20]
10004b74:	4653      	mov	r3, sl
10004b76:	9304      	str	r3, [sp, #16]
10004b78:	230a      	movs	r3, #10
10004b7a:	9303      	str	r3, [sp, #12]
10004b7c:	4663      	mov	r3, ip
10004b7e:	e750      	b.n	10004a22 <_vsnprintf+0x966>
10004b80:	0013      	movs	r3, r2
10004b82:	061b      	lsls	r3, r3, #24
10004b84:	d56e      	bpl.n	10004c64 <_vsnprintf+0xba8>
10004b86:	9b0d      	ldr	r3, [sp, #52]	@ 0x34
10004b88:	2200      	movs	r2, #0
10004b8a:	5e9b      	ldrsh	r3, [r3, r2]
10004b8c:	17d9      	asrs	r1, r3, #31
10004b8e:	185a      	adds	r2, r3, r1
10004b90:	404a      	eors	r2, r1
10004b92:	b292      	uxth	r2, r2
10004b94:	e709      	b.n	100049aa <_vsnprintf+0x8ee>
10004b96:	2300      	movs	r3, #0
10004b98:	4699      	mov	r9, r3
10004b9a:	2800      	cmp	r0, #0
10004b9c:	d1a2      	bne.n	10004ae4 <_vsnprintf+0xa28>
10004b9e:	2200      	movs	r2, #0
10004ba0:	2300      	movs	r3, #0
10004ba2:	9210      	str	r2, [sp, #64]	@ 0x40
10004ba4:	9311      	str	r3, [sp, #68]	@ 0x44
10004ba6:	e76a      	b.n	10004a7e <_vsnprintf+0x9c2>
10004ba8:	9b0d      	ldr	r3, [sp, #52]	@ 0x34
10004baa:	681b      	ldr	r3, [r3, #0]
10004bac:	4699      	mov	r9, r3
10004bae:	2b00      	cmp	r3, #0
10004bb0:	d103      	bne.n	10004bba <_vsnprintf+0xafe>
10004bb2:	3310      	adds	r3, #16
10004bb4:	4398      	bics	r0, r3
10004bb6:	2900      	cmp	r1, #0
10004bb8:	d138      	bne.n	10004c2c <_vsnprintf+0xb70>
10004bba:	2361      	movs	r3, #97	@ 0x61
10004bbc:	0682      	lsls	r2, r0, #26
10004bbe:	d500      	bpl.n	10004bc2 <_vsnprintf+0xb06>
10004bc0:	2341      	movs	r3, #65	@ 0x41
10004bc2:	b2db      	uxtb	r3, r3
10004bc4:	3b0a      	subs	r3, #10
10004bc6:	930d      	str	r3, [sp, #52]	@ 0x34
10004bc8:	4643      	mov	r3, r8
10004bca:	9316      	str	r3, [sp, #88]	@ 0x58
10004bcc:	4653      	mov	r3, sl
10004bce:	a914      	add	r1, sp, #80	@ 0x50
10004bd0:	221f      	movs	r2, #31
10004bd2:	468c      	mov	ip, r1
10004bd4:	9317      	str	r3, [sp, #92]	@ 0x5c
10004bd6:	002b      	movs	r3, r5
10004bd8:	4462      	add	r2, ip
10004bda:	464d      	mov	r5, r9
10004bdc:	46b2      	mov	sl, r6
10004bde:	9415      	str	r4, [sp, #84]	@ 0x54
10004be0:	9718      	str	r7, [sp, #96]	@ 0x60
10004be2:	4680      	mov	r8, r0
10004be4:	0017      	movs	r7, r2
10004be6:	4699      	mov	r9, r3
10004be8:	9c0b      	ldr	r4, [sp, #44]	@ 0x2c
10004bea:	9e0f      	ldr	r6, [sp, #60]	@ 0x3c
10004bec:	e008      	b.n	10004c00 <_vsnprintf+0xb44>
10004bee:	3330      	adds	r3, #48	@ 0x30
10004bf0:	b2db      	uxtb	r3, r3
10004bf2:	3401      	adds	r4, #1
10004bf4:	553b      	strb	r3, [r7, r4]
10004bf6:	42b5      	cmp	r5, r6
10004bf8:	d30e      	bcc.n	10004c18 <_vsnprintf+0xb5c>
10004bfa:	2c20      	cmp	r4, #32
10004bfc:	d00c      	beq.n	10004c18 <_vsnprintf+0xb5c>
10004bfe:	0005      	movs	r5, r0
10004c00:	0031      	movs	r1, r6
10004c02:	0028      	movs	r0, r5
10004c04:	f7fd fc78 	bl	100024f8 <__wrap___aeabi_uidiv>
10004c08:	b2cb      	uxtb	r3, r1
10004c0a:	2909      	cmp	r1, #9
10004c0c:	d9ef      	bls.n	10004bee <_vsnprintf+0xb32>
10004c0e:	9a0d      	ldr	r2, [sp, #52]	@ 0x34
10004c10:	4694      	mov	ip, r2
10004c12:	4463      	add	r3, ip
10004c14:	b2db      	uxtb	r3, r3
10004c16:	e7ec      	b.n	10004bf2 <_vsnprintf+0xb36>
10004c18:	9b16      	ldr	r3, [sp, #88]	@ 0x58
10004c1a:	4640      	mov	r0, r8
10004c1c:	4698      	mov	r8, r3
10004c1e:	9b17      	ldr	r3, [sp, #92]	@ 0x5c
10004c20:	4656      	mov	r6, sl
10004c22:	464d      	mov	r5, r9
10004c24:	469a      	mov	sl, r3
10004c26:	940b      	str	r4, [sp, #44]	@ 0x2c
10004c28:	9f18      	ldr	r7, [sp, #96]	@ 0x60
10004c2a:	9c15      	ldr	r4, [sp, #84]	@ 0x54
10004c2c:	4643      	mov	r3, r8
10004c2e:	9305      	str	r3, [sp, #20]
10004c30:	4653      	mov	r3, sl
10004c32:	9304      	str	r3, [sp, #16]
10004c34:	9b0f      	ldr	r3, [sp, #60]	@ 0x3c
10004c36:	9006      	str	r0, [sp, #24]
10004c38:	9303      	str	r3, [sp, #12]
10004c3a:	2300      	movs	r3, #0
10004c3c:	9302      	str	r3, [sp, #8]
10004c3e:	9b0b      	ldr	r3, [sp, #44]	@ 0x2c
10004c40:	e50b      	b.n	1000465a <_vsnprintf+0x59e>
10004c42:	990b      	ldr	r1, [sp, #44]	@ 0x2c
10004c44:	2380      	movs	r3, #128	@ 0x80
10004c46:	000a      	movs	r2, r1
10004c48:	00db      	lsls	r3, r3, #3
10004c4a:	401a      	ands	r2, r3
10004c4c:	0010      	movs	r0, r2
10004c4e:	000a      	movs	r2, r1
10004c50:	4219      	tst	r1, r3
10004c52:	d000      	beq.n	10004c56 <_vsnprintf+0xb9a>
10004c54:	e68b      	b.n	1000496e <_vsnprintf+0x8b2>
10004c56:	2310      	movs	r3, #16
10004c58:	439a      	bics	r2, r3
10004c5a:	920f      	str	r2, [sp, #60]	@ 0x3c
10004c5c:	e68b      	b.n	10004976 <_vsnprintf+0x8ba>
10004c5e:	2800      	cmp	r0, #0
10004c60:	d183      	bne.n	10004b6a <_vsnprintf+0xaae>
10004c62:	e758      	b.n	10004b16 <_vsnprintf+0xa5a>
10004c64:	9b0d      	ldr	r3, [sp, #52]	@ 0x34
10004c66:	681b      	ldr	r3, [r3, #0]
10004c68:	17d9      	asrs	r1, r3, #31
10004c6a:	185a      	adds	r2, r3, r1
10004c6c:	404a      	eors	r2, r1
10004c6e:	e69c      	b.n	100049aa <_vsnprintf+0x8ee>
10004c70:	9b0d      	ldr	r3, [sp, #52]	@ 0x34
10004c72:	681b      	ldr	r3, [r3, #0]
10004c74:	9309      	str	r3, [sp, #36]	@ 0x24
10004c76:	e4dc      	b.n	10004632 <_vsnprintf+0x576>
10004c78:	0003      	movs	r3, r0
10004c7a:	3301      	adds	r3, #1
10004c7c:	930f      	str	r3, [sp, #60]	@ 0x3c
10004c7e:	e5a5      	b.n	100047cc <_vsnprintf+0x710>
10004c80:	920b      	str	r2, [sp, #44]	@ 0x2c
10004c82:	e46d      	b.n	10004560 <_vsnprintf+0x4a4>

10004c84 <vfctprintf>:
10004c84:	b500      	push	{lr}
10004c86:	b085      	sub	sp, #20
10004c88:	9103      	str	r1, [sp, #12]
10004c8a:	2101      	movs	r1, #1
10004c8c:	9002      	str	r0, [sp, #8]
10004c8e:	9300      	str	r3, [sp, #0]
10004c90:	4803      	ldr	r0, [pc, #12]	@ (10004ca0 <vfctprintf+0x1c>)
10004c92:	0013      	movs	r3, r2
10004c94:	424a      	negs	r2, r1
10004c96:	a902      	add	r1, sp, #8
10004c98:	f7ff fa10 	bl	100040bc <_vsnprintf>
10004c9c:	b005      	add	sp, #20
10004c9e:	bd00      	pop	{pc}
10004ca0:	10003889 	.word	0x10003889

10004ca4 <weak_raw_printf>:
10004ca4:	b40f      	push	{r0, r1, r2, r3}
10004ca6:	b530      	push	{r4, r5, lr}
10004ca8:	490c      	ldr	r1, [pc, #48]	@ (10004cdc <weak_raw_printf+0x38>)
10004caa:	b085      	sub	sp, #20
10004cac:	aa08      	add	r2, sp, #32
10004cae:	ca08      	ldmia	r2!, {r3}
10004cb0:	680d      	ldr	r5, [r1, #0]
10004cb2:	9203      	str	r2, [sp, #12]
10004cb4:	2d00      	cmp	r5, #0
10004cb6:	d00c      	beq.n	10004cd2 <weak_raw_printf+0x2e>
10004cb8:	9200      	str	r2, [sp, #0]
10004cba:	2201      	movs	r2, #1
10004cbc:	4c08      	ldr	r4, [pc, #32]	@ (10004ce0 <weak_raw_printf+0x3c>)
10004cbe:	4252      	negs	r2, r2
10004cc0:	0020      	movs	r0, r4
10004cc2:	a902      	add	r1, sp, #8
10004cc4:	47a8      	blx	r5
10004cc6:	2001      	movs	r0, #1
10004cc8:	b005      	add	sp, #20
10004cca:	bc30      	pop	{r4, r5}
10004ccc:	bc08      	pop	{r3}
10004cce:	b004      	add	sp, #16
10004cd0:	4718      	bx	r3
10004cd2:	0018      	movs	r0, r3
10004cd4:	f000 fa28 	bl	10005128 <__wrap_puts>
10004cd8:	2000      	movs	r0, #0
10004cda:	e7f5      	b.n	10004cc8 <weak_raw_printf+0x24>
10004cdc:	20002c9c 	.word	0x20002c9c
10004ce0:	10003879 	.word	0x10003879

10004ce4 <weak_raw_vprintf>:
10004ce4:	b510      	push	{r4, lr}
10004ce6:	4a09      	ldr	r2, [pc, #36]	@ (10004d0c <weak_raw_vprintf+0x28>)
10004ce8:	0003      	movs	r3, r0
10004cea:	6814      	ldr	r4, [r2, #0]
10004cec:	b084      	sub	sp, #16
10004cee:	2c00      	cmp	r4, #0
10004cf0:	d008      	beq.n	10004d04 <weak_raw_vprintf+0x20>
10004cf2:	2201      	movs	r2, #1
10004cf4:	9100      	str	r1, [sp, #0]
10004cf6:	4806      	ldr	r0, [pc, #24]	@ (10004d10 <weak_raw_vprintf+0x2c>)
10004cf8:	4252      	negs	r2, r2
10004cfa:	a903      	add	r1, sp, #12
10004cfc:	47a0      	blx	r4
10004cfe:	2001      	movs	r0, #1
10004d00:	b004      	add	sp, #16
10004d02:	bd10      	pop	{r4, pc}
10004d04:	f000 fa10 	bl	10005128 <__wrap_puts>
10004d08:	2000      	movs	r0, #0
10004d0a:	e7f9      	b.n	10004d00 <weak_raw_vprintf+0x1c>
10004d0c:	20002c9c 	.word	0x20002c9c
10004d10:	10003879 	.word	0x10003879

10004d14 <_exit>:
10004d14:	be00      	bkpt	0x0000
10004d16:	e7fd      	b.n	10004d14 <_exit>

10004d18 <_sbrk>:
10004d18:	4a09      	ldr	r2, [pc, #36]	@ (10004d40 <_sbrk+0x28>)
10004d1a:	0003      	movs	r3, r0
10004d1c:	6810      	ldr	r0, [r2, #0]
10004d1e:	2800      	cmp	r0, #0
10004d20:	d005      	beq.n	10004d2e <_sbrk+0x16>
10004d22:	4908      	ldr	r1, [pc, #32]	@ (10004d44 <_sbrk+0x2c>)
10004d24:	18c3      	adds	r3, r0, r3
10004d26:	428b      	cmp	r3, r1
10004d28:	d807      	bhi.n	10004d3a <_sbrk+0x22>
10004d2a:	6013      	str	r3, [r2, #0]
10004d2c:	4770      	bx	lr
10004d2e:	4806      	ldr	r0, [pc, #24]	@ (10004d48 <_sbrk+0x30>)
10004d30:	4904      	ldr	r1, [pc, #16]	@ (10004d44 <_sbrk+0x2c>)
10004d32:	18c3      	adds	r3, r0, r3
10004d34:	6010      	str	r0, [r2, #0]
10004d36:	428b      	cmp	r3, r1
10004d38:	d9f7      	bls.n	10004d2a <_sbrk+0x12>
10004d3a:	2001      	movs	r0, #1
10004d3c:	4240      	negs	r0, r0
10004d3e:	e7f5      	b.n	10004d2c <_sbrk+0x14>
10004d40:	20002898 	.word	0x20002898
10004d44:	20040000 	.word	0x20040000
10004d48:	20002cf8 	.word	0x20002cf8

10004d4c <exit>:
10004d4c:	b510      	push	{r4, lr}
10004d4e:	f7ff ffe1 	bl	10004d14 <_exit>
10004d52:	46c0      	nop			@ (mov r8, r8)

10004d54 <__assert_func>:
10004d54:	b530      	push	{r4, r5, lr}
10004d56:	000d      	movs	r5, r1
10004d58:	b083      	sub	sp, #12
10004d5a:	0019      	movs	r1, r3
10004d5c:	2a00      	cmp	r2, #0
10004d5e:	d00b      	beq.n	10004d78 <__assert_func+0x24>
10004d60:	4b07      	ldr	r3, [pc, #28]	@ (10004d80 <__assert_func+0x2c>)
10004d62:	4c08      	ldr	r4, [pc, #32]	@ (10004d84 <__assert_func+0x30>)
10004d64:	9201      	str	r2, [sp, #4]
10004d66:	9300      	str	r3, [sp, #0]
10004d68:	0002      	movs	r2, r0
10004d6a:	002b      	movs	r3, r5
10004d6c:	0020      	movs	r0, r4
10004d6e:	f7ff ff99 	bl	10004ca4 <weak_raw_printf>
10004d72:	2001      	movs	r0, #1
10004d74:	f7ff ffce 	bl	10004d14 <_exit>
10004d78:	4b03      	ldr	r3, [pc, #12]	@ (10004d88 <__assert_func+0x34>)
10004d7a:	001a      	movs	r2, r3
10004d7c:	e7f1      	b.n	10004d62 <__assert_func+0xe>
10004d7e:	46c0      	nop			@ (mov r8, r8)
10004d80:	1000b5f4 	.word	0x1000b5f4
10004d84:	1000b604 	.word	0x1000b604
10004d88:	1000b600 	.word	0x1000b600

10004d8c <runtime_init>:
10004d8c:	b570      	push	{r4, r5, r6, lr}
10004d8e:	f7fd fab3 	bl	100022f8 <runtime_run_initializers>
10004d92:	4d07      	ldr	r5, [pc, #28]	@ (10004db0 <runtime_init+0x24>)
10004d94:	4e07      	ldr	r6, [pc, #28]	@ (10004db4 <runtime_init+0x28>)
10004d96:	42b5      	cmp	r5, r6
10004d98:	d209      	bcs.n	10004dae <runtime_init+0x22>
10004d9a:	2400      	movs	r4, #0
10004d9c:	3e01      	subs	r6, #1
10004d9e:	1b76      	subs	r6, r6, r5
10004da0:	08b6      	lsrs	r6, r6, #2
10004da2:	cd08      	ldmia	r5!, {r3}
10004da4:	4798      	blx	r3
10004da6:	0023      	movs	r3, r4
10004da8:	3401      	adds	r4, #1
10004daa:	42b3      	cmp	r3, r6
10004dac:	d1f9      	bne.n	10004da2 <runtime_init+0x16>
10004dae:	bd70      	pop	{r4, r5, r6, pc}
10004db0:	1000b4c4 	.word	0x1000b4c4
10004db4:	1000b4d4 	.word	0x1000b4d4

10004db8 <stdio_out_chars_no_crlf>:
10004db8:	0003      	movs	r3, r0
10004dba:	b510      	push	{r4, lr}
10004dbc:	0008      	movs	r0, r1
10004dbe:	0011      	movs	r1, r2
10004dc0:	681b      	ldr	r3, [r3, #0]
10004dc2:	4798      	blx	r3
10004dc4:	bd10      	pop	{r4, pc}
10004dc6:	46c0      	nop			@ (mov r8, r8)

10004dc8 <stdio_out_chars_crlf>:
10004dc8:	b5f0      	push	{r4, r5, r6, r7, lr}
10004dca:	46c6      	mov	lr, r8
10004dcc:	b500      	push	{lr}
10004dce:	7d43      	ldrb	r3, [r0, #21]
10004dd0:	0007      	movs	r7, r0
10004dd2:	000d      	movs	r5, r1
10004dd4:	0016      	movs	r6, r2
10004dd6:	2b00      	cmp	r3, #0
10004dd8:	d038      	beq.n	10004e4c <stdio_out_chars_crlf+0x84>
10004dda:	2a00      	cmp	r2, #0
10004ddc:	dd2e      	ble.n	10004e3c <stdio_out_chars_crlf+0x74>
10004dde:	2100      	movs	r1, #0
10004de0:	1e6a      	subs	r2, r5, #1
10004de2:	4690      	mov	r8, r2
10004de4:	5c6a      	ldrb	r2, [r5, r1]
10004de6:	7d03      	ldrb	r3, [r0, #20]
10004de8:	1c4c      	adds	r4, r1, #1
10004dea:	2000      	movs	r0, #0
10004dec:	2a0a      	cmp	r2, #10
10004dee:	d00c      	beq.n	10004e0a <stdio_out_chars_crlf+0x42>
10004df0:	42a6      	cmp	r6, r4
10004df2:	d016      	beq.n	10004e22 <stdio_out_chars_crlf+0x5a>
10004df4:	4643      	mov	r3, r8
10004df6:	5d1b      	ldrb	r3, [r3, r4]
10004df8:	0021      	movs	r1, r4
10004dfa:	3b0d      	subs	r3, #13
10004dfc:	425a      	negs	r2, r3
10004dfe:	4153      	adcs	r3, r2
10004e00:	5c6a      	ldrb	r2, [r5, r1]
10004e02:	b2db      	uxtb	r3, r3
10004e04:	1c4c      	adds	r4, r1, #1
10004e06:	2a0a      	cmp	r2, #10
10004e08:	d1f2      	bne.n	10004df0 <stdio_out_chars_crlf+0x28>
10004e0a:	2b00      	cmp	r3, #0
10004e0c:	d1f0      	bne.n	10004df0 <stdio_out_chars_crlf+0x28>
10004e0e:	4288      	cmp	r0, r1
10004e10:	db17      	blt.n	10004e42 <stdio_out_chars_crlf+0x7a>
10004e12:	2102      	movs	r1, #2
10004e14:	4810      	ldr	r0, [pc, #64]	@ (10004e58 <stdio_out_chars_crlf+0x90>)
10004e16:	683b      	ldr	r3, [r7, #0]
10004e18:	4798      	blx	r3
10004e1a:	42a6      	cmp	r6, r4
10004e1c:	d007      	beq.n	10004e2e <stdio_out_chars_crlf+0x66>
10004e1e:	0020      	movs	r0, r4
10004e20:	e7e8      	b.n	10004df4 <stdio_out_chars_crlf+0x2c>
10004e22:	4286      	cmp	r6, r0
10004e24:	dd03      	ble.n	10004e2e <stdio_out_chars_crlf+0x66>
10004e26:	1a31      	subs	r1, r6, r0
10004e28:	683b      	ldr	r3, [r7, #0]
10004e2a:	1828      	adds	r0, r5, r0
10004e2c:	4798      	blx	r3
10004e2e:	19ad      	adds	r5, r5, r6
10004e30:	3d01      	subs	r5, #1
10004e32:	782b      	ldrb	r3, [r5, #0]
10004e34:	3b0d      	subs	r3, #13
10004e36:	425a      	negs	r2, r3
10004e38:	4153      	adcs	r3, r2
10004e3a:	753b      	strb	r3, [r7, #20]
10004e3c:	bc80      	pop	{r7}
10004e3e:	46b8      	mov	r8, r7
10004e40:	bdf0      	pop	{r4, r5, r6, r7, pc}
10004e42:	1a09      	subs	r1, r1, r0
10004e44:	683b      	ldr	r3, [r7, #0]
10004e46:	1828      	adds	r0, r5, r0
10004e48:	4798      	blx	r3
10004e4a:	e7e2      	b.n	10004e12 <stdio_out_chars_crlf+0x4a>
10004e4c:	6803      	ldr	r3, [r0, #0]
10004e4e:	0011      	movs	r1, r2
10004e50:	0028      	movs	r0, r5
10004e52:	4798      	blx	r3
10004e54:	e7f2      	b.n	10004e3c <stdio_out_chars_crlf+0x74>
10004e56:	46c0      	nop			@ (mov r8, r8)
10004e58:	1000b9e0 	.word	0x1000b9e0

10004e5c <stdio_buffered_printer>:
10004e5c:	b5f0      	push	{r4, r5, r6, r7, lr}
10004e5e:	46c6      	mov	lr, r8
10004e60:	680b      	ldr	r3, [r1, #0]
10004e62:	0006      	movs	r6, r0
10004e64:	000c      	movs	r4, r1
10004e66:	b500      	push	{lr}
10004e68:	2b80      	cmp	r3, #128	@ 0x80
10004e6a:	d006      	beq.n	10004e7a <stdio_buffered_printer+0x1e>
10004e6c:	1c5a      	adds	r2, r3, #1
10004e6e:	6022      	str	r2, [r4, #0]
10004e70:	18e4      	adds	r4, r4, r3
10004e72:	7126      	strb	r6, [r4, #4]
10004e74:	bc80      	pop	{r7}
10004e76:	46b8      	mov	r8, r7
10004e78:	bdf0      	pop	{r4, r5, r6, r7, pc}
10004e7a:	4b0f      	ldr	r3, [pc, #60]	@ (10004eb8 <stdio_buffered_printer+0x5c>)
10004e7c:	681d      	ldr	r5, [r3, #0]
10004e7e:	2d00      	cmp	r5, #0
10004e80:	d016      	beq.n	10004eb0 <stdio_buffered_printer+0x54>
10004e82:	1d0b      	adds	r3, r1, #4
10004e84:	4698      	mov	r8, r3
10004e86:	4f0d      	ldr	r7, [pc, #52]	@ (10004ebc <stdio_buffered_printer+0x60>)
10004e88:	e002      	b.n	10004e90 <stdio_buffered_printer+0x34>
10004e8a:	692d      	ldr	r5, [r5, #16]
10004e8c:	2d00      	cmp	r5, #0
10004e8e:	d00f      	beq.n	10004eb0 <stdio_buffered_printer+0x54>
10004e90:	682b      	ldr	r3, [r5, #0]
10004e92:	2b00      	cmp	r3, #0
10004e94:	d0f9      	beq.n	10004e8a <stdio_buffered_printer+0x2e>
10004e96:	683b      	ldr	r3, [r7, #0]
10004e98:	2b00      	cmp	r3, #0
10004e9a:	d001      	beq.n	10004ea0 <stdio_buffered_printer+0x44>
10004e9c:	42ab      	cmp	r3, r5
10004e9e:	d1f4      	bne.n	10004e8a <stdio_buffered_printer+0x2e>
10004ea0:	0028      	movs	r0, r5
10004ea2:	4641      	mov	r1, r8
10004ea4:	6822      	ldr	r2, [r4, #0]
10004ea6:	f7ff ff8f 	bl	10004dc8 <stdio_out_chars_crlf>
10004eaa:	692d      	ldr	r5, [r5, #16]
10004eac:	2d00      	cmp	r5, #0
10004eae:	d1ef      	bne.n	10004e90 <stdio_buffered_printer+0x34>
10004eb0:	2201      	movs	r2, #1
10004eb2:	2300      	movs	r3, #0
10004eb4:	e7db      	b.n	10004e6e <stdio_buffered_printer+0x12>
10004eb6:	46c0      	nop			@ (mov r8, r8)
10004eb8:	2000288c 	.word	0x2000288c
10004ebc:	20002894 	.word	0x20002894

10004ec0 <stdio_put_string>:
10004ec0:	b5f0      	push	{r4, r5, r6, r7, lr}
10004ec2:	46de      	mov	lr, fp
10004ec4:	4657      	mov	r7, sl
10004ec6:	464e      	mov	r6, r9
10004ec8:	4645      	mov	r5, r8
10004eca:	b5e0      	push	{r5, r6, r7, lr}
10004ecc:	b085      	sub	sp, #20
10004ece:	0017      	movs	r7, r2
10004ed0:	001c      	movs	r4, r3
10004ed2:	0006      	movs	r6, r0
10004ed4:	000d      	movs	r5, r1
10004ed6:	f7fc ff05 	bl	10001ce4 <time_us_64>
10004eda:	2300      	movs	r3, #0
10004edc:	4a31      	ldr	r2, [pc, #196]	@ (10004fa4 <stdio_put_string+0xe4>)
10004ede:	1812      	adds	r2, r2, r0
10004ee0:	414b      	adcs	r3, r1
10004ee2:	2180      	movs	r1, #128	@ 0x80
10004ee4:	0609      	lsls	r1, r1, #24
10004ee6:	428b      	cmp	r3, r1
10004ee8:	d302      	bcc.n	10004ef0 <stdio_put_string+0x30>
10004eea:	2201      	movs	r2, #1
10004eec:	4b2e      	ldr	r3, [pc, #184]	@ (10004fa8 <stdio_put_string+0xe8>)
10004eee:	4252      	negs	r2, r2
10004ef0:	492e      	ldr	r1, [pc, #184]	@ (10004fac <stdio_put_string+0xec>)
10004ef2:	0008      	movs	r0, r1
10004ef4:	468a      	mov	sl, r1
10004ef6:	f006 fa9f 	bl	1000b438 <__mutex_try_enter_block_until_veneer>
10004efa:	9001      	str	r0, [sp, #4]
10004efc:	1c6b      	adds	r3, r5, #1
10004efe:	d103      	bne.n	10004f08 <stdio_put_string+0x48>
10004f00:	0030      	movs	r0, r6
10004f02:	f005 fb0f 	bl	1000a524 <strlen>
10004f06:	0005      	movs	r5, r0
10004f08:	2c00      	cmp	r4, #0
10004f0a:	d026      	beq.n	10004f5a <stdio_put_string+0x9a>
10004f0c:	4b28      	ldr	r3, [pc, #160]	@ (10004fb0 <stdio_put_string+0xf0>)
10004f0e:	4698      	mov	r8, r3
10004f10:	4b28      	ldr	r3, [pc, #160]	@ (10004fb4 <stdio_put_string+0xf4>)
10004f12:	681c      	ldr	r4, [r3, #0]
10004f14:	2c00      	cmp	r4, #0
10004f16:	d015      	beq.n	10004f44 <stdio_put_string+0x84>
10004f18:	2f00      	cmp	r7, #0
10004f1a:	d121      	bne.n	10004f60 <stdio_put_string+0xa0>
10004f1c:	4f26      	ldr	r7, [pc, #152]	@ (10004fb8 <stdio_put_string+0xf8>)
10004f1e:	e002      	b.n	10004f26 <stdio_put_string+0x66>
10004f20:	6924      	ldr	r4, [r4, #16]
10004f22:	2c00      	cmp	r4, #0
10004f24:	d00e      	beq.n	10004f44 <stdio_put_string+0x84>
10004f26:	6823      	ldr	r3, [r4, #0]
10004f28:	2b00      	cmp	r3, #0
10004f2a:	d0f9      	beq.n	10004f20 <stdio_put_string+0x60>
10004f2c:	683b      	ldr	r3, [r7, #0]
10004f2e:	2b00      	cmp	r3, #0
10004f30:	d001      	beq.n	10004f36 <stdio_put_string+0x76>
10004f32:	429c      	cmp	r4, r3
10004f34:	d1f4      	bne.n	10004f20 <stdio_put_string+0x60>
10004f36:	0020      	movs	r0, r4
10004f38:	002a      	movs	r2, r5
10004f3a:	0031      	movs	r1, r6
10004f3c:	47c0      	blx	r8
10004f3e:	6924      	ldr	r4, [r4, #16]
10004f40:	2c00      	cmp	r4, #0
10004f42:	d1f0      	bne.n	10004f26 <stdio_put_string+0x66>
10004f44:	9b01      	ldr	r3, [sp, #4]
10004f46:	2b00      	cmp	r3, #0
10004f48:	d128      	bne.n	10004f9c <stdio_put_string+0xdc>
10004f4a:	0028      	movs	r0, r5
10004f4c:	b005      	add	sp, #20
10004f4e:	bcf0      	pop	{r4, r5, r6, r7}
10004f50:	46bb      	mov	fp, r7
10004f52:	46b2      	mov	sl, r6
10004f54:	46a9      	mov	r9, r5
10004f56:	46a0      	mov	r8, r4
10004f58:	bdf0      	pop	{r4, r5, r6, r7, pc}
10004f5a:	4b18      	ldr	r3, [pc, #96]	@ (10004fbc <stdio_put_string+0xfc>)
10004f5c:	4698      	mov	r8, r3
10004f5e:	e7d7      	b.n	10004f10 <stdio_put_string+0x50>
10004f60:	4b15      	ldr	r3, [pc, #84]	@ (10004fb8 <stdio_put_string+0xf8>)
10004f62:	4699      	mov	r9, r3
10004f64:	ab02      	add	r3, sp, #8
10004f66:	1ddf      	adds	r7, r3, #7
10004f68:	230a      	movs	r3, #10
10004f6a:	469b      	mov	fp, r3
10004f6c:	e002      	b.n	10004f74 <stdio_put_string+0xb4>
10004f6e:	6924      	ldr	r4, [r4, #16]
10004f70:	2c00      	cmp	r4, #0
10004f72:	d0e7      	beq.n	10004f44 <stdio_put_string+0x84>
10004f74:	6823      	ldr	r3, [r4, #0]
10004f76:	2b00      	cmp	r3, #0
10004f78:	d0f9      	beq.n	10004f6e <stdio_put_string+0xae>
10004f7a:	464b      	mov	r3, r9
10004f7c:	681b      	ldr	r3, [r3, #0]
10004f7e:	2b00      	cmp	r3, #0
10004f80:	d001      	beq.n	10004f86 <stdio_put_string+0xc6>
10004f82:	42a3      	cmp	r3, r4
10004f84:	d1f3      	bne.n	10004f6e <stdio_put_string+0xae>
10004f86:	002a      	movs	r2, r5
10004f88:	0031      	movs	r1, r6
10004f8a:	0020      	movs	r0, r4
10004f8c:	47c0      	blx	r8
10004f8e:	465b      	mov	r3, fp
10004f90:	2201      	movs	r2, #1
10004f92:	0039      	movs	r1, r7
10004f94:	0020      	movs	r0, r4
10004f96:	703b      	strb	r3, [r7, #0]
10004f98:	47c0      	blx	r8
10004f9a:	e7e8      	b.n	10004f6e <stdio_put_string+0xae>
10004f9c:	4650      	mov	r0, sl
10004f9e:	f006 fa23 	bl	1000b3e8 <__mutex_exit_veneer>
10004fa2:	e7d2      	b.n	10004f4a <stdio_put_string+0x8a>
10004fa4:	000f4240 	.word	0x000f4240
10004fa8:	7fffffff 	.word	0x7fffffff
10004fac:	200016c4 	.word	0x200016c4
10004fb0:	10004dc9 	.word	0x10004dc9
10004fb4:	2000288c 	.word	0x2000288c
10004fb8:	20002894 	.word	0x20002894
10004fbc:	10004db9 	.word	0x10004db9

10004fc0 <stdio_set_driver_enabled>:
10004fc0:	4a0a      	ldr	r2, [pc, #40]	@ (10004fec <stdio_set_driver_enabled+0x2c>)
10004fc2:	6813      	ldr	r3, [r2, #0]
10004fc4:	2b00      	cmp	r3, #0
10004fc6:	d105      	bne.n	10004fd4 <stdio_set_driver_enabled+0x14>
10004fc8:	e00c      	b.n	10004fe4 <stdio_set_driver_enabled+0x24>
10004fca:	001a      	movs	r2, r3
10004fcc:	691b      	ldr	r3, [r3, #16]
10004fce:	3210      	adds	r2, #16
10004fd0:	2b00      	cmp	r3, #0
10004fd2:	d007      	beq.n	10004fe4 <stdio_set_driver_enabled+0x24>
10004fd4:	4298      	cmp	r0, r3
10004fd6:	d1f8      	bne.n	10004fca <stdio_set_driver_enabled+0xa>
10004fd8:	2900      	cmp	r1, #0
10004fda:	d102      	bne.n	10004fe2 <stdio_set_driver_enabled+0x22>
10004fdc:	6903      	ldr	r3, [r0, #16]
10004fde:	6013      	str	r3, [r2, #0]
10004fe0:	6101      	str	r1, [r0, #16]
10004fe2:	4770      	bx	lr
10004fe4:	2900      	cmp	r1, #0
10004fe6:	d0fc      	beq.n	10004fe2 <stdio_set_driver_enabled+0x22>
10004fe8:	6010      	str	r0, [r2, #0]
10004fea:	e7fa      	b.n	10004fe2 <stdio_set_driver_enabled+0x22>
10004fec:	2000288c 	.word	0x2000288c

10004ff0 <stdio_init_all>:
10004ff0:	b510      	push	{r4, lr}
10004ff2:	f000 fb4f 	bl	10005694 <stdio_usb_init>
10004ff6:	bd10      	pop	{r4, pc}

10004ff8 <stdio_getchar_timeout_us>:
10004ff8:	b5f0      	push	{r4, r5, r6, r7, lr}
10004ffa:	46ce      	mov	lr, r9
10004ffc:	4647      	mov	r7, r8
10004ffe:	0004      	movs	r4, r0
10005000:	b580      	push	{r7, lr}
10005002:	b083      	sub	sp, #12
10005004:	f7fc fe6e 	bl	10001ce4 <time_us_64>
10005008:	0026      	movs	r6, r4
1000500a:	2700      	movs	r7, #0
1000500c:	2380      	movs	r3, #128	@ 0x80
1000500e:	1836      	adds	r6, r6, r0
10005010:	414f      	adcs	r7, r1
10005012:	061b      	lsls	r3, r3, #24
10005014:	429f      	cmp	r7, r3
10005016:	d302      	bcc.n	1000501e <stdio_getchar_timeout_us+0x26>
10005018:	2601      	movs	r6, #1
1000501a:	4f19      	ldr	r7, [pc, #100]	@ (10005080 <stdio_getchar_timeout_us+0x88>)
1000501c:	4276      	negs	r6, r6
1000501e:	4b19      	ldr	r3, [pc, #100]	@ (10005084 <stdio_getchar_timeout_us+0x8c>)
10005020:	46b9      	mov	r9, r7
10005022:	4698      	mov	r8, r3
10005024:	4d18      	ldr	r5, [pc, #96]	@ (10005088 <stdio_getchar_timeout_us+0x90>)
10005026:	4643      	mov	r3, r8
10005028:	681c      	ldr	r4, [r3, #0]
1000502a:	2c00      	cmp	r4, #0
1000502c:	d103      	bne.n	10005036 <stdio_getchar_timeout_us+0x3e>
1000502e:	e016      	b.n	1000505e <stdio_getchar_timeout_us+0x66>
10005030:	6924      	ldr	r4, [r4, #16]
10005032:	2c00      	cmp	r4, #0
10005034:	d013      	beq.n	1000505e <stdio_getchar_timeout_us+0x66>
10005036:	682b      	ldr	r3, [r5, #0]
10005038:	2b00      	cmp	r3, #0
1000503a:	d001      	beq.n	10005040 <stdio_getchar_timeout_us+0x48>
1000503c:	429c      	cmp	r4, r3
1000503e:	d1f7      	bne.n	10005030 <stdio_getchar_timeout_us+0x38>
10005040:	68a3      	ldr	r3, [r4, #8]
10005042:	2b00      	cmp	r3, #0
10005044:	d0f4      	beq.n	10005030 <stdio_getchar_timeout_us+0x38>
10005046:	2101      	movs	r1, #1
10005048:	a801      	add	r0, sp, #4
1000504a:	4798      	blx	r3
1000504c:	2800      	cmp	r0, #0
1000504e:	ddef      	ble.n	10005030 <stdio_getchar_timeout_us+0x38>
10005050:	466b      	mov	r3, sp
10005052:	7918      	ldrb	r0, [r3, #4]
10005054:	b003      	add	sp, #12
10005056:	bcc0      	pop	{r6, r7}
10005058:	46b9      	mov	r9, r7
1000505a:	46b0      	mov	r8, r6
1000505c:	bdf0      	pop	{r4, r5, r6, r7, pc}
1000505e:	4b0b      	ldr	r3, [pc, #44]	@ (1000508c <stdio_getchar_timeout_us+0x94>)
10005060:	6a5a      	ldr	r2, [r3, #36]	@ 0x24
10005062:	4591      	cmp	r9, r2
10005064:	d807      	bhi.n	10005076 <stdio_getchar_timeout_us+0x7e>
10005066:	6a9b      	ldr	r3, [r3, #40]	@ 0x28
10005068:	42b3      	cmp	r3, r6
1000506a:	d302      	bcc.n	10005072 <stdio_getchar_timeout_us+0x7a>
1000506c:	2002      	movs	r0, #2
1000506e:	4240      	negs	r0, r0
10005070:	e7f0      	b.n	10005054 <stdio_getchar_timeout_us+0x5c>
10005072:	4591      	cmp	r9, r2
10005074:	d1fa      	bne.n	1000506c <stdio_getchar_timeout_us+0x74>
10005076:	2001      	movs	r0, #1
10005078:	2100      	movs	r1, #0
1000507a:	f7fc fe3d 	bl	10001cf8 <busy_wait_us>
1000507e:	e7d2      	b.n	10005026 <stdio_getchar_timeout_us+0x2e>
10005080:	7fffffff 	.word	0x7fffffff
10005084:	2000288c 	.word	0x2000288c
10005088:	20002894 	.word	0x20002894
1000508c:	40054000 	.word	0x40054000

10005090 <__wrap_putchar>:
10005090:	b5f0      	push	{r4, r5, r6, r7, lr}
10005092:	46ce      	mov	lr, r9
10005094:	4647      	mov	r7, r8
10005096:	b580      	push	{r7, lr}
10005098:	b083      	sub	sp, #12
1000509a:	466b      	mov	r3, sp
1000509c:	0006      	movs	r6, r0
1000509e:	1ddd      	adds	r5, r3, #7
100050a0:	7028      	strb	r0, [r5, #0]
100050a2:	f7fc fe1f 	bl	10001ce4 <time_us_64>
100050a6:	2300      	movs	r3, #0
100050a8:	4a1a      	ldr	r2, [pc, #104]	@ (10005114 <__wrap_putchar+0x84>)
100050aa:	1812      	adds	r2, r2, r0
100050ac:	414b      	adcs	r3, r1
100050ae:	2180      	movs	r1, #128	@ 0x80
100050b0:	0609      	lsls	r1, r1, #24
100050b2:	428b      	cmp	r3, r1
100050b4:	d302      	bcc.n	100050bc <__wrap_putchar+0x2c>
100050b6:	2201      	movs	r2, #1
100050b8:	4b17      	ldr	r3, [pc, #92]	@ (10005118 <__wrap_putchar+0x88>)
100050ba:	4252      	negs	r2, r2
100050bc:	4917      	ldr	r1, [pc, #92]	@ (1000511c <__wrap_putchar+0x8c>)
100050be:	0008      	movs	r0, r1
100050c0:	4688      	mov	r8, r1
100050c2:	f006 f9b9 	bl	1000b438 <__mutex_try_enter_block_until_veneer>
100050c6:	4b16      	ldr	r3, [pc, #88]	@ (10005120 <__wrap_putchar+0x90>)
100050c8:	4681      	mov	r9, r0
100050ca:	681c      	ldr	r4, [r3, #0]
100050cc:	2c00      	cmp	r4, #0
100050ce:	d014      	beq.n	100050fa <__wrap_putchar+0x6a>
100050d0:	4f14      	ldr	r7, [pc, #80]	@ (10005124 <__wrap_putchar+0x94>)
100050d2:	e002      	b.n	100050da <__wrap_putchar+0x4a>
100050d4:	6924      	ldr	r4, [r4, #16]
100050d6:	2c00      	cmp	r4, #0
100050d8:	d00f      	beq.n	100050fa <__wrap_putchar+0x6a>
100050da:	6823      	ldr	r3, [r4, #0]
100050dc:	2b00      	cmp	r3, #0
100050de:	d0f9      	beq.n	100050d4 <__wrap_putchar+0x44>
100050e0:	683b      	ldr	r3, [r7, #0]
100050e2:	2b00      	cmp	r3, #0
100050e4:	d001      	beq.n	100050ea <__wrap_putchar+0x5a>
100050e6:	429c      	cmp	r4, r3
100050e8:	d1f4      	bne.n	100050d4 <__wrap_putchar+0x44>
100050ea:	0020      	movs	r0, r4
100050ec:	2201      	movs	r2, #1
100050ee:	0029      	movs	r1, r5
100050f0:	f7ff fe6a 	bl	10004dc8 <stdio_out_chars_crlf>
100050f4:	6924      	ldr	r4, [r4, #16]
100050f6:	2c00      	cmp	r4, #0
100050f8:	d1ef      	bne.n	100050da <__wrap_putchar+0x4a>
100050fa:	464b      	mov	r3, r9
100050fc:	2b00      	cmp	r3, #0
100050fe:	d105      	bne.n	1000510c <__wrap_putchar+0x7c>
10005100:	0030      	movs	r0, r6
10005102:	b003      	add	sp, #12
10005104:	bcc0      	pop	{r6, r7}
10005106:	46b9      	mov	r9, r7
10005108:	46b0      	mov	r8, r6
1000510a:	bdf0      	pop	{r4, r5, r6, r7, pc}
1000510c:	4640      	mov	r0, r8
1000510e:	f006 f96b 	bl	1000b3e8 <__mutex_exit_veneer>
10005112:	e7f5      	b.n	10005100 <__wrap_putchar+0x70>
10005114:	000f4240 	.word	0x000f4240
10005118:	7fffffff 	.word	0x7fffffff
1000511c:	200016c4 	.word	0x200016c4
10005120:	2000288c 	.word	0x2000288c
10005124:	20002894 	.word	0x20002894

10005128 <__wrap_puts>:
10005128:	b570      	push	{r4, r5, r6, lr}
1000512a:	0004      	movs	r4, r0
1000512c:	f005 f9fa 	bl	1000a524 <strlen>
10005130:	2301      	movs	r3, #1
10005132:	0001      	movs	r1, r0
10005134:	0005      	movs	r5, r0
10005136:	2201      	movs	r2, #1
10005138:	0020      	movs	r0, r4
1000513a:	f7ff fec1 	bl	10004ec0 <stdio_put_string>
1000513e:	4b08      	ldr	r3, [pc, #32]	@ (10005160 <__wrap_puts+0x38>)
10005140:	681c      	ldr	r4, [r3, #0]
10005142:	2c00      	cmp	r4, #0
10005144:	d006      	beq.n	10005154 <__wrap_puts+0x2c>
10005146:	6863      	ldr	r3, [r4, #4]
10005148:	2b00      	cmp	r3, #0
1000514a:	d005      	beq.n	10005158 <__wrap_puts+0x30>
1000514c:	4798      	blx	r3
1000514e:	6924      	ldr	r4, [r4, #16]
10005150:	2c00      	cmp	r4, #0
10005152:	d1f8      	bne.n	10005146 <__wrap_puts+0x1e>
10005154:	0028      	movs	r0, r5
10005156:	bd70      	pop	{r4, r5, r6, pc}
10005158:	6924      	ldr	r4, [r4, #16]
1000515a:	2c00      	cmp	r4, #0
1000515c:	d1f3      	bne.n	10005146 <__wrap_puts+0x1e>
1000515e:	e7f9      	b.n	10005154 <__wrap_puts+0x2c>
10005160:	2000288c 	.word	0x2000288c

10005164 <__wrap_vprintf>:
10005164:	b5f0      	push	{r4, r5, r6, r7, lr}
10005166:	46ce      	mov	lr, r9
10005168:	4647      	mov	r7, r8
1000516a:	b580      	push	{r7, lr}
1000516c:	b0a3      	sub	sp, #140	@ 0x8c
1000516e:	0004      	movs	r4, r0
10005170:	000d      	movs	r5, r1
10005172:	f7fc fdb7 	bl	10001ce4 <time_us_64>
10005176:	2300      	movs	r3, #0
10005178:	4a29      	ldr	r2, [pc, #164]	@ (10005220 <__wrap_vprintf+0xbc>)
1000517a:	1812      	adds	r2, r2, r0
1000517c:	414b      	adcs	r3, r1
1000517e:	2180      	movs	r1, #128	@ 0x80
10005180:	0609      	lsls	r1, r1, #24
10005182:	428b      	cmp	r3, r1
10005184:	d302      	bcc.n	1000518c <__wrap_vprintf+0x28>
10005186:	2201      	movs	r2, #1
10005188:	4b26      	ldr	r3, [pc, #152]	@ (10005224 <__wrap_vprintf+0xc0>)
1000518a:	4252      	negs	r2, r2
1000518c:	4f26      	ldr	r7, [pc, #152]	@ (10005228 <__wrap_vprintf+0xc4>)
1000518e:	0038      	movs	r0, r7
10005190:	f006 f952 	bl	1000b438 <__mutex_try_enter_block_until_veneer>
10005194:	2300      	movs	r3, #0
10005196:	0006      	movs	r6, r0
10005198:	9301      	str	r3, [sp, #4]
1000519a:	0022      	movs	r2, r4
1000519c:	002b      	movs	r3, r5
1000519e:	4823      	ldr	r0, [pc, #140]	@ (1000522c <__wrap_vprintf+0xc8>)
100051a0:	a901      	add	r1, sp, #4
100051a2:	f7ff fd6f 	bl	10004c84 <vfctprintf>
100051a6:	9b01      	ldr	r3, [sp, #4]
100051a8:	4680      	mov	r8, r0
100051aa:	2b00      	cmp	r3, #0
100051ac:	d114      	bne.n	100051d8 <__wrap_vprintf+0x74>
100051ae:	4b20      	ldr	r3, [pc, #128]	@ (10005230 <__wrap_vprintf+0xcc>)
100051b0:	681c      	ldr	r4, [r3, #0]
100051b2:	2c00      	cmp	r4, #0
100051b4:	d006      	beq.n	100051c4 <__wrap_vprintf+0x60>
100051b6:	6863      	ldr	r3, [r4, #4]
100051b8:	2b00      	cmp	r3, #0
100051ba:	d00b      	beq.n	100051d4 <__wrap_vprintf+0x70>
100051bc:	4798      	blx	r3
100051be:	6924      	ldr	r4, [r4, #16]
100051c0:	2c00      	cmp	r4, #0
100051c2:	d1f8      	bne.n	100051b6 <__wrap_vprintf+0x52>
100051c4:	2e00      	cmp	r6, #0
100051c6:	d125      	bne.n	10005214 <__wrap_vprintf+0xb0>
100051c8:	4640      	mov	r0, r8
100051ca:	b023      	add	sp, #140	@ 0x8c
100051cc:	bcc0      	pop	{r6, r7}
100051ce:	46b9      	mov	r9, r7
100051d0:	46b0      	mov	r8, r6
100051d2:	bdf0      	pop	{r4, r5, r6, r7, pc}
100051d4:	6924      	ldr	r4, [r4, #16]
100051d6:	e7ec      	b.n	100051b2 <__wrap_vprintf+0x4e>
100051d8:	4b15      	ldr	r3, [pc, #84]	@ (10005230 <__wrap_vprintf+0xcc>)
100051da:	681d      	ldr	r5, [r3, #0]
100051dc:	4699      	mov	r9, r3
100051de:	2d00      	cmp	r5, #0
100051e0:	d01c      	beq.n	1000521c <__wrap_vprintf+0xb8>
100051e2:	4c14      	ldr	r4, [pc, #80]	@ (10005234 <__wrap_vprintf+0xd0>)
100051e4:	e002      	b.n	100051ec <__wrap_vprintf+0x88>
100051e6:	692d      	ldr	r5, [r5, #16]
100051e8:	2d00      	cmp	r5, #0
100051ea:	d00f      	beq.n	1000520c <__wrap_vprintf+0xa8>
100051ec:	682b      	ldr	r3, [r5, #0]
100051ee:	2b00      	cmp	r3, #0
100051f0:	d0f9      	beq.n	100051e6 <__wrap_vprintf+0x82>
100051f2:	6823      	ldr	r3, [r4, #0]
100051f4:	2b00      	cmp	r3, #0
100051f6:	d001      	beq.n	100051fc <__wrap_vprintf+0x98>
100051f8:	42ab      	cmp	r3, r5
100051fa:	d1f4      	bne.n	100051e6 <__wrap_vprintf+0x82>
100051fc:	0028      	movs	r0, r5
100051fe:	9a01      	ldr	r2, [sp, #4]
10005200:	a902      	add	r1, sp, #8
10005202:	f7ff fde1 	bl	10004dc8 <stdio_out_chars_crlf>
10005206:	692d      	ldr	r5, [r5, #16]
10005208:	2d00      	cmp	r5, #0
1000520a:	d1ef      	bne.n	100051ec <__wrap_vprintf+0x88>
1000520c:	464b      	mov	r3, r9
1000520e:	9501      	str	r5, [sp, #4]
10005210:	681c      	ldr	r4, [r3, #0]
10005212:	e7ce      	b.n	100051b2 <__wrap_vprintf+0x4e>
10005214:	0038      	movs	r0, r7
10005216:	f006 f8e7 	bl	1000b3e8 <__mutex_exit_veneer>
1000521a:	e7d5      	b.n	100051c8 <__wrap_vprintf+0x64>
1000521c:	9501      	str	r5, [sp, #4]
1000521e:	e7d1      	b.n	100051c4 <__wrap_vprintf+0x60>
10005220:	000f4240 	.word	0x000f4240
10005224:	7fffffff 	.word	0x7fffffff
10005228:	200016c4 	.word	0x200016c4
1000522c:	10004e5d 	.word	0x10004e5d
10005230:	2000288c 	.word	0x2000288c
10005234:	20002894 	.word	0x20002894

10005238 <__wrap_printf>:
10005238:	b40f      	push	{r0, r1, r2, r3}
1000523a:	b500      	push	{lr}
1000523c:	b083      	sub	sp, #12
1000523e:	a904      	add	r1, sp, #16
10005240:	c901      	ldmia	r1!, {r0}
10005242:	9101      	str	r1, [sp, #4]
10005244:	f7ff ff8e 	bl	10005164 <__wrap_vprintf>
10005248:	b003      	add	sp, #12
1000524a:	bc08      	pop	{r3}
1000524c:	b004      	add	sp, #16
1000524e:	4718      	bx	r3

10005250 <resetd_init>:
10005250:	4770      	bx	lr
10005252:	46c0      	nop			@ (mov r8, r8)

10005254 <resetd_reset>:
10005254:	2200      	movs	r2, #0
10005256:	4b01      	ldr	r3, [pc, #4]	@ (1000525c <resetd_reset+0x8>)
10005258:	701a      	strb	r2, [r3, #0]
1000525a:	4770      	bx	lr
1000525c:	20002cf2 	.word	0x20002cf2

10005260 <resetd_open>:
10005260:	794b      	ldrb	r3, [r1, #5]
10005262:	2000      	movs	r0, #0
10005264:	2bff      	cmp	r3, #255	@ 0xff
10005266:	d10b      	bne.n	10005280 <resetd_open+0x20>
10005268:	798b      	ldrb	r3, [r1, #6]
1000526a:	2b00      	cmp	r3, #0
1000526c:	d108      	bne.n	10005280 <resetd_open+0x20>
1000526e:	79cb      	ldrb	r3, [r1, #7]
10005270:	2b01      	cmp	r3, #1
10005272:	d105      	bne.n	10005280 <resetd_open+0x20>
10005274:	2a08      	cmp	r2, #8
10005276:	d903      	bls.n	10005280 <resetd_open+0x20>
10005278:	4b02      	ldr	r3, [pc, #8]	@ (10005284 <resetd_open+0x24>)
1000527a:	788a      	ldrb	r2, [r1, #2]
1000527c:	3009      	adds	r0, #9
1000527e:	701a      	strb	r2, [r3, #0]
10005280:	4770      	bx	lr
10005282:	46c0      	nop			@ (mov r8, r8)
10005284:	20002cf2 	.word	0x20002cf2

10005288 <resetd_xfer_cb>:
10005288:	2001      	movs	r0, #1
1000528a:	4770      	bx	lr

1000528c <resetd_control_xfer_cb>:
1000528c:	b510      	push	{r4, lr}
1000528e:	2901      	cmp	r1, #1
10005290:	d001      	beq.n	10005296 <resetd_control_xfer_cb+0xa>
10005292:	2001      	movs	r0, #1
10005294:	bd10      	pop	{r4, pc}
10005296:	4913      	ldr	r1, [pc, #76]	@ (100052e4 <resetd_control_xfer_cb+0x58>)
10005298:	7953      	ldrb	r3, [r2, #5]
1000529a:	7910      	ldrb	r0, [r2, #4]
1000529c:	7809      	ldrb	r1, [r1, #0]
1000529e:	021b      	lsls	r3, r3, #8
100052a0:	4303      	orrs	r3, r0
100052a2:	2000      	movs	r0, #0
100052a4:	4299      	cmp	r1, r3
100052a6:	d1f5      	bne.n	10005294 <resetd_control_xfer_cb+0x8>
100052a8:	7853      	ldrb	r3, [r2, #1]
100052aa:	2b01      	cmp	r3, #1
100052ac:	d008      	beq.n	100052c0 <resetd_control_xfer_cb+0x34>
100052ae:	2b02      	cmp	r3, #2
100052b0:	d1f0      	bne.n	10005294 <resetd_control_xfer_cb+0x8>
100052b2:	2000      	movs	r0, #0
100052b4:	2264      	movs	r2, #100	@ 0x64
100052b6:	2100      	movs	r1, #0
100052b8:	f7fc ff66 	bl	10002188 <watchdog_reboot>
100052bc:	2001      	movs	r0, #1
100052be:	e7e9      	b.n	10005294 <resetd_control_xfer_cb+0x8>
100052c0:	78d3      	ldrb	r3, [r2, #3]
100052c2:	7891      	ldrb	r1, [r2, #2]
100052c4:	021b      	lsls	r3, r3, #8
100052c6:	4319      	orrs	r1, r3
100052c8:	05db      	lsls	r3, r3, #23
100052ca:	d507      	bpl.n	100052dc <resetd_control_xfer_cb+0x50>
100052cc:	0a4a      	lsrs	r2, r1, #9
100052ce:	0010      	movs	r0, r2
100052d0:	2301      	movs	r3, #1
100052d2:	401a      	ands	r2, r3
100052d4:	337e      	adds	r3, #126	@ 0x7e
100052d6:	4019      	ands	r1, r3
100052d8:	f7fc ffde 	bl	10002298 <rom_reset_usb_boot_extra>
100052dc:	2001      	movs	r0, #1
100052de:	0a4a      	lsrs	r2, r1, #9
100052e0:	4240      	negs	r0, r0
100052e2:	e7f5      	b.n	100052d0 <resetd_control_xfer_cb+0x44>
100052e4:	20002cf2 	.word	0x20002cf2

100052e8 <tud_descriptor_bos_cb>:
100052e8:	4800      	ldr	r0, [pc, #0]	@ (100052ec <tud_descriptor_bos_cb+0x4>)
100052ea:	4770      	bx	lr
100052ec:	1000baac 	.word	0x1000baac

100052f0 <tud_vendor_control_xfer_cb>:
100052f0:	b570      	push	{r4, r5, r6, lr}
100052f2:	0005      	movs	r5, r0
100052f4:	0014      	movs	r4, r2
100052f6:	2001      	movs	r0, #1
100052f8:	2901      	cmp	r1, #1
100052fa:	d109      	bne.n	10005310 <tud_vendor_control_xfer_cb+0x20>
100052fc:	7853      	ldrb	r3, [r2, #1]
100052fe:	2000      	movs	r0, #0
10005300:	2b01      	cmp	r3, #1
10005302:	d105      	bne.n	10005310 <tud_vendor_control_xfer_cb+0x20>
10005304:	7963      	ldrb	r3, [r4, #5]
10005306:	7912      	ldrb	r2, [r2, #4]
10005308:	021b      	lsls	r3, r3, #8
1000530a:	4313      	orrs	r3, r2
1000530c:	2b07      	cmp	r3, #7
1000530e:	d000      	beq.n	10005312 <tud_vendor_control_xfer_cb+0x22>
10005310:	bd70      	pop	{r4, r5, r6, pc}
10005312:	0021      	movs	r1, r4
10005314:	0028      	movs	r0, r5
10005316:	4a02      	ldr	r2, [pc, #8]	@ (10005320 <tud_vendor_control_xfer_cb+0x30>)
10005318:	339f      	adds	r3, #159	@ 0x9f
1000531a:	f001 fa5f 	bl	100067dc <tud_control_xfer>
1000531e:	e7f7      	b.n	10005310 <tud_vendor_control_xfer_cb+0x20>
10005320:	1000ba04 	.word	0x1000ba04

10005324 <usbd_app_driver_get_cb>:
10005324:	2301      	movs	r3, #1
10005326:	7003      	strb	r3, [r0, #0]
10005328:	4800      	ldr	r0, [pc, #0]	@ (1000532c <usbd_app_driver_get_cb+0x8>)
1000532a:	4770      	bx	lr
1000532c:	1000b9e4 	.word	0x1000b9e4

10005330 <tud_cdc_line_coding_cb>:
10005330:	784b      	ldrb	r3, [r1, #1]
10005332:	780a      	ldrb	r2, [r1, #0]
10005334:	021b      	lsls	r3, r3, #8
10005336:	4313      	orrs	r3, r2
10005338:	788a      	ldrb	r2, [r1, #2]
1000533a:	b510      	push	{r4, lr}
1000533c:	0412      	lsls	r2, r2, #16
1000533e:	431a      	orrs	r2, r3
10005340:	78cb      	ldrb	r3, [r1, #3]
10005342:	061b      	lsls	r3, r3, #24
10005344:	4313      	orrs	r3, r2
10005346:	2296      	movs	r2, #150	@ 0x96
10005348:	00d2      	lsls	r2, r2, #3
1000534a:	4293      	cmp	r3, r2
1000534c:	d000      	beq.n	10005350 <tud_cdc_line_coding_cb+0x20>
1000534e:	bd10      	pop	{r4, pc}
10005350:	2200      	movs	r2, #0
10005352:	2001      	movs	r0, #1
10005354:	0011      	movs	r1, r2
10005356:	4240      	negs	r0, r0
10005358:	f7fc ff9e 	bl	10002298 <rom_reset_usb_boot_extra>

1000535c <stdio_usb_set_chars_available_callback>:
1000535c:	4b02      	ldr	r3, [pc, #8]	@ (10005368 <stdio_usb_set_chars_available_callback+0xc>)
1000535e:	6018      	str	r0, [r3, #0]
10005360:	4b02      	ldr	r3, [pc, #8]	@ (1000536c <stdio_usb_set_chars_available_callback+0x10>)
10005362:	6019      	str	r1, [r3, #0]
10005364:	4770      	bx	lr
10005366:	46c0      	nop			@ (mov r8, r8)
10005368:	20002428 	.word	0x20002428
1000536c:	2000242c 	.word	0x2000242c

10005370 <usb_irq>:
10005370:	b510      	push	{r4, lr}
10005372:	4b02      	ldr	r3, [pc, #8]	@ (1000537c <usb_irq+0xc>)
10005374:	7818      	ldrb	r0, [r3, #0]
10005376:	f7fb fe81 	bl	1000107c <irq_set_pending>
1000537a:	bd10      	pop	{r4, pc}
1000537c:	20002cf3 	.word	0x20002cf3

10005380 <timer_task>:
10005380:	4b15      	ldr	r3, [pc, #84]	@ (100053d8 <timer_task+0x58>)
10005382:	b570      	push	{r4, r5, r6, lr}
10005384:	681a      	ldr	r2, [r3, #0]
10005386:	2a00      	cmp	r2, #0
10005388:	d022      	beq.n	100053d0 <timer_task+0x50>
1000538a:	f3ef 8110 	mrs	r1, PRIMASK
1000538e:	b672      	cpsid	i
10005390:	6810      	ldr	r0, [r2, #0]
10005392:	2800      	cmp	r0, #0
10005394:	d0fc      	beq.n	10005390 <timer_task+0x10>
10005396:	f3bf 8f5f 	dmb	sy
1000539a:	2000      	movs	r0, #0
1000539c:	4a0f      	ldr	r2, [pc, #60]	@ (100053dc <timer_task+0x5c>)
1000539e:	6059      	str	r1, [r3, #4]
100053a0:	7010      	strb	r0, [r2, #0]
100053a2:	681b      	ldr	r3, [r3, #0]
100053a4:	f3bf 8f5f 	dmb	sy
100053a8:	6018      	str	r0, [r3, #0]
100053aa:	f381 8810 	msr	PRIMASK, r1
100053ae:	2400      	movs	r4, #0
100053b0:	2500      	movs	r5, #0
100053b2:	4e0b      	ldr	r6, [pc, #44]	@ (100053e0 <timer_task+0x60>)
100053b4:	7830      	ldrb	r0, [r6, #0]
100053b6:	f7fb fe55 	bl	10001064 <irq_is_enabled>
100053ba:	2800      	cmp	r0, #0
100053bc:	d104      	bne.n	100053c8 <timer_task+0x48>
100053be:	2400      	movs	r4, #0
100053c0:	2500      	movs	r5, #0
100053c2:	0029      	movs	r1, r5
100053c4:	0020      	movs	r0, r4
100053c6:	bd70      	pop	{r4, r5, r6, pc}
100053c8:	7830      	ldrb	r0, [r6, #0]
100053ca:	f7fb fe57 	bl	1000107c <irq_set_pending>
100053ce:	e7f8      	b.n	100053c2 <timer_task+0x42>
100053d0:	24fa      	movs	r4, #250	@ 0xfa
100053d2:	2500      	movs	r5, #0
100053d4:	00a4      	lsls	r4, r4, #2
100053d6:	e7ec      	b.n	100053b2 <timer_task+0x32>
100053d8:	20002ca8 	.word	0x20002ca8
100053dc:	20002cf4 	.word	0x20002cf4
100053e0:	20002cf3 	.word	0x20002cf3

100053e4 <stdio_usb_in_chars>:
100053e4:	b570      	push	{r4, r5, r6, lr}
100053e6:	0004      	movs	r4, r0
100053e8:	2000      	movs	r0, #0
100053ea:	000e      	movs	r6, r1
100053ec:	f001 fb16 	bl	10006a1c <tud_cdc_n_connected>
100053f0:	2800      	cmp	r0, #0
100053f2:	d036      	beq.n	10005462 <stdio_usb_in_chars+0x7e>
100053f4:	2000      	movs	r0, #0
100053f6:	f001 fb27 	bl	10006a48 <tud_cdc_n_available>
100053fa:	2800      	cmp	r0, #0
100053fc:	d031      	beq.n	10005462 <stdio_usb_in_chars+0x7e>
100053fe:	f7fc fc71 	bl	10001ce4 <time_us_64>
10005402:	2300      	movs	r3, #0
10005404:	4a18      	ldr	r2, [pc, #96]	@ (10005468 <stdio_usb_in_chars+0x84>)
10005406:	1812      	adds	r2, r2, r0
10005408:	414b      	adcs	r3, r1
1000540a:	2180      	movs	r1, #128	@ 0x80
1000540c:	0609      	lsls	r1, r1, #24
1000540e:	428b      	cmp	r3, r1
10005410:	d216      	bcs.n	10005440 <stdio_usb_in_chars+0x5c>
10005412:	4d16      	ldr	r5, [pc, #88]	@ (1000546c <stdio_usb_in_chars+0x88>)
10005414:	0028      	movs	r0, r5
10005416:	f006 f80f 	bl	1000b438 <__mutex_try_enter_block_until_veneer>
1000541a:	2800      	cmp	r0, #0
1000541c:	d021      	beq.n	10005462 <stdio_usb_in_chars+0x7e>
1000541e:	2000      	movs	r0, #0
10005420:	f001 fafc 	bl	10006a1c <tud_cdc_n_connected>
10005424:	2800      	cmp	r0, #0
10005426:	d10f      	bne.n	10005448 <stdio_usb_in_chars+0x64>
10005428:	2001      	movs	r0, #1
1000542a:	2100      	movs	r1, #0
1000542c:	4240      	negs	r0, r0
1000542e:	f000 fd09 	bl	10005e44 <tud_task_ext>
10005432:	2403      	movs	r4, #3
10005434:	4264      	negs	r4, r4
10005436:	0028      	movs	r0, r5
10005438:	f005 ffd6 	bl	1000b3e8 <__mutex_exit_veneer>
1000543c:	0020      	movs	r0, r4
1000543e:	bd70      	pop	{r4, r5, r6, pc}
10005440:	2201      	movs	r2, #1
10005442:	4b0b      	ldr	r3, [pc, #44]	@ (10005470 <stdio_usb_in_chars+0x8c>)
10005444:	4252      	negs	r2, r2
10005446:	e7e4      	b.n	10005412 <stdio_usb_in_chars+0x2e>
10005448:	2000      	movs	r0, #0
1000544a:	f001 fafd 	bl	10006a48 <tud_cdc_n_available>
1000544e:	2800      	cmp	r0, #0
10005450:	d0ea      	beq.n	10005428 <stdio_usb_in_chars+0x44>
10005452:	0021      	movs	r1, r4
10005454:	0032      	movs	r2, r6
10005456:	2000      	movs	r0, #0
10005458:	f001 fb00 	bl	10006a5c <tud_cdc_n_read>
1000545c:	1e04      	subs	r4, r0, #0
1000545e:	d1ea      	bne.n	10005436 <stdio_usb_in_chars+0x52>
10005460:	e7e7      	b.n	10005432 <stdio_usb_in_chars+0x4e>
10005462:	2403      	movs	r4, #3
10005464:	4264      	negs	r4, r4
10005466:	e7e9      	b.n	1000543c <stdio_usb_in_chars+0x58>
10005468:	000f4240 	.word	0x000f4240
1000546c:	20002cd0 	.word	0x20002cd0
10005470:	7fffffff 	.word	0x7fffffff

10005474 <stdio_usb_out_flush>:
10005474:	b510      	push	{r4, lr}
10005476:	f7fc fc35 	bl	10001ce4 <time_us_64>
1000547a:	2300      	movs	r3, #0
1000547c:	4a0e      	ldr	r2, [pc, #56]	@ (100054b8 <stdio_usb_out_flush+0x44>)
1000547e:	1812      	adds	r2, r2, r0
10005480:	414b      	adcs	r3, r1
10005482:	2180      	movs	r1, #128	@ 0x80
10005484:	0609      	lsls	r1, r1, #24
10005486:	428b      	cmp	r3, r1
10005488:	d302      	bcc.n	10005490 <stdio_usb_out_flush+0x1c>
1000548a:	2201      	movs	r2, #1
1000548c:	4b0b      	ldr	r3, [pc, #44]	@ (100054bc <stdio_usb_out_flush+0x48>)
1000548e:	4252      	negs	r2, r2
10005490:	4c0b      	ldr	r4, [pc, #44]	@ (100054c0 <stdio_usb_out_flush+0x4c>)
10005492:	0020      	movs	r0, r4
10005494:	f005 ffd0 	bl	1000b438 <__mutex_try_enter_block_until_veneer>
10005498:	2800      	cmp	r0, #0
1000549a:	d00c      	beq.n	100054b6 <stdio_usb_out_flush+0x42>
1000549c:	2001      	movs	r0, #1
1000549e:	2100      	movs	r1, #0
100054a0:	4240      	negs	r0, r0
100054a2:	f000 fccf 	bl	10005e44 <tud_task_ext>
100054a6:	2000      	movs	r0, #0
100054a8:	f001 fb22 	bl	10006af0 <tud_cdc_n_write_flush>
100054ac:	2800      	cmp	r0, #0
100054ae:	d1f5      	bne.n	1000549c <stdio_usb_out_flush+0x28>
100054b0:	0020      	movs	r0, r4
100054b2:	f005 ff99 	bl	1000b3e8 <__mutex_exit_veneer>
100054b6:	bd10      	pop	{r4, pc}
100054b8:	000f4240 	.word	0x000f4240
100054bc:	7fffffff 	.word	0x7fffffff
100054c0:	20002cd0 	.word	0x20002cd0

100054c4 <stdio_usb_out_chars>:
100054c4:	b5f8      	push	{r3, r4, r5, r6, r7, lr}
100054c6:	46de      	mov	lr, fp
100054c8:	4657      	mov	r7, sl
100054ca:	b580      	push	{r7, lr}
100054cc:	0005      	movs	r5, r0
100054ce:	000c      	movs	r4, r1
100054d0:	f7fc fc08 	bl	10001ce4 <time_us_64>
100054d4:	2300      	movs	r3, #0
100054d6:	4a37      	ldr	r2, [pc, #220]	@ (100055b4 <stdio_usb_out_chars+0xf0>)
100054d8:	1812      	adds	r2, r2, r0
100054da:	414b      	adcs	r3, r1
100054dc:	2180      	movs	r1, #128	@ 0x80
100054de:	0609      	lsls	r1, r1, #24
100054e0:	428b      	cmp	r3, r1
100054e2:	d302      	bcc.n	100054ea <stdio_usb_out_chars+0x26>
100054e4:	2201      	movs	r2, #1
100054e6:	4b34      	ldr	r3, [pc, #208]	@ (100055b8 <stdio_usb_out_chars+0xf4>)
100054e8:	4252      	negs	r2, r2
100054ea:	4934      	ldr	r1, [pc, #208]	@ (100055bc <stdio_usb_out_chars+0xf8>)
100054ec:	0008      	movs	r0, r1
100054ee:	468a      	mov	sl, r1
100054f0:	f005 ffa2 	bl	1000b438 <__mutex_try_enter_block_until_veneer>
100054f4:	2800      	cmp	r0, #0
100054f6:	d103      	bne.n	10005500 <stdio_usb_out_chars+0x3c>
100054f8:	bcc0      	pop	{r6, r7}
100054fa:	46bb      	mov	fp, r7
100054fc:	46b2      	mov	sl, r6
100054fe:	bdf8      	pop	{r3, r4, r5, r6, r7, pc}
10005500:	2000      	movs	r0, #0
10005502:	f001 fa8b 	bl	10006a1c <tud_cdc_n_connected>
10005506:	2800      	cmp	r0, #0
10005508:	d04a      	beq.n	100055a0 <stdio_usb_out_chars+0xdc>
1000550a:	2600      	movs	r6, #0
1000550c:	2c00      	cmp	r4, #0
1000550e:	dd43      	ble.n	10005598 <stdio_usb_out_chars+0xd4>
10005510:	4b2b      	ldr	r3, [pc, #172]	@ (100055c0 <stdio_usb_out_chars+0xfc>)
10005512:	469b      	mov	fp, r3
10005514:	e014      	b.n	10005540 <stdio_usb_out_chars+0x7c>
10005516:	19a9      	adds	r1, r5, r6
10005518:	2000      	movs	r0, #0
1000551a:	f001 fb23 	bl	10006b64 <tud_cdc_n_write>
1000551e:	0007      	movs	r7, r0
10005520:	2001      	movs	r0, #1
10005522:	2100      	movs	r1, #0
10005524:	4240      	negs	r0, r0
10005526:	f000 fc8d 	bl	10005e44 <tud_task_ext>
1000552a:	2000      	movs	r0, #0
1000552c:	f001 fae0 	bl	10006af0 <tud_cdc_n_write_flush>
10005530:	f7fc fbd8 	bl	10001ce4 <time_us_64>
10005534:	4b22      	ldr	r3, [pc, #136]	@ (100055c0 <stdio_usb_out_chars+0xfc>)
10005536:	19f6      	adds	r6, r6, r7
10005538:	6018      	str	r0, [r3, #0]
1000553a:	6059      	str	r1, [r3, #4]
1000553c:	42b4      	cmp	r4, r6
1000553e:	dd2b      	ble.n	10005598 <stdio_usb_out_chars+0xd4>
10005540:	2000      	movs	r0, #0
10005542:	f001 fb2f 	bl	10006ba4 <tud_cdc_n_write_available>
10005546:	1ba7      	subs	r7, r4, r6
10005548:	0002      	movs	r2, r0
1000554a:	42b8      	cmp	r0, r7
1000554c:	dd00      	ble.n	10005550 <stdio_usb_out_chars+0x8c>
1000554e:	003a      	movs	r2, r7
10005550:	2a00      	cmp	r2, #0
10005552:	d1e0      	bne.n	10005516 <stdio_usb_out_chars+0x52>
10005554:	2001      	movs	r0, #1
10005556:	2100      	movs	r1, #0
10005558:	4240      	negs	r0, r0
1000555a:	f000 fc73 	bl	10005e44 <tud_task_ext>
1000555e:	2000      	movs	r0, #0
10005560:	f001 fac6 	bl	10006af0 <tud_cdc_n_write_flush>
10005564:	2000      	movs	r0, #0
10005566:	f001 fa59 	bl	10006a1c <tud_cdc_n_connected>
1000556a:	2800      	cmp	r0, #0
1000556c:	d014      	beq.n	10005598 <stdio_usb_out_chars+0xd4>
1000556e:	2000      	movs	r0, #0
10005570:	f001 fb18 	bl	10006ba4 <tud_cdc_n_write_available>
10005574:	2800      	cmp	r0, #0
10005576:	d1e1      	bne.n	1000553c <stdio_usb_out_chars+0x78>
10005578:	f7fc fbb4 	bl	10001ce4 <time_us_64>
1000557c:	465b      	mov	r3, fp
1000557e:	000f      	movs	r7, r1
10005580:	681a      	ldr	r2, [r3, #0]
10005582:	685b      	ldr	r3, [r3, #4]
10005584:	2100      	movs	r1, #0
10005586:	4684      	mov	ip, r0
10005588:	480e      	ldr	r0, [pc, #56]	@ (100055c4 <stdio_usb_out_chars+0x100>)
1000558a:	1812      	adds	r2, r2, r0
1000558c:	414b      	adcs	r3, r1
1000558e:	429f      	cmp	r7, r3
10005590:	d802      	bhi.n	10005598 <stdio_usb_out_chars+0xd4>
10005592:	d1d3      	bne.n	1000553c <stdio_usb_out_chars+0x78>
10005594:	4594      	cmp	ip, r2
10005596:	d9d1      	bls.n	1000553c <stdio_usb_out_chars+0x78>
10005598:	4650      	mov	r0, sl
1000559a:	f005 ff25 	bl	1000b3e8 <__mutex_exit_veneer>
1000559e:	e7ab      	b.n	100054f8 <stdio_usb_out_chars+0x34>
100055a0:	2000      	movs	r0, #0
100055a2:	2100      	movs	r1, #0
100055a4:	4b06      	ldr	r3, [pc, #24]	@ (100055c0 <stdio_usb_out_chars+0xfc>)
100055a6:	6018      	str	r0, [r3, #0]
100055a8:	6059      	str	r1, [r3, #4]
100055aa:	4650      	mov	r0, sl
100055ac:	f005 ff1c 	bl	1000b3e8 <__mutex_exit_veneer>
100055b0:	e7a2      	b.n	100054f8 <stdio_usb_out_chars+0x34>
100055b2:	46c0      	nop			@ (mov r8, r8)
100055b4:	000f4240 	.word	0x000f4240
100055b8:	7fffffff 	.word	0x7fffffff
100055bc:	20002cd0 	.word	0x20002cd0
100055c0:	20001850 	.word	0x20001850
100055c4:	0007a120 	.word	0x0007a120

100055c8 <low_priority_worker_irq>:
100055c8:	b530      	push	{r4, r5, lr}
100055ca:	4c2b      	ldr	r4, [pc, #172]	@ (10005678 <low_priority_worker_irq+0xb0>)
100055cc:	b085      	sub	sp, #20
100055ce:	2100      	movs	r1, #0
100055d0:	0020      	movs	r0, r4
100055d2:	f005 ff21 	bl	1000b418 <__mutex_try_enter_veneer>
100055d6:	2800      	cmp	r0, #0
100055d8:	d11c      	bne.n	10005614 <low_priority_worker_irq+0x4c>
100055da:	4b28      	ldr	r3, [pc, #160]	@ (1000567c <low_priority_worker_irq+0xb4>)
100055dc:	681a      	ldr	r2, [r3, #0]
100055de:	2a00      	cmp	r2, #0
100055e0:	d016      	beq.n	10005610 <low_priority_worker_irq+0x48>
100055e2:	f3ef 8110 	mrs	r1, PRIMASK
100055e6:	b672      	cpsid	i
100055e8:	6810      	ldr	r0, [r2, #0]
100055ea:	2800      	cmp	r0, #0
100055ec:	d0fc      	beq.n	100055e8 <low_priority_worker_irq+0x20>
100055ee:	f3bf 8f5f 	dmb	sy
100055f2:	2401      	movs	r4, #1
100055f4:	4822      	ldr	r0, [pc, #136]	@ (10005680 <low_priority_worker_irq+0xb8>)
100055f6:	6059      	str	r1, [r3, #4]
100055f8:	7802      	ldrb	r2, [r0, #0]
100055fa:	681b      	ldr	r3, [r3, #0]
100055fc:	b2d2      	uxtb	r2, r2
100055fe:	7004      	strb	r4, [r0, #0]
10005600:	f3bf 8f5f 	dmb	sy
10005604:	2000      	movs	r0, #0
10005606:	6018      	str	r0, [r3, #0]
10005608:	f381 8810 	msr	PRIMASK, r1
1000560c:	2a00      	cmp	r2, #0
1000560e:	d017      	beq.n	10005640 <low_priority_worker_irq+0x78>
10005610:	b005      	add	sp, #20
10005612:	bd30      	pop	{r4, r5, pc}
10005614:	2001      	movs	r0, #1
10005616:	2100      	movs	r1, #0
10005618:	4240      	negs	r0, r0
1000561a:	f000 fc13 	bl	10005e44 <tud_task_ext>
1000561e:	2000      	movs	r0, #0
10005620:	f001 fa12 	bl	10006a48 <tud_cdc_n_available>
10005624:	0005      	movs	r5, r0
10005626:	0020      	movs	r0, r4
10005628:	f005 fede 	bl	1000b3e8 <__mutex_exit_veneer>
1000562c:	2d00      	cmp	r5, #0
1000562e:	d0ef      	beq.n	10005610 <low_priority_worker_irq+0x48>
10005630:	4b14      	ldr	r3, [pc, #80]	@ (10005684 <low_priority_worker_irq+0xbc>)
10005632:	681b      	ldr	r3, [r3, #0]
10005634:	2b00      	cmp	r3, #0
10005636:	d0eb      	beq.n	10005610 <low_priority_worker_irq+0x48>
10005638:	4a13      	ldr	r2, [pc, #76]	@ (10005688 <low_priority_worker_irq+0xc0>)
1000563a:	6810      	ldr	r0, [r2, #0]
1000563c:	4798      	blx	r3
1000563e:	e7e7      	b.n	10005610 <low_priority_worker_irq+0x48>
10005640:	f7fc f924 	bl	1000188c <alarm_pool_get_default>
10005644:	0004      	movs	r4, r0
10005646:	f7fc fb4d 	bl	10001ce4 <time_us_64>
1000564a:	22fa      	movs	r2, #250	@ 0xfa
1000564c:	2300      	movs	r3, #0
1000564e:	0092      	lsls	r2, r2, #2
10005650:	1812      	adds	r2, r2, r0
10005652:	414b      	adcs	r3, r1
10005654:	2180      	movs	r1, #128	@ 0x80
10005656:	0609      	lsls	r1, r1, #24
10005658:	428b      	cmp	r3, r1
1000565a:	d302      	bcc.n	10005662 <low_priority_worker_irq+0x9a>
1000565c:	2201      	movs	r2, #1
1000565e:	4b0b      	ldr	r3, [pc, #44]	@ (1000568c <low_priority_worker_irq+0xc4>)
10005660:	4252      	negs	r2, r2
10005662:	2101      	movs	r1, #1
10005664:	9102      	str	r1, [sp, #8]
10005666:	2100      	movs	r1, #0
10005668:	9101      	str	r1, [sp, #4]
1000566a:	4909      	ldr	r1, [pc, #36]	@ (10005690 <low_priority_worker_irq+0xc8>)
1000566c:	0020      	movs	r0, r4
1000566e:	9100      	str	r1, [sp, #0]
10005670:	f7fc f910 	bl	10001894 <alarm_pool_add_alarm_at>
10005674:	e7cc      	b.n	10005610 <low_priority_worker_irq+0x48>
10005676:	46c0      	nop			@ (mov r8, r8)
10005678:	20002cd0 	.word	0x20002cd0
1000567c:	20002ca8 	.word	0x20002ca8
10005680:	20002cf4 	.word	0x20002cf4
10005684:	20002428 	.word	0x20002428
10005688:	2000242c 	.word	0x2000242c
1000568c:	7fffffff 	.word	0x7fffffff
10005690:	10005381 	.word	0x10005381

10005694 <stdio_usb_init>:
10005694:	23d0      	movs	r3, #208	@ 0xd0
10005696:	b510      	push	{r4, lr}
10005698:	061b      	lsls	r3, r3, #24
1000569a:	b084      	sub	sp, #16
1000569c:	681c      	ldr	r4, [r3, #0]
1000569e:	f7fc f8f5 	bl	1000188c <alarm_pool_get_default>
100056a2:	f7fc f9f3 	bl	10001a8c <alarm_pool_core_num>
100056a6:	42a0      	cmp	r0, r4
100056a8:	d002      	beq.n	100056b0 <stdio_usb_init+0x1c>
100056aa:	2000      	movs	r0, #0
100056ac:	b004      	add	sp, #16
100056ae:	bd10      	pop	{r4, pc}
100056b0:	4b2a      	ldr	r3, [pc, #168]	@ (1000575c <stdio_usb_init+0xc8>)
100056b2:	2100      	movs	r1, #0
100056b4:	2000      	movs	r0, #0
100056b6:	781b      	ldrb	r3, [r3, #0]
100056b8:	f001 fd70 	bl	1000719c <tusb_rhport_init>
100056bc:	4828      	ldr	r0, [pc, #160]	@ (10005760 <stdio_usb_init+0xcc>)
100056be:	6803      	ldr	r3, [r0, #0]
100056c0:	2b00      	cmp	r3, #0
100056c2:	d047      	beq.n	10005754 <stdio_usb_init+0xc0>
100056c4:	2001      	movs	r0, #1
100056c6:	f7fb fe71 	bl	100013ac <user_irq_claim_unused>
100056ca:	23ff      	movs	r3, #255	@ 0xff
100056cc:	4c25      	ldr	r4, [pc, #148]	@ (10005764 <stdio_usb_init+0xd0>)
100056ce:	4926      	ldr	r1, [pc, #152]	@ (10005768 <stdio_usb_init+0xd4>)
100056d0:	7020      	strb	r0, [r4, #0]
100056d2:	4018      	ands	r0, r3
100056d4:	f7fb fcec 	bl	100010b0 <irq_set_exclusive_handler>
100056d8:	7820      	ldrb	r0, [r4, #0]
100056da:	2101      	movs	r1, #1
100056dc:	f7fb fcb0 	bl	10001040 <irq_set_enabled>
100056e0:	2005      	movs	r0, #5
100056e2:	f7fb fcd3 	bl	1000108c <irq_has_shared_handler>
100056e6:	2800      	cmp	r0, #0
100056e8:	d126      	bne.n	10005738 <stdio_usb_init+0xa4>
100056ea:	2208      	movs	r2, #8
100056ec:	2100      	movs	r1, #0
100056ee:	481f      	ldr	r0, [pc, #124]	@ (1000576c <stdio_usb_init+0xd8>)
100056f0:	f7fd ff2e 	bl	10003550 <__wrap_memset>
100056f4:	f7fc f8ca 	bl	1000188c <alarm_pool_get_default>
100056f8:	0004      	movs	r4, r0
100056fa:	f7fc faf3 	bl	10001ce4 <time_us_64>
100056fe:	22fa      	movs	r2, #250	@ 0xfa
10005700:	2300      	movs	r3, #0
10005702:	0092      	lsls	r2, r2, #2
10005704:	1812      	adds	r2, r2, r0
10005706:	414b      	adcs	r3, r1
10005708:	2180      	movs	r1, #128	@ 0x80
1000570a:	0609      	lsls	r1, r1, #24
1000570c:	428b      	cmp	r3, r1
1000570e:	d302      	bcc.n	10005716 <stdio_usb_init+0x82>
10005710:	2201      	movs	r2, #1
10005712:	4b17      	ldr	r3, [pc, #92]	@ (10005770 <stdio_usb_init+0xdc>)
10005714:	4252      	negs	r2, r2
10005716:	2101      	movs	r1, #1
10005718:	9102      	str	r1, [sp, #8]
1000571a:	2100      	movs	r1, #0
1000571c:	9101      	str	r1, [sp, #4]
1000571e:	4915      	ldr	r1, [pc, #84]	@ (10005774 <stdio_usb_init+0xe0>)
10005720:	0020      	movs	r0, r4
10005722:	9100      	str	r1, [sp, #0]
10005724:	f7fc f8b6 	bl	10001894 <alarm_pool_add_alarm_at>
10005728:	2800      	cmp	r0, #0
1000572a:	dbbe      	blt.n	100056aa <stdio_usb_init+0x16>
1000572c:	4812      	ldr	r0, [pc, #72]	@ (10005778 <stdio_usb_init+0xe4>)
1000572e:	2101      	movs	r1, #1
10005730:	f7ff fc46 	bl	10004fc0 <stdio_set_driver_enabled>
10005734:	2001      	movs	r0, #1
10005736:	e7b9      	b.n	100056ac <stdio_usb_init+0x18>
10005738:	2001      	movs	r0, #1
1000573a:	f7fb fc4f 	bl	10000fdc <spin_lock_claim_unused>
1000573e:	4b0b      	ldr	r3, [pc, #44]	@ (1000576c <stdio_usb_init+0xd8>)
10005740:	0001      	movs	r1, r0
10005742:	0018      	movs	r0, r3
10005744:	f7fb fe94 	bl	10001470 <critical_section_init_with_lock_num>
10005748:	2200      	movs	r2, #0
1000574a:	2005      	movs	r0, #5
1000574c:	490b      	ldr	r1, [pc, #44]	@ (1000577c <stdio_usb_init+0xe8>)
1000574e:	f7fb fcd9 	bl	10001104 <irq_add_shared_handler>
10005752:	e7eb      	b.n	1000572c <stdio_usb_init+0x98>
10005754:	f7fb fe70 	bl	10001438 <mutex_init>
10005758:	e7b4      	b.n	100056c4 <stdio_usb_init+0x30>
1000575a:	46c0      	nop			@ (mov r8, r8)
1000575c:	1000c0bc 	.word	0x1000c0bc
10005760:	20002cd0 	.word	0x20002cd0
10005764:	20002cf3 	.word	0x20002cf3
10005768:	100055c9 	.word	0x100055c9
1000576c:	20002ca8 	.word	0x20002ca8
10005770:	7fffffff 	.word	0x7fffffff
10005774:	10005381 	.word	0x10005381
10005778:	20000fe0 	.word	0x20000fe0
1000577c:	10005371 	.word	0x10005371

10005780 <tud_descriptor_device_cb>:
10005780:	4800      	ldr	r0, [pc, #0]	@ (10005784 <tud_descriptor_device_cb+0x4>)
10005782:	4770      	bx	lr
10005784:	1000bb48 	.word	0x1000bb48

10005788 <tud_descriptor_configuration_cb>:
10005788:	4800      	ldr	r0, [pc, #0]	@ (1000578c <tud_descriptor_configuration_cb+0x4>)
1000578a:	4770      	bx	lr
1000578c:	1000baf4 	.word	0x1000baf4

10005790 <tud_descriptor_string_cb>:
10005790:	b510      	push	{r4, lr}
10005792:	0004      	movs	r4, r0
10005794:	4817      	ldr	r0, [pc, #92]	@ (100057f4 <tud_descriptor_string_cb+0x64>)
10005796:	7803      	ldrb	r3, [r0, #0]
10005798:	2b00      	cmp	r3, #0
1000579a:	d020      	beq.n	100057de <tud_descriptor_string_cb+0x4e>
1000579c:	2c00      	cmp	r4, #0
1000579e:	d106      	bne.n	100057ae <tud_descriptor_string_cb+0x1e>
100057a0:	4b15      	ldr	r3, [pc, #84]	@ (100057f8 <tud_descriptor_string_cb+0x68>)
100057a2:	4816      	ldr	r0, [pc, #88]	@ (100057fc <tud_descriptor_string_cb+0x6c>)
100057a4:	8043      	strh	r3, [r0, #2]
100057a6:	3b06      	subs	r3, #6
100057a8:	3bff      	subs	r3, #255	@ 0xff
100057aa:	8003      	strh	r3, [r0, #0]
100057ac:	bd10      	pop	{r4, pc}
100057ae:	2c05      	cmp	r4, #5
100057b0:	d819      	bhi.n	100057e6 <tud_descriptor_string_cb+0x56>
100057b2:	4b13      	ldr	r3, [pc, #76]	@ (10005800 <tud_descriptor_string_cb+0x70>)
100057b4:	00a4      	lsls	r4, r4, #2
100057b6:	58e0      	ldr	r0, [r4, r3]
100057b8:	4912      	ldr	r1, [pc, #72]	@ (10005804 <tud_descriptor_string_cb+0x74>)
100057ba:	2301      	movs	r3, #1
100057bc:	3801      	subs	r0, #1
100057be:	e004      	b.n	100057ca <tud_descriptor_string_cb+0x3a>
100057c0:	3301      	adds	r3, #1
100057c2:	800a      	strh	r2, [r1, #0]
100057c4:	3102      	adds	r1, #2
100057c6:	2b14      	cmp	r3, #20
100057c8:	d00f      	beq.n	100057ea <tud_descriptor_string_cb+0x5a>
100057ca:	5cc2      	ldrb	r2, [r0, r3]
100057cc:	2a00      	cmp	r2, #0
100057ce:	d1f7      	bne.n	100057c0 <tud_descriptor_string_cb+0x30>
100057d0:	22c0      	movs	r2, #192	@ 0xc0
100057d2:	b2db      	uxtb	r3, r3
100057d4:	005b      	lsls	r3, r3, #1
100057d6:	0092      	lsls	r2, r2, #2
100057d8:	4808      	ldr	r0, [pc, #32]	@ (100057fc <tud_descriptor_string_cb+0x6c>)
100057da:	4313      	orrs	r3, r2
100057dc:	e7e5      	b.n	100057aa <tud_descriptor_string_cb+0x1a>
100057de:	2111      	movs	r1, #17
100057e0:	f000 f81a 	bl	10005818 <pico_get_unique_board_id_string>
100057e4:	e7da      	b.n	1000579c <tud_descriptor_string_cb+0xc>
100057e6:	2000      	movs	r0, #0
100057e8:	e7e0      	b.n	100057ac <tud_descriptor_string_cb+0x1c>
100057ea:	23ca      	movs	r3, #202	@ 0xca
100057ec:	4803      	ldr	r0, [pc, #12]	@ (100057fc <tud_descriptor_string_cb+0x6c>)
100057ee:	009b      	lsls	r3, r3, #2
100057f0:	e7db      	b.n	100057aa <tud_descriptor_string_cb+0x1a>
100057f2:	46c0      	nop			@ (mov r8, r8)
100057f4:	20002cdc 	.word	0x20002cdc
100057f8:	00000409 	.word	0x00000409
100057fc:	20002864 	.word	0x20002864
10005800:	1000badc 	.word	0x1000badc
10005804:	20002866 	.word	0x20002866

10005808 <_retrieve_unique_id_on_boot>:
10005808:	b510      	push	{r4, lr}
1000580a:	4802      	ldr	r0, [pc, #8]	@ (10005814 <_retrieve_unique_id_on_boot+0xc>)
1000580c:	f000 f8d8 	bl	100059c0 <flash_get_unique_id>
10005810:	bd10      	pop	{r4, pc}
10005812:	46c0      	nop			@ (mov r8, r8)
10005814:	20002cc0 	.word	0x20002cc0

10005818 <pico_get_unique_board_id_string>:
10005818:	b530      	push	{r4, r5, lr}
1000581a:	1e4b      	subs	r3, r1, #1
1000581c:	2901      	cmp	r1, #1
1000581e:	d100      	bne.n	10005822 <pico_get_unique_board_id_string+0xa>
10005820:	e0a7      	b.n	10005972 <pico_get_unique_board_id_string+0x15a>
10005822:	4a66      	ldr	r2, [pc, #408]	@ (100059bc <pico_get_unique_board_id_string+0x1a4>)
10005824:	7811      	ldrb	r1, [r2, #0]
10005826:	090d      	lsrs	r5, r1, #4
10005828:	002c      	movs	r4, r5
1000582a:	3430      	adds	r4, #48	@ 0x30
1000582c:	299f      	cmp	r1, #159	@ 0x9f
1000582e:	d900      	bls.n	10005832 <pico_get_unique_board_id_string+0x1a>
10005830:	e0a2      	b.n	10005978 <pico_get_unique_board_id_string+0x160>
10005832:	7004      	strb	r4, [r0, #0]
10005834:	2b01      	cmp	r3, #1
10005836:	d100      	bne.n	1000583a <pico_get_unique_board_id_string+0x22>
10005838:	e0be      	b.n	100059b8 <pico_get_unique_board_id_string+0x1a0>
1000583a:	210f      	movs	r1, #15
1000583c:	7814      	ldrb	r4, [r2, #0]
1000583e:	4021      	ands	r1, r4
10005840:	000c      	movs	r4, r1
10005842:	3430      	adds	r4, #48	@ 0x30
10005844:	2909      	cmp	r1, #9
10005846:	d900      	bls.n	1000584a <pico_get_unique_board_id_string+0x32>
10005848:	e098      	b.n	1000597c <pico_get_unique_board_id_string+0x164>
1000584a:	7044      	strb	r4, [r0, #1]
1000584c:	2b02      	cmp	r3, #2
1000584e:	d100      	bne.n	10005852 <pico_get_unique_board_id_string+0x3a>
10005850:	e0b2      	b.n	100059b8 <pico_get_unique_board_id_string+0x1a0>
10005852:	7854      	ldrb	r4, [r2, #1]
10005854:	0925      	lsrs	r5, r4, #4
10005856:	0029      	movs	r1, r5
10005858:	3130      	adds	r1, #48	@ 0x30
1000585a:	2c9f      	cmp	r4, #159	@ 0x9f
1000585c:	d900      	bls.n	10005860 <pico_get_unique_board_id_string+0x48>
1000585e:	e090      	b.n	10005982 <pico_get_unique_board_id_string+0x16a>
10005860:	7081      	strb	r1, [r0, #2]
10005862:	2b03      	cmp	r3, #3
10005864:	d100      	bne.n	10005868 <pico_get_unique_board_id_string+0x50>
10005866:	e0a7      	b.n	100059b8 <pico_get_unique_board_id_string+0x1a0>
10005868:	210f      	movs	r1, #15
1000586a:	4021      	ands	r1, r4
1000586c:	000c      	movs	r4, r1
1000586e:	3430      	adds	r4, #48	@ 0x30
10005870:	2909      	cmp	r1, #9
10005872:	d900      	bls.n	10005876 <pico_get_unique_board_id_string+0x5e>
10005874:	e087      	b.n	10005986 <pico_get_unique_board_id_string+0x16e>
10005876:	70c4      	strb	r4, [r0, #3]
10005878:	2b04      	cmp	r3, #4
1000587a:	d100      	bne.n	1000587e <pico_get_unique_board_id_string+0x66>
1000587c:	e09c      	b.n	100059b8 <pico_get_unique_board_id_string+0x1a0>
1000587e:	7894      	ldrb	r4, [r2, #2]
10005880:	0925      	lsrs	r5, r4, #4
10005882:	0029      	movs	r1, r5
10005884:	3130      	adds	r1, #48	@ 0x30
10005886:	2c9f      	cmp	r4, #159	@ 0x9f
10005888:	d900      	bls.n	1000588c <pico_get_unique_board_id_string+0x74>
1000588a:	e07f      	b.n	1000598c <pico_get_unique_board_id_string+0x174>
1000588c:	7101      	strb	r1, [r0, #4]
1000588e:	2b05      	cmp	r3, #5
10005890:	d100      	bne.n	10005894 <pico_get_unique_board_id_string+0x7c>
10005892:	e091      	b.n	100059b8 <pico_get_unique_board_id_string+0x1a0>
10005894:	210f      	movs	r1, #15
10005896:	4021      	ands	r1, r4
10005898:	000c      	movs	r4, r1
1000589a:	3430      	adds	r4, #48	@ 0x30
1000589c:	2909      	cmp	r1, #9
1000589e:	d900      	bls.n	100058a2 <pico_get_unique_board_id_string+0x8a>
100058a0:	e076      	b.n	10005990 <pico_get_unique_board_id_string+0x178>
100058a2:	7144      	strb	r4, [r0, #5]
100058a4:	2b06      	cmp	r3, #6
100058a6:	d100      	bne.n	100058aa <pico_get_unique_board_id_string+0x92>
100058a8:	e086      	b.n	100059b8 <pico_get_unique_board_id_string+0x1a0>
100058aa:	78d4      	ldrb	r4, [r2, #3]
100058ac:	0925      	lsrs	r5, r4, #4
100058ae:	0029      	movs	r1, r5
100058b0:	3130      	adds	r1, #48	@ 0x30
100058b2:	2c9f      	cmp	r4, #159	@ 0x9f
100058b4:	d900      	bls.n	100058b8 <pico_get_unique_board_id_string+0xa0>
100058b6:	e06e      	b.n	10005996 <pico_get_unique_board_id_string+0x17e>
100058b8:	7181      	strb	r1, [r0, #6]
100058ba:	2b07      	cmp	r3, #7
100058bc:	d100      	bne.n	100058c0 <pico_get_unique_board_id_string+0xa8>
100058be:	e07b      	b.n	100059b8 <pico_get_unique_board_id_string+0x1a0>
100058c0:	210f      	movs	r1, #15
100058c2:	4021      	ands	r1, r4
100058c4:	000c      	movs	r4, r1
100058c6:	3430      	adds	r4, #48	@ 0x30
100058c8:	2909      	cmp	r1, #9
100058ca:	d866      	bhi.n	1000599a <pico_get_unique_board_id_string+0x182>
100058cc:	71c4      	strb	r4, [r0, #7]
100058ce:	2b08      	cmp	r3, #8
100058d0:	d100      	bne.n	100058d4 <pico_get_unique_board_id_string+0xbc>
100058d2:	e071      	b.n	100059b8 <pico_get_unique_board_id_string+0x1a0>
100058d4:	7914      	ldrb	r4, [r2, #4]
100058d6:	0925      	lsrs	r5, r4, #4
100058d8:	0029      	movs	r1, r5
100058da:	3130      	adds	r1, #48	@ 0x30
100058dc:	2c9f      	cmp	r4, #159	@ 0x9f
100058de:	d85f      	bhi.n	100059a0 <pico_get_unique_board_id_string+0x188>
100058e0:	7201      	strb	r1, [r0, #8]
100058e2:	2b09      	cmp	r3, #9
100058e4:	d068      	beq.n	100059b8 <pico_get_unique_board_id_string+0x1a0>
100058e6:	210f      	movs	r1, #15
100058e8:	4021      	ands	r1, r4
100058ea:	000c      	movs	r4, r1
100058ec:	3430      	adds	r4, #48	@ 0x30
100058ee:	2909      	cmp	r1, #9
100058f0:	d858      	bhi.n	100059a4 <pico_get_unique_board_id_string+0x18c>
100058f2:	7244      	strb	r4, [r0, #9]
100058f4:	2b0a      	cmp	r3, #10
100058f6:	d05f      	beq.n	100059b8 <pico_get_unique_board_id_string+0x1a0>
100058f8:	7954      	ldrb	r4, [r2, #5]
100058fa:	0925      	lsrs	r5, r4, #4
100058fc:	0029      	movs	r1, r5
100058fe:	3130      	adds	r1, #48	@ 0x30
10005900:	2c9f      	cmp	r4, #159	@ 0x9f
10005902:	d852      	bhi.n	100059aa <pico_get_unique_board_id_string+0x192>
10005904:	7281      	strb	r1, [r0, #10]
10005906:	2b0b      	cmp	r3, #11
10005908:	d056      	beq.n	100059b8 <pico_get_unique_board_id_string+0x1a0>
1000590a:	210f      	movs	r1, #15
1000590c:	4021      	ands	r1, r4
1000590e:	000c      	movs	r4, r1
10005910:	3430      	adds	r4, #48	@ 0x30
10005912:	2909      	cmp	r1, #9
10005914:	d84b      	bhi.n	100059ae <pico_get_unique_board_id_string+0x196>
10005916:	72c4      	strb	r4, [r0, #11]
10005918:	2b0c      	cmp	r3, #12
1000591a:	d04d      	beq.n	100059b8 <pico_get_unique_board_id_string+0x1a0>
1000591c:	7994      	ldrb	r4, [r2, #6]
1000591e:	0925      	lsrs	r5, r4, #4
10005920:	0029      	movs	r1, r5
10005922:	3130      	adds	r1, #48	@ 0x30
10005924:	2c9f      	cmp	r4, #159	@ 0x9f
10005926:	d900      	bls.n	1000592a <pico_get_unique_board_id_string+0x112>
10005928:	3107      	adds	r1, #7
1000592a:	7301      	strb	r1, [r0, #12]
1000592c:	2b0d      	cmp	r3, #13
1000592e:	d043      	beq.n	100059b8 <pico_get_unique_board_id_string+0x1a0>
10005930:	210f      	movs	r1, #15
10005932:	4021      	ands	r1, r4
10005934:	000c      	movs	r4, r1
10005936:	3430      	adds	r4, #48	@ 0x30
10005938:	2909      	cmp	r1, #9
1000593a:	d901      	bls.n	10005940 <pico_get_unique_board_id_string+0x128>
1000593c:	3137      	adds	r1, #55	@ 0x37
1000593e:	000c      	movs	r4, r1
10005940:	7344      	strb	r4, [r0, #13]
10005942:	2b0e      	cmp	r3, #14
10005944:	d038      	beq.n	100059b8 <pico_get_unique_board_id_string+0x1a0>
10005946:	79d1      	ldrb	r1, [r2, #7]
10005948:	090c      	lsrs	r4, r1, #4
1000594a:	0022      	movs	r2, r4
1000594c:	3230      	adds	r2, #48	@ 0x30
1000594e:	299f      	cmp	r1, #159	@ 0x9f
10005950:	d900      	bls.n	10005954 <pico_get_unique_board_id_string+0x13c>
10005952:	3207      	adds	r2, #7
10005954:	7382      	strb	r2, [r0, #14]
10005956:	2b0f      	cmp	r3, #15
10005958:	d02e      	beq.n	100059b8 <pico_get_unique_board_id_string+0x1a0>
1000595a:	220f      	movs	r2, #15
1000595c:	400a      	ands	r2, r1
1000595e:	0011      	movs	r1, r2
10005960:	3137      	adds	r1, #55	@ 0x37
10005962:	2a09      	cmp	r2, #9
10005964:	d801      	bhi.n	1000596a <pico_get_unique_board_id_string+0x152>
10005966:	3230      	adds	r2, #48	@ 0x30
10005968:	0011      	movs	r1, r2
1000596a:	73c1      	strb	r1, [r0, #15]
1000596c:	2b10      	cmp	r3, #16
1000596e:	d023      	beq.n	100059b8 <pico_get_unique_board_id_string+0x1a0>
10005970:	3010      	adds	r0, #16
10005972:	2300      	movs	r3, #0
10005974:	7003      	strb	r3, [r0, #0]
10005976:	bd30      	pop	{r4, r5, pc}
10005978:	3407      	adds	r4, #7
1000597a:	e75a      	b.n	10005832 <pico_get_unique_board_id_string+0x1a>
1000597c:	3137      	adds	r1, #55	@ 0x37
1000597e:	000c      	movs	r4, r1
10005980:	e763      	b.n	1000584a <pico_get_unique_board_id_string+0x32>
10005982:	3107      	adds	r1, #7
10005984:	e76c      	b.n	10005860 <pico_get_unique_board_id_string+0x48>
10005986:	3137      	adds	r1, #55	@ 0x37
10005988:	000c      	movs	r4, r1
1000598a:	e774      	b.n	10005876 <pico_get_unique_board_id_string+0x5e>
1000598c:	3107      	adds	r1, #7
1000598e:	e77d      	b.n	1000588c <pico_get_unique_board_id_string+0x74>
10005990:	3137      	adds	r1, #55	@ 0x37
10005992:	000c      	movs	r4, r1
10005994:	e785      	b.n	100058a2 <pico_get_unique_board_id_string+0x8a>
10005996:	3107      	adds	r1, #7
10005998:	e78e      	b.n	100058b8 <pico_get_unique_board_id_string+0xa0>
1000599a:	3137      	adds	r1, #55	@ 0x37
1000599c:	000c      	movs	r4, r1
1000599e:	e795      	b.n	100058cc <pico_get_unique_board_id_string+0xb4>
100059a0:	3107      	adds	r1, #7
100059a2:	e79d      	b.n	100058e0 <pico_get_unique_board_id_string+0xc8>
100059a4:	3137      	adds	r1, #55	@ 0x37
100059a6:	000c      	movs	r4, r1
100059a8:	e7a3      	b.n	100058f2 <pico_get_unique_board_id_string+0xda>
100059aa:	3107      	adds	r1, #7
100059ac:	e7aa      	b.n	10005904 <pico_get_unique_board_id_string+0xec>
100059ae:	3137      	adds	r1, #55	@ 0x37
100059b0:	000c      	movs	r4, r1
100059b2:	72c4      	strb	r4, [r0, #11]
100059b4:	2b0c      	cmp	r3, #12
100059b6:	d1b1      	bne.n	1000591c <pico_get_unique_board_id_string+0x104>
100059b8:	18c0      	adds	r0, r0, r3
100059ba:	e7da      	b.n	10005972 <pico_get_unique_board_id_string+0x15a>
100059bc:	20002cc0 	.word	0x20002cc0

100059c0 <flash_get_unique_id>:
100059c0:	b510      	push	{r4, lr}
100059c2:	b088      	sub	sp, #32
100059c4:	0004      	movs	r4, r0
100059c6:	220d      	movs	r2, #13
100059c8:	2100      	movs	r1, #0
100059ca:	4668      	mov	r0, sp
100059cc:	f7fd fdc0 	bl	10003550 <__wrap_memset>
100059d0:	220d      	movs	r2, #13
100059d2:	2100      	movs	r1, #0
100059d4:	a804      	add	r0, sp, #16
100059d6:	f7fd fdbb 	bl	10003550 <__wrap_memset>
100059da:	234b      	movs	r3, #75	@ 0x4b
100059dc:	466a      	mov	r2, sp
100059de:	4668      	mov	r0, sp
100059e0:	7013      	strb	r3, [r2, #0]
100059e2:	a904      	add	r1, sp, #16
100059e4:	220d      	movs	r2, #13
100059e6:	f005 fcf7 	bl	1000b3d8 <__flash_do_cmd_veneer>
100059ea:	2115      	movs	r1, #21
100059ec:	2208      	movs	r2, #8
100059ee:	0020      	movs	r0, r4
100059f0:	4469      	add	r1, sp
100059f2:	f7fd fdb3 	bl	1000355c <__wrap___aeabi_memcpy>
100059f6:	b008      	add	sp, #32
100059f8:	bd10      	pop	{r4, pc}
100059fa:	46c0      	nop			@ (mov r8, r8)

100059fc <dcd_init>:
100059fc:	b5f8      	push	{r3, r4, r5, r6, r7, lr}
100059fe:	f000 f943 	bl	10005c88 <rp2040_usb_init>
10005a02:	230c      	movs	r3, #12
10005a04:	4d19      	ldr	r5, [pc, #100]	@ (10005a6c <dcd_init+0x70>)
10005a06:	22ff      	movs	r2, #255	@ 0xff
10005a08:	67ab      	str	r3, [r5, #120]	@ 0x78
10005a0a:	2005      	movs	r0, #5
10005a0c:	4918      	ldr	r1, [pc, #96]	@ (10005a70 <dcd_init+0x74>)
10005a0e:	f7fb fb79 	bl	10001104 <irq_add_shared_handler>
10005a12:	4c18      	ldr	r4, [pc, #96]	@ (10005a74 <dcd_init+0x78>)
10005a14:	2240      	movs	r2, #64	@ 0x40
10005a16:	2100      	movs	r1, #0
10005a18:	0020      	movs	r0, r4
10005a1a:	f7fd fd99 	bl	10003550 <__wrap_memset>
10005a1e:	2740      	movs	r7, #64	@ 0x40
10005a20:	2300      	movs	r3, #0
10005a22:	2601      	movs	r6, #1
10005a24:	2121      	movs	r1, #33	@ 0x21
10005a26:	4a14      	ldr	r2, [pc, #80]	@ (10005a78 <dcd_init+0x7c>)
10005a28:	7066      	strb	r6, [r4, #1]
10005a2a:	8327      	strh	r7, [r4, #24]
10005a2c:	60a2      	str	r2, [r4, #8]
10005a2e:	6013      	str	r3, [r2, #0]
10005a30:	5463      	strb	r3, [r4, r1]
10005a32:	315f      	adds	r1, #95	@ 0x5f
10005a34:	8461      	strh	r1, [r4, #34]	@ 0x22
10005a36:	3945      	subs	r1, #69	@ 0x45
10005a38:	5463      	strb	r3, [r4, r1]
10005a3a:	4a10      	ldr	r2, [pc, #64]	@ (10005a7c <dcd_init+0x80>)
10005a3c:	4910      	ldr	r1, [pc, #64]	@ (10005a80 <dcd_init+0x84>)
10005a3e:	6063      	str	r3, [r4, #4]
10005a40:	60e2      	str	r2, [r4, #12]
10005a42:	8727      	strh	r7, [r4, #56]	@ 0x38
10005a44:	62a1      	str	r1, [r4, #40]	@ 0x28
10005a46:	600b      	str	r3, [r1, #0]
10005a48:	6263      	str	r3, [r4, #36]	@ 0x24
10005a4a:	62e2      	str	r2, [r4, #44]	@ 0x2c
10005a4c:	f005 fcbc 	bl	1000b3c8 <__reset_non_control_endpoints_veneer>
10005a50:	2380      	movs	r3, #128	@ 0x80
10005a52:	059b      	lsls	r3, r3, #22
10005a54:	642e      	str	r6, [r5, #64]	@ 0x40
10005a56:	64eb      	str	r3, [r5, #76]	@ 0x4c
10005a58:	2390      	movs	r3, #144	@ 0x90
10005a5a:	4a0a      	ldr	r2, [pc, #40]	@ (10005a84 <dcd_init+0x88>)
10005a5c:	2001      	movs	r0, #1
10005a5e:	50ea      	str	r2, [r5, r3]
10005a60:	2280      	movs	r2, #128	@ 0x80
10005a62:	4b09      	ldr	r3, [pc, #36]	@ (10005a88 <dcd_init+0x8c>)
10005a64:	0252      	lsls	r2, r2, #9
10005a66:	64da      	str	r2, [r3, #76]	@ 0x4c
10005a68:	bdf8      	pop	{r3, r4, r5, r6, r7, pc}
10005a6a:	46c0      	nop			@ (mov r8, r8)
10005a6c:	50110000 	.word	0x50110000
10005a70:	20000491 	.word	0x20000491
10005a74:	2000289c 	.word	0x2000289c
10005a78:	50100084 	.word	0x50100084
10005a7c:	50100100 	.word	0x50100100
10005a80:	50100080 	.word	0x50100080
10005a84:	0001d010 	.word	0x0001d010
10005a88:	50112000 	.word	0x50112000

10005a8c <dcd_int_enable>:
10005a8c:	b510      	push	{r4, lr}
10005a8e:	2101      	movs	r1, #1
10005a90:	2005      	movs	r0, #5
10005a92:	f7fb fad5 	bl	10001040 <irq_set_enabled>
10005a96:	bd10      	pop	{r4, pc}

10005a98 <dcd_set_address>:
10005a98:	b510      	push	{r4, lr}
10005a9a:	2200      	movs	r2, #0
10005a9c:	2100      	movs	r1, #0
10005a9e:	4802      	ldr	r0, [pc, #8]	@ (10005aa8 <dcd_set_address+0x10>)
10005aa0:	f000 f912 	bl	10005cc8 <hw_endpoint_xfer_start>
10005aa4:	bd10      	pop	{r4, pc}
10005aa6:	46c0      	nop			@ (mov r8, r8)
10005aa8:	200028bc 	.word	0x200028bc

10005aac <dcd_sof_enable>:
10005aac:	4b04      	ldr	r3, [pc, #16]	@ (10005ac0 <dcd_sof_enable+0x14>)
10005aae:	7019      	strb	r1, [r3, #0]
10005ab0:	2900      	cmp	r1, #0
10005ab2:	d004      	beq.n	10005abe <dcd_sof_enable+0x12>
10005ab4:	2180      	movs	r1, #128	@ 0x80
10005ab6:	2390      	movs	r3, #144	@ 0x90
10005ab8:	4a02      	ldr	r2, [pc, #8]	@ (10005ac4 <dcd_sof_enable+0x18>)
10005aba:	0289      	lsls	r1, r1, #10
10005abc:	50d1      	str	r1, [r2, r3]
10005abe:	4770      	bx	lr
10005ac0:	20002cee 	.word	0x20002cee
10005ac4:	50112000 	.word	0x50112000

10005ac8 <dcd_edpt0_status_complete>:
10005ac8:	780b      	ldrb	r3, [r1, #0]
10005aca:	065b      	lsls	r3, r3, #25
10005acc:	d102      	bne.n	10005ad4 <dcd_edpt0_status_complete+0xc>
10005ace:	784b      	ldrb	r3, [r1, #1]
10005ad0:	2b05      	cmp	r3, #5
10005ad2:	d000      	beq.n	10005ad6 <dcd_edpt0_status_complete+0xe>
10005ad4:	4770      	bx	lr
10005ad6:	788a      	ldrb	r2, [r1, #2]
10005ad8:	4b01      	ldr	r3, [pc, #4]	@ (10005ae0 <dcd_edpt0_status_complete+0x18>)
10005ada:	601a      	str	r2, [r3, #0]
10005adc:	e7fa      	b.n	10005ad4 <dcd_edpt0_status_complete+0xc>
10005ade:	46c0      	nop			@ (mov r8, r8)
10005ae0:	50110000 	.word	0x50110000

10005ae4 <dcd_edpt_open>:
10005ae4:	b5f0      	push	{r4, r5, r6, r7, lr}
10005ae6:	46c6      	mov	lr, r8
10005ae8:	78c8      	ldrb	r0, [r1, #3]
10005aea:	b500      	push	{lr}
10005aec:	0780      	lsls	r0, r0, #30
10005aee:	0f83      	lsrs	r3, r0, #30
10005af0:	0018      	movs	r0, r3
10005af2:	2b01      	cmp	r3, #1
10005af4:	d060      	beq.n	10005bb8 <dcd_edpt_open+0xd4>
10005af6:	788f      	ldrb	r7, [r1, #2]
10005af8:	790a      	ldrb	r2, [r1, #4]
10005afa:	794b      	ldrb	r3, [r1, #5]
10005afc:	217f      	movs	r1, #127	@ 0x7f
10005afe:	4039      	ands	r1, r7
10005b00:	09fc      	lsrs	r4, r7, #7
10005b02:	021b      	lsls	r3, r3, #8
10005b04:	004e      	lsls	r6, r1, #1
10005b06:	4313      	orrs	r3, r2
10005b08:	4d33      	ldr	r5, [pc, #204]	@ (10005bd8 <dcd_edpt_open+0xf4>)
10005b0a:	1932      	adds	r2, r6, r4
10005b0c:	0152      	lsls	r2, r2, #5
10005b0e:	18aa      	adds	r2, r5, r2
10005b10:	7097      	strb	r7, [r2, #2]
10005b12:	2701      	movs	r7, #1
10005b14:	4067      	eors	r7, r4
10005b16:	7057      	strb	r7, [r2, #1]
10005b18:	2700      	movs	r7, #0
10005b1a:	055b      	lsls	r3, r3, #21
10005b1c:	0d5b      	lsrs	r3, r3, #21
10005b1e:	70d7      	strb	r7, [r2, #3]
10005b20:	8313      	strh	r3, [r2, #24]
10005b22:	76d0      	strb	r0, [r2, #27]
10005b24:	46b8      	mov	r8, r7
10005b26:	00ca      	lsls	r2, r1, #3
10005b28:	2c01      	cmp	r4, #1
10005b2a:	d032      	beq.n	10005b92 <dcd_edpt_open+0xae>
10005b2c:	4f2b      	ldr	r7, [pc, #172]	@ (10005bdc <dcd_edpt_open+0xf8>)
10005b2e:	46bc      	mov	ip, r7
10005b30:	018f      	lsls	r7, r1, #6
10005b32:	4462      	add	r2, ip
10005b34:	46bc      	mov	ip, r7
10005b36:	44ac      	add	ip, r5
10005b38:	4667      	mov	r7, ip
10005b3a:	60ba      	str	r2, [r7, #8]
10005b3c:	4647      	mov	r7, r8
10005b3e:	6017      	str	r7, [r2, #0]
10005b40:	2900      	cmp	r1, #0
10005b42:	d032      	beq.n	10005baa <dcd_edpt_open+0xc6>
10005b44:	4a26      	ldr	r2, [pc, #152]	@ (10005be0 <dcd_edpt_open+0xfc>)
10005b46:	00c9      	lsls	r1, r1, #3
10005b48:	4690      	mov	r8, r2
10005b4a:	4662      	mov	r2, ip
10005b4c:	4441      	add	r1, r8
10005b4e:	6051      	str	r1, [r2, #4]
10005b50:	223f      	movs	r2, #63	@ 0x3f
10005b52:	333f      	adds	r3, #63	@ 0x3f
10005b54:	4393      	bics	r3, r2
10005b56:	2802      	cmp	r0, #2
10005b58:	d037      	beq.n	10005bca <dcd_edpt_open+0xe6>
10005b5a:	4922      	ldr	r1, [pc, #136]	@ (10005be4 <dcd_edpt_open+0x100>)
10005b5c:	1937      	adds	r7, r6, r4
10005b5e:	680a      	ldr	r2, [r1, #0]
10005b60:	017f      	lsls	r7, r7, #5
10005b62:	18d3      	adds	r3, r2, r3
10005b64:	600b      	str	r3, [r1, #0]
10005b66:	4920      	ldr	r1, [pc, #128]	@ (10005be8 <dcd_edpt_open+0x104>)
10005b68:	19ef      	adds	r7, r5, r7
10005b6a:	60fa      	str	r2, [r7, #12]
10005b6c:	428b      	cmp	r3, r1
10005b6e:	d82e      	bhi.n	10005bce <dcd_edpt_open+0xea>
10005b70:	1936      	adds	r6, r6, r4
10005b72:	0176      	lsls	r6, r6, #5
10005b74:	19ad      	adds	r5, r5, r6
10005b76:	7eeb      	ldrb	r3, [r5, #27]
10005b78:	491c      	ldr	r1, [pc, #112]	@ (10005bec <dcd_edpt_open+0x108>)
10005b7a:	069b      	lsls	r3, r3, #26
10005b7c:	404a      	eors	r2, r1
10005b7e:	4313      	orrs	r3, r2
10005b80:	2280      	movs	r2, #128	@ 0x80
10005b82:	0612      	lsls	r2, r2, #24
10005b84:	4313      	orrs	r3, r2
10005b86:	686a      	ldr	r2, [r5, #4]
10005b88:	6013      	str	r3, [r2, #0]
10005b8a:	2001      	movs	r0, #1
10005b8c:	bc80      	pop	{r7}
10005b8e:	46b8      	mov	r8, r7
10005b90:	bdf0      	pop	{r4, r5, r6, r7, pc}
10005b92:	4f17      	ldr	r7, [pc, #92]	@ (10005bf0 <dcd_edpt_open+0x10c>)
10005b94:	46bc      	mov	ip, r7
10005b96:	018f      	lsls	r7, r1, #6
10005b98:	4462      	add	r2, ip
10005b9a:	46bc      	mov	ip, r7
10005b9c:	44ac      	add	ip, r5
10005b9e:	4667      	mov	r7, ip
10005ba0:	62ba      	str	r2, [r7, #40]	@ 0x28
10005ba2:	4647      	mov	r7, r8
10005ba4:	6017      	str	r7, [r2, #0]
10005ba6:	2900      	cmp	r1, #0
10005ba8:	d108      	bne.n	10005bbc <dcd_edpt_open+0xd8>
10005baa:	2300      	movs	r3, #0
10005bac:	0164      	lsls	r4, r4, #5
10005bae:	192c      	adds	r4, r5, r4
10005bb0:	6063      	str	r3, [r4, #4]
10005bb2:	4b10      	ldr	r3, [pc, #64]	@ (10005bf4 <dcd_edpt_open+0x110>)
10005bb4:	60e3      	str	r3, [r4, #12]
10005bb6:	e7e8      	b.n	10005b8a <dcd_edpt_open+0xa6>
10005bb8:	2000      	movs	r0, #0
10005bba:	e7e7      	b.n	10005b8c <dcd_edpt_open+0xa8>
10005bbc:	4a0b      	ldr	r2, [pc, #44]	@ (10005bec <dcd_edpt_open+0x108>)
10005bbe:	00c9      	lsls	r1, r1, #3
10005bc0:	4690      	mov	r8, r2
10005bc2:	4662      	mov	r2, ip
10005bc4:	4441      	add	r1, r8
10005bc6:	6251      	str	r1, [r2, #36]	@ 0x24
10005bc8:	e7c2      	b.n	10005b50 <dcd_edpt_open+0x6c>
10005bca:	005b      	lsls	r3, r3, #1
10005bcc:	e7c5      	b.n	10005b5a <dcd_edpt_open+0x76>
10005bce:	f7fc fb8d 	bl	100022ec <hard_assertion_failure>
10005bd2:	68fa      	ldr	r2, [r7, #12]
10005bd4:	e7cc      	b.n	10005b70 <dcd_edpt_open+0x8c>
10005bd6:	46c0      	nop			@ (mov r8, r8)
10005bd8:	2000289c 	.word	0x2000289c
10005bdc:	50100084 	.word	0x50100084
10005be0:	50100004 	.word	0x50100004
10005be4:	20002ca4 	.word	0x20002ca4
10005be8:	50100fff 	.word	0x50100fff
10005bec:	50100000 	.word	0x50100000
10005bf0:	50100080 	.word	0x50100080
10005bf4:	50100100 	.word	0x50100100

10005bf8 <dcd_edpt_close_all>:
10005bf8:	b510      	push	{r4, lr}
10005bfa:	f005 fbe5 	bl	1000b3c8 <__reset_non_control_endpoints_veneer>
10005bfe:	bd10      	pop	{r4, pc}

10005c00 <dcd_edpt_xfer>:
10005c00:	b510      	push	{r4, lr}
10005c02:	207f      	movs	r0, #127	@ 0x7f
10005c04:	000c      	movs	r4, r1
10005c06:	4020      	ands	r0, r4
10005c08:	0040      	lsls	r0, r0, #1
10005c0a:	09e4      	lsrs	r4, r4, #7
10005c0c:	0011      	movs	r1, r2
10005c0e:	1900      	adds	r0, r0, r4
10005c10:	001a      	movs	r2, r3
10005c12:	4b03      	ldr	r3, [pc, #12]	@ (10005c20 <dcd_edpt_xfer+0x20>)
10005c14:	0140      	lsls	r0, r0, #5
10005c16:	18c0      	adds	r0, r0, r3
10005c18:	f000 f856 	bl	10005cc8 <hw_endpoint_xfer_start>
10005c1c:	2001      	movs	r0, #1
10005c1e:	bd10      	pop	{r4, pc}
10005c20:	2000289c 	.word	0x2000289c

10005c24 <dcd_edpt_stall>:
10005c24:	237f      	movs	r3, #127	@ 0x7f
10005c26:	0018      	movs	r0, r3
10005c28:	b510      	push	{r4, lr}
10005c2a:	4008      	ands	r0, r1
10005c2c:	09ca      	lsrs	r2, r1, #7
10005c2e:	420b      	tst	r3, r1
10005c30:	d103      	bne.n	10005c3a <dcd_edpt_stall+0x16>
10005c32:	4907      	ldr	r1, [pc, #28]	@ (10005c50 <dcd_edpt_stall+0x2c>)
10005c34:	3b7d      	subs	r3, #125	@ 0x7d
10005c36:	1a9b      	subs	r3, r3, r2
10005c38:	668b      	str	r3, [r1, #104]	@ 0x68
10005c3a:	0040      	lsls	r0, r0, #1
10005c3c:	1880      	adds	r0, r0, r2
10005c3e:	2280      	movs	r2, #128	@ 0x80
10005c40:	4b04      	ldr	r3, [pc, #16]	@ (10005c54 <dcd_edpt_stall+0x30>)
10005c42:	0140      	lsls	r0, r0, #5
10005c44:	2100      	movs	r1, #0
10005c46:	18c0      	adds	r0, r0, r3
10005c48:	0112      	lsls	r2, r2, #4
10005c4a:	f005 fc0d 	bl	1000b468 <___hw_endpoint_buffer_control_update32_veneer>
10005c4e:	bd10      	pop	{r4, pc}
10005c50:	50112000 	.word	0x50112000
10005c54:	2000289c 	.word	0x2000289c

10005c58 <dcd_edpt_clear_stall>:
10005c58:	227f      	movs	r2, #127	@ 0x7f
10005c5a:	0013      	movs	r3, r2
10005c5c:	b510      	push	{r4, lr}
10005c5e:	400b      	ands	r3, r1
10005c60:	420a      	tst	r2, r1
10005c62:	d100      	bne.n	10005c66 <dcd_edpt_clear_stall+0xe>
10005c64:	bd10      	pop	{r4, pc}
10005c66:	09c9      	lsrs	r1, r1, #7
10005c68:	005b      	lsls	r3, r3, #1
10005c6a:	185b      	adds	r3, r3, r1
10005c6c:	4804      	ldr	r0, [pc, #16]	@ (10005c80 <dcd_edpt_clear_stall+0x28>)
10005c6e:	015b      	lsls	r3, r3, #5
10005c70:	18c0      	adds	r0, r0, r3
10005c72:	2300      	movs	r3, #0
10005c74:	2200      	movs	r2, #0
10005c76:	4903      	ldr	r1, [pc, #12]	@ (10005c84 <dcd_edpt_clear_stall+0x2c>)
10005c78:	70c3      	strb	r3, [r0, #3]
10005c7a:	f005 fbf5 	bl	1000b468 <___hw_endpoint_buffer_control_update32_veneer>
10005c7e:	e7f1      	b.n	10005c64 <dcd_edpt_clear_stall+0xc>
10005c80:	2000289c 	.word	0x2000289c
10005c84:	fffff7ff 	.word	0xfffff7ff

10005c88 <rp2040_usb_init>:
10005c88:	2280      	movs	r2, #128	@ 0x80
10005c8a:	4b0a      	ldr	r3, [pc, #40]	@ (10005cb4 <rp2040_usb_init+0x2c>)
10005c8c:	0452      	lsls	r2, r2, #17
10005c8e:	b510      	push	{r4, lr}
10005c90:	601a      	str	r2, [r3, #0]
10005c92:	4b09      	ldr	r3, [pc, #36]	@ (10005cb8 <rp2040_usb_init+0x30>)
10005c94:	4909      	ldr	r1, [pc, #36]	@ (10005cbc <rp2040_usb_init+0x34>)
10005c96:	601a      	str	r2, [r3, #0]
10005c98:	0010      	movs	r0, r2
10005c9a:	680b      	ldr	r3, [r1, #0]
10005c9c:	4398      	bics	r0, r3
10005c9e:	d1fb      	bne.n	10005c98 <rp2040_usb_init+0x10>
10005ca0:	2280      	movs	r2, #128	@ 0x80
10005ca2:	2100      	movs	r1, #0
10005ca4:	0152      	lsls	r2, r2, #5
10005ca6:	4806      	ldr	r0, [pc, #24]	@ (10005cc0 <rp2040_usb_init+0x38>)
10005ca8:	f7fd fc52 	bl	10003550 <__wrap_memset>
10005cac:	2209      	movs	r2, #9
10005cae:	4b05      	ldr	r3, [pc, #20]	@ (10005cc4 <rp2040_usb_init+0x3c>)
10005cb0:	675a      	str	r2, [r3, #116]	@ 0x74
10005cb2:	bd10      	pop	{r4, pc}
10005cb4:	4000e000 	.word	0x4000e000
10005cb8:	4000f000 	.word	0x4000f000
10005cbc:	4000c008 	.word	0x4000c008
10005cc0:	50100000 	.word	0x50100000
10005cc4:	50110000 	.word	0x50110000

10005cc8 <hw_endpoint_xfer_start>:
10005cc8:	2300      	movs	r3, #0
10005cca:	b510      	push	{r4, lr}
10005ccc:	82c3      	strh	r3, [r0, #22]
10005cce:	3301      	adds	r3, #1
10005cd0:	8282      	strh	r2, [r0, #20]
10005cd2:	7683      	strb	r3, [r0, #26]
10005cd4:	6101      	str	r1, [r0, #16]
10005cd6:	0004      	movs	r4, r0
10005cd8:	f005 fbce 	bl	1000b478 <__e15_is_bulkin_ep_veneer>
10005cdc:	2800      	cmp	r0, #0
10005cde:	d004      	beq.n	10005cea <hw_endpoint_xfer_start+0x22>
10005ce0:	2180      	movs	r1, #128	@ 0x80
10005ce2:	2390      	movs	r3, #144	@ 0x90
10005ce4:	4a07      	ldr	r2, [pc, #28]	@ (10005d04 <hw_endpoint_xfer_start+0x3c>)
10005ce6:	0289      	lsls	r1, r1, #10
10005ce8:	50d1      	str	r1, [r2, r3]
10005cea:	0020      	movs	r0, r4
10005cec:	f005 fbb4 	bl	1000b458 <__e15_is_critical_frame_period_veneer>
10005cf0:	2800      	cmp	r0, #0
10005cf2:	d002      	beq.n	10005cfa <hw_endpoint_xfer_start+0x32>
10005cf4:	2301      	movs	r3, #1
10005cf6:	7723      	strb	r3, [r4, #28]
10005cf8:	bd10      	pop	{r4, pc}
10005cfa:	0020      	movs	r0, r4
10005cfc:	f005 fba4 	bl	1000b448 <__hw_endpoint_start_next_buffer_veneer>
10005d00:	e7fa      	b.n	10005cf8 <hw_endpoint_xfer_start+0x30>
10005d02:	46c0      	nop			@ (mov r8, r8)
10005d04:	50112000 	.word	0x50112000

10005d08 <tud_event_hook_cb>:
10005d08:	4770      	bx	lr
10005d0a:	46c0      	nop			@ (mov r8, r8)

10005d0c <tud_sof_cb>:
10005d0c:	4770      	bx	lr
10005d0e:	46c0      	nop			@ (mov r8, r8)

10005d10 <tud_descriptor_device_qualifier_cb>:
10005d10:	2000      	movs	r0, #0
10005d12:	4770      	bx	lr

10005d14 <tud_descriptor_other_speed_configuration_cb>:
10005d14:	2000      	movs	r0, #0
10005d16:	4770      	bx	lr

10005d18 <tud_mount_cb>:
10005d18:	4770      	bx	lr
10005d1a:	46c0      	nop			@ (mov r8, r8)

10005d1c <tud_umount_cb>:
10005d1c:	4770      	bx	lr
10005d1e:	46c0      	nop			@ (mov r8, r8)

10005d20 <tud_suspend_cb>:
10005d20:	4770      	bx	lr
10005d22:	46c0      	nop			@ (mov r8, r8)

10005d24 <tud_resume_cb>:
10005d24:	4770      	bx	lr
10005d26:	46c0      	nop			@ (mov r8, r8)

10005d28 <tud_mounted>:
10005d28:	4b02      	ldr	r3, [pc, #8]	@ (10005d34 <tud_mounted+0xc>)
10005d2a:	7858      	ldrb	r0, [r3, #1]
10005d2c:	1e43      	subs	r3, r0, #1
10005d2e:	4198      	sbcs	r0, r3
10005d30:	b2c0      	uxtb	r0, r0
10005d32:	4770      	bx	lr
10005d34:	20001f40 	.word	0x20001f40

10005d38 <tud_suspended>:
10005d38:	4b02      	ldr	r3, [pc, #8]	@ (10005d44 <tud_suspended+0xc>)
10005d3a:	7818      	ldrb	r0, [r3, #0]
10005d3c:	0740      	lsls	r0, r0, #29
10005d3e:	0fc0      	lsrs	r0, r0, #31
10005d40:	4770      	bx	lr
10005d42:	46c0      	nop			@ (mov r8, r8)
10005d44:	20001f40 	.word	0x20001f40

10005d48 <tud_rhport_init>:
10005d48:	b5f0      	push	{r4, r5, r6, r7, lr}
10005d4a:	46d6      	mov	lr, sl
10005d4c:	464f      	mov	r7, r9
10005d4e:	4646      	mov	r6, r8
10005d50:	b5c0      	push	{r6, r7, lr}
10005d52:	4b31      	ldr	r3, [pc, #196]	@ (10005e18 <tud_rhport_init+0xd0>)
10005d54:	0007      	movs	r7, r0
10005d56:	469a      	mov	sl, r3
10005d58:	781b      	ldrb	r3, [r3, #0]
10005d5a:	000e      	movs	r6, r1
10005d5c:	2bff      	cmp	r3, #255	@ 0xff
10005d5e:	d001      	beq.n	10005d64 <tud_rhport_init+0x1c>
10005d60:	2001      	movs	r0, #1
10005d62:	e044      	b.n	10005dee <tud_rhport_init+0xa6>
10005d64:	2900      	cmp	r1, #0
10005d66:	d041      	beq.n	10005dec <tud_rhport_init+0xa4>
10005d68:	2100      	movs	r1, #0
10005d6a:	2254      	movs	r2, #84	@ 0x54
10005d6c:	482b      	ldr	r0, [pc, #172]	@ (10005e1c <tud_rhport_init+0xd4>)
10005d6e:	f7fd fbef 	bl	10003550 <__wrap_memset>
10005d72:	2200      	movs	r2, #0
10005d74:	4c2a      	ldr	r4, [pc, #168]	@ (10005e20 <tud_rhport_init+0xd8>)
10005d76:	4b2b      	ldr	r3, [pc, #172]	@ (10005e24 <tud_rhport_init+0xdc>)
10005d78:	0020      	movs	r0, r4
10005d7a:	701a      	strb	r2, [r3, #0]
10005d7c:	f7fb fb5c 	bl	10001438 <mutex_init>
10005d80:	4b29      	ldr	r3, [pc, #164]	@ (10005e28 <tud_rhport_init+0xe0>)
10005d82:	601c      	str	r4, [r3, #0]
10005d84:	4c29      	ldr	r4, [pc, #164]	@ (10005e2c <tud_rhport_init+0xe4>)
10005d86:	0020      	movs	r0, r4
10005d88:	3c14      	subs	r4, #20
10005d8a:	f7fb fb63 	bl	10001454 <critical_section_init>
10005d8e:	0020      	movs	r0, r4
10005d90:	f001 fe0c 	bl	100079ac <tu_fifo_clear>
10005d94:	4b26      	ldr	r3, [pc, #152]	@ (10005e30 <tud_rhport_init+0xe8>)
10005d96:	4d27      	ldr	r5, [pc, #156]	@ (10005e34 <tud_rhport_init+0xec>)
10005d98:	601c      	str	r4, [r3, #0]
10005d9a:	4b27      	ldr	r3, [pc, #156]	@ (10005e38 <tud_rhport_init+0xf0>)
10005d9c:	2b00      	cmp	r3, #0
10005d9e:	d02b      	beq.n	10005df8 <tud_rhport_init+0xb0>
10005da0:	0028      	movs	r0, r5
10005da2:	f7ff fabf 	bl	10005324 <usbd_app_driver_get_cb>
10005da6:	4b25      	ldr	r3, [pc, #148]	@ (10005e3c <tud_rhport_init+0xf4>)
10005da8:	782a      	ldrb	r2, [r5, #0]
10005daa:	6018      	str	r0, [r3, #0]
10005dac:	4924      	ldr	r1, [pc, #144]	@ (10005e40 <tud_rhport_init+0xf8>)
10005dae:	2400      	movs	r4, #0
10005db0:	4689      	mov	r9, r1
10005db2:	4922      	ldr	r1, [pc, #136]	@ (10005e3c <tud_rhport_init+0xf4>)
10005db4:	2300      	movs	r3, #0
10005db6:	4688      	mov	r8, r1
10005db8:	e010      	b.n	10005ddc <tud_rhport_init+0x94>
10005dba:	4643      	mov	r3, r8
10005dbc:	681b      	ldr	r3, [r3, #0]
10005dbe:	0162      	lsls	r2, r4, #5
10005dc0:	189b      	adds	r3, r3, r2
10005dc2:	2b00      	cmp	r3, #0
10005dc4:	d012      	beq.n	10005dec <tud_rhport_init+0xa4>
10005dc6:	685b      	ldr	r3, [r3, #4]
10005dc8:	2b00      	cmp	r3, #0
10005dca:	d00f      	beq.n	10005dec <tud_rhport_init+0xa4>
10005dcc:	4798      	blx	r3
10005dce:	782a      	ldrb	r2, [r5, #0]
10005dd0:	3401      	adds	r4, #1
10005dd2:	b2e4      	uxtb	r4, r4
10005dd4:	1c51      	adds	r1, r2, #1
10005dd6:	0023      	movs	r3, r4
10005dd8:	42a1      	cmp	r1, r4
10005dda:	db0f      	blt.n	10005dfc <tud_rhport_init+0xb4>
10005ddc:	42a2      	cmp	r2, r4
10005dde:	d8ec      	bhi.n	10005dba <tud_rhport_init+0x72>
10005de0:	1a9b      	subs	r3, r3, r2
10005de2:	015b      	lsls	r3, r3, #5
10005de4:	444b      	add	r3, r9
10005de6:	685b      	ldr	r3, [r3, #4]
10005de8:	2b00      	cmp	r3, #0
10005dea:	d1ef      	bne.n	10005dcc <tud_rhport_init+0x84>
10005dec:	2000      	movs	r0, #0
10005dee:	bce0      	pop	{r5, r6, r7}
10005df0:	46ba      	mov	sl, r7
10005df2:	46b1      	mov	r9, r6
10005df4:	46a8      	mov	r8, r5
10005df6:	bdf0      	pop	{r4, r5, r6, r7, pc}
10005df8:	782a      	ldrb	r2, [r5, #0]
10005dfa:	e7d7      	b.n	10005dac <tud_rhport_init+0x64>
10005dfc:	4653      	mov	r3, sl
10005dfe:	0031      	movs	r1, r6
10005e00:	0038      	movs	r0, r7
10005e02:	701f      	strb	r7, [r3, #0]
10005e04:	f7ff fdfa 	bl	100059fc <dcd_init>
10005e08:	2800      	cmp	r0, #0
10005e0a:	d0ef      	beq.n	10005dec <tud_rhport_init+0xa4>
10005e0c:	0038      	movs	r0, r7
10005e0e:	f7ff fe3d 	bl	10005a8c <dcd_int_enable>
10005e12:	2001      	movs	r0, #1
10005e14:	e7eb      	b.n	10005dee <tud_rhport_init+0xa6>
10005e16:	46c0      	nop			@ (mov r8, r8)
10005e18:	20001014 	.word	0x20001014
10005e1c:	20001f40 	.word	0x20001f40
10005e20:	20001f38 	.word	0x20001f38
10005e24:	20002cef 	.word	0x20002cef
10005e28:	20001f94 	.word	0x20001f94
10005e2c:	2000100c 	.word	0x2000100c
10005e30:	20001f98 	.word	0x20001f98
10005e34:	20002ced 	.word	0x20002ced
10005e38:	10005325 	.word	0x10005325
10005e3c:	20001d90 	.word	0x20001d90
10005e40:	1000bc04 	.word	0x1000bc04

10005e44 <tud_task_ext>:
10005e44:	b5f0      	push	{r4, r5, r6, r7, lr}
10005e46:	46de      	mov	lr, fp
10005e48:	4657      	mov	r7, sl
10005e4a:	464e      	mov	r6, r9
10005e4c:	4645      	mov	r5, r8
10005e4e:	b5e0      	push	{r5, r6, r7, lr}
10005e50:	4bc8      	ldr	r3, [pc, #800]	@ (10006174 <tud_task_ext+0x330>)
10005e52:	b091      	sub	sp, #68	@ 0x44
10005e54:	9302      	str	r3, [sp, #8]
10005e56:	781b      	ldrb	r3, [r3, #0]
10005e58:	2bff      	cmp	r3, #255	@ 0xff
10005e5a:	d100      	bne.n	10005e5e <tud_task_ext+0x1a>
10005e5c:	e13e      	b.n	100060dc <tud_task_ext+0x298>
10005e5e:	4bc6      	ldr	r3, [pc, #792]	@ (10006178 <tud_task_ext+0x334>)
10005e60:	4ec6      	ldr	r6, [pc, #792]	@ (1000617c <tud_task_ext+0x338>)
10005e62:	469b      	mov	fp, r3
10005e64:	465f      	mov	r7, fp
10005e66:	4bc6      	ldr	r3, [pc, #792]	@ (10006180 <tud_task_ext+0x33c>)
10005e68:	ac0d      	add	r4, sp, #52	@ 0x34
10005e6a:	9301      	str	r3, [sp, #4]
10005e6c:	4bc5      	ldr	r3, [pc, #788]	@ (10006184 <tud_task_ext+0x340>)
10005e6e:	9300      	str	r3, [sp, #0]
10005e70:	6835      	ldr	r5, [r6, #0]
10005e72:	696a      	ldr	r2, [r5, #20]
10005e74:	f3ef 8110 	mrs	r1, PRIMASK
10005e78:	b672      	cpsid	i
10005e7a:	6813      	ldr	r3, [r2, #0]
10005e7c:	2b00      	cmp	r3, #0
10005e7e:	d0fc      	beq.n	10005e7a <tud_task_ext+0x36>
10005e80:	f3bf 8f5f 	dmb	sy
10005e84:	61a9      	str	r1, [r5, #24]
10005e86:	0028      	movs	r0, r5
10005e88:	0021      	movs	r1, r4
10005e8a:	f001 fbbd 	bl	10007608 <tu_fifo_read>
10005e8e:	696a      	ldr	r2, [r5, #20]
10005e90:	69ab      	ldr	r3, [r5, #24]
10005e92:	f3bf 8f5f 	dmb	sy
10005e96:	2100      	movs	r1, #0
10005e98:	6011      	str	r1, [r2, #0]
10005e9a:	f383 8810 	msr	PRIMASK, r3
10005e9e:	2800      	cmp	r0, #0
10005ea0:	d100      	bne.n	10005ea4 <tud_task_ext+0x60>
10005ea2:	e11b      	b.n	100060dc <tud_task_ext+0x298>
10005ea4:	7863      	ldrb	r3, [r4, #1]
10005ea6:	2b08      	cmp	r3, #8
10005ea8:	d8e2      	bhi.n	10005e70 <tud_task_ext+0x2c>
10005eaa:	009b      	lsls	r3, r3, #2
10005eac:	58fb      	ldr	r3, [r7, r3]
10005eae:	469f      	mov	pc, r3
10005eb0:	6863      	ldr	r3, [r4, #4]
10005eb2:	2b00      	cmp	r3, #0
10005eb4:	d0dc      	beq.n	10005e70 <tud_task_ext+0x2c>
10005eb6:	68a0      	ldr	r0, [r4, #8]
10005eb8:	4798      	blx	r3
10005eba:	e7d9      	b.n	10005e70 <tud_task_ext+0x2c>
10005ebc:	227f      	movs	r2, #127	@ 0x7f
10005ebe:	7921      	ldrb	r1, [r4, #4]
10005ec0:	4daf      	ldr	r5, [pc, #700]	@ (10006180 <tud_task_ext+0x33c>)
10005ec2:	400a      	ands	r2, r1
10005ec4:	0053      	lsls	r3, r2, #1
10005ec6:	18eb      	adds	r3, r5, r3
10005ec8:	4698      	mov	r8, r3
10005eca:	09c8      	lsrs	r0, r1, #7
10005ecc:	4480      	add	r8, r0
10005ece:	4640      	mov	r0, r8
10005ed0:	2301      	movs	r3, #1
10005ed2:	3030      	adds	r0, #48	@ 0x30
10005ed4:	7905      	ldrb	r5, [r0, #4]
10005ed6:	439d      	bics	r5, r3
10005ed8:	7105      	strb	r5, [r0, #4]
10005eda:	7905      	ldrb	r5, [r0, #4]
10005edc:	3303      	adds	r3, #3
10005ede:	439d      	bics	r5, r3
10005ee0:	7105      	strb	r5, [r0, #4]
10005ee2:	2a00      	cmp	r2, #0
10005ee4:	d100      	bne.n	10005ee8 <tud_task_ext+0xa4>
10005ee6:	e100      	b.n	100060ea <tud_task_ext+0x2a6>
10005ee8:	4643      	mov	r3, r8
10005eea:	4aa7      	ldr	r2, [pc, #668]	@ (10006188 <tud_task_ext+0x344>)
10005eec:	7d1b      	ldrb	r3, [r3, #20]
10005eee:	7812      	ldrb	r2, [r2, #0]
10005ef0:	4293      	cmp	r3, r2
10005ef2:	d300      	bcc.n	10005ef6 <tud_task_ext+0xb2>
10005ef4:	e0ef      	b.n	100060d6 <tud_task_ext+0x292>
10005ef6:	4aa5      	ldr	r2, [pc, #660]	@ (1000618c <tud_task_ext+0x348>)
10005ef8:	015b      	lsls	r3, r3, #5
10005efa:	6815      	ldr	r5, [r2, #0]
10005efc:	18ed      	adds	r5, r5, r3
10005efe:	2d00      	cmp	r5, #0
10005f00:	d100      	bne.n	10005f04 <tud_task_ext+0xc0>
10005f02:	e0eb      	b.n	100060dc <tud_task_ext+0x298>
10005f04:	68a3      	ldr	r3, [r4, #8]
10005f06:	7962      	ldrb	r2, [r4, #5]
10005f08:	7820      	ldrb	r0, [r4, #0]
10005f0a:	69ad      	ldr	r5, [r5, #24]
10005f0c:	47a8      	blx	r5
10005f0e:	e7af      	b.n	10005e70 <tud_task_ext+0x2c>
10005f10:	4a9f      	ldr	r2, [pc, #636]	@ (10006190 <tud_task_ext+0x34c>)
10005f12:	7813      	ldrb	r3, [r2, #0]
10005f14:	2b00      	cmp	r3, #0
10005f16:	d100      	bne.n	10005f1a <tud_task_ext+0xd6>
10005f18:	e0e0      	b.n	100060dc <tud_task_ext+0x298>
10005f1a:	7813      	ldrb	r3, [r2, #0]
10005f1c:	3b01      	subs	r3, #1
10005f1e:	b2db      	uxtb	r3, r3
10005f20:	7013      	strb	r3, [r2, #0]
10005f22:	7813      	ldrb	r3, [r2, #0]
10005f24:	2b00      	cmp	r3, #0
10005f26:	d1a3      	bne.n	10005e70 <tud_task_ext+0x2c>
10005f28:	2201      	movs	r2, #1
10005f2a:	4d95      	ldr	r5, [pc, #596]	@ (10006180 <tud_task_ext+0x33c>)
10005f2c:	2101      	movs	r1, #1
10005f2e:	782b      	ldrb	r3, [r5, #0]
10005f30:	2004      	movs	r0, #4
10005f32:	4313      	orrs	r3, r2
10005f34:	702b      	strb	r3, [r5, #0]
10005f36:	2334      	movs	r3, #52	@ 0x34
10005f38:	5cea      	ldrb	r2, [r5, r3]
10005f3a:	438a      	bics	r2, r1
10005f3c:	54ea      	strb	r2, [r5, r3]
10005f3e:	5cea      	ldrb	r2, [r5, r3]
10005f40:	4382      	bics	r2, r0
10005f42:	54ea      	strb	r2, [r5, r3]
10005f44:	3301      	adds	r3, #1
10005f46:	5cea      	ldrb	r2, [r5, r3]
10005f48:	438a      	bics	r2, r1
10005f4a:	54ea      	strb	r2, [r5, r3]
10005f4c:	5cea      	ldrb	r2, [r5, r3]
10005f4e:	4382      	bics	r2, r0
10005f50:	54ea      	strb	r2, [r5, r3]
10005f52:	7823      	ldrb	r3, [r4, #0]
10005f54:	2000      	movs	r0, #0
10005f56:	469b      	mov	fp, r3
10005f58:	f000 fca0 	bl	1000689c <usbd_control_set_complete_callback>
10005f5c:	2260      	movs	r2, #96	@ 0x60
10005f5e:	7923      	ldrb	r3, [r4, #4]
10005f60:	401a      	ands	r2, r3
10005f62:	2a60      	cmp	r2, #96	@ 0x60
10005f64:	d100      	bne.n	10005f68 <tud_task_ext+0x124>
10005f66:	e0ef      	b.n	10006148 <tud_task_ext+0x304>
10005f68:	2a40      	cmp	r2, #64	@ 0x40
10005f6a:	d100      	bne.n	10005f6e <tud_task_ext+0x12a>
10005f6c:	e0f5      	b.n	1000615a <tud_task_ext+0x316>
10005f6e:	06db      	lsls	r3, r3, #27
10005f70:	0edb      	lsrs	r3, r3, #27
10005f72:	2b01      	cmp	r3, #1
10005f74:	d100      	bne.n	10005f78 <tud_task_ext+0x134>
10005f76:	e113      	b.n	100061a0 <tud_task_ext+0x35c>
10005f78:	2b02      	cmp	r3, #2
10005f7a:	d100      	bne.n	10005f7e <tud_task_ext+0x13a>
10005f7c:	e0c7      	b.n	1000610e <tud_task_ext+0x2ca>
10005f7e:	2b00      	cmp	r3, #0
10005f80:	d000      	beq.n	10005f84 <tud_task_ext+0x140>
10005f82:	e0e1      	b.n	10006148 <tud_task_ext+0x304>
10005f84:	2a20      	cmp	r2, #32
10005f86:	d100      	bne.n	10005f8a <tud_task_ext+0x146>
10005f88:	e21c      	b.n	100063c4 <tud_task_ext+0x580>
10005f8a:	2a00      	cmp	r2, #0
10005f8c:	d000      	beq.n	10005f90 <tud_task_ext+0x14c>
10005f8e:	e0db      	b.n	10006148 <tud_task_ext+0x304>
10005f90:	7963      	ldrb	r3, [r4, #5]
10005f92:	2b09      	cmp	r3, #9
10005f94:	d900      	bls.n	10005f98 <tud_task_ext+0x154>
10005f96:	e0d7      	b.n	10006148 <tud_task_ext+0x304>
10005f98:	4a7e      	ldr	r2, [pc, #504]	@ (10006194 <tud_task_ext+0x350>)
10005f9a:	009b      	lsls	r3, r3, #2
10005f9c:	58d3      	ldr	r3, [r2, r3]
10005f9e:	469f      	mov	pc, r3
10005fa0:	4d77      	ldr	r5, [pc, #476]	@ (10006180 <tud_task_ext+0x33c>)
10005fa2:	782b      	ldrb	r3, [r5, #0]
10005fa4:	07db      	lsls	r3, r3, #31
10005fa6:	d400      	bmi.n	10005faa <tud_task_ext+0x166>
10005fa8:	e762      	b.n	10005e70 <tud_task_ext+0x2c>
10005faa:	f7ff febb 	bl	10005d24 <tud_resume_cb>
10005fae:	e75f      	b.n	10005e70 <tud_task_ext+0x2c>
10005fb0:	9b01      	ldr	r3, [sp, #4]
10005fb2:	78db      	ldrb	r3, [r3, #3]
10005fb4:	07db      	lsls	r3, r3, #31
10005fb6:	d400      	bmi.n	10005fba <tud_task_ext+0x176>
10005fb8:	e75a      	b.n	10005e70 <tud_task_ext+0x2c>
10005fba:	6860      	ldr	r0, [r4, #4]
10005fbc:	f7ff fea6 	bl	10005d0c <tud_sof_cb>
10005fc0:	e756      	b.n	10005e70 <tud_task_ext+0x2c>
10005fc2:	4d6f      	ldr	r5, [pc, #444]	@ (10006180 <tud_task_ext+0x33c>)
10005fc4:	782b      	ldrb	r3, [r5, #0]
10005fc6:	07db      	lsls	r3, r3, #31
10005fc8:	d400      	bmi.n	10005fcc <tud_task_ext+0x188>
10005fca:	e751      	b.n	10005e70 <tud_task_ext+0x2c>
10005fcc:	7828      	ldrb	r0, [r5, #0]
10005fce:	0700      	lsls	r0, r0, #28
10005fd0:	0fc0      	lsrs	r0, r0, #31
10005fd2:	f7ff fea5 	bl	10005d20 <tud_suspend_cb>
10005fd6:	e74b      	b.n	10005e70 <tud_task_ext+0x2c>
10005fd8:	7823      	ldrb	r3, [r4, #0]
10005fda:	496a      	ldr	r1, [pc, #424]	@ (10006184 <tud_task_ext+0x340>)
10005fdc:	4699      	mov	r9, r3
10005fde:	468b      	mov	fp, r1
10005fe0:	4b69      	ldr	r3, [pc, #420]	@ (10006188 <tud_task_ext+0x344>)
10005fe2:	496a      	ldr	r1, [pc, #424]	@ (1000618c <tud_task_ext+0x348>)
10005fe4:	4698      	mov	r8, r3
10005fe6:	468a      	mov	sl, r1
10005fe8:	0039      	movs	r1, r7
10005fea:	781a      	ldrb	r2, [r3, #0]
10005fec:	4647      	mov	r7, r8
10005fee:	2300      	movs	r3, #0
10005ff0:	46b0      	mov	r8, r6
10005ff2:	2500      	movs	r5, #0
10005ff4:	464e      	mov	r6, r9
10005ff6:	4689      	mov	r9, r1
10005ff8:	e010      	b.n	1000601c <tud_task_ext+0x1d8>
10005ffa:	4653      	mov	r3, sl
10005ffc:	681b      	ldr	r3, [r3, #0]
10005ffe:	016a      	lsls	r2, r5, #5
10006000:	189b      	adds	r3, r3, r2
10006002:	2b00      	cmp	r3, #0
10006004:	d100      	bne.n	10006008 <tud_task_ext+0x1c4>
10006006:	e076      	b.n	100060f6 <tud_task_ext+0x2b2>
10006008:	68db      	ldr	r3, [r3, #12]
1000600a:	0030      	movs	r0, r6
1000600c:	4798      	blx	r3
1000600e:	783a      	ldrb	r2, [r7, #0]
10006010:	3501      	adds	r5, #1
10006012:	b2ed      	uxtb	r5, r5
10006014:	1c51      	adds	r1, r2, #1
10006016:	002b      	movs	r3, r5
10006018:	428d      	cmp	r5, r1
1000601a:	dc44      	bgt.n	100060a6 <tud_task_ext+0x262>
1000601c:	4295      	cmp	r5, r2
1000601e:	d3ec      	bcc.n	10005ffa <tud_task_ext+0x1b6>
10006020:	1a9b      	subs	r3, r3, r2
10006022:	015b      	lsls	r3, r3, #5
10006024:	445b      	add	r3, fp
10006026:	e7ef      	b.n	10006008 <tud_task_ext+0x1c4>
10006028:	7823      	ldrb	r3, [r4, #0]
1000602a:	4958      	ldr	r1, [pc, #352]	@ (1000618c <tud_task_ext+0x348>)
1000602c:	4699      	mov	r9, r3
1000602e:	4b56      	ldr	r3, [pc, #344]	@ (10006188 <tud_task_ext+0x344>)
10006030:	468a      	mov	sl, r1
10006032:	4698      	mov	r8, r3
10006034:	0031      	movs	r1, r6
10006036:	46bb      	mov	fp, r7
10006038:	464e      	mov	r6, r9
1000603a:	781a      	ldrb	r2, [r3, #0]
1000603c:	2500      	movs	r5, #0
1000603e:	2300      	movs	r3, #0
10006040:	4647      	mov	r7, r8
10006042:	4689      	mov	r9, r1
10006044:	e00f      	b.n	10006066 <tud_task_ext+0x222>
10006046:	4653      	mov	r3, sl
10006048:	681b      	ldr	r3, [r3, #0]
1000604a:	016a      	lsls	r2, r5, #5
1000604c:	189b      	adds	r3, r3, r2
1000604e:	2b00      	cmp	r3, #0
10006050:	d055      	beq.n	100060fe <tud_task_ext+0x2ba>
10006052:	68db      	ldr	r3, [r3, #12]
10006054:	0030      	movs	r0, r6
10006056:	4798      	blx	r3
10006058:	783a      	ldrb	r2, [r7, #0]
1000605a:	3501      	adds	r5, #1
1000605c:	b2ed      	uxtb	r5, r5
1000605e:	1c51      	adds	r1, r2, #1
10006060:	002b      	movs	r3, r5
10006062:	428d      	cmp	r5, r1
10006064:	dc07      	bgt.n	10006076 <tud_task_ext+0x232>
10006066:	4295      	cmp	r5, r2
10006068:	d3ed      	bcc.n	10006046 <tud_task_ext+0x202>
1000606a:	1a9b      	subs	r3, r3, r2
1000606c:	9a00      	ldr	r2, [sp, #0]
1000606e:	015b      	lsls	r3, r3, #5
10006070:	4694      	mov	ip, r2
10006072:	4463      	add	r3, ip
10006074:	e7ed      	b.n	10006052 <tud_task_ext+0x20e>
10006076:	9d01      	ldr	r5, [sp, #4]
10006078:	2254      	movs	r2, #84	@ 0x54
1000607a:	2100      	movs	r1, #0
1000607c:	0028      	movs	r0, r5
1000607e:	f7fd fa67 	bl	10003550 <__wrap_memset>
10006082:	2210      	movs	r2, #16
10006084:	21ff      	movs	r1, #255	@ 0xff
10006086:	4844      	ldr	r0, [pc, #272]	@ (10006198 <tud_task_ext+0x354>)
10006088:	f7fd fa62 	bl	10003550 <__wrap_memset>
1000608c:	0028      	movs	r0, r5
1000608e:	2220      	movs	r2, #32
10006090:	21ff      	movs	r1, #255	@ 0xff
10006092:	3014      	adds	r0, #20
10006094:	464e      	mov	r6, r9
10006096:	465f      	mov	r7, fp
10006098:	f7fd fa5a 	bl	10003550 <__wrap_memset>
1000609c:	f000 fbf4 	bl	10006888 <usbd_control_reset>
100060a0:	f7ff fe3c 	bl	10005d1c <tud_umount_cb>
100060a4:	e6e4      	b.n	10005e70 <tud_task_ext+0x2c>
100060a6:	4d36      	ldr	r5, [pc, #216]	@ (10006180 <tud_task_ext+0x33c>)
100060a8:	2254      	movs	r2, #84	@ 0x54
100060aa:	2100      	movs	r1, #0
100060ac:	0028      	movs	r0, r5
100060ae:	f7fd fa4f 	bl	10003550 <__wrap_memset>
100060b2:	2210      	movs	r2, #16
100060b4:	21ff      	movs	r1, #255	@ 0xff
100060b6:	1d28      	adds	r0, r5, #4
100060b8:	f7fd fa4a 	bl	10003550 <__wrap_memset>
100060bc:	0028      	movs	r0, r5
100060be:	2220      	movs	r2, #32
100060c0:	21ff      	movs	r1, #255	@ 0xff
100060c2:	3014      	adds	r0, #20
100060c4:	4646      	mov	r6, r8
100060c6:	464f      	mov	r7, r9
100060c8:	f7fd fa42 	bl	10003550 <__wrap_memset>
100060cc:	f000 fbdc 	bl	10006888 <usbd_control_reset>
100060d0:	7923      	ldrb	r3, [r4, #4]
100060d2:	70ab      	strb	r3, [r5, #2]
100060d4:	e6cc      	b.n	10005e70 <tud_task_ext+0x2c>
100060d6:	1c50      	adds	r0, r2, #1
100060d8:	4298      	cmp	r0, r3
100060da:	da13      	bge.n	10006104 <tud_task_ext+0x2c0>
100060dc:	b011      	add	sp, #68	@ 0x44
100060de:	bcf0      	pop	{r4, r5, r6, r7}
100060e0:	46bb      	mov	fp, r7
100060e2:	46b2      	mov	sl, r6
100060e4:	46a9      	mov	r9, r5
100060e6:	46a0      	mov	r8, r4
100060e8:	bdf0      	pop	{r4, r5, r6, r7, pc}
100060ea:	68a3      	ldr	r3, [r4, #8]
100060ec:	7962      	ldrb	r2, [r4, #5]
100060ee:	7820      	ldrb	r0, [r4, #0]
100060f0:	f000 fbe8 	bl	100068c4 <usbd_control_xfer_cb>
100060f4:	e6bc      	b.n	10005e70 <tud_task_ext+0x2c>
100060f6:	4646      	mov	r6, r8
100060f8:	464f      	mov	r7, r9
100060fa:	4d21      	ldr	r5, [pc, #132]	@ (10006180 <tud_task_ext+0x33c>)
100060fc:	e7e6      	b.n	100060cc <tud_task_ext+0x288>
100060fe:	464e      	mov	r6, r9
10006100:	465f      	mov	r7, fp
10006102:	e7cb      	b.n	1000609c <tud_task_ext+0x258>
10006104:	4d1f      	ldr	r5, [pc, #124]	@ (10006184 <tud_task_ext+0x340>)
10006106:	1a9b      	subs	r3, r3, r2
10006108:	015b      	lsls	r3, r3, #5
1000610a:	195d      	adds	r5, r3, r5
1000610c:	e6fa      	b.n	10005f04 <tud_task_ext+0xc0>
1000610e:	2370      	movs	r3, #112	@ 0x70
10006110:	7a21      	ldrb	r1, [r4, #8]
10006112:	420b      	tst	r3, r1
10006114:	d118      	bne.n	10006148 <tud_task_ext+0x304>
10006116:	09c8      	lsrs	r0, r1, #7
10006118:	4682      	mov	sl, r0
1000611a:	330f      	adds	r3, #15
1000611c:	400b      	ands	r3, r1
1000611e:	005b      	lsls	r3, r3, #1
10006120:	4698      	mov	r8, r3
10006122:	4819      	ldr	r0, [pc, #100]	@ (10006188 <tud_task_ext+0x344>)
10006124:	18eb      	adds	r3, r5, r3
10006126:	4453      	add	r3, sl
10006128:	7d1b      	ldrb	r3, [r3, #20]
1000612a:	7800      	ldrb	r0, [r0, #0]
1000612c:	4699      	mov	r9, r3
1000612e:	4283      	cmp	r3, r0
10006130:	d266      	bcs.n	10006200 <tud_task_ext+0x3bc>
10006132:	4816      	ldr	r0, [pc, #88]	@ (1000618c <tud_task_ext+0x348>)
10006134:	015b      	lsls	r3, r3, #5
10006136:	6800      	ldr	r0, [r0, #0]
10006138:	4681      	mov	r9, r0
1000613a:	4499      	add	r9, r3
1000613c:	2a00      	cmp	r2, #0
1000613e:	d100      	bne.n	10006142 <tud_task_ext+0x2fe>
10006140:	e15f      	b.n	10006402 <tud_task_ext+0x5be>
10006142:	464b      	mov	r3, r9
10006144:	2b00      	cmp	r3, #0
10006146:	d168      	bne.n	1000621a <tud_task_ext+0x3d6>
10006148:	7820      	ldrb	r0, [r4, #0]
1000614a:	2100      	movs	r1, #0
1000614c:	f7ff fd6a 	bl	10005c24 <dcd_edpt_stall>
10006150:	2180      	movs	r1, #128	@ 0x80
10006152:	7820      	ldrb	r0, [r4, #0]
10006154:	f7ff fd66 	bl	10005c24 <dcd_edpt_stall>
10006158:	e68a      	b.n	10005e70 <tud_task_ext+0x2c>
1000615a:	4810      	ldr	r0, [pc, #64]	@ (1000619c <tud_task_ext+0x358>)
1000615c:	f000 fb9e 	bl	1000689c <usbd_control_set_complete_callback>
10006160:	2101      	movs	r1, #1
10006162:	4658      	mov	r0, fp
10006164:	aa0e      	add	r2, sp, #56	@ 0x38
10006166:	f7ff f8c3 	bl	100052f0 <tud_vendor_control_xfer_cb>
1000616a:	2800      	cmp	r0, #0
1000616c:	d000      	beq.n	10006170 <tud_task_ext+0x32c>
1000616e:	e67f      	b.n	10005e70 <tud_task_ext+0x2c>
10006170:	e7ea      	b.n	10006148 <tud_task_ext+0x304>
10006172:	46c0      	nop			@ (mov r8, r8)
10006174:	20001014 	.word	0x20001014
10006178:	1000bb5c 	.word	0x1000bb5c
1000617c:	20001f98 	.word	0x20001f98
10006180:	20001f40 	.word	0x20001f40
10006184:	1000bc04 	.word	0x1000bc04
10006188:	20002ced 	.word	0x20002ced
1000618c:	20001d90 	.word	0x20001d90
10006190:	20002cef 	.word	0x20002cef
10006194:	1000bb80 	.word	0x1000bb80
10006198:	20001f44 	.word	0x20001f44
1000619c:	100052f1 	.word	0x100052f1
100061a0:	7a23      	ldrb	r3, [r4, #8]
100061a2:	2b0f      	cmp	r3, #15
100061a4:	d8d0      	bhi.n	10006148 <tud_task_ext+0x304>
100061a6:	4acf      	ldr	r2, [pc, #828]	@ (100064e4 <tud_task_ext+0x6a0>)
100061a8:	18eb      	adds	r3, r5, r3
100061aa:	791b      	ldrb	r3, [r3, #4]
100061ac:	7815      	ldrb	r5, [r2, #0]
100061ae:	42ab      	cmp	r3, r5
100061b0:	d33e      	bcc.n	10006230 <tud_task_ext+0x3ec>
100061b2:	1c69      	adds	r1, r5, #1
100061b4:	4299      	cmp	r1, r3
100061b6:	dbc7      	blt.n	10006148 <tud_task_ext+0x304>
100061b8:	1b5d      	subs	r5, r3, r5
100061ba:	4bcb      	ldr	r3, [pc, #812]	@ (100064e8 <tud_task_ext+0x6a4>)
100061bc:	016d      	lsls	r5, r5, #5
100061be:	18ed      	adds	r5, r5, r3
100061c0:	6968      	ldr	r0, [r5, #20]
100061c2:	f000 fb6b 	bl	1000689c <usbd_control_set_complete_callback>
100061c6:	2101      	movs	r1, #1
100061c8:	4658      	mov	r0, fp
100061ca:	696b      	ldr	r3, [r5, #20]
100061cc:	aa0e      	add	r2, sp, #56	@ 0x38
100061ce:	4798      	blx	r3
100061d0:	2800      	cmp	r0, #0
100061d2:	d000      	beq.n	100061d6 <tud_task_ext+0x392>
100061d4:	e64c      	b.n	10005e70 <tud_task_ext+0x2c>
100061d6:	2260      	movs	r2, #96	@ 0x60
100061d8:	0015      	movs	r5, r2
100061da:	7923      	ldrb	r3, [r4, #4]
100061dc:	401d      	ands	r5, r3
100061de:	421a      	tst	r2, r3
100061e0:	d1b2      	bne.n	10006148 <tud_task_ext+0x304>
100061e2:	7963      	ldrb	r3, [r4, #5]
100061e4:	3b0a      	subs	r3, #10
100061e6:	2b01      	cmp	r3, #1
100061e8:	d8ae      	bhi.n	10006148 <tud_task_ext+0x304>
100061ea:	f000 fb57 	bl	1000689c <usbd_control_set_complete_callback>
100061ee:	7963      	ldrb	r3, [r4, #5]
100061f0:	2b0a      	cmp	r3, #10
100061f2:	d100      	bne.n	100061f6 <tud_task_ext+0x3b2>
100061f4:	e199      	b.n	1000652a <tud_task_ext+0x6e6>
100061f6:	4658      	mov	r0, fp
100061f8:	a90e      	add	r1, sp, #56	@ 0x38
100061fa:	f000 fad9 	bl	100067b0 <tud_control_status>
100061fe:	e637      	b.n	10005e70 <tud_task_ext+0x2c>
10006200:	1c43      	adds	r3, r0, #1
10006202:	454b      	cmp	r3, r9
10006204:	da00      	bge.n	10006208 <tud_task_ext+0x3c4>
10006206:	e0f7      	b.n	100063f8 <tud_task_ext+0x5b4>
10006208:	464b      	mov	r3, r9
1000620a:	1a1b      	subs	r3, r3, r0
1000620c:	015b      	lsls	r3, r3, #5
1000620e:	4699      	mov	r9, r3
10006210:	48b5      	ldr	r0, [pc, #724]	@ (100064e8 <tud_task_ext+0x6a4>)
10006212:	4481      	add	r9, r0
10006214:	2a00      	cmp	r2, #0
10006216:	d100      	bne.n	1000621a <tud_task_ext+0x3d6>
10006218:	e0f3      	b.n	10006402 <tud_task_ext+0x5be>
1000621a:	464b      	mov	r3, r9
1000621c:	6958      	ldr	r0, [r3, #20]
1000621e:	f000 fb3d 	bl	1000689c <usbd_control_set_complete_callback>
10006222:	464b      	mov	r3, r9
10006224:	2101      	movs	r1, #1
10006226:	4658      	mov	r0, fp
10006228:	695b      	ldr	r3, [r3, #20]
1000622a:	aa0e      	add	r2, sp, #56	@ 0x38
1000622c:	4798      	blx	r3
1000622e:	e79c      	b.n	1000616a <tud_task_ext+0x326>
10006230:	4aae      	ldr	r2, [pc, #696]	@ (100064ec <tud_task_ext+0x6a8>)
10006232:	015b      	lsls	r3, r3, #5
10006234:	6815      	ldr	r5, [r2, #0]
10006236:	18ed      	adds	r5, r5, r3
10006238:	2d00      	cmp	r5, #0
1000623a:	d1c1      	bne.n	100061c0 <tud_task_ext+0x37c>
1000623c:	e784      	b.n	10006148 <tud_task_ext+0x304>
1000623e:	79a3      	ldrb	r3, [r4, #6]
10006240:	4699      	mov	r9, r3
10006242:	786b      	ldrb	r3, [r5, #1]
10006244:	4599      	cmp	r9, r3
10006246:	d0d6      	beq.n	100061f6 <tud_task_ext+0x3b2>
10006248:	786b      	ldrb	r3, [r5, #1]
1000624a:	2b00      	cmp	r3, #0
1000624c:	d000      	beq.n	10006250 <tud_task_ext+0x40c>
1000624e:	e133      	b.n	100064b8 <tud_task_ext+0x674>
10006250:	464b      	mov	r3, r9
10006252:	706b      	strb	r3, [r5, #1]
10006254:	2b00      	cmp	r3, #0
10006256:	d100      	bne.n	1000625a <tud_task_ext+0x416>
10006258:	e12b      	b.n	100064b2 <tud_task_ext+0x66e>
1000625a:	4648      	mov	r0, r9
1000625c:	3801      	subs	r0, #1
1000625e:	b2c0      	uxtb	r0, r0
10006260:	f7ff fa92 	bl	10005788 <tud_descriptor_configuration_cb>
10006264:	2800      	cmp	r0, #0
10006266:	d100      	bne.n	1000626a <tud_task_ext+0x426>
10006268:	e17e      	b.n	10006568 <tud_task_ext+0x724>
1000626a:	7843      	ldrb	r3, [r0, #1]
1000626c:	9307      	str	r3, [sp, #28]
1000626e:	2b02      	cmp	r3, #2
10006270:	d000      	beq.n	10006274 <tud_task_ext+0x430>
10006272:	e179      	b.n	10006568 <tud_task_ext+0x724>
10006274:	2201      	movs	r2, #1
10006276:	79c1      	ldrb	r1, [r0, #7]
10006278:	46b1      	mov	r9, r6
1000627a:	118b      	asrs	r3, r1, #6
1000627c:	1149      	asrs	r1, r1, #5
1000627e:	4013      	ands	r3, r2
10006280:	400a      	ands	r2, r1
10006282:	2130      	movs	r1, #48	@ 0x30
10006284:	0112      	lsls	r2, r2, #4
10006286:	015b      	lsls	r3, r3, #5
10006288:	4313      	orrs	r3, r2
1000628a:	782a      	ldrb	r2, [r5, #0]
1000628c:	46a8      	mov	r8, r5
1000628e:	438a      	bics	r2, r1
10006290:	4313      	orrs	r3, r2
10006292:	702b      	strb	r3, [r5, #0]
10006294:	2309      	movs	r3, #9
10006296:	469a      	mov	sl, r3
10006298:	4482      	add	sl, r0
1000629a:	4656      	mov	r6, sl
1000629c:	46ba      	mov	sl, r7
1000629e:	78c3      	ldrb	r3, [r0, #3]
100062a0:	7882      	ldrb	r2, [r0, #2]
100062a2:	021b      	lsls	r3, r3, #8
100062a4:	4313      	orrs	r3, r2
100062a6:	18c3      	adds	r3, r0, r3
100062a8:	9305      	str	r3, [sp, #20]
100062aa:	4b8e      	ldr	r3, [pc, #568]	@ (100064e4 <tud_task_ext+0x6a0>)
100062ac:	9304      	str	r3, [sp, #16]
100062ae:	4b8e      	ldr	r3, [pc, #568]	@ (100064e8 <tud_task_ext+0x6a4>)
100062b0:	9308      	str	r3, [sp, #32]
100062b2:	4b8e      	ldr	r3, [pc, #568]	@ (100064ec <tud_task_ext+0x6a8>)
100062b4:	9309      	str	r3, [sp, #36]	@ 0x24
100062b6:	4b8e      	ldr	r3, [pc, #568]	@ (100064f0 <tud_task_ext+0x6ac>)
100062b8:	930a      	str	r3, [sp, #40]	@ 0x28
100062ba:	9b05      	ldr	r3, [sp, #20]
100062bc:	42b3      	cmp	r3, r6
100062be:	d800      	bhi.n	100062c2 <tud_task_ext+0x47e>
100062c0:	e155      	b.n	1000656e <tud_task_ext+0x72a>
100062c2:	7873      	ldrb	r3, [r6, #1]
100062c4:	2201      	movs	r2, #1
100062c6:	2b0b      	cmp	r3, #11
100062c8:	d103      	bne.n	100062d2 <tud_task_ext+0x48e>
100062ca:	7833      	ldrb	r3, [r6, #0]
100062cc:	78f2      	ldrb	r2, [r6, #3]
100062ce:	18f6      	adds	r6, r6, r3
100062d0:	7873      	ldrb	r3, [r6, #1]
100062d2:	2b04      	cmp	r3, #4
100062d4:	d000      	beq.n	100062d8 <tud_task_ext+0x494>
100062d6:	e144      	b.n	10006562 <tud_task_ext+0x71e>
100062d8:	9b05      	ldr	r3, [sp, #20]
100062da:	2700      	movs	r7, #0
100062dc:	1b9b      	subs	r3, r3, r6
100062de:	b29b      	uxth	r3, r3
100062e0:	9306      	str	r3, [sp, #24]
100062e2:	9b04      	ldr	r3, [sp, #16]
100062e4:	920b      	str	r2, [sp, #44]	@ 0x2c
100062e6:	781d      	ldrb	r5, [r3, #0]
100062e8:	2300      	movs	r3, #0
100062ea:	9303      	str	r3, [sp, #12]
100062ec:	e01b      	b.n	10006326 <tud_task_ext+0x4e2>
100062ee:	9a09      	ldr	r2, [sp, #36]	@ 0x24
100062f0:	017b      	lsls	r3, r7, #5
100062f2:	6815      	ldr	r5, [r2, #0]
100062f4:	18ed      	adds	r5, r5, r3
100062f6:	2d00      	cmp	r5, #0
100062f8:	d100      	bne.n	100062fc <tud_task_ext+0x4b8>
100062fa:	e132      	b.n	10006562 <tud_task_ext+0x71e>
100062fc:	0031      	movs	r1, r6
100062fe:	4658      	mov	r0, fp
10006300:	692b      	ldr	r3, [r5, #16]
10006302:	9a06      	ldr	r2, [sp, #24]
10006304:	4798      	blx	r3
10006306:	4684      	mov	ip, r0
10006308:	2808      	cmp	r0, #8
1000630a:	d903      	bls.n	10006314 <tud_task_ext+0x4d0>
1000630c:	9a06      	ldr	r2, [sp, #24]
1000630e:	4282      	cmp	r2, r0
10006310:	d300      	bcc.n	10006314 <tud_task_ext+0x4d0>
10006312:	e113      	b.n	1000653c <tud_task_ext+0x6f8>
10006314:	9b04      	ldr	r3, [sp, #16]
10006316:	3701      	adds	r7, #1
10006318:	781d      	ldrb	r5, [r3, #0]
1000631a:	b2ff      	uxtb	r7, r7
1000631c:	1c6b      	adds	r3, r5, #1
1000631e:	9703      	str	r7, [sp, #12]
10006320:	429f      	cmp	r7, r3
10006322:	dd00      	ble.n	10006326 <tud_task_ext+0x4e2>
10006324:	e11d      	b.n	10006562 <tud_task_ext+0x71e>
10006326:	42bd      	cmp	r5, r7
10006328:	d8e1      	bhi.n	100062ee <tud_task_ext+0x4aa>
1000632a:	9b03      	ldr	r3, [sp, #12]
1000632c:	1b5d      	subs	r5, r3, r5
1000632e:	9b08      	ldr	r3, [sp, #32]
10006330:	016d      	lsls	r5, r5, #5
10006332:	469c      	mov	ip, r3
10006334:	4465      	add	r5, ip
10006336:	e7e1      	b.n	100062fc <tud_task_ext+0x4b8>
10006338:	786b      	ldrb	r3, [r5, #1]
1000633a:	aa0c      	add	r2, sp, #48	@ 0x30
1000633c:	3202      	adds	r2, #2
1000633e:	7013      	strb	r3, [r2, #0]
10006340:	4658      	mov	r0, fp
10006342:	2301      	movs	r3, #1
10006344:	a90e      	add	r1, sp, #56	@ 0x38
10006346:	f000 fa49 	bl	100067dc <tud_control_xfer>
1000634a:	e591      	b.n	10005e70 <tud_task_ext+0x2c>
1000634c:	88e3      	ldrh	r3, [r4, #6]
1000634e:	0a1a      	lsrs	r2, r3, #8
10006350:	b2d8      	uxtb	r0, r3
10006352:	2a0f      	cmp	r2, #15
10006354:	d900      	bls.n	10006358 <tud_task_ext+0x514>
10006356:	e6f7      	b.n	10006148 <tud_task_ext+0x304>
10006358:	4966      	ldr	r1, [pc, #408]	@ (100064f4 <tud_task_ext+0x6b0>)
1000635a:	0093      	lsls	r3, r2, #2
1000635c:	58cb      	ldr	r3, [r1, r3]
1000635e:	469f      	mov	pc, r3
10006360:	a80e      	add	r0, sp, #56	@ 0x38
10006362:	f000 faa1 	bl	100068a8 <usbd_control_set_request>
10006366:	4658      	mov	r0, fp
10006368:	79a1      	ldrb	r1, [r4, #6]
1000636a:	f7ff fb95 	bl	10005a98 <dcd_set_address>
1000636e:	2202      	movs	r2, #2
10006370:	782b      	ldrb	r3, [r5, #0]
10006372:	4313      	orrs	r3, r2
10006374:	702b      	strb	r3, [r5, #0]
10006376:	e57b      	b.n	10005e70 <tud_task_ext+0x2c>
10006378:	88e3      	ldrh	r3, [r4, #6]
1000637a:	2b01      	cmp	r3, #1
1000637c:	d000      	beq.n	10006380 <tud_task_ext+0x53c>
1000637e:	e6e3      	b.n	10006148 <tud_task_ext+0x304>
10006380:	2208      	movs	r2, #8
10006382:	782b      	ldrb	r3, [r5, #0]
10006384:	4658      	mov	r0, fp
10006386:	4393      	bics	r3, r2
10006388:	a90e      	add	r1, sp, #56	@ 0x38
1000638a:	702b      	strb	r3, [r5, #0]
1000638c:	f000 fa10 	bl	100067b0 <tud_control_status>
10006390:	e56e      	b.n	10005e70 <tud_task_ext+0x2c>
10006392:	2002      	movs	r0, #2
10006394:	7829      	ldrb	r1, [r5, #0]
10006396:	ab0c      	add	r3, sp, #48	@ 0x30
10006398:	1c9a      	adds	r2, r3, #2
1000639a:	068b      	lsls	r3, r1, #26
1000639c:	0889      	lsrs	r1, r1, #2
1000639e:	0fdb      	lsrs	r3, r3, #31
100063a0:	4001      	ands	r1, r0
100063a2:	430b      	orrs	r3, r1
100063a4:	8013      	strh	r3, [r2, #0]
100063a6:	4658      	mov	r0, fp
100063a8:	2302      	movs	r3, #2
100063aa:	a90e      	add	r1, sp, #56	@ 0x38
100063ac:	f000 fa16 	bl	100067dc <tud_control_xfer>
100063b0:	e55e      	b.n	10005e70 <tud_task_ext+0x2c>
100063b2:	88e3      	ldrh	r3, [r4, #6]
100063b4:	2b01      	cmp	r3, #1
100063b6:	d000      	beq.n	100063ba <tud_task_ext+0x576>
100063b8:	e6c6      	b.n	10006148 <tud_task_ext+0x304>
100063ba:	2208      	movs	r2, #8
100063bc:	782b      	ldrb	r3, [r5, #0]
100063be:	4313      	orrs	r3, r2
100063c0:	702b      	strb	r3, [r5, #0]
100063c2:	e718      	b.n	100061f6 <tud_task_ext+0x3b2>
100063c4:	7a23      	ldrb	r3, [r4, #8]
100063c6:	2b0f      	cmp	r3, #15
100063c8:	d900      	bls.n	100063cc <tud_task_ext+0x588>
100063ca:	e6bd      	b.n	10006148 <tud_task_ext+0x304>
100063cc:	18eb      	adds	r3, r5, r3
100063ce:	791d      	ldrb	r5, [r3, #4]
100063d0:	4b44      	ldr	r3, [pc, #272]	@ (100064e4 <tud_task_ext+0x6a0>)
100063d2:	781b      	ldrb	r3, [r3, #0]
100063d4:	429d      	cmp	r5, r3
100063d6:	d228      	bcs.n	1000642a <tud_task_ext+0x5e6>
100063d8:	4b44      	ldr	r3, [pc, #272]	@ (100064ec <tud_task_ext+0x6a8>)
100063da:	016d      	lsls	r5, r5, #5
100063dc:	681b      	ldr	r3, [r3, #0]
100063de:	195d      	adds	r5, r3, r5
100063e0:	2d00      	cmp	r5, #0
100063e2:	d100      	bne.n	100063e6 <tud_task_ext+0x5a2>
100063e4:	e6b0      	b.n	10006148 <tud_task_ext+0x304>
100063e6:	6968      	ldr	r0, [r5, #20]
100063e8:	f000 fa58 	bl	1000689c <usbd_control_set_complete_callback>
100063ec:	2101      	movs	r1, #1
100063ee:	4658      	mov	r0, fp
100063f0:	696b      	ldr	r3, [r5, #20]
100063f2:	aa0e      	add	r2, sp, #56	@ 0x38
100063f4:	4798      	blx	r3
100063f6:	e6b8      	b.n	1000616a <tud_task_ext+0x326>
100063f8:	2a00      	cmp	r2, #0
100063fa:	d000      	beq.n	100063fe <tud_task_ext+0x5ba>
100063fc:	e6a4      	b.n	10006148 <tud_task_ext+0x304>
100063fe:	2300      	movs	r3, #0
10006400:	4699      	mov	r9, r3
10006402:	7962      	ldrb	r2, [r4, #5]
10006404:	2002      	movs	r0, #2
10006406:	0013      	movs	r3, r2
10006408:	9203      	str	r2, [sp, #12]
1000640a:	4383      	bics	r3, r0
1000640c:	2b01      	cmp	r3, #1
1000640e:	d015      	beq.n	1000643c <tud_task_ext+0x5f8>
10006410:	2a00      	cmp	r2, #0
10006412:	d000      	beq.n	10006416 <tud_task_ext+0x5d2>
10006414:	e698      	b.n	10006148 <tud_task_ext+0x304>
10006416:	002b      	movs	r3, r5
10006418:	4443      	add	r3, r8
1000641a:	4453      	add	r3, sl
1000641c:	3330      	adds	r3, #48	@ 0x30
1000641e:	791b      	ldrb	r3, [r3, #4]
10006420:	aa0c      	add	r2, sp, #48	@ 0x30
10006422:	079b      	lsls	r3, r3, #30
10006424:	0fdb      	lsrs	r3, r3, #31
10006426:	3202      	adds	r2, #2
10006428:	e7bc      	b.n	100063a4 <tud_task_ext+0x560>
1000642a:	1c5a      	adds	r2, r3, #1
1000642c:	42aa      	cmp	r2, r5
1000642e:	da00      	bge.n	10006432 <tud_task_ext+0x5ee>
10006430:	e68a      	b.n	10006148 <tud_task_ext+0x304>
10006432:	1aed      	subs	r5, r5, r3
10006434:	4b2c      	ldr	r3, [pc, #176]	@ (100064e8 <tud_task_ext+0x6a4>)
10006436:	016d      	lsls	r5, r5, #5
10006438:	18ed      	adds	r5, r5, r3
1000643a:	e7d4      	b.n	100063e6 <tud_task_ext+0x5a2>
1000643c:	88e3      	ldrh	r3, [r4, #6]
1000643e:	2b00      	cmp	r3, #0
10006440:	d112      	bne.n	10006468 <tud_task_ext+0x624>
10006442:	9b02      	ldr	r3, [sp, #8]
10006444:	7818      	ldrb	r0, [r3, #0]
10006446:	9b03      	ldr	r3, [sp, #12]
10006448:	2b01      	cmp	r3, #1
1000644a:	d023      	beq.n	10006494 <tud_task_ext+0x650>
1000644c:	f7ff fbea 	bl	10005c24 <dcd_edpt_stall>
10006450:	4643      	mov	r3, r8
10006452:	2102      	movs	r1, #2
10006454:	18eb      	adds	r3, r5, r3
10006456:	4453      	add	r3, sl
10006458:	3330      	adds	r3, #48	@ 0x30
1000645a:	791a      	ldrb	r2, [r3, #4]
1000645c:	430a      	orrs	r2, r1
1000645e:	2101      	movs	r1, #1
10006460:	711a      	strb	r2, [r3, #4]
10006462:	791a      	ldrb	r2, [r3, #4]
10006464:	430a      	orrs	r2, r1
10006466:	711a      	strb	r2, [r3, #4]
10006468:	464b      	mov	r3, r9
1000646a:	2b00      	cmp	r3, #0
1000646c:	d100      	bne.n	10006470 <tud_task_ext+0x62c>
1000646e:	e4ff      	b.n	10005e70 <tud_task_ext+0x2c>
10006470:	6958      	ldr	r0, [r3, #20]
10006472:	f000 fa13 	bl	1000689c <usbd_control_set_complete_callback>
10006476:	464b      	mov	r3, r9
10006478:	2101      	movs	r1, #1
1000647a:	695b      	ldr	r3, [r3, #20]
1000647c:	aa0e      	add	r2, sp, #56	@ 0x38
1000647e:	4658      	mov	r0, fp
10006480:	4798      	blx	r3
10006482:	2000      	movs	r0, #0
10006484:	f000 fa0a 	bl	1000689c <usbd_control_set_complete_callback>
10006488:	2335      	movs	r3, #53	@ 0x35
1000648a:	5ceb      	ldrb	r3, [r5, r3]
1000648c:	07db      	lsls	r3, r3, #31
1000648e:	d500      	bpl.n	10006492 <tud_task_ext+0x64e>
10006490:	e4ee      	b.n	10005e70 <tud_task_ext+0x2c>
10006492:	e6b0      	b.n	100061f6 <tud_task_ext+0x3b2>
10006494:	f7ff fbe0 	bl	10005c58 <dcd_edpt_clear_stall>
10006498:	4643      	mov	r3, r8
1000649a:	2102      	movs	r1, #2
1000649c:	18eb      	adds	r3, r5, r3
1000649e:	4453      	add	r3, sl
100064a0:	3330      	adds	r3, #48	@ 0x30
100064a2:	791a      	ldrb	r2, [r3, #4]
100064a4:	438a      	bics	r2, r1
100064a6:	711a      	strb	r2, [r3, #4]
100064a8:	791a      	ldrb	r2, [r3, #4]
100064aa:	9903      	ldr	r1, [sp, #12]
100064ac:	438a      	bics	r2, r1
100064ae:	711a      	strb	r2, [r3, #4]
100064b0:	e7da      	b.n	10006468 <tud_task_ext+0x624>
100064b2:	f7ff fc33 	bl	10005d1c <tud_umount_cb>
100064b6:	e69e      	b.n	100061f6 <tud_task_ext+0x3b2>
100064b8:	2100      	movs	r1, #0
100064ba:	4658      	mov	r0, fp
100064bc:	f7ff faf6 	bl	10005aac <dcd_sof_enable>
100064c0:	4658      	mov	r0, fp
100064c2:	f7ff fb99 	bl	10005bf8 <dcd_edpt_close_all>
100064c6:	78ab      	ldrb	r3, [r5, #2]
100064c8:	4907      	ldr	r1, [pc, #28]	@ (100064e8 <tud_task_ext+0x6a4>)
100064ca:	9303      	str	r3, [sp, #12]
100064cc:	9104      	str	r1, [sp, #16]
100064ce:	4b05      	ldr	r3, [pc, #20]	@ (100064e4 <tud_task_ext+0x6a0>)
100064d0:	4906      	ldr	r1, [pc, #24]	@ (100064ec <tud_task_ext+0x6a8>)
100064d2:	4698      	mov	r8, r3
100064d4:	781a      	ldrb	r2, [r3, #0]
100064d6:	9105      	str	r1, [sp, #20]
100064d8:	2300      	movs	r3, #0
100064da:	0029      	movs	r1, r5
100064dc:	001d      	movs	r5, r3
100064de:	468a      	mov	sl, r1
100064e0:	e01b      	b.n	1000651a <tud_task_ext+0x6d6>
100064e2:	46c0      	nop			@ (mov r8, r8)
100064e4:	20002ced 	.word	0x20002ced
100064e8:	1000bc04 	.word	0x1000bc04
100064ec:	20001d90 	.word	0x20001d90
100064f0:	20001f54 	.word	0x20001f54
100064f4:	1000bba8 	.word	0x1000bba8
100064f8:	9b05      	ldr	r3, [sp, #20]
100064fa:	016a      	lsls	r2, r5, #5
100064fc:	681b      	ldr	r3, [r3, #0]
100064fe:	189b      	adds	r3, r3, r2
10006500:	2b00      	cmp	r3, #0
10006502:	d04d      	beq.n	100065a0 <tud_task_ext+0x75c>
10006504:	68db      	ldr	r3, [r3, #12]
10006506:	4658      	mov	r0, fp
10006508:	4798      	blx	r3
1000650a:	4643      	mov	r3, r8
1000650c:	781a      	ldrb	r2, [r3, #0]
1000650e:	3501      	adds	r5, #1
10006510:	b2ed      	uxtb	r5, r5
10006512:	1c51      	adds	r1, r2, #1
10006514:	002b      	movs	r3, r5
10006516:	428d      	cmp	r5, r1
10006518:	dc2e      	bgt.n	10006578 <tud_task_ext+0x734>
1000651a:	4295      	cmp	r5, r2
1000651c:	d3ec      	bcc.n	100064f8 <tud_task_ext+0x6b4>
1000651e:	1a9b      	subs	r3, r3, r2
10006520:	9a04      	ldr	r2, [sp, #16]
10006522:	015b      	lsls	r3, r3, #5
10006524:	4694      	mov	ip, r2
10006526:	4463      	add	r3, ip
10006528:	e7ec      	b.n	10006504 <tud_task_ext+0x6c0>
1000652a:	ab0c      	add	r3, sp, #48	@ 0x30
1000652c:	1c9a      	adds	r2, r3, #2
1000652e:	4658      	mov	r0, fp
10006530:	2301      	movs	r3, #1
10006532:	a90e      	add	r1, sp, #56	@ 0x38
10006534:	7015      	strb	r5, [r2, #0]
10006536:	f000 f951 	bl	100067dc <tud_control_xfer>
1000653a:	e499      	b.n	10005e70 <tud_task_ext+0x2c>
1000653c:	9a0b      	ldr	r2, [sp, #44]	@ 0x2c
1000653e:	2a01      	cmp	r2, #1
10006540:	d04f      	beq.n	100065e2 <tud_task_ext+0x79e>
10006542:	2a00      	cmp	r2, #0
10006544:	d03c      	beq.n	100065c0 <tud_task_ext+0x77c>
10006546:	2300      	movs	r3, #0
10006548:	78b0      	ldrb	r0, [r6, #2]
1000654a:	e004      	b.n	10006556 <tud_task_ext+0x712>
1000654c:	3301      	adds	r3, #1
1000654e:	b2db      	uxtb	r3, r3
10006550:	710f      	strb	r7, [r1, #4]
10006552:	4293      	cmp	r3, r2
10006554:	d234      	bcs.n	100065c0 <tud_task_ext+0x77c>
10006556:	18c1      	adds	r1, r0, r3
10006558:	b2c9      	uxtb	r1, r1
1000655a:	4441      	add	r1, r8
1000655c:	790d      	ldrb	r5, [r1, #4]
1000655e:	2dff      	cmp	r5, #255	@ 0xff
10006560:	d0f4      	beq.n	1000654c <tud_task_ext+0x708>
10006562:	464e      	mov	r6, r9
10006564:	4645      	mov	r5, r8
10006566:	4657      	mov	r7, sl
10006568:	2300      	movs	r3, #0
1000656a:	706b      	strb	r3, [r5, #1]
1000656c:	e5ec      	b.n	10006148 <tud_task_ext+0x304>
1000656e:	464e      	mov	r6, r9
10006570:	4657      	mov	r7, sl
10006572:	f7ff fbd1 	bl	10005d18 <tud_mount_cb>
10006576:	e63e      	b.n	100061f6 <tud_task_ext+0x3b2>
10006578:	4655      	mov	r5, sl
1000657a:	2254      	movs	r2, #84	@ 0x54
1000657c:	2100      	movs	r1, #0
1000657e:	0028      	movs	r0, r5
10006580:	f7fc ffe6 	bl	10003550 <__wrap_memset>
10006584:	2210      	movs	r2, #16
10006586:	21ff      	movs	r1, #255	@ 0xff
10006588:	1d28      	adds	r0, r5, #4
1000658a:	f7fc ffe1 	bl	10003550 <__wrap_memset>
1000658e:	0028      	movs	r0, r5
10006590:	2220      	movs	r2, #32
10006592:	21ff      	movs	r1, #255	@ 0xff
10006594:	3014      	adds	r0, #20
10006596:	f7fc ffdb 	bl	10003550 <__wrap_memset>
1000659a:	9b03      	ldr	r3, [sp, #12]
1000659c:	70ab      	strb	r3, [r5, #2]
1000659e:	e657      	b.n	10006250 <tud_task_ext+0x40c>
100065a0:	4655      	mov	r5, sl
100065a2:	e7fa      	b.n	1000659a <tud_task_ext+0x756>
100065a4:	f7fe fea0 	bl	100052e8 <tud_descriptor_bos_cb>
100065a8:	1e02      	subs	r2, r0, #0
100065aa:	d100      	bne.n	100065ae <tud_task_ext+0x76a>
100065ac:	e5cc      	b.n	10006148 <tud_task_ext+0x304>
100065ae:	78d3      	ldrb	r3, [r2, #3]
100065b0:	7891      	ldrb	r1, [r2, #2]
100065b2:	021b      	lsls	r3, r3, #8
100065b4:	430b      	orrs	r3, r1
100065b6:	4658      	mov	r0, fp
100065b8:	a90e      	add	r1, sp, #56	@ 0x38
100065ba:	f000 f90f 	bl	100067dc <tud_control_xfer>
100065be:	e5d4      	b.n	1000616a <tud_task_ext+0x326>
100065c0:	4665      	mov	r5, ip
100065c2:	003b      	movs	r3, r7
100065c4:	002a      	movs	r2, r5
100065c6:	0031      	movs	r1, r6
100065c8:	980a      	ldr	r0, [sp, #40]	@ 0x28
100065ca:	f000 fe8d 	bl	100072e8 <tu_edpt_bind_driver>
100065ce:	46ac      	mov	ip, r5
100065d0:	9b04      	ldr	r3, [sp, #16]
100065d2:	9a03      	ldr	r2, [sp, #12]
100065d4:	781b      	ldrb	r3, [r3, #0]
100065d6:	4466      	add	r6, ip
100065d8:	3301      	adds	r3, #1
100065da:	4293      	cmp	r3, r2
100065dc:	db00      	blt.n	100065e0 <tud_task_ext+0x79c>
100065de:	e66c      	b.n	100062ba <tud_task_ext+0x476>
100065e0:	e7bf      	b.n	10006562 <tud_task_ext+0x71e>
100065e2:	4b17      	ldr	r3, [pc, #92]	@ (10006640 <tud_task_ext+0x7fc>)
100065e4:	6929      	ldr	r1, [r5, #16]
100065e6:	4299      	cmp	r1, r3
100065e8:	d1ad      	bne.n	10006546 <tud_task_ext+0x702>
100065ea:	9a07      	ldr	r2, [sp, #28]
100065ec:	e7ab      	b.n	10006546 <tud_task_ext+0x702>
100065ee:	f7ff fb8f 	bl	10005d10 <tud_descriptor_device_qualifier_cb>
100065f2:	1e02      	subs	r2, r0, #0
100065f4:	d100      	bne.n	100065f8 <tud_task_ext+0x7b4>
100065f6:	e5a7      	b.n	10006148 <tud_task_ext+0x304>
100065f8:	4658      	mov	r0, fp
100065fa:	7813      	ldrb	r3, [r2, #0]
100065fc:	a90e      	add	r1, sp, #56	@ 0x38
100065fe:	f000 f8ed 	bl	100067dc <tud_control_xfer>
10006602:	e5b2      	b.n	1000616a <tud_task_ext+0x326>
10006604:	8921      	ldrh	r1, [r4, #8]
10006606:	f7ff f8c3 	bl	10005790 <tud_descriptor_string_cb>
1000660a:	1e02      	subs	r2, r0, #0
1000660c:	d1f4      	bne.n	100065f8 <tud_task_ext+0x7b4>
1000660e:	e59b      	b.n	10006148 <tud_task_ext+0x304>
10006610:	2a02      	cmp	r2, #2
10006612:	d00f      	beq.n	10006634 <tud_task_ext+0x7f0>
10006614:	f7ff fb7e 	bl	10005d14 <tud_descriptor_other_speed_configuration_cb>
10006618:	1e02      	subs	r2, r0, #0
1000661a:	d1c8      	bne.n	100065ae <tud_task_ext+0x76a>
1000661c:	e594      	b.n	10006148 <tud_task_ext+0x304>
1000661e:	f7ff f8af 	bl	10005780 <tud_descriptor_device_cb>
10006622:	1e02      	subs	r2, r0, #0
10006624:	d100      	bne.n	10006628 <tud_task_ext+0x7e4>
10006626:	e58f      	b.n	10006148 <tud_task_ext+0x304>
10006628:	2312      	movs	r3, #18
1000662a:	4658      	mov	r0, fp
1000662c:	a90e      	add	r1, sp, #56	@ 0x38
1000662e:	f000 f8d5 	bl	100067dc <tud_control_xfer>
10006632:	e59a      	b.n	1000616a <tud_task_ext+0x326>
10006634:	f7ff f8a8 	bl	10005788 <tud_descriptor_configuration_cb>
10006638:	1e02      	subs	r2, r0, #0
1000663a:	d1b8      	bne.n	100065ae <tud_task_ext+0x76a>
1000663c:	e584      	b.n	10006148 <tud_task_ext+0x304>
1000663e:	46c0      	nop			@ (mov r8, r8)
10006640:	10006ca9 	.word	0x10006ca9

10006644 <usbd_open_edpt_pair>:
10006644:	b5f8      	push	{r3, r4, r5, r6, r7, lr}
10006646:	4657      	mov	r7, sl
10006648:	464e      	mov	r6, r9
1000664a:	46de      	mov	lr, fp
1000664c:	4645      	mov	r5, r8
1000664e:	000c      	movs	r4, r1
10006650:	b5e0      	push	{r5, r6, r7, lr}
10006652:	0016      	movs	r6, r2
10006654:	001f      	movs	r7, r3
10006656:	2a00      	cmp	r2, #0
10006658:	d03c      	beq.n	100066d4 <usbd_open_edpt_pair+0x90>
1000665a:	4b1f      	ldr	r3, [pc, #124]	@ (100066d8 <usbd_open_edpt_pair+0x94>)
1000665c:	2500      	movs	r5, #0
1000665e:	469a      	mov	sl, r3
10006660:	2370      	movs	r3, #112	@ 0x70
10006662:	4699      	mov	r9, r3
10006664:	4b1d      	ldr	r3, [pc, #116]	@ (100066dc <usbd_open_edpt_pair+0x98>)
10006666:	469b      	mov	fp, r3
10006668:	e017      	b.n	1000669a <usbd_open_edpt_pair+0x56>
1000666a:	465b      	mov	r3, fp
1000666c:	0020      	movs	r0, r4
1000666e:	7899      	ldrb	r1, [r3, #2]
10006670:	f000 fdfc 	bl	1000726c <tu_edpt_validate>
10006674:	2800      	cmp	r0, #0
10006676:	d01f      	beq.n	100066b8 <usbd_open_edpt_pair+0x74>
10006678:	0021      	movs	r1, r4
1000667a:	4640      	mov	r0, r8
1000667c:	f7ff fa32 	bl	10005ae4 <dcd_edpt_open>
10006680:	2800      	cmp	r0, #0
10006682:	d019      	beq.n	100066b8 <usbd_open_edpt_pair+0x74>
10006684:	78a3      	ldrb	r3, [r4, #2]
10006686:	09da      	lsrs	r2, r3, #7
10006688:	2a01      	cmp	r2, #1
1000668a:	d01c      	beq.n	100066c6 <usbd_open_edpt_pair+0x82>
1000668c:	9a0a      	ldr	r2, [sp, #40]	@ 0x28
1000668e:	3501      	adds	r5, #1
10006690:	7013      	strb	r3, [r2, #0]
10006692:	7823      	ldrb	r3, [r4, #0]
10006694:	18e4      	adds	r4, r4, r3
10006696:	42b5      	cmp	r5, r6
10006698:	da1c      	bge.n	100066d4 <usbd_open_edpt_pair+0x90>
1000669a:	7863      	ldrb	r3, [r4, #1]
1000669c:	2b05      	cmp	r3, #5
1000669e:	d10b      	bne.n	100066b8 <usbd_open_edpt_pair+0x74>
100066a0:	78e3      	ldrb	r3, [r4, #3]
100066a2:	079b      	lsls	r3, r3, #30
100066a4:	0f9b      	lsrs	r3, r3, #30
100066a6:	42bb      	cmp	r3, r7
100066a8:	d106      	bne.n	100066b8 <usbd_open_edpt_pair+0x74>
100066aa:	4653      	mov	r3, sl
100066ac:	464a      	mov	r2, r9
100066ae:	781b      	ldrb	r3, [r3, #0]
100066b0:	4698      	mov	r8, r3
100066b2:	78a3      	ldrb	r3, [r4, #2]
100066b4:	421a      	tst	r2, r3
100066b6:	d0d8      	beq.n	1000666a <usbd_open_edpt_pair+0x26>
100066b8:	2000      	movs	r0, #0
100066ba:	bcf0      	pop	{r4, r5, r6, r7}
100066bc:	46bb      	mov	fp, r7
100066be:	46b2      	mov	sl, r6
100066c0:	46a9      	mov	r9, r5
100066c2:	46a0      	mov	r8, r4
100066c4:	bdf8      	pop	{r3, r4, r5, r6, r7, pc}
100066c6:	9a0b      	ldr	r2, [sp, #44]	@ 0x2c
100066c8:	3501      	adds	r5, #1
100066ca:	7013      	strb	r3, [r2, #0]
100066cc:	7823      	ldrb	r3, [r4, #0]
100066ce:	18e4      	adds	r4, r4, r3
100066d0:	42b5      	cmp	r5, r6
100066d2:	dbe2      	blt.n	1000669a <usbd_open_edpt_pair+0x56>
100066d4:	2001      	movs	r0, #1
100066d6:	e7f0      	b.n	100066ba <usbd_open_edpt_pair+0x76>
100066d8:	20001014 	.word	0x20001014
100066dc:	20001f40 	.word	0x20001f40

100066e0 <usbd_edpt_open>:
100066e0:	2270      	movs	r2, #112	@ 0x70
100066e2:	b570      	push	{r4, r5, r6, lr}
100066e4:	4b09      	ldr	r3, [pc, #36]	@ (1000670c <usbd_edpt_open+0x2c>)
100066e6:	000c      	movs	r4, r1
100066e8:	781d      	ldrb	r5, [r3, #0]
100066ea:	788b      	ldrb	r3, [r1, #2]
100066ec:	421a      	tst	r2, r3
100066ee:	d001      	beq.n	100066f4 <usbd_edpt_open+0x14>
100066f0:	2000      	movs	r0, #0
100066f2:	bd70      	pop	{r4, r5, r6, pc}
100066f4:	4b06      	ldr	r3, [pc, #24]	@ (10006710 <usbd_edpt_open+0x30>)
100066f6:	0020      	movs	r0, r4
100066f8:	7899      	ldrb	r1, [r3, #2]
100066fa:	f000 fdb7 	bl	1000726c <tu_edpt_validate>
100066fe:	2800      	cmp	r0, #0
10006700:	d0f6      	beq.n	100066f0 <usbd_edpt_open+0x10>
10006702:	0021      	movs	r1, r4
10006704:	0028      	movs	r0, r5
10006706:	f7ff f9ed 	bl	10005ae4 <dcd_edpt_open>
1000670a:	e7f2      	b.n	100066f2 <usbd_edpt_open+0x12>
1000670c:	20001014 	.word	0x20001014
10006710:	20001f40 	.word	0x20001f40

10006714 <usbd_edpt_claim>:
10006714:	000b      	movs	r3, r1
10006716:	207f      	movs	r0, #127	@ 0x7f
10006718:	b510      	push	{r4, lr}
1000671a:	4018      	ands	r0, r3
1000671c:	09db      	lsrs	r3, r3, #7
1000671e:	3334      	adds	r3, #52	@ 0x34
10006720:	0040      	lsls	r0, r0, #1
10006722:	4a04      	ldr	r2, [pc, #16]	@ (10006734 <usbd_edpt_claim+0x20>)
10006724:	18c0      	adds	r0, r0, r3
10006726:	4b04      	ldr	r3, [pc, #16]	@ (10006738 <usbd_edpt_claim+0x24>)
10006728:	6811      	ldr	r1, [r2, #0]
1000672a:	18c0      	adds	r0, r0, r3
1000672c:	f000 fd5a 	bl	100071e4 <tu_edpt_claim>
10006730:	bd10      	pop	{r4, pc}
10006732:	46c0      	nop			@ (mov r8, r8)
10006734:	20001f94 	.word	0x20001f94
10006738:	20001f40 	.word	0x20001f40

1000673c <usbd_edpt_release>:
1000673c:	000b      	movs	r3, r1
1000673e:	207f      	movs	r0, #127	@ 0x7f
10006740:	b510      	push	{r4, lr}
10006742:	4018      	ands	r0, r3
10006744:	09db      	lsrs	r3, r3, #7
10006746:	3334      	adds	r3, #52	@ 0x34
10006748:	0040      	lsls	r0, r0, #1
1000674a:	4a04      	ldr	r2, [pc, #16]	@ (1000675c <usbd_edpt_release+0x20>)
1000674c:	18c0      	adds	r0, r0, r3
1000674e:	4b04      	ldr	r3, [pc, #16]	@ (10006760 <usbd_edpt_release+0x24>)
10006750:	6811      	ldr	r1, [r2, #0]
10006752:	18c0      	adds	r0, r0, r3
10006754:	f000 fd6e 	bl	10007234 <tu_edpt_release>
10006758:	bd10      	pop	{r4, pc}
1000675a:	46c0      	nop			@ (mov r8, r8)
1000675c:	20001f94 	.word	0x20001f94
10006760:	20001f40 	.word	0x20001f40

10006764 <usbd_edpt_xfer>:
10006764:	b570      	push	{r4, r5, r6, lr}
10006766:	247f      	movs	r4, #127	@ 0x7f
10006768:	480f      	ldr	r0, [pc, #60]	@ (100067a8 <usbd_edpt_xfer+0x44>)
1000676a:	400c      	ands	r4, r1
1000676c:	0064      	lsls	r4, r4, #1
1000676e:	1904      	adds	r4, r0, r4
10006770:	09cd      	lsrs	r5, r1, #7
10006772:	1964      	adds	r4, r4, r5
10006774:	3430      	adds	r4, #48	@ 0x30
10006776:	7920      	ldrb	r0, [r4, #4]
10006778:	07c0      	lsls	r0, r0, #31
1000677a:	d501      	bpl.n	10006780 <usbd_edpt_xfer+0x1c>
1000677c:	2000      	movs	r0, #0
1000677e:	bd70      	pop	{r4, r5, r6, pc}
10006780:	2601      	movs	r6, #1
10006782:	7925      	ldrb	r5, [r4, #4]
10006784:	4809      	ldr	r0, [pc, #36]	@ (100067ac <usbd_edpt_xfer+0x48>)
10006786:	4335      	orrs	r5, r6
10006788:	7800      	ldrb	r0, [r0, #0]
1000678a:	7125      	strb	r5, [r4, #4]
1000678c:	f7ff fa38 	bl	10005c00 <dcd_edpt_xfer>
10006790:	2800      	cmp	r0, #0
10006792:	d1f4      	bne.n	1000677e <usbd_edpt_xfer+0x1a>
10006794:	2201      	movs	r2, #1
10006796:	7923      	ldrb	r3, [r4, #4]
10006798:	4393      	bics	r3, r2
1000679a:	7123      	strb	r3, [r4, #4]
1000679c:	7923      	ldrb	r3, [r4, #4]
1000679e:	3203      	adds	r2, #3
100067a0:	4393      	bics	r3, r2
100067a2:	7123      	strb	r3, [r4, #4]
100067a4:	e7ea      	b.n	1000677c <usbd_edpt_xfer+0x18>
100067a6:	46c0      	nop			@ (mov r8, r8)
100067a8:	20001f40 	.word	0x20001f40
100067ac:	20001014 	.word	0x20001014

100067b0 <tud_control_status>:
100067b0:	b570      	push	{r4, r5, r6, lr}
100067b2:	4c09      	ldr	r4, [pc, #36]	@ (100067d8 <tud_control_status+0x28>)
100067b4:	0006      	movs	r6, r0
100067b6:	2208      	movs	r2, #8
100067b8:	0020      	movs	r0, r4
100067ba:	000d      	movs	r5, r1
100067bc:	f7fc fece 	bl	1000355c <__wrap___aeabi_memcpy>
100067c0:	2300      	movs	r3, #0
100067c2:	2180      	movs	r1, #128	@ 0x80
100067c4:	60e3      	str	r3, [r4, #12]
100067c6:	60a3      	str	r3, [r4, #8]
100067c8:	782b      	ldrb	r3, [r5, #0]
100067ca:	0030      	movs	r0, r6
100067cc:	4399      	bics	r1, r3
100067ce:	2200      	movs	r2, #0
100067d0:	2300      	movs	r3, #0
100067d2:	f7ff ffc7 	bl	10006764 <usbd_edpt_xfer>
100067d6:	bd70      	pop	{r4, r5, r6, pc}
100067d8:	20001f20 	.word	0x20001f20

100067dc <tud_control_xfer>:
100067dc:	b5f8      	push	{r3, r4, r5, r6, r7, lr}
100067de:	46ce      	mov	lr, r9
100067e0:	4647      	mov	r7, r8
100067e2:	4690      	mov	r8, r2
100067e4:	4e26      	ldr	r6, [pc, #152]	@ (10006880 <tud_control_xfer+0xa4>)
100067e6:	b580      	push	{r7, lr}
100067e8:	4681      	mov	r9, r0
100067ea:	2208      	movs	r2, #8
100067ec:	0030      	movs	r0, r6
100067ee:	000d      	movs	r5, r1
100067f0:	001f      	movs	r7, r3
100067f2:	f7fc feb3 	bl	1000355c <__wrap___aeabi_memcpy>
100067f6:	4643      	mov	r3, r8
100067f8:	60b3      	str	r3, [r6, #8]
100067fa:	2300      	movs	r3, #0
100067fc:	81f3      	strh	r3, [r6, #14]
100067fe:	79ec      	ldrb	r4, [r5, #7]
10006800:	79ab      	ldrb	r3, [r5, #6]
10006802:	0224      	lsls	r4, r4, #8
10006804:	431c      	orrs	r4, r3
10006806:	1c23      	adds	r3, r4, #0
10006808:	42bc      	cmp	r4, r7
1000680a:	d900      	bls.n	1000680e <tud_control_xfer+0x32>
1000680c:	1c3b      	adds	r3, r7, #0
1000680e:	b29f      	uxth	r7, r3
10006810:	81b3      	strh	r3, [r6, #12]
10006812:	2c00      	cmp	r4, #0
10006814:	d00e      	beq.n	10006834 <tud_control_xfer+0x58>
10006816:	2f00      	cmp	r7, #0
10006818:	d018      	beq.n	1000684c <tud_control_xfer+0x70>
1000681a:	4643      	mov	r3, r8
1000681c:	2b00      	cmp	r3, #0
1000681e:	d02c      	beq.n	1000687a <tud_control_xfer+0x9e>
10006820:	1c3b      	adds	r3, r7, #0
10006822:	2f40      	cmp	r7, #64	@ 0x40
10006824:	d81b      	bhi.n	1000685e <tud_control_xfer+0x82>
10006826:	b29f      	uxth	r7, r3
10006828:	7833      	ldrb	r3, [r6, #0]
1000682a:	2b7f      	cmp	r3, #127	@ 0x7f
1000682c:	d81c      	bhi.n	10006868 <tud_control_xfer+0x8c>
1000682e:	2100      	movs	r1, #0
10006830:	4a14      	ldr	r2, [pc, #80]	@ (10006884 <tud_control_xfer+0xa8>)
10006832:	e00f      	b.n	10006854 <tud_control_xfer+0x78>
10006834:	2180      	movs	r1, #128	@ 0x80
10006836:	782b      	ldrb	r3, [r5, #0]
10006838:	2200      	movs	r2, #0
1000683a:	4399      	bics	r1, r3
1000683c:	4648      	mov	r0, r9
1000683e:	2300      	movs	r3, #0
10006840:	f7ff ff90 	bl	10006764 <usbd_edpt_xfer>
10006844:	bcc0      	pop	{r6, r7}
10006846:	46b9      	mov	r9, r7
10006848:	46b0      	mov	r8, r6
1000684a:	bdf8      	pop	{r3, r4, r5, r6, r7, pc}
1000684c:	237f      	movs	r3, #127	@ 0x7f
1000684e:	2200      	movs	r2, #0
10006850:	7831      	ldrb	r1, [r6, #0]
10006852:	4399      	bics	r1, r3
10006854:	003b      	movs	r3, r7
10006856:	4648      	mov	r0, r9
10006858:	f7ff ff84 	bl	10006764 <usbd_edpt_xfer>
1000685c:	e7f2      	b.n	10006844 <tud_control_xfer+0x68>
1000685e:	2340      	movs	r3, #64	@ 0x40
10006860:	b29f      	uxth	r7, r3
10006862:	7833      	ldrb	r3, [r6, #0]
10006864:	2b7f      	cmp	r3, #127	@ 0x7f
10006866:	d9e2      	bls.n	1000682e <tud_control_xfer+0x52>
10006868:	4c06      	ldr	r4, [pc, #24]	@ (10006884 <tud_control_xfer+0xa8>)
1000686a:	003a      	movs	r2, r7
1000686c:	4641      	mov	r1, r8
1000686e:	0020      	movs	r0, r4
10006870:	f7fc fe74 	bl	1000355c <__wrap___aeabi_memcpy>
10006874:	2180      	movs	r1, #128	@ 0x80
10006876:	0022      	movs	r2, r4
10006878:	e7ec      	b.n	10006854 <tud_control_xfer+0x78>
1000687a:	2000      	movs	r0, #0
1000687c:	e7e2      	b.n	10006844 <tud_control_xfer+0x68>
1000687e:	46c0      	nop			@ (mov r8, r8)
10006880:	20001f20 	.word	0x20001f20
10006884:	20001ee0 	.word	0x20001ee0

10006888 <usbd_control_reset>:
10006888:	b510      	push	{r4, lr}
1000688a:	2214      	movs	r2, #20
1000688c:	2100      	movs	r1, #0
1000688e:	4802      	ldr	r0, [pc, #8]	@ (10006898 <usbd_control_reset+0x10>)
10006890:	f7fc fe5e 	bl	10003550 <__wrap_memset>
10006894:	bd10      	pop	{r4, pc}
10006896:	46c0      	nop			@ (mov r8, r8)
10006898:	20001f20 	.word	0x20001f20

1000689c <usbd_control_set_complete_callback>:
1000689c:	4b01      	ldr	r3, [pc, #4]	@ (100068a4 <usbd_control_set_complete_callback+0x8>)
1000689e:	6118      	str	r0, [r3, #16]
100068a0:	4770      	bx	lr
100068a2:	46c0      	nop			@ (mov r8, r8)
100068a4:	20001f20 	.word	0x20001f20

100068a8 <usbd_control_set_request>:
100068a8:	b510      	push	{r4, lr}
100068aa:	4c05      	ldr	r4, [pc, #20]	@ (100068c0 <usbd_control_set_request+0x18>)
100068ac:	0001      	movs	r1, r0
100068ae:	2208      	movs	r2, #8
100068b0:	0020      	movs	r0, r4
100068b2:	f7fc fe53 	bl	1000355c <__wrap___aeabi_memcpy>
100068b6:	2300      	movs	r3, #0
100068b8:	60a3      	str	r3, [r4, #8]
100068ba:	60e3      	str	r3, [r4, #12]
100068bc:	bd10      	pop	{r4, pc}
100068be:	46c0      	nop			@ (mov r8, r8)
100068c0:	20001f20 	.word	0x20001f20

100068c4 <usbd_control_xfer_cb>:
100068c4:	b570      	push	{r4, r5, r6, lr}
100068c6:	4c38      	ldr	r4, [pc, #224]	@ (100069a8 <usbd_control_xfer_cb+0xe4>)
100068c8:	001d      	movs	r5, r3
100068ca:	7823      	ldrb	r3, [r4, #0]
100068cc:	0006      	movs	r6, r0
100068ce:	09da      	lsrs	r2, r3, #7
100068d0:	09c9      	lsrs	r1, r1, #7
100068d2:	428a      	cmp	r2, r1
100068d4:	d010      	beq.n	100068f8 <usbd_control_xfer_cb+0x34>
100068d6:	2000      	movs	r0, #0
100068d8:	2d00      	cmp	r5, #0
100068da:	d000      	beq.n	100068de <usbd_control_xfer_cb+0x1a>
100068dc:	bd70      	pop	{r4, r5, r6, pc}
100068de:	0021      	movs	r1, r4
100068e0:	0030      	movs	r0, r6
100068e2:	f7ff f8f1 	bl	10005ac8 <dcd_edpt0_status_complete>
100068e6:	6923      	ldr	r3, [r4, #16]
100068e8:	2b00      	cmp	r3, #0
100068ea:	d003      	beq.n	100068f4 <usbd_control_xfer_cb+0x30>
100068ec:	0022      	movs	r2, r4
100068ee:	2103      	movs	r1, #3
100068f0:	0030      	movs	r0, r6
100068f2:	4798      	blx	r3
100068f4:	2001      	movs	r0, #1
100068f6:	e7f1      	b.n	100068dc <usbd_control_xfer_cb+0x18>
100068f8:	68a0      	ldr	r0, [r4, #8]
100068fa:	2b7f      	cmp	r3, #127	@ 0x7f
100068fc:	d805      	bhi.n	1000690a <usbd_control_xfer_cb+0x46>
100068fe:	2800      	cmp	r0, #0
10006900:	d034      	beq.n	1000696c <usbd_control_xfer_cb+0xa8>
10006902:	002a      	movs	r2, r5
10006904:	4929      	ldr	r1, [pc, #164]	@ (100069ac <usbd_control_xfer_cb+0xe8>)
10006906:	f7fc fe29 	bl	1000355c <__wrap___aeabi_memcpy>
1000690a:	89e2      	ldrh	r2, [r4, #14]
1000690c:	68a1      	ldr	r1, [r4, #8]
1000690e:	1952      	adds	r2, r2, r5
10006910:	88e3      	ldrh	r3, [r4, #6]
10006912:	b292      	uxth	r2, r2
10006914:	1949      	adds	r1, r1, r5
10006916:	81e2      	strh	r2, [r4, #14]
10006918:	60a1      	str	r1, [r4, #8]
1000691a:	4293      	cmp	r3, r2
1000691c:	d014      	beq.n	10006948 <usbd_control_xfer_cb+0x84>
1000691e:	2d3f      	cmp	r5, #63	@ 0x3f
10006920:	d912      	bls.n	10006948 <usbd_control_xfer_cb+0x84>
10006922:	89a3      	ldrh	r3, [r4, #12]
10006924:	1a98      	subs	r0, r3, r2
10006926:	1c05      	adds	r5, r0, #0
10006928:	b280      	uxth	r0, r0
1000692a:	2840      	cmp	r0, #64	@ 0x40
1000692c:	d82a      	bhi.n	10006984 <usbd_control_xfer_cb+0xc0>
1000692e:	7820      	ldrb	r0, [r4, #0]
10006930:	b2ad      	uxth	r5, r5
10006932:	287f      	cmp	r0, #127	@ 0x7f
10006934:	d828      	bhi.n	10006988 <usbd_control_xfer_cb+0xc4>
10006936:	2100      	movs	r1, #0
10006938:	429a      	cmp	r2, r3
1000693a:	d032      	beq.n	100069a2 <usbd_control_xfer_cb+0xde>
1000693c:	4a1b      	ldr	r2, [pc, #108]	@ (100069ac <usbd_control_xfer_cb+0xe8>)
1000693e:	002b      	movs	r3, r5
10006940:	0030      	movs	r0, r6
10006942:	f7ff ff0f 	bl	10006764 <usbd_edpt_xfer>
10006946:	e7c9      	b.n	100068dc <usbd_control_xfer_cb+0x18>
10006948:	6923      	ldr	r3, [r4, #16]
1000694a:	2b00      	cmp	r3, #0
1000694c:	d005      	beq.n	1000695a <usbd_control_xfer_cb+0x96>
1000694e:	0022      	movs	r2, r4
10006950:	2102      	movs	r1, #2
10006952:	0030      	movs	r0, r6
10006954:	4798      	blx	r3
10006956:	2800      	cmp	r0, #0
10006958:	d00a      	beq.n	10006970 <usbd_control_xfer_cb+0xac>
1000695a:	2180      	movs	r1, #128	@ 0x80
1000695c:	7823      	ldrb	r3, [r4, #0]
1000695e:	2200      	movs	r2, #0
10006960:	4399      	bics	r1, r3
10006962:	0030      	movs	r0, r6
10006964:	2300      	movs	r3, #0
10006966:	f7ff fefd 	bl	10006764 <usbd_edpt_xfer>
1000696a:	e7b7      	b.n	100068dc <usbd_control_xfer_cb+0x18>
1000696c:	2000      	movs	r0, #0
1000696e:	e7b5      	b.n	100068dc <usbd_control_xfer_cb+0x18>
10006970:	2100      	movs	r1, #0
10006972:	0030      	movs	r0, r6
10006974:	f7ff f956 	bl	10005c24 <dcd_edpt_stall>
10006978:	0030      	movs	r0, r6
1000697a:	2180      	movs	r1, #128	@ 0x80
1000697c:	f7ff f952 	bl	10005c24 <dcd_edpt_stall>
10006980:	2001      	movs	r0, #1
10006982:	e7ab      	b.n	100068dc <usbd_control_xfer_cb+0x18>
10006984:	2540      	movs	r5, #64	@ 0x40
10006986:	e7d2      	b.n	1000692e <usbd_control_xfer_cb+0x6a>
10006988:	429a      	cmp	r2, r3
1000698a:	d007      	beq.n	1000699c <usbd_control_xfer_cb+0xd8>
1000698c:	4c07      	ldr	r4, [pc, #28]	@ (100069ac <usbd_control_xfer_cb+0xe8>)
1000698e:	002a      	movs	r2, r5
10006990:	0020      	movs	r0, r4
10006992:	f7fc fde3 	bl	1000355c <__wrap___aeabi_memcpy>
10006996:	2180      	movs	r1, #128	@ 0x80
10006998:	0022      	movs	r2, r4
1000699a:	e7d0      	b.n	1000693e <usbd_control_xfer_cb+0x7a>
1000699c:	2180      	movs	r1, #128	@ 0x80
1000699e:	2200      	movs	r2, #0
100069a0:	e7cd      	b.n	1000693e <usbd_control_xfer_cb+0x7a>
100069a2:	2200      	movs	r2, #0
100069a4:	e7cb      	b.n	1000693e <usbd_control_xfer_cb+0x7a>
100069a6:	46c0      	nop			@ (mov r8, r8)
100069a8:	20001f20 	.word	0x20001f20
100069ac:	20001ee0 	.word	0x20001ee0

100069b0 <_prep_out_transaction.isra.0>:
100069b0:	b570      	push	{r4, r5, r6, lr}
100069b2:	0005      	movs	r5, r0
100069b4:	f7ff f9b8 	bl	10005d28 <tud_mounted>
100069b8:	2800      	cmp	r0, #0
100069ba:	d100      	bne.n	100069be <_prep_out_transaction.isra.0+0xe>
100069bc:	bd70      	pop	{r4, r5, r6, pc}
100069be:	f7ff f9bb 	bl	10005d38 <tud_suspended>
100069c2:	2800      	cmp	r0, #0
100069c4:	d1fa      	bne.n	100069bc <_prep_out_transaction.isra.0+0xc>
100069c6:	23c8      	movs	r3, #200	@ 0xc8
100069c8:	436b      	muls	r3, r5
100069ca:	4c12      	ldr	r4, [pc, #72]	@ (10006a14 <_prep_out_transaction.isra.0+0x64>)
100069cc:	18e6      	adds	r6, r4, r3
100069ce:	78f1      	ldrb	r1, [r6, #3]
100069d0:	2900      	cmp	r1, #0
100069d2:	d0f3      	beq.n	100069bc <_prep_out_transaction.isra.0+0xc>
100069d4:	3310      	adds	r3, #16
100069d6:	191c      	adds	r4, r3, r4
100069d8:	0020      	movs	r0, r4
100069da:	f000 fdff 	bl	100075dc <tu_fifo_remaining>
100069de:	283f      	cmp	r0, #63	@ 0x3f
100069e0:	d9ec      	bls.n	100069bc <_prep_out_transaction.isra.0+0xc>
100069e2:	2000      	movs	r0, #0
100069e4:	78f1      	ldrb	r1, [r6, #3]
100069e6:	f7ff fe95 	bl	10006714 <usbd_edpt_claim>
100069ea:	2800      	cmp	r0, #0
100069ec:	d0e6      	beq.n	100069bc <_prep_out_transaction.isra.0+0xc>
100069ee:	0020      	movs	r0, r4
100069f0:	f000 fdf4 	bl	100075dc <tu_fifo_remaining>
100069f4:	283f      	cmp	r0, #63	@ 0x3f
100069f6:	d908      	bls.n	10006a0a <_prep_out_transaction.isra.0+0x5a>
100069f8:	4b07      	ldr	r3, [pc, #28]	@ (10006a18 <_prep_out_transaction.isra.0+0x68>)
100069fa:	01ea      	lsls	r2, r5, #7
100069fc:	18d2      	adds	r2, r2, r3
100069fe:	78f1      	ldrb	r1, [r6, #3]
10006a00:	2340      	movs	r3, #64	@ 0x40
10006a02:	2000      	movs	r0, #0
10006a04:	f7ff feae 	bl	10006764 <usbd_edpt_xfer>
10006a08:	e7d8      	b.n	100069bc <_prep_out_transaction.isra.0+0xc>
10006a0a:	78f1      	ldrb	r1, [r6, #3]
10006a0c:	2000      	movs	r0, #0
10006a0e:	f7ff fe95 	bl	1000673c <usbd_edpt_release>
10006a12:	e7d3      	b.n	100069bc <_prep_out_transaction.isra.0+0xc>
10006a14:	20001e18 	.word	0x20001e18
10006a18:	20001d94 	.word	0x20001d94

10006a1c <tud_cdc_n_connected>:
10006a1c:	b510      	push	{r4, lr}
10006a1e:	0004      	movs	r4, r0
10006a20:	f7ff f982 	bl	10005d28 <tud_mounted>
10006a24:	2800      	cmp	r0, #0
10006a26:	d101      	bne.n	10006a2c <tud_cdc_n_connected+0x10>
10006a28:	2000      	movs	r0, #0
10006a2a:	bd10      	pop	{r4, pc}
10006a2c:	f7ff f984 	bl	10005d38 <tud_suspended>
10006a30:	2800      	cmp	r0, #0
10006a32:	d1f9      	bne.n	10006a28 <tud_cdc_n_connected+0xc>
10006a34:	22c8      	movs	r2, #200	@ 0xc8
10006a36:	4362      	muls	r2, r4
10006a38:	4b02      	ldr	r3, [pc, #8]	@ (10006a44 <tud_cdc_n_connected+0x28>)
10006a3a:	3001      	adds	r0, #1
10006a3c:	189b      	adds	r3, r3, r2
10006a3e:	791b      	ldrb	r3, [r3, #4]
10006a40:	4018      	ands	r0, r3
10006a42:	e7f2      	b.n	10006a2a <tud_cdc_n_connected+0xe>
10006a44:	20001e18 	.word	0x20001e18

10006a48 <tud_cdc_n_available>:
10006a48:	23c8      	movs	r3, #200	@ 0xc8
10006a4a:	b510      	push	{r4, lr}
10006a4c:	4343      	muls	r3, r0
10006a4e:	4802      	ldr	r0, [pc, #8]	@ (10006a58 <tud_cdc_n_available+0x10>)
10006a50:	1818      	adds	r0, r3, r0
10006a52:	f000 fda5 	bl	100075a0 <tu_fifo_count>
10006a56:	bd10      	pop	{r4, pc}
10006a58:	20001e28 	.word	0x20001e28

10006a5c <tud_cdc_n_read>:
10006a5c:	b5f0      	push	{r4, r5, r6, r7, lr}
10006a5e:	24c8      	movs	r4, #200	@ 0xc8
10006a60:	46c6      	mov	lr, r8
10006a62:	2380      	movs	r3, #128	@ 0x80
10006a64:	4344      	muls	r4, r0
10006a66:	4f1f      	ldr	r7, [pc, #124]	@ (10006ae4 <tud_cdc_n_read+0x88>)
10006a68:	3410      	adds	r4, #16
10006a6a:	0005      	movs	r5, r0
10006a6c:	b500      	push	{lr}
10006a6e:	193c      	adds	r4, r7, r4
10006a70:	025b      	lsls	r3, r3, #9
10006a72:	429a      	cmp	r2, r3
10006a74:	d300      	bcc.n	10006a78 <tud_cdc_n_read+0x1c>
10006a76:	4a1c      	ldr	r2, [pc, #112]	@ (10006ae8 <tud_cdc_n_read+0x8c>)
10006a78:	0020      	movs	r0, r4
10006a7a:	b292      	uxth	r2, r2
10006a7c:	f000 fe12 	bl	100076a4 <tu_fifo_read_n>
10006a80:	4680      	mov	r8, r0
10006a82:	f7ff f951 	bl	10005d28 <tud_mounted>
10006a86:	2800      	cmp	r0, #0
10006a88:	d103      	bne.n	10006a92 <tud_cdc_n_read+0x36>
10006a8a:	4640      	mov	r0, r8
10006a8c:	bc80      	pop	{r7}
10006a8e:	46b8      	mov	r8, r7
10006a90:	bdf0      	pop	{r4, r5, r6, r7, pc}
10006a92:	f7ff f951 	bl	10005d38 <tud_suspended>
10006a96:	2800      	cmp	r0, #0
10006a98:	d1f7      	bne.n	10006a8a <tud_cdc_n_read+0x2e>
10006a9a:	26c8      	movs	r6, #200	@ 0xc8
10006a9c:	436e      	muls	r6, r5
10006a9e:	19be      	adds	r6, r7, r6
10006aa0:	78f3      	ldrb	r3, [r6, #3]
10006aa2:	2b00      	cmp	r3, #0
10006aa4:	d0f1      	beq.n	10006a8a <tud_cdc_n_read+0x2e>
10006aa6:	0020      	movs	r0, r4
10006aa8:	f000 fd98 	bl	100075dc <tu_fifo_remaining>
10006aac:	283f      	cmp	r0, #63	@ 0x3f
10006aae:	d9ec      	bls.n	10006a8a <tud_cdc_n_read+0x2e>
10006ab0:	2000      	movs	r0, #0
10006ab2:	78f1      	ldrb	r1, [r6, #3]
10006ab4:	f7ff fe2e 	bl	10006714 <usbd_edpt_claim>
10006ab8:	2800      	cmp	r0, #0
10006aba:	d0e6      	beq.n	10006a8a <tud_cdc_n_read+0x2e>
10006abc:	0020      	movs	r0, r4
10006abe:	f000 fd8d 	bl	100075dc <tu_fifo_remaining>
10006ac2:	283f      	cmp	r0, #63	@ 0x3f
10006ac4:	d908      	bls.n	10006ad8 <tud_cdc_n_read+0x7c>
10006ac6:	4b09      	ldr	r3, [pc, #36]	@ (10006aec <tud_cdc_n_read+0x90>)
10006ac8:	01ea      	lsls	r2, r5, #7
10006aca:	18d2      	adds	r2, r2, r3
10006acc:	78f1      	ldrb	r1, [r6, #3]
10006ace:	2340      	movs	r3, #64	@ 0x40
10006ad0:	2000      	movs	r0, #0
10006ad2:	f7ff fe47 	bl	10006764 <usbd_edpt_xfer>
10006ad6:	e7d8      	b.n	10006a8a <tud_cdc_n_read+0x2e>
10006ad8:	78f1      	ldrb	r1, [r6, #3]
10006ada:	2000      	movs	r0, #0
10006adc:	f7ff fe2e 	bl	1000673c <usbd_edpt_release>
10006ae0:	e7d3      	b.n	10006a8a <tud_cdc_n_read+0x2e>
10006ae2:	46c0      	nop			@ (mov r8, r8)
10006ae4:	20001e18 	.word	0x20001e18
10006ae8:	0000ffff 	.word	0x0000ffff
10006aec:	20001d94 	.word	0x20001d94

10006af0 <tud_cdc_n_write_flush>:
10006af0:	b5f8      	push	{r3, r4, r5, r6, r7, lr}
10006af2:	0006      	movs	r6, r0
10006af4:	f7ff f918 	bl	10005d28 <tud_mounted>
10006af8:	2800      	cmp	r0, #0
10006afa:	d101      	bne.n	10006b00 <tud_cdc_n_write_flush+0x10>
10006afc:	2000      	movs	r0, #0
10006afe:	bdf8      	pop	{r3, r4, r5, r6, r7, pc}
10006b00:	f7ff f91a 	bl	10005d38 <tud_suspended>
10006b04:	2800      	cmp	r0, #0
10006b06:	d1f9      	bne.n	10006afc <tud_cdc_n_write_flush+0xc>
10006b08:	24c8      	movs	r4, #200	@ 0xc8
10006b0a:	4374      	muls	r4, r6
10006b0c:	0025      	movs	r5, r4
10006b0e:	4f13      	ldr	r7, [pc, #76]	@ (10006b5c <tud_cdc_n_write_flush+0x6c>)
10006b10:	3524      	adds	r5, #36	@ 0x24
10006b12:	19ed      	adds	r5, r5, r7
10006b14:	0028      	movs	r0, r5
10006b16:	f000 fd43 	bl	100075a0 <tu_fifo_count>
10006b1a:	2800      	cmp	r0, #0
10006b1c:	d0ee      	beq.n	10006afc <tud_cdc_n_write_flush+0xc>
10006b1e:	193f      	adds	r7, r7, r4
10006b20:	2000      	movs	r0, #0
10006b22:	78b9      	ldrb	r1, [r7, #2]
10006b24:	f7ff fdf6 	bl	10006714 <usbd_edpt_claim>
10006b28:	2800      	cmp	r0, #0
10006b2a:	d0e7      	beq.n	10006afc <tud_cdc_n_write_flush+0xc>
10006b2c:	4b0c      	ldr	r3, [pc, #48]	@ (10006b60 <tud_cdc_n_write_flush+0x70>)
10006b2e:	01f4      	lsls	r4, r6, #7
10006b30:	18e4      	adds	r4, r4, r3
10006b32:	0021      	movs	r1, r4
10006b34:	0028      	movs	r0, r5
10006b36:	2240      	movs	r2, #64	@ 0x40
10006b38:	f000 fdb4 	bl	100076a4 <tu_fifo_read_n>
10006b3c:	78b9      	ldrb	r1, [r7, #2]
10006b3e:	1e05      	subs	r5, r0, #0
10006b40:	d008      	beq.n	10006b54 <tud_cdc_n_write_flush+0x64>
10006b42:	0003      	movs	r3, r0
10006b44:	0022      	movs	r2, r4
10006b46:	2000      	movs	r0, #0
10006b48:	f7ff fe0c 	bl	10006764 <usbd_edpt_xfer>
10006b4c:	2800      	cmp	r0, #0
10006b4e:	d0d5      	beq.n	10006afc <tud_cdc_n_write_flush+0xc>
10006b50:	0028      	movs	r0, r5
10006b52:	e7d4      	b.n	10006afe <tud_cdc_n_write_flush+0xe>
10006b54:	2000      	movs	r0, #0
10006b56:	f7ff fdf1 	bl	1000673c <usbd_edpt_release>
10006b5a:	e7cf      	b.n	10006afc <tud_cdc_n_write_flush+0xc>
10006b5c:	20001e18 	.word	0x20001e18
10006b60:	20001dd4 	.word	0x20001dd4

10006b64 <tud_cdc_n_write>:
10006b64:	b570      	push	{r4, r5, r6, lr}
10006b66:	24c8      	movs	r4, #200	@ 0xc8
10006b68:	4344      	muls	r4, r0
10006b6a:	4b0c      	ldr	r3, [pc, #48]	@ (10006b9c <tud_cdc_n_write+0x38>)
10006b6c:	0005      	movs	r5, r0
10006b6e:	18e4      	adds	r4, r4, r3
10006b70:	2380      	movs	r3, #128	@ 0x80
10006b72:	025b      	lsls	r3, r3, #9
10006b74:	429a      	cmp	r2, r3
10006b76:	d300      	bcc.n	10006b7a <tud_cdc_n_write+0x16>
10006b78:	4a09      	ldr	r2, [pc, #36]	@ (10006ba0 <tud_cdc_n_write+0x3c>)
10006b7a:	0020      	movs	r0, r4
10006b7c:	b292      	uxth	r2, r2
10006b7e:	f000 fe59 	bl	10007834 <tu_fifo_write_n>
10006b82:	0006      	movs	r6, r0
10006b84:	0020      	movs	r0, r4
10006b86:	f000 fd0b 	bl	100075a0 <tu_fifo_count>
10006b8a:	283f      	cmp	r0, #63	@ 0x3f
10006b8c:	d801      	bhi.n	10006b92 <tud_cdc_n_write+0x2e>
10006b8e:	0030      	movs	r0, r6
10006b90:	bd70      	pop	{r4, r5, r6, pc}
10006b92:	0028      	movs	r0, r5
10006b94:	f7ff ffac 	bl	10006af0 <tud_cdc_n_write_flush>
10006b98:	e7f9      	b.n	10006b8e <tud_cdc_n_write+0x2a>
10006b9a:	46c0      	nop			@ (mov r8, r8)
10006b9c:	20001e3c 	.word	0x20001e3c
10006ba0:	0000ffff 	.word	0x0000ffff

10006ba4 <tud_cdc_n_write_available>:
10006ba4:	23c8      	movs	r3, #200	@ 0xc8
10006ba6:	b510      	push	{r4, lr}
10006ba8:	4343      	muls	r3, r0
10006baa:	4802      	ldr	r0, [pc, #8]	@ (10006bb4 <tud_cdc_n_write_available+0x10>)
10006bac:	1818      	adds	r0, r3, r0
10006bae:	f000 fd15 	bl	100075dc <tu_fifo_remaining>
10006bb2:	bd10      	pop	{r4, pc}
10006bb4:	20001e3c 	.word	0x20001e3c

10006bb8 <cdcd_init>:
10006bb8:	b5f0      	push	{r4, r5, r6, r7, lr}
10006bba:	2500      	movs	r5, #0
10006bbc:	4c18      	ldr	r4, [pc, #96]	@ (10006c20 <cdcd_init+0x68>)
10006bbe:	b083      	sub	sp, #12
10006bc0:	22c8      	movs	r2, #200	@ 0xc8
10006bc2:	2100      	movs	r1, #0
10006bc4:	0020      	movs	r0, r4
10006bc6:	f7fc fcc3 	bl	10003550 <__wrap_memset>
10006bca:	4b16      	ldr	r3, [pc, #88]	@ (10006c24 <cdcd_init+0x6c>)
10006bcc:	0021      	movs	r1, r4
10006bce:	701d      	strb	r5, [r3, #0]
10006bd0:	23ff      	movs	r3, #255	@ 0xff
10006bd2:	7163      	strb	r3, [r4, #5]
10006bd4:	23e1      	movs	r3, #225	@ 0xe1
10006bd6:	025b      	lsls	r3, r3, #9
10006bd8:	60a3      	str	r3, [r4, #8]
10006bda:	0020      	movs	r0, r4
10006bdc:	2308      	movs	r3, #8
10006bde:	2240      	movs	r2, #64	@ 0x40
10006be0:	73a3      	strb	r3, [r4, #14]
10006be2:	3138      	adds	r1, #56	@ 0x38
10006be4:	9500      	str	r5, [sp, #0]
10006be6:	3b07      	subs	r3, #7
10006be8:	3010      	adds	r0, #16
10006bea:	f000 fca3 	bl	10007534 <tu_fifo_config>
10006bee:	0027      	movs	r7, r4
10006bf0:	2301      	movs	r3, #1
10006bf2:	0021      	movs	r1, r4
10006bf4:	0020      	movs	r0, r4
10006bf6:	0026      	movs	r6, r4
10006bf8:	2240      	movs	r2, #64	@ 0x40
10006bfa:	3178      	adds	r1, #120	@ 0x78
10006bfc:	9300      	str	r3, [sp, #0]
10006bfe:	37b8      	adds	r7, #184	@ 0xb8
10006c00:	3024      	adds	r0, #36	@ 0x24
10006c02:	f000 fc97 	bl	10007534 <tu_fifo_config>
10006c06:	36c0      	adds	r6, #192	@ 0xc0
10006c08:	0038      	movs	r0, r7
10006c0a:	f7fa fc15 	bl	10001438 <mutex_init>
10006c0e:	0030      	movs	r0, r6
10006c10:	f7fa fc12 	bl	10001438 <mutex_init>
10006c14:	61e5      	str	r5, [r4, #28]
10006c16:	6227      	str	r7, [r4, #32]
10006c18:	6326      	str	r6, [r4, #48]	@ 0x30
10006c1a:	6365      	str	r5, [r4, #52]	@ 0x34
10006c1c:	b003      	add	sp, #12
10006c1e:	bdf0      	pop	{r4, r5, r6, r7, pc}
10006c20:	20001e18 	.word	0x20001e18
10006c24:	20001e14 	.word	0x20001e14

10006c28 <cdcd_deinit>:
10006c28:	4b0b      	ldr	r3, [pc, #44]	@ (10006c58 <cdcd_deinit+0x30>)
10006c2a:	6b19      	ldr	r1, [r3, #48]	@ 0x30
10006c2c:	2900      	cmp	r1, #0
10006c2e:	d00a      	beq.n	10006c46 <cdcd_deinit+0x1e>
10006c30:	6a1a      	ldr	r2, [r3, #32]
10006c32:	2a00      	cmp	r2, #0
10006c34:	d00d      	beq.n	10006c52 <cdcd_deinit+0x2a>
10006c36:	2200      	movs	r2, #0
10006c38:	621a      	str	r2, [r3, #32]
10006c3a:	631a      	str	r2, [r3, #48]	@ 0x30
10006c3c:	61da      	str	r2, [r3, #28]
10006c3e:	2200      	movs	r2, #0
10006c40:	635a      	str	r2, [r3, #52]	@ 0x34
10006c42:	2001      	movs	r0, #1
10006c44:	4770      	bx	lr
10006c46:	6a1a      	ldr	r2, [r3, #32]
10006c48:	2a00      	cmp	r2, #0
10006c4a:	d0fa      	beq.n	10006c42 <cdcd_deinit+0x1a>
10006c4c:	61d9      	str	r1, [r3, #28]
10006c4e:	6219      	str	r1, [r3, #32]
10006c50:	e7f7      	b.n	10006c42 <cdcd_deinit+0x1a>
10006c52:	631a      	str	r2, [r3, #48]	@ 0x30
10006c54:	e7f3      	b.n	10006c3e <cdcd_deinit+0x16>
10006c56:	46c0      	nop			@ (mov r8, r8)
10006c58:	20001e18 	.word	0x20001e18

10006c5c <cdcd_reset>:
10006c5c:	b570      	push	{r4, r5, r6, lr}
10006c5e:	4c0f      	ldr	r4, [pc, #60]	@ (10006c9c <cdcd_reset+0x40>)
10006c60:	2205      	movs	r2, #5
10006c62:	2100      	movs	r1, #0
10006c64:	0020      	movs	r0, r4
10006c66:	f7fc fc73 	bl	10003550 <__wrap_memset>
10006c6a:	4d0d      	ldr	r5, [pc, #52]	@ (10006ca0 <cdcd_reset+0x44>)
10006c6c:	782b      	ldrb	r3, [r5, #0]
10006c6e:	07da      	lsls	r2, r3, #31
10006c70:	d507      	bpl.n	10006c82 <cdcd_reset+0x26>
10006c72:	4c0c      	ldr	r4, [pc, #48]	@ (10006ca4 <cdcd_reset+0x48>)
10006c74:	079b      	lsls	r3, r3, #30
10006c76:	d50c      	bpl.n	10006c92 <cdcd_reset+0x36>
10006c78:	2101      	movs	r1, #1
10006c7a:	0020      	movs	r0, r4
10006c7c:	f000 feb6 	bl	100079ec <tu_fifo_set_overwritable>
10006c80:	bd70      	pop	{r4, r5, r6, pc}
10006c82:	0020      	movs	r0, r4
10006c84:	3010      	adds	r0, #16
10006c86:	f000 fe91 	bl	100079ac <tu_fifo_clear>
10006c8a:	782b      	ldrb	r3, [r5, #0]
10006c8c:	4c05      	ldr	r4, [pc, #20]	@ (10006ca4 <cdcd_reset+0x48>)
10006c8e:	079b      	lsls	r3, r3, #30
10006c90:	d4f2      	bmi.n	10006c78 <cdcd_reset+0x1c>
10006c92:	0020      	movs	r0, r4
10006c94:	f000 fe8a 	bl	100079ac <tu_fifo_clear>
10006c98:	e7ee      	b.n	10006c78 <cdcd_reset+0x1c>
10006c9a:	46c0      	nop			@ (mov r8, r8)
10006c9c:	20001e18 	.word	0x20001e18
10006ca0:	20001e14 	.word	0x20001e14
10006ca4:	20001e3c 	.word	0x20001e3c

10006ca8 <cdcd_open>:
10006ca8:	b5f0      	push	{r4, r5, r6, r7, lr}
10006caa:	794b      	ldrb	r3, [r1, #5]
10006cac:	0006      	movs	r6, r0
10006cae:	b083      	sub	sp, #12
10006cb0:	2b02      	cmp	r3, #2
10006cb2:	d102      	bne.n	10006cba <cdcd_open+0x12>
10006cb4:	798b      	ldrb	r3, [r1, #6]
10006cb6:	2b02      	cmp	r3, #2
10006cb8:	d003      	beq.n	10006cc2 <cdcd_open+0x1a>
10006cba:	2500      	movs	r5, #0
10006cbc:	0028      	movs	r0, r5
10006cbe:	b003      	add	sp, #12
10006cc0:	bdf0      	pop	{r4, r5, r6, r7, pc}
10006cc2:	4f21      	ldr	r7, [pc, #132]	@ (10006d48 <cdcd_open+0xa0>)
10006cc4:	78bb      	ldrb	r3, [r7, #2]
10006cc6:	2b00      	cmp	r3, #0
10006cc8:	d1f7      	bne.n	10006cba <cdcd_open+0x12>
10006cca:	788b      	ldrb	r3, [r1, #2]
10006ccc:	2509      	movs	r5, #9
10006cce:	703b      	strb	r3, [r7, #0]
10006cd0:	780c      	ldrb	r4, [r1, #0]
10006cd2:	190c      	adds	r4, r1, r4
10006cd4:	7863      	ldrb	r3, [r4, #1]
10006cd6:	2b24      	cmp	r3, #36	@ 0x24
10006cd8:	d10b      	bne.n	10006cf2 <cdcd_open+0x4a>
10006cda:	2a08      	cmp	r2, #8
10006cdc:	d802      	bhi.n	10006ce4 <cdcd_open+0x3c>
10006cde:	e00f      	b.n	10006d00 <cdcd_open+0x58>
10006ce0:	42aa      	cmp	r2, r5
10006ce2:	d30d      	bcc.n	10006d00 <cdcd_open+0x58>
10006ce4:	7823      	ldrb	r3, [r4, #0]
10006ce6:	18e4      	adds	r4, r4, r3
10006ce8:	195d      	adds	r5, r3, r5
10006cea:	7863      	ldrb	r3, [r4, #1]
10006cec:	b2ad      	uxth	r5, r5
10006cee:	2b24      	cmp	r3, #36	@ 0x24
10006cf0:	d0f6      	beq.n	10006ce0 <cdcd_open+0x38>
10006cf2:	2b05      	cmp	r3, #5
10006cf4:	d008      	beq.n	10006d08 <cdcd_open+0x60>
10006cf6:	2b04      	cmp	r3, #4
10006cf8:	d102      	bne.n	10006d00 <cdcd_open+0x58>
10006cfa:	7963      	ldrb	r3, [r4, #5]
10006cfc:	2b0a      	cmp	r3, #10
10006cfe:	d011      	beq.n	10006d24 <cdcd_open+0x7c>
10006d00:	2000      	movs	r0, #0
10006d02:	f7ff fe55 	bl	100069b0 <_prep_out_transaction.isra.0>
10006d06:	e7d9      	b.n	10006cbc <cdcd_open+0x14>
10006d08:	0021      	movs	r1, r4
10006d0a:	0030      	movs	r0, r6
10006d0c:	f7ff fce8 	bl	100066e0 <usbd_edpt_open>
10006d10:	2800      	cmp	r0, #0
10006d12:	d0d2      	beq.n	10006cba <cdcd_open+0x12>
10006d14:	78a3      	ldrb	r3, [r4, #2]
10006d16:	707b      	strb	r3, [r7, #1]
10006d18:	7823      	ldrb	r3, [r4, #0]
10006d1a:	195d      	adds	r5, r3, r5
10006d1c:	18e4      	adds	r4, r4, r3
10006d1e:	7863      	ldrb	r3, [r4, #1]
10006d20:	b2ad      	uxth	r5, r5
10006d22:	e7e8      	b.n	10006cf6 <cdcd_open+0x4e>
10006d24:	4b09      	ldr	r3, [pc, #36]	@ (10006d4c <cdcd_open+0xa4>)
10006d26:	7827      	ldrb	r7, [r4, #0]
10006d28:	9301      	str	r3, [sp, #4]
10006d2a:	3301      	adds	r3, #1
10006d2c:	9300      	str	r3, [sp, #0]
10006d2e:	2202      	movs	r2, #2
10006d30:	2302      	movs	r3, #2
10006d32:	0030      	movs	r0, r6
10006d34:	19e1      	adds	r1, r4, r7
10006d36:	f7ff fc85 	bl	10006644 <usbd_open_edpt_pair>
10006d3a:	2800      	cmp	r0, #0
10006d3c:	d0bd      	beq.n	10006cba <cdcd_open+0x12>
10006d3e:	350e      	adds	r5, #14
10006d40:	19ed      	adds	r5, r5, r7
10006d42:	b2ad      	uxth	r5, r5
10006d44:	e7dc      	b.n	10006d00 <cdcd_open+0x58>
10006d46:	46c0      	nop			@ (mov r8, r8)
10006d48:	20001e18 	.word	0x20001e18
10006d4c:	20001e1a 	.word	0x20001e1a

10006d50 <cdcd_control_xfer_cb>:
10006d50:	b5f8      	push	{r3, r4, r5, r6, r7, lr}
10006d52:	2360      	movs	r3, #96	@ 0x60
10006d54:	0014      	movs	r4, r2
10006d56:	7812      	ldrb	r2, [r2, #0]
10006d58:	0005      	movs	r5, r0
10006d5a:	4013      	ands	r3, r2
10006d5c:	2000      	movs	r0, #0
10006d5e:	2b20      	cmp	r3, #32
10006d60:	d107      	bne.n	10006d72 <cdcd_control_xfer_cb+0x22>
10006d62:	4a30      	ldr	r2, [pc, #192]	@ (10006e24 <cdcd_control_xfer_cb+0xd4>)
10006d64:	7963      	ldrb	r3, [r4, #5]
10006d66:	7927      	ldrb	r7, [r4, #4]
10006d68:	7816      	ldrb	r6, [r2, #0]
10006d6a:	021b      	lsls	r3, r3, #8
10006d6c:	433b      	orrs	r3, r7
10006d6e:	429e      	cmp	r6, r3
10006d70:	d000      	beq.n	10006d74 <cdcd_control_xfer_cb+0x24>
10006d72:	bdf8      	pop	{r3, r4, r5, r6, r7, pc}
10006d74:	7863      	ldrb	r3, [r4, #1]
10006d76:	2b22      	cmp	r3, #34	@ 0x22
10006d78:	d01a      	beq.n	10006db0 <cdcd_control_xfer_cb+0x60>
10006d7a:	d807      	bhi.n	10006d8c <cdcd_control_xfer_cb+0x3c>
10006d7c:	2b20      	cmp	r3, #32
10006d7e:	d034      	beq.n	10006dea <cdcd_control_xfer_cb+0x9a>
10006d80:	2b21      	cmp	r3, #33	@ 0x21
10006d82:	d1f6      	bne.n	10006d72 <cdcd_control_xfer_cb+0x22>
10006d84:	2901      	cmp	r1, #1
10006d86:	d03e      	beq.n	10006e06 <cdcd_control_xfer_cb+0xb6>
10006d88:	2001      	movs	r0, #1
10006d8a:	e7f2      	b.n	10006d72 <cdcd_control_xfer_cb+0x22>
10006d8c:	2b23      	cmp	r3, #35	@ 0x23
10006d8e:	d1f0      	bne.n	10006d72 <cdcd_control_xfer_cb+0x22>
10006d90:	2901      	cmp	r1, #1
10006d92:	d040      	beq.n	10006e16 <cdcd_control_xfer_cb+0xc6>
10006d94:	2903      	cmp	r1, #3
10006d96:	d1f7      	bne.n	10006d88 <cdcd_control_xfer_cb+0x38>
10006d98:	4b23      	ldr	r3, [pc, #140]	@ (10006e28 <cdcd_control_xfer_cb+0xd8>)
10006d9a:	2b00      	cmp	r3, #0
10006d9c:	d0f4      	beq.n	10006d88 <cdcd_control_xfer_cb+0x38>
10006d9e:	78e1      	ldrb	r1, [r4, #3]
10006da0:	78a3      	ldrb	r3, [r4, #2]
10006da2:	0209      	lsls	r1, r1, #8
10006da4:	2000      	movs	r0, #0
10006da6:	4319      	orrs	r1, r3
10006da8:	e000      	b.n	10006dac <cdcd_control_xfer_cb+0x5c>
10006daa:	bf00      	nop
10006dac:	2001      	movs	r0, #1
10006dae:	e7e0      	b.n	10006d72 <cdcd_control_xfer_cb+0x22>
10006db0:	2901      	cmp	r1, #1
10006db2:	d030      	beq.n	10006e16 <cdcd_control_xfer_cb+0xc6>
10006db4:	2903      	cmp	r1, #3
10006db6:	d1e7      	bne.n	10006d88 <cdcd_control_xfer_cb+0x38>
10006db8:	2501      	movs	r5, #1
10006dba:	002e      	movs	r6, r5
10006dbc:	78a3      	ldrb	r3, [r4, #2]
10006dbe:	78e4      	ldrb	r4, [r4, #3]
10006dc0:	3902      	subs	r1, #2
10006dc2:	0224      	lsls	r4, r4, #8
10006dc4:	431c      	orrs	r4, r3
10006dc6:	7114      	strb	r4, [r2, #4]
10006dc8:	4026      	ands	r6, r4
10006dca:	3224      	adds	r2, #36	@ 0x24
10006dcc:	0010      	movs	r0, r2
10006dce:	4071      	eors	r1, r6
10006dd0:	f000 fe0c 	bl	100079ec <tu_fifo_set_overwritable>
10006dd4:	4b15      	ldr	r3, [pc, #84]	@ (10006e2c <cdcd_control_xfer_cb+0xdc>)
10006dd6:	2b00      	cmp	r3, #0
10006dd8:	d0d6      	beq.n	10006d88 <cdcd_control_xfer_cb+0x38>
10006dda:	0862      	lsrs	r2, r4, #1
10006ddc:	2000      	movs	r0, #0
10006dde:	0031      	movs	r1, r6
10006de0:	402a      	ands	r2, r5
10006de2:	e000      	b.n	10006de6 <cdcd_control_xfer_cb+0x96>
10006de4:	bf00      	nop
10006de6:	2001      	movs	r0, #1
10006de8:	e7c3      	b.n	10006d72 <cdcd_control_xfer_cb+0x22>
10006dea:	2901      	cmp	r1, #1
10006dec:	d00b      	beq.n	10006e06 <cdcd_control_xfer_cb+0xb6>
10006dee:	2903      	cmp	r1, #3
10006df0:	d1ca      	bne.n	10006d88 <cdcd_control_xfer_cb+0x38>
10006df2:	4b0f      	ldr	r3, [pc, #60]	@ (10006e30 <cdcd_control_xfer_cb+0xe0>)
10006df4:	2b00      	cmp	r3, #0
10006df6:	d0c7      	beq.n	10006d88 <cdcd_control_xfer_cb+0x38>
10006df8:	3208      	adds	r2, #8
10006dfa:	2000      	movs	r0, #0
10006dfc:	0011      	movs	r1, r2
10006dfe:	f7fe fa97 	bl	10005330 <tud_cdc_line_coding_cb>
10006e02:	2001      	movs	r0, #1
10006e04:	e7b5      	b.n	10006d72 <cdcd_control_xfer_cb+0x22>
10006e06:	2307      	movs	r3, #7
10006e08:	0021      	movs	r1, r4
10006e0a:	0028      	movs	r0, r5
10006e0c:	4a09      	ldr	r2, [pc, #36]	@ (10006e34 <cdcd_control_xfer_cb+0xe4>)
10006e0e:	f7ff fce5 	bl	100067dc <tud_control_xfer>
10006e12:	2001      	movs	r0, #1
10006e14:	e7ad      	b.n	10006d72 <cdcd_control_xfer_cb+0x22>
10006e16:	0021      	movs	r1, r4
10006e18:	0028      	movs	r0, r5
10006e1a:	f7ff fcc9 	bl	100067b0 <tud_control_status>
10006e1e:	2001      	movs	r0, #1
10006e20:	e7a7      	b.n	10006d72 <cdcd_control_xfer_cb+0x22>
10006e22:	46c0      	nop			@ (mov r8, r8)
10006e24:	20001e18 	.word	0x20001e18
	...
10006e30:	10005331 	.word	0x10005331
10006e34:	20001e20 	.word	0x20001e20

10006e38 <cdcd_xfer_cb>:
10006e38:	b5f0      	push	{r4, r5, r6, r7, lr}
10006e3a:	464f      	mov	r7, r9
10006e3c:	4646      	mov	r6, r8
10006e3e:	46d6      	mov	lr, sl
10006e40:	4d36      	ldr	r5, [pc, #216]	@ (10006f1c <cdcd_xfer_cb+0xe4>)
10006e42:	b5c0      	push	{r6, r7, lr}
10006e44:	78ea      	ldrb	r2, [r5, #3]
10006e46:	001f      	movs	r7, r3
10006e48:	4680      	mov	r8, r0
10006e4a:	000c      	movs	r4, r1
10006e4c:	78ab      	ldrb	r3, [r5, #2]
10006e4e:	428a      	cmp	r2, r1
10006e50:	d03b      	beq.n	10006eca <cdcd_xfer_cb+0x92>
10006e52:	428b      	cmp	r3, r1
10006e54:	d010      	beq.n	10006e78 <cdcd_xfer_cb+0x40>
10006e56:	2000      	movs	r0, #0
10006e58:	bce0      	pop	{r5, r6, r7}
10006e5a:	46ba      	mov	sl, r7
10006e5c:	46b1      	mov	r9, r6
10006e5e:	46a8      	mov	r8, r5
10006e60:	bdf0      	pop	{r4, r5, r6, r7, pc}
10006e62:	4b2f      	ldr	r3, [pc, #188]	@ (10006f20 <cdcd_xfer_cb+0xe8>)
10006e64:	2b00      	cmp	r3, #0
10006e66:	d004      	beq.n	10006e72 <cdcd_xfer_cb+0x3a>
10006e68:	482e      	ldr	r0, [pc, #184]	@ (10006f24 <cdcd_xfer_cb+0xec>)
10006e6a:	f000 fbaf 	bl	100075cc <tu_fifo_empty>
10006e6e:	2800      	cmp	r0, #0
10006e70:	d051      	beq.n	10006f16 <cdcd_xfer_cb+0xde>
10006e72:	2000      	movs	r0, #0
10006e74:	f7ff fd9c 	bl	100069b0 <_prep_out_transaction.isra.0>
10006e78:	78ab      	ldrb	r3, [r5, #2]
10006e7a:	42a3      	cmp	r3, r4
10006e7c:	d001      	beq.n	10006e82 <cdcd_xfer_cb+0x4a>
10006e7e:	2001      	movs	r0, #1
10006e80:	e7ea      	b.n	10006e58 <cdcd_xfer_cb+0x20>
10006e82:	4b29      	ldr	r3, [pc, #164]	@ (10006f28 <cdcd_xfer_cb+0xf0>)
10006e84:	2b00      	cmp	r3, #0
10006e86:	d002      	beq.n	10006e8e <cdcd_xfer_cb+0x56>
10006e88:	2000      	movs	r0, #0
10006e8a:	e000      	b.n	10006e8e <cdcd_xfer_cb+0x56>
10006e8c:	bf00      	nop
10006e8e:	2000      	movs	r0, #0
10006e90:	f7ff fe2e 	bl	10006af0 <tud_cdc_n_write_flush>
10006e94:	2800      	cmp	r0, #0
10006e96:	d1f2      	bne.n	10006e7e <cdcd_xfer_cb+0x46>
10006e98:	4c24      	ldr	r4, [pc, #144]	@ (10006f2c <cdcd_xfer_cb+0xf4>)
10006e9a:	0020      	movs	r0, r4
10006e9c:	f000 fb80 	bl	100075a0 <tu_fifo_count>
10006ea0:	2800      	cmp	r0, #0
10006ea2:	d1ec      	bne.n	10006e7e <cdcd_xfer_cb+0x46>
10006ea4:	2f00      	cmp	r7, #0
10006ea6:	d0ea      	beq.n	10006e7e <cdcd_xfer_cb+0x46>
10006ea8:	06bf      	lsls	r7, r7, #26
10006eaa:	d1e8      	bne.n	10006e7e <cdcd_xfer_cb+0x46>
10006eac:	3c24      	subs	r4, #36	@ 0x24
10006eae:	4640      	mov	r0, r8
10006eb0:	78a1      	ldrb	r1, [r4, #2]
10006eb2:	f7ff fc2f 	bl	10006714 <usbd_edpt_claim>
10006eb6:	2800      	cmp	r0, #0
10006eb8:	d0e1      	beq.n	10006e7e <cdcd_xfer_cb+0x46>
10006eba:	2300      	movs	r3, #0
10006ebc:	2200      	movs	r2, #0
10006ebe:	4640      	mov	r0, r8
10006ec0:	78a1      	ldrb	r1, [r4, #2]
10006ec2:	f7ff fc4f 	bl	10006764 <usbd_edpt_xfer>
10006ec6:	2001      	movs	r0, #1
10006ec8:	e7c6      	b.n	10006e58 <cdcd_xfer_cb+0x20>
10006eca:	2310      	movs	r3, #16
10006ecc:	469a      	mov	sl, r3
10006ece:	4e18      	ldr	r6, [pc, #96]	@ (10006f30 <cdcd_xfer_cb+0xf8>)
10006ed0:	44aa      	add	sl, r5
10006ed2:	0031      	movs	r1, r6
10006ed4:	4650      	mov	r0, sl
10006ed6:	b2ba      	uxth	r2, r7
10006ed8:	f000 fcac 	bl	10007834 <tu_fifo_write_n>
10006edc:	4b15      	ldr	r3, [pc, #84]	@ (10006f34 <cdcd_xfer_cb+0xfc>)
10006ede:	2b00      	cmp	r3, #0
10006ee0:	d0bf      	beq.n	10006e62 <cdcd_xfer_cb+0x2a>
10006ee2:	796b      	ldrb	r3, [r5, #5]
10006ee4:	2bff      	cmp	r3, #255	@ 0xff
10006ee6:	d0bc      	beq.n	10006e62 <cdcd_xfer_cb+0x2a>
10006ee8:	2f00      	cmp	r7, #0
10006eea:	d0ba      	beq.n	10006e62 <cdcd_xfer_cb+0x2a>
10006eec:	19f2      	adds	r2, r6, r7
10006eee:	4691      	mov	r9, r2
10006ef0:	e003      	b.n	10006efa <cdcd_xfer_cb+0xc2>
10006ef2:	3601      	adds	r6, #1
10006ef4:	45b1      	cmp	r9, r6
10006ef6:	d0b4      	beq.n	10006e62 <cdcd_xfer_cb+0x2a>
10006ef8:	796b      	ldrb	r3, [r5, #5]
10006efa:	7832      	ldrb	r2, [r6, #0]
10006efc:	429a      	cmp	r2, r3
10006efe:	d1f8      	bne.n	10006ef2 <cdcd_xfer_cb+0xba>
10006f00:	4650      	mov	r0, sl
10006f02:	f000 fb63 	bl	100075cc <tu_fifo_empty>
10006f06:	2800      	cmp	r0, #0
10006f08:	d1f3      	bne.n	10006ef2 <cdcd_xfer_cb+0xba>
10006f0a:	4653      	mov	r3, sl
10006f0c:	3b10      	subs	r3, #16
10006f0e:	7959      	ldrb	r1, [r3, #5]
10006f10:	e000      	b.n	10006f14 <cdcd_xfer_cb+0xdc>
10006f12:	bf00      	nop
10006f14:	e7ed      	b.n	10006ef2 <cdcd_xfer_cb+0xba>
10006f16:	e000      	b.n	10006f1a <cdcd_xfer_cb+0xe2>
10006f18:	bf00      	nop
10006f1a:	e7aa      	b.n	10006e72 <cdcd_xfer_cb+0x3a>
10006f1c:	20001e18 	.word	0x20001e18
10006f20:	00000000 	.word	0x00000000
10006f24:	20001e28 	.word	0x20001e28
10006f28:	00000000 	.word	0x00000000
10006f2c:	20001e3c 	.word	0x20001e3c
10006f30:	20001d94 	.word	0x20001d94
10006f34:	00000000 	.word	0x00000000

10006f38 <vendord_init>:
10006f38:	2293      	movs	r2, #147	@ 0x93
10006f3a:	b5f0      	push	{r4, r5, r6, r7, lr}
10006f3c:	4c13      	ldr	r4, [pc, #76]	@ (10006f8c <vendord_init+0x54>)
10006f3e:	b085      	sub	sp, #20
10006f40:	2100      	movs	r1, #0
10006f42:	0020      	movs	r0, r4
10006f44:	0092      	lsls	r2, r2, #2
10006f46:	f7fc fb03 	bl	10003550 <__wrap_memset>
10006f4a:	0023      	movs	r3, r4
10006f4c:	0020      	movs	r0, r4
10006f4e:	2680      	movs	r6, #128	@ 0x80
10006f50:	2740      	movs	r7, #64	@ 0x40
10006f52:	4d0f      	ldr	r5, [pc, #60]	@ (10006f90 <vendord_init+0x58>)
10006f54:	334d      	adds	r3, #77	@ 0x4d
10006f56:	0076      	lsls	r6, r6, #1
10006f58:	33ff      	adds	r3, #255	@ 0xff
10006f5a:	3029      	adds	r0, #41	@ 0x29
10006f5c:	9502      	str	r5, [sp, #8]
10006f5e:	9300      	str	r3, [sp, #0]
10006f60:	2200      	movs	r2, #0
10006f62:	2300      	movs	r3, #0
10006f64:	2100      	movs	r1, #0
10006f66:	9703      	str	r7, [sp, #12]
10006f68:	9601      	str	r6, [sp, #4]
10006f6a:	30ff      	adds	r0, #255	@ 0xff
10006f6c:	f000 f9d6 	bl	1000731c <tu_edpt_stream_init>
10006f70:	3540      	adds	r5, #64	@ 0x40
10006f72:	1d20      	adds	r0, r4, #4
10006f74:	3428      	adds	r4, #40	@ 0x28
10006f76:	2300      	movs	r3, #0
10006f78:	2201      	movs	r2, #1
10006f7a:	2100      	movs	r1, #0
10006f7c:	9703      	str	r7, [sp, #12]
10006f7e:	9502      	str	r5, [sp, #8]
10006f80:	9601      	str	r6, [sp, #4]
10006f82:	9400      	str	r4, [sp, #0]
10006f84:	f000 f9ca 	bl	1000731c <tu_edpt_stream_init>
10006f88:	b005      	add	sp, #20
10006f8a:	bdf0      	pop	{r4, r5, r6, r7, pc}
10006f8c:	200020dc 	.word	0x200020dc
10006f90:	2000205c 	.word	0x2000205c

10006f94 <vendord_deinit>:
10006f94:	b510      	push	{r4, lr}
10006f96:	4c05      	ldr	r4, [pc, #20]	@ (10006fac <vendord_deinit+0x18>)
10006f98:	0020      	movs	r0, r4
10006f9a:	f000 f9f5 	bl	10007388 <tu_edpt_stream_deinit>
10006f9e:	0020      	movs	r0, r4
10006fa0:	3825      	subs	r0, #37	@ 0x25
10006fa2:	38ff      	subs	r0, #255	@ 0xff
10006fa4:	f000 f9f0 	bl	10007388 <tu_edpt_stream_deinit>
10006fa8:	2001      	movs	r0, #1
10006faa:	bd10      	pop	{r4, pc}
10006fac:	20002204 	.word	0x20002204

10006fb0 <vendord_reset>:
10006fb0:	b570      	push	{r4, r5, r6, lr}
10006fb2:	4c08      	ldr	r4, [pc, #32]	@ (10006fd4 <vendord_reset+0x24>)
10006fb4:	2500      	movs	r5, #0
10006fb6:	0020      	movs	r0, r4
10006fb8:	3031      	adds	r0, #49	@ 0x31
10006fba:	30ff      	adds	r0, #255	@ 0xff
10006fbc:	7025      	strb	r5, [r4, #0]
10006fbe:	f000 fcf5 	bl	100079ac <tu_fifo_clear>
10006fc2:	0020      	movs	r0, r4
10006fc4:	300c      	adds	r0, #12
10006fc6:	f000 fcf1 	bl	100079ac <tu_fifo_clear>
10006fca:	232a      	movs	r3, #42	@ 0x2a
10006fcc:	33ff      	adds	r3, #255	@ 0xff
10006fce:	54e5      	strb	r5, [r4, r3]
10006fd0:	7165      	strb	r5, [r4, #5]
10006fd2:	bd70      	pop	{r4, r5, r6, pc}
10006fd4:	200020dc 	.word	0x200020dc

10006fd8 <vendord_open>:
10006fd8:	b5f8      	push	{r3, r4, r5, r6, r7, lr}
10006fda:	4657      	mov	r7, sl
10006fdc:	4645      	mov	r5, r8
10006fde:	46de      	mov	lr, fp
10006fe0:	464e      	mov	r6, r9
10006fe2:	b5e0      	push	{r5, r6, r7, lr}
10006fe4:	794b      	ldrb	r3, [r1, #5]
10006fe6:	4680      	mov	r8, r0
10006fe8:	000f      	movs	r7, r1
10006fea:	2bff      	cmp	r3, #255	@ 0xff
10006fec:	d127      	bne.n	1000703e <vendord_open+0x66>
10006fee:	4b42      	ldr	r3, [pc, #264]	@ (100070f8 <vendord_open+0x120>)
10006ff0:	780c      	ldrb	r4, [r1, #0]
10006ff2:	4699      	mov	r9, r3
10006ff4:	232a      	movs	r3, #42	@ 0x2a
10006ff6:	4649      	mov	r1, r9
10006ff8:	33ff      	adds	r3, #255	@ 0xff
10006ffa:	5ccb      	ldrb	r3, [r1, r3]
10006ffc:	2b00      	cmp	r3, #0
10006ffe:	d11e      	bne.n	1000703e <vendord_open+0x66>
10007000:	794e      	ldrb	r6, [r1, #5]
10007002:	2e00      	cmp	r6, #0
10007004:	d11b      	bne.n	1000703e <vendord_open+0x66>
10007006:	78bb      	ldrb	r3, [r7, #2]
10007008:	193c      	adds	r4, r7, r4
1000700a:	700b      	strb	r3, [r1, #0]
1000700c:	793b      	ldrb	r3, [r7, #4]
1000700e:	2b00      	cmp	r3, #0
10007010:	d012      	beq.n	10007038 <vendord_open+0x60>
10007012:	2398      	movs	r3, #152	@ 0x98
10007014:	005b      	lsls	r3, r3, #1
10007016:	444b      	add	r3, r9
10007018:	469a      	mov	sl, r3
1000701a:	230c      	movs	r3, #12
1000701c:	444b      	add	r3, r9
1000701e:	469b      	mov	fp, r3
10007020:	18a5      	adds	r5, r4, r2
10007022:	7863      	ldrb	r3, [r4, #1]
10007024:	2b05      	cmp	r3, #5
10007026:	d105      	bne.n	10007034 <vendord_open+0x5c>
10007028:	e010      	b.n	1000704c <vendord_open+0x74>
1000702a:	7823      	ldrb	r3, [r4, #0]
1000702c:	18e4      	adds	r4, r4, r3
1000702e:	7863      	ldrb	r3, [r4, #1]
10007030:	2b05      	cmp	r3, #5
10007032:	d00b      	beq.n	1000704c <vendord_open+0x74>
10007034:	42a5      	cmp	r5, r4
10007036:	d8f8      	bhi.n	1000702a <vendord_open+0x52>
10007038:	1be0      	subs	r0, r4, r7
1000703a:	b280      	uxth	r0, r0
1000703c:	e000      	b.n	10007040 <vendord_open+0x68>
1000703e:	2000      	movs	r0, #0
10007040:	bcf0      	pop	{r4, r5, r6, r7}
10007042:	46bb      	mov	fp, r7
10007044:	46b2      	mov	sl, r6
10007046:	46a9      	mov	r9, r5
10007048:	46a0      	mov	r8, r4
1000704a:	bdf8      	pop	{r3, r4, r5, r6, r7, pc}
1000704c:	42a5      	cmp	r5, r4
1000704e:	d9f3      	bls.n	10007038 <vendord_open+0x60>
10007050:	0021      	movs	r1, r4
10007052:	4640      	mov	r0, r8
10007054:	f7ff fb44 	bl	100066e0 <usbd_edpt_open>
10007058:	2800      	cmp	r0, #0
1000705a:	d0f0      	beq.n	1000703e <vendord_open+0x66>
1000705c:	78a3      	ldrb	r3, [r4, #2]
1000705e:	3601      	adds	r6, #1
10007060:	b2f6      	uxtb	r6, r6
10007062:	09db      	lsrs	r3, r3, #7
10007064:	2b01      	cmp	r3, #1
10007066:	d029      	beq.n	100070bc <vendord_open+0xe4>
10007068:	4650      	mov	r0, sl
1000706a:	f000 fc9f 	bl	100079ac <tu_fifo_clear>
1000706e:	232a      	movs	r3, #42	@ 0x2a
10007070:	4649      	mov	r1, r9
10007072:	78a2      	ldrb	r2, [r4, #2]
10007074:	33ff      	adds	r3, #255	@ 0xff
10007076:	54ca      	strb	r2, [r1, r3]
10007078:	7963      	ldrb	r3, [r4, #5]
1000707a:	7922      	ldrb	r2, [r4, #4]
1000707c:	021b      	lsls	r3, r3, #8
1000707e:	4313      	orrs	r3, r2
10007080:	4a1e      	ldr	r2, [pc, #120]	@ (100070fc <vendord_open+0x124>)
10007082:	055b      	lsls	r3, r3, #21
10007084:	4694      	mov	ip, r2
10007086:	0d5b      	lsrs	r3, r3, #21
10007088:	2194      	movs	r1, #148	@ 0x94
1000708a:	4463      	add	r3, ip
1000708c:	425a      	negs	r2, r3
1000708e:	4153      	adcs	r3, r2
10007090:	464a      	mov	r2, r9
10007092:	2002      	movs	r0, #2
10007094:	0049      	lsls	r1, r1, #1
10007096:	5c52      	ldrb	r2, [r2, r1]
10007098:	005b      	lsls	r3, r3, #1
1000709a:	4382      	bics	r2, r0
1000709c:	4313      	orrs	r3, r2
1000709e:	464a      	mov	r2, r9
100070a0:	5453      	strb	r3, [r2, r1]
100070a2:	4651      	mov	r1, sl
100070a4:	4640      	mov	r0, r8
100070a6:	3908      	subs	r1, #8
100070a8:	f000 f9d6 	bl	10007458 <tu_edpt_stream_read_xfer>
100070ac:	2800      	cmp	r0, #0
100070ae:	d0c6      	beq.n	1000703e <vendord_open+0x66>
100070b0:	7823      	ldrb	r3, [r4, #0]
100070b2:	18e4      	adds	r4, r4, r3
100070b4:	793b      	ldrb	r3, [r7, #4]
100070b6:	42b3      	cmp	r3, r6
100070b8:	d8b3      	bhi.n	10007022 <vendord_open+0x4a>
100070ba:	e7bd      	b.n	10007038 <vendord_open+0x60>
100070bc:	4658      	mov	r0, fp
100070be:	f000 fc75 	bl	100079ac <tu_fifo_clear>
100070c2:	465a      	mov	r2, fp
100070c4:	78a3      	ldrb	r3, [r4, #2]
100070c6:	3a0c      	subs	r2, #12
100070c8:	7153      	strb	r3, [r2, #5]
100070ca:	7963      	ldrb	r3, [r4, #5]
100070cc:	7921      	ldrb	r1, [r4, #4]
100070ce:	021b      	lsls	r3, r3, #8
100070d0:	430b      	orrs	r3, r1
100070d2:	490a      	ldr	r1, [pc, #40]	@ (100070fc <vendord_open+0x124>)
100070d4:	055b      	lsls	r3, r3, #21
100070d6:	468c      	mov	ip, r1
100070d8:	0d5b      	lsrs	r3, r3, #21
100070da:	4463      	add	r3, ip
100070dc:	4259      	negs	r1, r3
100070de:	414b      	adcs	r3, r1
100070e0:	2002      	movs	r0, #2
100070e2:	7911      	ldrb	r1, [r2, #4]
100070e4:	005b      	lsls	r3, r3, #1
100070e6:	4381      	bics	r1, r0
100070e8:	430b      	orrs	r3, r1
100070ea:	4659      	mov	r1, fp
100070ec:	2000      	movs	r0, #0
100070ee:	3908      	subs	r1, #8
100070f0:	7113      	strb	r3, [r2, #4]
100070f2:	f000 f97f 	bl	100073f4 <tu_edpt_stream_write_xfer>
100070f6:	e7db      	b.n	100070b0 <vendord_open+0xd8>
100070f8:	200020dc 	.word	0x200020dc
100070fc:	fffffe00 	.word	0xfffffe00

10007100 <vendord_xfer_cb>:
10007100:	b570      	push	{r4, r5, r6, lr}
10007102:	0005      	movs	r5, r0
10007104:	202a      	movs	r0, #42	@ 0x2a
10007106:	4c1f      	ldr	r4, [pc, #124]	@ (10007184 <vendord_xfer_cb+0x84>)
10007108:	30ff      	adds	r0, #255	@ 0xff
1000710a:	5c20      	ldrb	r0, [r4, r0]
1000710c:	001e      	movs	r6, r3
1000710e:	7963      	ldrb	r3, [r4, #5]
10007110:	4288      	cmp	r0, r1
10007112:	d003      	beq.n	1000711c <vendord_xfer_cb+0x1c>
10007114:	2000      	movs	r0, #0
10007116:	428b      	cmp	r3, r1
10007118:	d01d      	beq.n	10007156 <vendord_xfer_cb+0x56>
1000711a:	bd70      	pop	{r4, r5, r6, pc}
1000711c:	239a      	movs	r3, #154	@ 0x9a
1000711e:	005b      	lsls	r3, r3, #1
10007120:	5ae3      	ldrh	r3, [r4, r3]
10007122:	2b00      	cmp	r3, #0
10007124:	d10d      	bne.n	10007142 <vendord_xfer_cb+0x42>
10007126:	4b18      	ldr	r3, [pc, #96]	@ (10007188 <vendord_xfer_cb+0x88>)
10007128:	2b00      	cmp	r3, #0
1000712a:	d004      	beq.n	10007136 <vendord_xfer_cb+0x36>
1000712c:	2000      	movs	r0, #0
1000712e:	4917      	ldr	r1, [pc, #92]	@ (1000718c <vendord_xfer_cb+0x8c>)
10007130:	b2b2      	uxth	r2, r6
10007132:	e000      	b.n	10007136 <vendord_xfer_cb+0x36>
10007134:	bf00      	nop
10007136:	0028      	movs	r0, r5
10007138:	4915      	ldr	r1, [pc, #84]	@ (10007190 <vendord_xfer_cb+0x90>)
1000713a:	f000 f98d 	bl	10007458 <tu_edpt_stream_read_xfer>
1000713e:	2001      	movs	r0, #1
10007140:	e7eb      	b.n	1000711a <vendord_xfer_cb+0x1a>
10007142:	0020      	movs	r0, r4
10007144:	2396      	movs	r3, #150	@ 0x96
10007146:	3031      	adds	r0, #49	@ 0x31
10007148:	005b      	lsls	r3, r3, #1
1000714a:	58e1      	ldr	r1, [r4, r3]
1000714c:	b2b2      	uxth	r2, r6
1000714e:	30ff      	adds	r0, #255	@ 0xff
10007150:	f000 fb70 	bl	10007834 <tu_fifo_write_n>
10007154:	e7e7      	b.n	10007126 <vendord_xfer_cb+0x26>
10007156:	4b0f      	ldr	r3, [pc, #60]	@ (10007194 <vendord_xfer_cb+0x94>)
10007158:	2b00      	cmp	r3, #0
1000715a:	d004      	beq.n	10007166 <vendord_xfer_cb+0x66>
1000715c:	0431      	lsls	r1, r6, #16
1000715e:	2000      	movs	r0, #0
10007160:	0c09      	lsrs	r1, r1, #16
10007162:	e000      	b.n	10007166 <vendord_xfer_cb+0x66>
10007164:	bf00      	nop
10007166:	4c0c      	ldr	r4, [pc, #48]	@ (10007198 <vendord_xfer_cb+0x98>)
10007168:	0028      	movs	r0, r5
1000716a:	0021      	movs	r1, r4
1000716c:	f000 f942 	bl	100073f4 <tu_edpt_stream_write_xfer>
10007170:	2800      	cmp	r0, #0
10007172:	d1e4      	bne.n	1000713e <vendord_xfer_cb+0x3e>
10007174:	0032      	movs	r2, r6
10007176:	0021      	movs	r1, r4
10007178:	0028      	movs	r0, r5
1000717a:	f000 f907 	bl	1000738c <tu_edpt_stream_write_zlp_if_needed>
1000717e:	2001      	movs	r0, #1
10007180:	e7cb      	b.n	1000711a <vendord_xfer_cb+0x1a>
10007182:	46c0      	nop			@ (mov r8, r8)
10007184:	200020dc 	.word	0x200020dc
10007188:	00000000 	.word	0x00000000
1000718c:	2000205c 	.word	0x2000205c
10007190:	20002204 	.word	0x20002204
10007194:	00000000 	.word	0x00000000
10007198:	200020e0 	.word	0x200020e0

1000719c <tusb_rhport_init>:
1000719c:	b500      	push	{lr}
1000719e:	0003      	movs	r3, r0
100071a0:	b083      	sub	sp, #12
100071a2:	2900      	cmp	r1, #0
100071a4:	d010      	beq.n	100071c8 <tusb_rhport_init+0x2c>
100071a6:	2000      	movs	r0, #0
100071a8:	2b01      	cmp	r3, #1
100071aa:	d807      	bhi.n	100071bc <tusb_rhport_init+0x20>
100071ac:	780a      	ldrb	r2, [r1, #0]
100071ae:	2a00      	cmp	r2, #0
100071b0:	d004      	beq.n	100071bc <tusb_rhport_init+0x20>
100071b2:	480b      	ldr	r0, [pc, #44]	@ (100071e0 <tusb_rhport_init+0x44>)
100071b4:	54c2      	strb	r2, [r0, r3]
100071b6:	2001      	movs	r0, #1
100071b8:	2a01      	cmp	r2, #1
100071ba:	d001      	beq.n	100071c0 <tusb_rhport_init+0x24>
100071bc:	b003      	add	sp, #12
100071be:	bd00      	pop	{pc}
100071c0:	0018      	movs	r0, r3
100071c2:	f7fe fdc1 	bl	10005d48 <tud_rhport_init>
100071c6:	e7f9      	b.n	100071bc <tusb_rhport_init+0x20>
100071c8:	2301      	movs	r3, #1
100071ca:	a901      	add	r1, sp, #4
100071cc:	2000      	movs	r0, #0
100071ce:	800b      	strh	r3, [r1, #0]
100071d0:	f7fe fdba 	bl	10005d48 <tud_rhport_init>
100071d4:	2800      	cmp	r0, #0
100071d6:	d0f1      	beq.n	100071bc <tusb_rhport_init+0x20>
100071d8:	2201      	movs	r2, #1
100071da:	4b01      	ldr	r3, [pc, #4]	@ (100071e0 <tusb_rhport_init+0x44>)
100071dc:	701a      	strb	r2, [r3, #0]
100071de:	e7ed      	b.n	100071bc <tusb_rhport_init+0x20>
100071e0:	20001f34 	.word	0x20001f34

100071e4 <tu_edpt_claim>:
100071e4:	7803      	ldrb	r3, [r0, #0]
100071e6:	b570      	push	{r4, r5, r6, lr}
100071e8:	07db      	lsls	r3, r3, #31
100071ea:	0004      	movs	r4, r0
100071ec:	000e      	movs	r6, r1
100071ee:	0fdd      	lsrs	r5, r3, #31
100071f0:	2b00      	cmp	r3, #0
100071f2:	d117      	bne.n	10007224 <tu_edpt_claim+0x40>
100071f4:	7803      	ldrb	r3, [r0, #0]
100071f6:	075b      	lsls	r3, r3, #29
100071f8:	d501      	bpl.n	100071fe <tu_edpt_claim+0x1a>
100071fa:	0028      	movs	r0, r5
100071fc:	bd70      	pop	{r4, r5, r6, pc}
100071fe:	2101      	movs	r1, #1
10007200:	0030      	movs	r0, r6
10007202:	4249      	negs	r1, r1
10007204:	f004 f910 	bl	1000b428 <__mutex_enter_timeout_ms_veneer>
10007208:	7823      	ldrb	r3, [r4, #0]
1000720a:	07db      	lsls	r3, r3, #31
1000720c:	0fdd      	lsrs	r5, r3, #31
1000720e:	2b00      	cmp	r3, #0
10007210:	d10a      	bne.n	10007228 <tu_edpt_claim+0x44>
10007212:	7823      	ldrb	r3, [r4, #0]
10007214:	075b      	lsls	r3, r3, #29
10007216:	d408      	bmi.n	1000722a <tu_edpt_claim+0x46>
10007218:	2204      	movs	r2, #4
1000721a:	7823      	ldrb	r3, [r4, #0]
1000721c:	2501      	movs	r5, #1
1000721e:	4313      	orrs	r3, r2
10007220:	7023      	strb	r3, [r4, #0]
10007222:	e002      	b.n	1000722a <tu_edpt_claim+0x46>
10007224:	2500      	movs	r5, #0
10007226:	e7e8      	b.n	100071fa <tu_edpt_claim+0x16>
10007228:	2500      	movs	r5, #0
1000722a:	0030      	movs	r0, r6
1000722c:	f004 f8dc 	bl	1000b3e8 <__mutex_exit_veneer>
10007230:	e7e3      	b.n	100071fa <tu_edpt_claim+0x16>
10007232:	46c0      	nop			@ (mov r8, r8)

10007234 <tu_edpt_release>:
10007234:	b570      	push	{r4, r5, r6, lr}
10007236:	000c      	movs	r4, r1
10007238:	2101      	movs	r1, #1
1000723a:	0006      	movs	r6, r0
1000723c:	4249      	negs	r1, r1
1000723e:	0020      	movs	r0, r4
10007240:	f004 f8f2 	bl	1000b428 <__mutex_enter_timeout_ms_veneer>
10007244:	7833      	ldrb	r3, [r6, #0]
10007246:	075b      	lsls	r3, r3, #29
10007248:	0fdd      	lsrs	r5, r3, #31
1000724a:	2b00      	cmp	r3, #0
1000724c:	db04      	blt.n	10007258 <tu_edpt_release+0x24>
1000724e:	0020      	movs	r0, r4
10007250:	f004 f8ca 	bl	1000b3e8 <__mutex_exit_veneer>
10007254:	0028      	movs	r0, r5
10007256:	bd70      	pop	{r4, r5, r6, pc}
10007258:	7833      	ldrb	r3, [r6, #0]
1000725a:	07db      	lsls	r3, r3, #31
1000725c:	d404      	bmi.n	10007268 <tu_edpt_release+0x34>
1000725e:	2204      	movs	r2, #4
10007260:	7833      	ldrb	r3, [r6, #0]
10007262:	4393      	bics	r3, r2
10007264:	7033      	strb	r3, [r6, #0]
10007266:	e7f2      	b.n	1000724e <tu_edpt_release+0x1a>
10007268:	2500      	movs	r5, #0
1000726a:	e7f0      	b.n	1000724e <tu_edpt_release+0x1a>

1000726c <tu_edpt_validate>:
1000726c:	7943      	ldrb	r3, [r0, #5]
1000726e:	7902      	ldrb	r2, [r0, #4]
10007270:	021b      	lsls	r3, r3, #8
10007272:	4313      	orrs	r3, r2
10007274:	78c2      	ldrb	r2, [r0, #3]
10007276:	055b      	lsls	r3, r3, #21
10007278:	0792      	lsls	r2, r2, #30
1000727a:	0d5b      	lsrs	r3, r3, #21
1000727c:	0f92      	lsrs	r2, r2, #30
1000727e:	2a02      	cmp	r2, #2
10007280:	d01d      	beq.n	100072be <tu_edpt_validate+0x52>
10007282:	2a03      	cmp	r2, #3
10007284:	d00c      	beq.n	100072a0 <tu_edpt_validate+0x34>
10007286:	2000      	movs	r0, #0
10007288:	2a01      	cmp	r2, #1
1000728a:	d108      	bne.n	1000729e <tu_edpt_validate+0x32>
1000728c:	3902      	subs	r1, #2
1000728e:	424a      	negs	r2, r1
10007290:	4151      	adcs	r1, r2
10007292:	4a12      	ldr	r2, [pc, #72]	@ (100072dc <tu_edpt_validate+0x70>)
10007294:	4694      	mov	ip, r2
10007296:	4461      	add	r1, ip
10007298:	4299      	cmp	r1, r3
1000729a:	4140      	adcs	r0, r0
1000729c:	b2c0      	uxtb	r0, r0
1000729e:	4770      	bx	lr
100072a0:	3902      	subs	r1, #2
100072a2:	1e4a      	subs	r2, r1, #1
100072a4:	4191      	sbcs	r1, r2
100072a6:	4a0e      	ldr	r2, [pc, #56]	@ (100072e0 <tu_edpt_validate+0x74>)
100072a8:	4249      	negs	r1, r1
100072aa:	4011      	ands	r1, r2
100072ac:	2280      	movs	r2, #128	@ 0x80
100072ae:	00d2      	lsls	r2, r2, #3
100072b0:	4694      	mov	ip, r2
100072b2:	2000      	movs	r0, #0
100072b4:	4461      	add	r1, ip
100072b6:	4299      	cmp	r1, r3
100072b8:	4140      	adcs	r0, r0
100072ba:	b2c0      	uxtb	r0, r0
100072bc:	e7ef      	b.n	1000729e <tu_edpt_validate+0x32>
100072be:	2902      	cmp	r1, #2
100072c0:	d005      	beq.n	100072ce <tu_edpt_validate+0x62>
100072c2:	2000      	movs	r0, #0
100072c4:	2240      	movs	r2, #64	@ 0x40
100072c6:	429a      	cmp	r2, r3
100072c8:	4140      	adcs	r0, r0
100072ca:	b2c0      	uxtb	r0, r0
100072cc:	e7e7      	b.n	1000729e <tu_edpt_validate+0x32>
100072ce:	4a05      	ldr	r2, [pc, #20]	@ (100072e4 <tu_edpt_validate+0x78>)
100072d0:	1898      	adds	r0, r3, r2
100072d2:	4243      	negs	r3, r0
100072d4:	4158      	adcs	r0, r3
100072d6:	b2c0      	uxtb	r0, r0
100072d8:	e7e1      	b.n	1000729e <tu_edpt_validate+0x32>
100072da:	46c0      	nop			@ (mov r8, r8)
100072dc:	000003ff 	.word	0x000003ff
100072e0:	fffffc40 	.word	0xfffffc40
100072e4:	fffffe00 	.word	0xfffffe00

100072e8 <tu_edpt_bind_driver>:
100072e8:	188a      	adds	r2, r1, r2
100072ea:	b570      	push	{r4, r5, r6, lr}
100072ec:	4291      	cmp	r1, r2
100072ee:	d207      	bcs.n	10007300 <tu_edpt_bind_driver+0x18>
100072f0:	267f      	movs	r6, #127	@ 0x7f
100072f2:	784c      	ldrb	r4, [r1, #1]
100072f4:	2c05      	cmp	r4, #5
100072f6:	d004      	beq.n	10007302 <tu_edpt_bind_driver+0x1a>
100072f8:	780c      	ldrb	r4, [r1, #0]
100072fa:	1909      	adds	r1, r1, r4
100072fc:	428a      	cmp	r2, r1
100072fe:	d8f8      	bhi.n	100072f2 <tu_edpt_bind_driver+0xa>
10007300:	bd70      	pop	{r4, r5, r6, pc}
10007302:	0034      	movs	r4, r6
10007304:	788d      	ldrb	r5, [r1, #2]
10007306:	402c      	ands	r4, r5
10007308:	0064      	lsls	r4, r4, #1
1000730a:	1904      	adds	r4, r0, r4
1000730c:	09ed      	lsrs	r5, r5, #7
1000730e:	5563      	strb	r3, [r4, r5]
10007310:	780c      	ldrb	r4, [r1, #0]
10007312:	1909      	adds	r1, r1, r4
10007314:	428a      	cmp	r2, r1
10007316:	d8ec      	bhi.n	100072f2 <tu_edpt_bind_driver+0xa>
10007318:	e7f2      	b.n	10007300 <tu_edpt_bind_driver+0x18>
1000731a:	46c0      	nop			@ (mov r8, r8)

1000731c <tu_edpt_stream_init>:
1000731c:	b5f0      	push	{r4, r5, r6, r7, lr}
1000731e:	46c6      	mov	lr, r8
10007320:	b500      	push	{lr}
10007322:	b082      	sub	sp, #8
10007324:	0015      	movs	r5, r2
10007326:	aa08      	add	r2, sp, #32
10007328:	ca40      	ldmia	r2!, {r6}
1000732a:	0004      	movs	r4, r0
1000732c:	8817      	ldrh	r7, [r2, #0]
1000732e:	aa0b      	add	r2, sp, #44	@ 0x2c
10007330:	8812      	ldrh	r2, [r2, #0]
10007332:	2001      	movs	r0, #1
10007334:	4690      	mov	r8, r2
10007336:	000a      	movs	r2, r1
10007338:	7821      	ldrb	r1, [r4, #0]
1000733a:	4002      	ands	r2, r0
1000733c:	4381      	bics	r1, r0
1000733e:	0020      	movs	r0, r4
10007340:	4311      	orrs	r1, r2
10007342:	7021      	strb	r1, [r4, #0]
10007344:	003a      	movs	r2, r7
10007346:	9300      	str	r3, [sp, #0]
10007348:	0031      	movs	r1, r6
1000734a:	2301      	movs	r3, #1
1000734c:	3008      	adds	r0, #8
1000734e:	f000 f8f1 	bl	10007534 <tu_fifo_config>
10007352:	2e00      	cmp	r6, #0
10007354:	d001      	beq.n	1000735a <tu_edpt_stream_init+0x3e>
10007356:	2f00      	cmp	r7, #0
10007358:	d108      	bne.n	1000736c <tu_edpt_stream_init+0x50>
1000735a:	9b0a      	ldr	r3, [sp, #40]	@ 0x28
1000735c:	2001      	movs	r0, #1
1000735e:	6063      	str	r3, [r4, #4]
10007360:	4643      	mov	r3, r8
10007362:	8063      	strh	r3, [r4, #2]
10007364:	b002      	add	sp, #8
10007366:	bc80      	pop	{r7}
10007368:	46b8      	mov	r8, r7
1000736a:	bdf0      	pop	{r4, r5, r6, r7, pc}
1000736c:	0026      	movs	r6, r4
1000736e:	361c      	adds	r6, #28
10007370:	0030      	movs	r0, r6
10007372:	f7fa f861 	bl	10001438 <mutex_init>
10007376:	2300      	movs	r3, #0
10007378:	2d00      	cmp	r5, #0
1000737a:	d001      	beq.n	10007380 <tu_edpt_stream_init+0x64>
1000737c:	0033      	movs	r3, r6
1000737e:	2600      	movs	r6, #0
10007380:	6163      	str	r3, [r4, #20]
10007382:	61a6      	str	r6, [r4, #24]
10007384:	e7e9      	b.n	1000735a <tu_edpt_stream_init+0x3e>
10007386:	46c0      	nop			@ (mov r8, r8)

10007388 <tu_edpt_stream_deinit>:
10007388:	2001      	movs	r0, #1
1000738a:	4770      	bx	lr

1000738c <tu_edpt_stream_write_zlp_if_needed>:
1000738c:	b5f8      	push	{r3, r4, r5, r6, r7, lr}
1000738e:	2402      	movs	r4, #2
10007390:	780b      	ldrb	r3, [r1, #0]
10007392:	0007      	movs	r7, r0
10007394:	401c      	ands	r4, r3
10007396:	4263      	negs	r3, r4
10007398:	415c      	adcs	r4, r3
1000739a:	4b14      	ldr	r3, [pc, #80]	@ (100073ec <tu_edpt_stream_write_zlp_if_needed+0x60>)
1000739c:	4264      	negs	r4, r4
1000739e:	401c      	ands	r4, r3
100073a0:	4b13      	ldr	r3, [pc, #76]	@ (100073f0 <tu_edpt_stream_write_zlp_if_needed+0x64>)
100073a2:	0008      	movs	r0, r1
100073a4:	469c      	mov	ip, r3
100073a6:	3008      	adds	r0, #8
100073a8:	000d      	movs	r5, r1
100073aa:	0016      	movs	r6, r2
100073ac:	4464      	add	r4, ip
100073ae:	f000 f8f7 	bl	100075a0 <tu_fifo_count>
100073b2:	2800      	cmp	r0, #0
100073b4:	d107      	bne.n	100073c6 <tu_edpt_stream_write_zlp_if_needed+0x3a>
100073b6:	2e00      	cmp	r6, #0
100073b8:	d005      	beq.n	100073c6 <tu_edpt_stream_write_zlp_if_needed+0x3a>
100073ba:	4234      	tst	r4, r6
100073bc:	d103      	bne.n	100073c6 <tu_edpt_stream_write_zlp_if_needed+0x3a>
100073be:	2401      	movs	r4, #1
100073c0:	782b      	ldrb	r3, [r5, #0]
100073c2:	421c      	tst	r4, r3
100073c4:	d001      	beq.n	100073ca <tu_edpt_stream_write_zlp_if_needed+0x3e>
100073c6:	2000      	movs	r0, #0
100073c8:	bdf8      	pop	{r3, r4, r5, r6, r7, pc}
100073ca:	0038      	movs	r0, r7
100073cc:	7869      	ldrb	r1, [r5, #1]
100073ce:	f7ff f9a1 	bl	10006714 <usbd_edpt_claim>
100073d2:	2800      	cmp	r0, #0
100073d4:	d0f7      	beq.n	100073c6 <tu_edpt_stream_write_zlp_if_needed+0x3a>
100073d6:	782b      	ldrb	r3, [r5, #0]
100073d8:	421c      	tst	r4, r3
100073da:	d1f4      	bne.n	100073c6 <tu_edpt_stream_write_zlp_if_needed+0x3a>
100073dc:	2300      	movs	r3, #0
100073de:	2200      	movs	r2, #0
100073e0:	0038      	movs	r0, r7
100073e2:	7869      	ldrb	r1, [r5, #1]
100073e4:	f7ff f9be 	bl	10006764 <usbd_edpt_xfer>
100073e8:	e7ee      	b.n	100073c8 <tu_edpt_stream_write_zlp_if_needed+0x3c>
100073ea:	46c0      	nop			@ (mov r8, r8)
100073ec:	fffffe40 	.word	0xfffffe40
100073f0:	000001ff 	.word	0x000001ff

100073f4 <tu_edpt_stream_write_xfer>:
100073f4:	b5f8      	push	{r3, r4, r5, r6, r7, lr}
100073f6:	000d      	movs	r5, r1
100073f8:	3508      	adds	r5, #8
100073fa:	0006      	movs	r6, r0
100073fc:	0028      	movs	r0, r5
100073fe:	000c      	movs	r4, r1
10007400:	f000 f8ce 	bl	100075a0 <tu_fifo_count>
10007404:	2800      	cmp	r0, #0
10007406:	d003      	beq.n	10007410 <tu_edpt_stream_write_xfer+0x1c>
10007408:	2701      	movs	r7, #1
1000740a:	7823      	ldrb	r3, [r4, #0]
1000740c:	421f      	tst	r7, r3
1000740e:	d001      	beq.n	10007414 <tu_edpt_stream_write_xfer+0x20>
10007410:	2000      	movs	r0, #0
10007412:	bdf8      	pop	{r3, r4, r5, r6, r7, pc}
10007414:	0030      	movs	r0, r6
10007416:	7861      	ldrb	r1, [r4, #1]
10007418:	f7ff f97c 	bl	10006714 <usbd_edpt_claim>
1000741c:	2800      	cmp	r0, #0
1000741e:	d0f7      	beq.n	10007410 <tu_edpt_stream_write_xfer+0x1c>
10007420:	0028      	movs	r0, r5
10007422:	8862      	ldrh	r2, [r4, #2]
10007424:	6861      	ldr	r1, [r4, #4]
10007426:	f000 f93d 	bl	100076a4 <tu_fifo_read_n>
1000742a:	7823      	ldrb	r3, [r4, #0]
1000742c:	1e05      	subs	r5, r0, #0
1000742e:	d00b      	beq.n	10007448 <tu_edpt_stream_write_xfer+0x54>
10007430:	421f      	tst	r7, r3
10007432:	d1ed      	bne.n	10007410 <tu_edpt_stream_write_xfer+0x1c>
10007434:	0003      	movs	r3, r0
10007436:	6862      	ldr	r2, [r4, #4]
10007438:	0030      	movs	r0, r6
1000743a:	7861      	ldrb	r1, [r4, #1]
1000743c:	f7ff f992 	bl	10006764 <usbd_edpt_xfer>
10007440:	2800      	cmp	r0, #0
10007442:	d0e5      	beq.n	10007410 <tu_edpt_stream_write_xfer+0x1c>
10007444:	0028      	movs	r0, r5
10007446:	e7e4      	b.n	10007412 <tu_edpt_stream_write_xfer+0x1e>
10007448:	421f      	tst	r7, r3
1000744a:	d1e1      	bne.n	10007410 <tu_edpt_stream_write_xfer+0x1c>
1000744c:	0030      	movs	r0, r6
1000744e:	7861      	ldrb	r1, [r4, #1]
10007450:	f7ff f974 	bl	1000673c <usbd_edpt_release>
10007454:	e7dc      	b.n	10007410 <tu_edpt_stream_write_xfer+0x1c>
10007456:	46c0      	nop			@ (mov r8, r8)

10007458 <tu_edpt_stream_read_xfer>:
10007458:	b5f8      	push	{r3, r4, r5, r6, r7, lr}
1000745a:	46ce      	mov	lr, r9
1000745c:	4647      	mov	r7, r8
1000745e:	b580      	push	{r7, lr}
10007460:	898a      	ldrh	r2, [r1, #12]
10007462:	0005      	movs	r5, r0
10007464:	000c      	movs	r4, r1
10007466:	780b      	ldrb	r3, [r1, #0]
10007468:	2a00      	cmp	r2, #0
1000746a:	d107      	bne.n	1000747c <tu_edpt_stream_read_xfer+0x24>
1000746c:	2601      	movs	r6, #1
1000746e:	421e      	tst	r6, r3
10007470:	d03f      	beq.n	100074f2 <tu_edpt_stream_read_xfer+0x9a>
10007472:	2000      	movs	r0, #0
10007474:	bcc0      	pop	{r6, r7}
10007476:	46b9      	mov	r9, r7
10007478:	46b0      	mov	r8, r6
1000747a:	bdf8      	pop	{r3, r4, r5, r6, r7, pc}
1000747c:	079b      	lsls	r3, r3, #30
1000747e:	d534      	bpl.n	100074ea <tu_edpt_stream_read_xfer+0x92>
10007480:	23fe      	movs	r3, #254	@ 0xfe
10007482:	2680      	movs	r6, #128	@ 0x80
10007484:	021b      	lsls	r3, r3, #8
10007486:	4699      	mov	r9, r3
10007488:	00b6      	lsls	r6, r6, #2
1000748a:	0027      	movs	r7, r4
1000748c:	3708      	adds	r7, #8
1000748e:	0038      	movs	r0, r7
10007490:	f000 f8a4 	bl	100075dc <tu_fifo_remaining>
10007494:	4286      	cmp	r6, r0
10007496:	d8ec      	bhi.n	10007472 <tu_edpt_stream_read_xfer+0x1a>
10007498:	2201      	movs	r2, #1
1000749a:	7823      	ldrb	r3, [r4, #0]
1000749c:	4690      	mov	r8, r2
1000749e:	421a      	tst	r2, r3
100074a0:	d1e7      	bne.n	10007472 <tu_edpt_stream_read_xfer+0x1a>
100074a2:	0028      	movs	r0, r5
100074a4:	7861      	ldrb	r1, [r4, #1]
100074a6:	f7ff f935 	bl	10006714 <usbd_edpt_claim>
100074aa:	2800      	cmp	r0, #0
100074ac:	d0e1      	beq.n	10007472 <tu_edpt_stream_read_xfer+0x1a>
100074ae:	0038      	movs	r0, r7
100074b0:	f000 f894 	bl	100075dc <tu_fifo_remaining>
100074b4:	4286      	cmp	r6, r0
100074b6:	d831      	bhi.n	1000751c <tu_edpt_stream_read_xfer+0xc4>
100074b8:	4641      	mov	r1, r8
100074ba:	7823      	ldrb	r3, [r4, #0]
100074bc:	8862      	ldrh	r2, [r4, #2]
100074be:	4219      	tst	r1, r3
100074c0:	d1d7      	bne.n	10007472 <tu_edpt_stream_read_xfer+0x1a>
100074c2:	464b      	mov	r3, r9
100074c4:	4018      	ands	r0, r3
100074c6:	1c06      	adds	r6, r0, #0
100074c8:	4290      	cmp	r0, r2
100074ca:	d900      	bls.n	100074ce <tu_edpt_stream_read_xfer+0x76>
100074cc:	1c16      	adds	r6, r2, #0
100074ce:	b2b6      	uxth	r6, r6
100074d0:	2200      	movs	r2, #0
100074d2:	7861      	ldrb	r1, [r4, #1]
100074d4:	2e00      	cmp	r6, #0
100074d6:	d000      	beq.n	100074da <tu_edpt_stream_read_xfer+0x82>
100074d8:	6862      	ldr	r2, [r4, #4]
100074da:	0033      	movs	r3, r6
100074dc:	0028      	movs	r0, r5
100074de:	f7ff f941 	bl	10006764 <usbd_edpt_xfer>
100074e2:	2800      	cmp	r0, #0
100074e4:	d0c5      	beq.n	10007472 <tu_edpt_stream_read_xfer+0x1a>
100074e6:	0030      	movs	r0, r6
100074e8:	e7c4      	b.n	10007474 <tu_edpt_stream_read_xfer+0x1c>
100074ea:	4b11      	ldr	r3, [pc, #68]	@ (10007530 <tu_edpt_stream_read_xfer+0xd8>)
100074ec:	2640      	movs	r6, #64	@ 0x40
100074ee:	4699      	mov	r9, r3
100074f0:	e7cb      	b.n	1000748a <tu_edpt_stream_read_xfer+0x32>
100074f2:	7849      	ldrb	r1, [r1, #1]
100074f4:	f7ff f90e 	bl	10006714 <usbd_edpt_claim>
100074f8:	2800      	cmp	r0, #0
100074fa:	d0ba      	beq.n	10007472 <tu_edpt_stream_read_xfer+0x1a>
100074fc:	7822      	ldrb	r2, [r4, #0]
100074fe:	8863      	ldrh	r3, [r4, #2]
10007500:	4216      	tst	r6, r2
10007502:	d1b6      	bne.n	10007472 <tu_edpt_stream_read_xfer+0x1a>
10007504:	2200      	movs	r2, #0
10007506:	7861      	ldrb	r1, [r4, #1]
10007508:	2b00      	cmp	r3, #0
1000750a:	d000      	beq.n	1000750e <tu_edpt_stream_read_xfer+0xb6>
1000750c:	6862      	ldr	r2, [r4, #4]
1000750e:	0028      	movs	r0, r5
10007510:	f7ff f928 	bl	10006764 <usbd_edpt_xfer>
10007514:	2800      	cmp	r0, #0
10007516:	d0ac      	beq.n	10007472 <tu_edpt_stream_read_xfer+0x1a>
10007518:	8860      	ldrh	r0, [r4, #2]
1000751a:	e7ab      	b.n	10007474 <tu_edpt_stream_read_xfer+0x1c>
1000751c:	4642      	mov	r2, r8
1000751e:	7823      	ldrb	r3, [r4, #0]
10007520:	421a      	tst	r2, r3
10007522:	d1a6      	bne.n	10007472 <tu_edpt_stream_read_xfer+0x1a>
10007524:	0028      	movs	r0, r5
10007526:	7861      	ldrb	r1, [r4, #1]
10007528:	f7ff f908 	bl	1000673c <usbd_edpt_release>
1000752c:	e7a1      	b.n	10007472 <tu_edpt_stream_read_xfer+0x1a>
1000752e:	46c0      	nop			@ (mov r8, r8)
10007530:	0000ffc0 	.word	0x0000ffc0

10007534 <tu_fifo_config>:
10007534:	b5f0      	push	{r4, r5, r6, r7, lr}
10007536:	46c6      	mov	lr, r8
10007538:	b500      	push	{lr}
1000753a:	0004      	movs	r4, r0
1000753c:	a806      	add	r0, sp, #24
1000753e:	7805      	ldrb	r5, [r0, #0]
10007540:	2080      	movs	r0, #128	@ 0x80
10007542:	4688      	mov	r8, r1
10007544:	0017      	movs	r7, r2
10007546:	001e      	movs	r6, r3
10007548:	0200      	lsls	r0, r0, #8
1000754a:	4282      	cmp	r2, r0
1000754c:	d826      	bhi.n	1000759c <tu_fifo_config+0x68>
1000754e:	68e0      	ldr	r0, [r4, #12]
10007550:	2800      	cmp	r0, #0
10007552:	d003      	beq.n	1000755c <tu_fifo_config+0x28>
10007554:	2101      	movs	r1, #1
10007556:	4249      	negs	r1, r1
10007558:	f003 ff66 	bl	1000b428 <__mutex_enter_timeout_ms_veneer>
1000755c:	6920      	ldr	r0, [r4, #16]
1000755e:	2800      	cmp	r0, #0
10007560:	d003      	beq.n	1000756a <tu_fifo_config+0x36>
10007562:	2101      	movs	r1, #1
10007564:	4249      	negs	r1, r1
10007566:	f003 ff5f 	bl	1000b428 <__mutex_enter_timeout_ms_veneer>
1000756a:	4643      	mov	r3, r8
1000756c:	6023      	str	r3, [r4, #0]
1000756e:	0473      	lsls	r3, r6, #17
10007570:	0c5b      	lsrs	r3, r3, #17
10007572:	03ed      	lsls	r5, r5, #15
10007574:	431d      	orrs	r5, r3
10007576:	2300      	movs	r3, #0
10007578:	68e0      	ldr	r0, [r4, #12]
1000757a:	8163      	strh	r3, [r4, #10]
1000757c:	80a7      	strh	r7, [r4, #4]
1000757e:	80e5      	strh	r5, [r4, #6]
10007580:	8123      	strh	r3, [r4, #8]
10007582:	2800      	cmp	r0, #0
10007584:	d001      	beq.n	1000758a <tu_fifo_config+0x56>
10007586:	f003 ff2f 	bl	1000b3e8 <__mutex_exit_veneer>
1000758a:	6920      	ldr	r0, [r4, #16]
1000758c:	2800      	cmp	r0, #0
1000758e:	d001      	beq.n	10007594 <tu_fifo_config+0x60>
10007590:	f003 ff2a 	bl	1000b3e8 <__mutex_exit_veneer>
10007594:	2001      	movs	r0, #1
10007596:	bc80      	pop	{r7}
10007598:	46b8      	mov	r8, r7
1000759a:	bdf0      	pop	{r4, r5, r6, r7, pc}
1000759c:	2000      	movs	r0, #0
1000759e:	e7fa      	b.n	10007596 <tu_fifo_config+0x62>

100075a0 <tu_fifo_count>:
100075a0:	b510      	push	{r4, lr}
100075a2:	8904      	ldrh	r4, [r0, #8]
100075a4:	8941      	ldrh	r1, [r0, #10]
100075a6:	8882      	ldrh	r2, [r0, #4]
100075a8:	b2a3      	uxth	r3, r4
100075aa:	b288      	uxth	r0, r1
100075ac:	428c      	cmp	r4, r1
100075ae:	d307      	bcc.n	100075c0 <tu_fifo_count+0x20>
100075b0:	1a1b      	subs	r3, r3, r0
100075b2:	b29b      	uxth	r3, r3
100075b4:	1c10      	adds	r0, r2, #0
100075b6:	429a      	cmp	r2, r3
100075b8:	d900      	bls.n	100075bc <tu_fifo_count+0x1c>
100075ba:	1c18      	adds	r0, r3, #0
100075bc:	b280      	uxth	r0, r0
100075be:	bd10      	pop	{r4, pc}
100075c0:	0051      	lsls	r1, r2, #1
100075c2:	1a09      	subs	r1, r1, r0
100075c4:	185b      	adds	r3, r3, r1
100075c6:	b29b      	uxth	r3, r3
100075c8:	e7f4      	b.n	100075b4 <tu_fifo_count+0x14>
100075ca:	46c0      	nop			@ (mov r8, r8)

100075cc <tu_fifo_empty>:
100075cc:	8903      	ldrh	r3, [r0, #8]
100075ce:	8940      	ldrh	r0, [r0, #10]
100075d0:	1a18      	subs	r0, r3, r0
100075d2:	4243      	negs	r3, r0
100075d4:	4158      	adcs	r0, r3
100075d6:	b2c0      	uxtb	r0, r0
100075d8:	4770      	bx	lr
100075da:	46c0      	nop			@ (mov r8, r8)

100075dc <tu_fifo_remaining>:
100075dc:	b510      	push	{r4, lr}
100075de:	8904      	ldrh	r4, [r0, #8]
100075e0:	8941      	ldrh	r1, [r0, #10]
100075e2:	8882      	ldrh	r2, [r0, #4]
100075e4:	b2a3      	uxth	r3, r4
100075e6:	b288      	uxth	r0, r1
100075e8:	428c      	cmp	r4, r1
100075ea:	d307      	bcc.n	100075fc <tu_fifo_remaining+0x20>
100075ec:	1a1b      	subs	r3, r3, r0
100075ee:	b29b      	uxth	r3, r3
100075f0:	2000      	movs	r0, #0
100075f2:	429a      	cmp	r2, r3
100075f4:	d901      	bls.n	100075fa <tu_fifo_remaining+0x1e>
100075f6:	1ad2      	subs	r2, r2, r3
100075f8:	b290      	uxth	r0, r2
100075fa:	bd10      	pop	{r4, pc}
100075fc:	0051      	lsls	r1, r2, #1
100075fe:	1a09      	subs	r1, r1, r0
10007600:	185b      	adds	r3, r3, r1
10007602:	b29b      	uxth	r3, r3
10007604:	e7f4      	b.n	100075f0 <tu_fifo_remaining+0x14>
10007606:	46c0      	nop			@ (mov r8, r8)

10007608 <tu_fifo_read>:
10007608:	b570      	push	{r4, r5, r6, lr}
1000760a:	0004      	movs	r4, r0
1000760c:	6900      	ldr	r0, [r0, #16]
1000760e:	000e      	movs	r6, r1
10007610:	2800      	cmp	r0, #0
10007612:	d003      	beq.n	1000761c <tu_fifo_read+0x14>
10007614:	2101      	movs	r1, #1
10007616:	4249      	negs	r1, r1
10007618:	f003 ff06 	bl	1000b428 <__mutex_enter_timeout_ms_veneer>
1000761c:	8925      	ldrh	r5, [r4, #8]
1000761e:	8960      	ldrh	r0, [r4, #10]
10007620:	88a2      	ldrh	r2, [r4, #4]
10007622:	b2a9      	uxth	r1, r5
10007624:	b283      	uxth	r3, r0
10007626:	4285      	cmp	r5, r0
10007628:	d32c      	bcc.n	10007684 <tu_fifo_read+0x7c>
1000762a:	1acd      	subs	r5, r1, r3
1000762c:	b2ad      	uxth	r5, r5
1000762e:	2d00      	cmp	r5, #0
10007630:	d02e      	beq.n	10007690 <tu_fifo_read+0x88>
10007632:	42aa      	cmp	r2, r5
10007634:	d208      	bcs.n	10007648 <tu_fifo_read+0x40>
10007636:	4291      	cmp	r1, r2
10007638:	d330      	bcc.n	1000769c <tu_fifo_read+0x94>
1000763a:	1a89      	subs	r1, r1, r2
1000763c:	b28b      	uxth	r3, r1
1000763e:	8163      	strh	r3, [r4, #10]
10007640:	429a      	cmp	r2, r3
10007642:	d803      	bhi.n	1000764c <tu_fifo_read+0x44>
10007644:	1a9b      	subs	r3, r3, r2
10007646:	b29b      	uxth	r3, r3
10007648:	429a      	cmp	r2, r3
1000764a:	d9fb      	bls.n	10007644 <tu_fifo_read+0x3c>
1000764c:	88e2      	ldrh	r2, [r4, #6]
1000764e:	6821      	ldr	r1, [r4, #0]
10007650:	0452      	lsls	r2, r2, #17
10007652:	0c52      	lsrs	r2, r2, #17
10007654:	4353      	muls	r3, r2
10007656:	0030      	movs	r0, r6
10007658:	18c9      	adds	r1, r1, r3
1000765a:	f7fb ff7f 	bl	1000355c <__wrap___aeabi_memcpy>
1000765e:	8963      	ldrh	r3, [r4, #10]
10007660:	2501      	movs	r5, #1
10007662:	1c59      	adds	r1, r3, #1
10007664:	b289      	uxth	r1, r1
10007666:	88a2      	ldrh	r2, [r4, #4]
10007668:	428b      	cmp	r3, r1
1000766a:	d913      	bls.n	10007694 <tu_fifo_read+0x8c>
1000766c:	2100      	movs	r1, #0
1000766e:	0052      	lsls	r2, r2, #1
10007670:	1a89      	subs	r1, r1, r2
10007672:	b289      	uxth	r1, r1
10007674:	6920      	ldr	r0, [r4, #16]
10007676:	8161      	strh	r1, [r4, #10]
10007678:	2800      	cmp	r0, #0
1000767a:	d001      	beq.n	10007680 <tu_fifo_read+0x78>
1000767c:	f003 feb4 	bl	1000b3e8 <__mutex_exit_veneer>
10007680:	0028      	movs	r0, r5
10007682:	bd70      	pop	{r4, r5, r6, pc}
10007684:	0055      	lsls	r5, r2, #1
10007686:	1aed      	subs	r5, r5, r3
10007688:	194d      	adds	r5, r1, r5
1000768a:	b2ad      	uxth	r5, r5
1000768c:	2d00      	cmp	r5, #0
1000768e:	d1d0      	bne.n	10007632 <tu_fifo_read+0x2a>
10007690:	8961      	ldrh	r1, [r4, #10]
10007692:	b289      	uxth	r1, r1
10007694:	0052      	lsls	r2, r2, #1
10007696:	4291      	cmp	r1, r2
10007698:	dbec      	blt.n	10007674 <tu_fifo_read+0x6c>
1000769a:	e7e9      	b.n	10007670 <tu_fifo_read+0x68>
1000769c:	1889      	adds	r1, r1, r2
1000769e:	b28b      	uxth	r3, r1
100076a0:	8163      	strh	r3, [r4, #10]
100076a2:	e7cd      	b.n	10007640 <tu_fifo_read+0x38>

100076a4 <tu_fifo_read_n>:
100076a4:	b5f0      	push	{r4, r5, r6, r7, lr}
100076a6:	4646      	mov	r6, r8
100076a8:	464f      	mov	r7, r9
100076aa:	46d6      	mov	lr, sl
100076ac:	b5c0      	push	{r6, r7, lr}
100076ae:	0006      	movs	r6, r0
100076b0:	6900      	ldr	r0, [r0, #16]
100076b2:	4689      	mov	r9, r1
100076b4:	4690      	mov	r8, r2
100076b6:	2800      	cmp	r0, #0
100076b8:	d003      	beq.n	100076c2 <tu_fifo_read_n+0x1e>
100076ba:	2101      	movs	r1, #1
100076bc:	4249      	negs	r1, r1
100076be:	f003 feb3 	bl	1000b428 <__mutex_enter_timeout_ms_veneer>
100076c2:	8931      	ldrh	r1, [r6, #8]
100076c4:	8972      	ldrh	r2, [r6, #10]
100076c6:	88b5      	ldrh	r5, [r6, #4]
100076c8:	b28b      	uxth	r3, r1
100076ca:	b294      	uxth	r4, r2
100076cc:	4291      	cmp	r1, r2
100076ce:	d354      	bcc.n	1000777a <tu_fifo_read_n+0xd6>
100076d0:	1b1f      	subs	r7, r3, r4
100076d2:	b2bf      	uxth	r7, r7
100076d4:	2f00      	cmp	r7, #0
100076d6:	d04a      	beq.n	1000776e <tu_fifo_read_n+0xca>
100076d8:	42bd      	cmp	r5, r7
100076da:	d205      	bcs.n	100076e8 <tu_fifo_read_n+0x44>
100076dc:	42ab      	cmp	r3, r5
100076de:	d251      	bcs.n	10007784 <tu_fifo_read_n+0xe0>
100076e0:	195b      	adds	r3, r3, r5
100076e2:	b29c      	uxth	r4, r3
100076e4:	002f      	movs	r7, r5
100076e6:	8174      	strh	r4, [r6, #10]
100076e8:	4643      	mov	r3, r8
100076ea:	45b8      	cmp	r8, r7
100076ec:	d83d      	bhi.n	1000776a <tu_fifo_read_n+0xc6>
100076ee:	b29f      	uxth	r7, r3
100076f0:	42a5      	cmp	r5, r4
100076f2:	d803      	bhi.n	100076fc <tu_fifo_read_n+0x58>
100076f4:	1b64      	subs	r4, r4, r5
100076f6:	b2a4      	uxth	r4, r4
100076f8:	42a5      	cmp	r5, r4
100076fa:	d9fb      	bls.n	100076f4 <tu_fifo_read_n+0x50>
100076fc:	88f2      	ldrh	r2, [r6, #6]
100076fe:	6831      	ldr	r1, [r6, #0]
10007700:	0452      	lsls	r2, r2, #17
10007702:	0c52      	lsrs	r2, r2, #17
10007704:	4690      	mov	r8, r2
10007706:	4362      	muls	r2, r4
10007708:	1b2b      	subs	r3, r5, r4
1000770a:	b29b      	uxth	r3, r3
1000770c:	1889      	adds	r1, r1, r2
1000770e:	4642      	mov	r2, r8
10007710:	429f      	cmp	r7, r3
10007712:	d925      	bls.n	10007760 <tu_fifo_read_n+0xbc>
10007714:	4353      	muls	r3, r2
10007716:	b29b      	uxth	r3, r3
10007718:	001a      	movs	r2, r3
1000771a:	4648      	mov	r0, r9
1000771c:	469a      	mov	sl, r3
1000771e:	f7fb ff1d 	bl	1000355c <__wrap___aeabi_memcpy>
10007722:	4643      	mov	r3, r8
10007724:	4648      	mov	r0, r9
10007726:	1b7d      	subs	r5, r7, r5
10007728:	1964      	adds	r4, r4, r5
1000772a:	435c      	muls	r4, r3
1000772c:	6831      	ldr	r1, [r6, #0]
1000772e:	4450      	add	r0, sl
10007730:	b2a2      	uxth	r2, r4
10007732:	f7fb ff13 	bl	1000355c <__wrap___aeabi_memcpy>
10007736:	8971      	ldrh	r1, [r6, #10]
10007738:	88b5      	ldrh	r5, [r6, #4]
1000773a:	19cb      	adds	r3, r1, r7
1000773c:	b29b      	uxth	r3, r3
1000773e:	006a      	lsls	r2, r5, #1
10007740:	4299      	cmp	r1, r3
10007742:	d916      	bls.n	10007772 <tu_fifo_read_n+0xce>
10007744:	1a9b      	subs	r3, r3, r2
10007746:	b29b      	uxth	r3, r3
10007748:	6930      	ldr	r0, [r6, #16]
1000774a:	8173      	strh	r3, [r6, #10]
1000774c:	2800      	cmp	r0, #0
1000774e:	d001      	beq.n	10007754 <tu_fifo_read_n+0xb0>
10007750:	f003 fe4a 	bl	1000b3e8 <__mutex_exit_veneer>
10007754:	0038      	movs	r0, r7
10007756:	bce0      	pop	{r5, r6, r7}
10007758:	46ba      	mov	sl, r7
1000775a:	46b1      	mov	r9, r6
1000775c:	46a8      	mov	r8, r5
1000775e:	bdf0      	pop	{r4, r5, r6, r7, pc}
10007760:	4648      	mov	r0, r9
10007762:	437a      	muls	r2, r7
10007764:	f7fb fefa 	bl	1000355c <__wrap___aeabi_memcpy>
10007768:	e7e5      	b.n	10007736 <tu_fifo_read_n+0x92>
1000776a:	1c3b      	adds	r3, r7, #0
1000776c:	e7bf      	b.n	100076ee <tu_fifo_read_n+0x4a>
1000776e:	8973      	ldrh	r3, [r6, #10]
10007770:	b29b      	uxth	r3, r3
10007772:	006a      	lsls	r2, r5, #1
10007774:	4293      	cmp	r3, r2
10007776:	dbe7      	blt.n	10007748 <tu_fifo_read_n+0xa4>
10007778:	e7e4      	b.n	10007744 <tu_fifo_read_n+0xa0>
1000777a:	006f      	lsls	r7, r5, #1
1000777c:	1b3f      	subs	r7, r7, r4
1000777e:	19df      	adds	r7, r3, r7
10007780:	b2bf      	uxth	r7, r7
10007782:	e7a7      	b.n	100076d4 <tu_fifo_read_n+0x30>
10007784:	1b5b      	subs	r3, r3, r5
10007786:	b29c      	uxth	r4, r3
10007788:	e7ac      	b.n	100076e4 <tu_fifo_read_n+0x40>
1000778a:	46c0      	nop			@ (mov r8, r8)

1000778c <tu_fifo_write>:
1000778c:	b5f8      	push	{r3, r4, r5, r6, r7, lr}
1000778e:	0004      	movs	r4, r0
10007790:	68c0      	ldr	r0, [r0, #12]
10007792:	000e      	movs	r6, r1
10007794:	2800      	cmp	r0, #0
10007796:	d003      	beq.n	100077a0 <tu_fifo_write+0x14>
10007798:	2101      	movs	r1, #1
1000779a:	4249      	negs	r1, r1
1000779c:	f003 fe44 	bl	1000b428 <__mutex_enter_timeout_ms_veneer>
100077a0:	8925      	ldrh	r5, [r4, #8]
100077a2:	8920      	ldrh	r0, [r4, #8]
100077a4:	8961      	ldrh	r1, [r4, #10]
100077a6:	88a2      	ldrh	r2, [r4, #4]
100077a8:	b2ad      	uxth	r5, r5
100077aa:	b283      	uxth	r3, r0
100077ac:	b28f      	uxth	r7, r1
100077ae:	4288      	cmp	r0, r1
100077b0:	d329      	bcc.n	10007806 <tu_fifo_write+0x7a>
100077b2:	1bdb      	subs	r3, r3, r7
100077b4:	b29b      	uxth	r3, r3
100077b6:	429a      	cmp	r2, r3
100077b8:	d809      	bhi.n	100077ce <tu_fifo_write+0x42>
100077ba:	79e7      	ldrb	r7, [r4, #7]
100077bc:	09ff      	lsrs	r7, r7, #7
100077be:	d106      	bne.n	100077ce <tu_fifo_write+0x42>
100077c0:	68e0      	ldr	r0, [r4, #12]
100077c2:	2800      	cmp	r0, #0
100077c4:	d001      	beq.n	100077ca <tu_fifo_write+0x3e>
100077c6:	f003 fe0f 	bl	1000b3e8 <__mutex_exit_veneer>
100077ca:	0038      	movs	r0, r7
100077cc:	bdf8      	pop	{r3, r4, r5, r6, r7, pc}
100077ce:	4295      	cmp	r5, r2
100077d0:	d31e      	bcc.n	10007810 <tu_fifo_write+0x84>
100077d2:	002b      	movs	r3, r5
100077d4:	1a9b      	subs	r3, r3, r2
100077d6:	b29b      	uxth	r3, r3
100077d8:	4293      	cmp	r3, r2
100077da:	d2fb      	bcs.n	100077d4 <tu_fifo_write+0x48>
100077dc:	88e2      	ldrh	r2, [r4, #6]
100077de:	6820      	ldr	r0, [r4, #0]
100077e0:	0452      	lsls	r2, r2, #17
100077e2:	0c52      	lsrs	r2, r2, #17
100077e4:	4353      	muls	r3, r2
100077e6:	0031      	movs	r1, r6
100077e8:	18c0      	adds	r0, r0, r3
100077ea:	f7fb feb7 	bl	1000355c <__wrap___aeabi_memcpy>
100077ee:	1c6b      	adds	r3, r5, #1
100077f0:	b29b      	uxth	r3, r3
100077f2:	88a2      	ldrh	r2, [r4, #4]
100077f4:	429d      	cmp	r5, r3
100077f6:	d918      	bls.n	1000782a <tu_fifo_write+0x9e>
100077f8:	2300      	movs	r3, #0
100077fa:	0052      	lsls	r2, r2, #1
100077fc:	1a9b      	subs	r3, r3, r2
100077fe:	b29b      	uxth	r3, r3
10007800:	2701      	movs	r7, #1
10007802:	8123      	strh	r3, [r4, #8]
10007804:	e7dc      	b.n	100077c0 <tu_fifo_write+0x34>
10007806:	0051      	lsls	r1, r2, #1
10007808:	1bc9      	subs	r1, r1, r7
1000780a:	185b      	adds	r3, r3, r1
1000780c:	b29b      	uxth	r3, r3
1000780e:	e7d2      	b.n	100077b6 <tu_fifo_write+0x2a>
10007810:	002b      	movs	r3, r5
10007812:	88e2      	ldrh	r2, [r4, #6]
10007814:	6820      	ldr	r0, [r4, #0]
10007816:	0452      	lsls	r2, r2, #17
10007818:	0c52      	lsrs	r2, r2, #17
1000781a:	4353      	muls	r3, r2
1000781c:	0031      	movs	r1, r6
1000781e:	18c0      	adds	r0, r0, r3
10007820:	f7fb fe9c 	bl	1000355c <__wrap___aeabi_memcpy>
10007824:	3501      	adds	r5, #1
10007826:	88a2      	ldrh	r2, [r4, #4]
10007828:	b2ab      	uxth	r3, r5
1000782a:	0052      	lsls	r2, r2, #1
1000782c:	4293      	cmp	r3, r2
1000782e:	dbe7      	blt.n	10007800 <tu_fifo_write+0x74>
10007830:	e7e4      	b.n	100077fc <tu_fifo_write+0x70>
10007832:	46c0      	nop			@ (mov r8, r8)

10007834 <tu_fifo_write_n>:
10007834:	b5f0      	push	{r4, r5, r6, r7, lr}
10007836:	4657      	mov	r7, sl
10007838:	4645      	mov	r5, r8
1000783a:	46de      	mov	lr, fp
1000783c:	464e      	mov	r6, r9
1000783e:	b5e0      	push	{r5, r6, r7, lr}
10007840:	0014      	movs	r4, r2
10007842:	0005      	movs	r5, r0
10007844:	000f      	movs	r7, r1
10007846:	b083      	sub	sp, #12
10007848:	2a00      	cmp	r2, #0
1000784a:	d075      	beq.n	10007938 <tu_fifo_write_n+0x104>
1000784c:	68c0      	ldr	r0, [r0, #12]
1000784e:	2800      	cmp	r0, #0
10007850:	d003      	beq.n	1000785a <tu_fifo_write_n+0x26>
10007852:	2101      	movs	r1, #1
10007854:	4249      	negs	r1, r1
10007856:	f003 fde7 	bl	1000b428 <__mutex_enter_timeout_ms_veneer>
1000785a:	892e      	ldrh	r6, [r5, #8]
1000785c:	79e9      	ldrb	r1, [r5, #7]
1000785e:	896a      	ldrh	r2, [r5, #10]
10007860:	88ab      	ldrh	r3, [r5, #4]
10007862:	b2b6      	uxth	r6, r6
10007864:	b292      	uxth	r2, r2
10007866:	09c9      	lsrs	r1, r1, #7
10007868:	d145      	bne.n	100078f6 <tu_fifo_write_n+0xc2>
1000786a:	4296      	cmp	r6, r2
1000786c:	d300      	bcc.n	10007870 <tu_fifo_write_n+0x3c>
1000786e:	e06d      	b.n	1000794c <tu_fifo_write_n+0x118>
10007870:	0059      	lsls	r1, r3, #1
10007872:	1a8a      	subs	r2, r1, r2
10007874:	18b2      	adds	r2, r6, r2
10007876:	b292      	uxth	r2, r2
10007878:	2100      	movs	r1, #0
1000787a:	4689      	mov	r9, r1
1000787c:	429a      	cmp	r2, r3
1000787e:	d234      	bcs.n	100078ea <tu_fifo_write_n+0xb6>
10007880:	1a9a      	subs	r2, r3, r2
10007882:	1c11      	adds	r1, r2, #0
10007884:	b292      	uxth	r2, r2
10007886:	42a2      	cmp	r2, r4
10007888:	d900      	bls.n	1000788c <tu_fifo_write_n+0x58>
1000788a:	1c21      	adds	r1, r4, #0
1000788c:	b28a      	uxth	r2, r1
1000788e:	4691      	mov	r9, r2
10007890:	88ea      	ldrh	r2, [r5, #6]
10007892:	0452      	lsls	r2, r2, #17
10007894:	0c52      	lsrs	r2, r2, #17
10007896:	4690      	mov	r8, r2
10007898:	464a      	mov	r2, r9
1000789a:	18b2      	adds	r2, r6, r2
1000789c:	b292      	uxth	r2, r2
1000789e:	4692      	mov	sl, r2
100078a0:	464a      	mov	r2, r9
100078a2:	1ad2      	subs	r2, r2, r3
100078a4:	b292      	uxth	r2, r2
100078a6:	4693      	mov	fp, r2
100078a8:	0034      	movs	r4, r6
100078aa:	429e      	cmp	r6, r3
100078ac:	d303      	bcc.n	100078b6 <tu_fifo_write_n+0x82>
100078ae:	1ae4      	subs	r4, r4, r3
100078b0:	b2a4      	uxth	r4, r4
100078b2:	429c      	cmp	r4, r3
100078b4:	d2fb      	bcs.n	100078ae <tu_fifo_write_n+0x7a>
100078b6:	4642      	mov	r2, r8
100078b8:	4362      	muls	r2, r4
100078ba:	6828      	ldr	r0, [r5, #0]
100078bc:	1b1b      	subs	r3, r3, r4
100078be:	b29b      	uxth	r3, r3
100078c0:	1880      	adds	r0, r0, r2
100078c2:	4642      	mov	r2, r8
100078c4:	454b      	cmp	r3, r9
100078c6:	d354      	bcc.n	10007972 <tu_fifo_write_n+0x13e>
100078c8:	464b      	mov	r3, r9
100078ca:	0039      	movs	r1, r7
100078cc:	435a      	muls	r2, r3
100078ce:	f7fb fe45 	bl	1000355c <__wrap___aeabi_memcpy>
100078d2:	88ab      	ldrh	r3, [r5, #4]
100078d4:	005b      	lsls	r3, r3, #1
100078d6:	4556      	cmp	r6, sl
100078d8:	d801      	bhi.n	100078de <tu_fifo_write_n+0xaa>
100078da:	459a      	cmp	sl, r3
100078dc:	db03      	blt.n	100078e6 <tu_fifo_write_n+0xb2>
100078de:	4652      	mov	r2, sl
100078e0:	1ad3      	subs	r3, r2, r3
100078e2:	b29b      	uxth	r3, r3
100078e4:	469a      	mov	sl, r3
100078e6:	4653      	mov	r3, sl
100078e8:	812b      	strh	r3, [r5, #8]
100078ea:	68e8      	ldr	r0, [r5, #12]
100078ec:	2800      	cmp	r0, #0
100078ee:	d025      	beq.n	1000793c <tu_fifo_write_n+0x108>
100078f0:	f003 fd7a 	bl	1000b3e8 <__mutex_exit_veneer>
100078f4:	e022      	b.n	1000793c <tu_fifo_write_n+0x108>
100078f6:	88e9      	ldrh	r1, [r5, #6]
100078f8:	0449      	lsls	r1, r1, #17
100078fa:	0c49      	lsrs	r1, r1, #17
100078fc:	4688      	mov	r8, r1
100078fe:	429c      	cmp	r4, r3
10007900:	d227      	bcs.n	10007952 <tu_fifo_write_n+0x11e>
10007902:	4296      	cmp	r6, r2
10007904:	d347      	bcc.n	10007996 <tu_fifo_write_n+0x162>
10007906:	1ab1      	subs	r1, r6, r2
10007908:	b289      	uxth	r1, r1
1000790a:	468c      	mov	ip, r1
1000790c:	0058      	lsls	r0, r3, #1
1000790e:	1ae1      	subs	r1, r4, r3
10007910:	b289      	uxth	r1, r1
10007912:	468b      	mov	fp, r1
10007914:	4661      	mov	r1, ip
10007916:	1909      	adds	r1, r1, r4
10007918:	4281      	cmp	r1, r0
1000791a:	db08      	blt.n	1000792e <tu_fifo_write_n+0xfa>
1000791c:	18d1      	adds	r1, r2, r3
1000791e:	b289      	uxth	r1, r1
10007920:	1b0e      	subs	r6, r1, r4
10007922:	b2b6      	uxth	r6, r6
10007924:	468a      	mov	sl, r1
10007926:	42b2      	cmp	r2, r6
10007928:	d93b      	bls.n	100079a2 <tu_fifo_write_n+0x16e>
1000792a:	1a36      	subs	r6, r6, r0
1000792c:	b2b6      	uxth	r6, r6
1000792e:	19a2      	adds	r2, r4, r6
10007930:	b292      	uxth	r2, r2
10007932:	4692      	mov	sl, r2
10007934:	46a1      	mov	r9, r4
10007936:	e7b7      	b.n	100078a8 <tu_fifo_write_n+0x74>
10007938:	2300      	movs	r3, #0
1000793a:	4699      	mov	r9, r3
1000793c:	4648      	mov	r0, r9
1000793e:	b003      	add	sp, #12
10007940:	bcf0      	pop	{r4, r5, r6, r7}
10007942:	46bb      	mov	fp, r7
10007944:	46b2      	mov	sl, r6
10007946:	46a9      	mov	r9, r5
10007948:	46a0      	mov	r8, r4
1000794a:	bdf0      	pop	{r4, r5, r6, r7, pc}
1000794c:	1ab2      	subs	r2, r6, r2
1000794e:	b292      	uxth	r2, r2
10007950:	e792      	b.n	10007878 <tu_fifo_write_n+0x44>
10007952:	2100      	movs	r1, #0
10007954:	4689      	mov	r9, r1
10007956:	2b00      	cmp	r3, #0
10007958:	d0c7      	beq.n	100078ea <tu_fifo_write_n+0xb6>
1000795a:	4641      	mov	r1, r8
1000795c:	1ae4      	subs	r4, r4, r3
1000795e:	434c      	muls	r4, r1
10007960:	0016      	movs	r6, r2
10007962:	18d1      	adds	r1, r2, r3
10007964:	2200      	movs	r2, #0
10007966:	b289      	uxth	r1, r1
10007968:	468a      	mov	sl, r1
1000796a:	4699      	mov	r9, r3
1000796c:	4693      	mov	fp, r2
1000796e:	193f      	adds	r7, r7, r4
10007970:	e79a      	b.n	100078a8 <tu_fifo_write_n+0x74>
10007972:	4353      	muls	r3, r2
10007974:	b29b      	uxth	r3, r3
10007976:	001a      	movs	r2, r3
10007978:	0039      	movs	r1, r7
1000797a:	445c      	add	r4, fp
1000797c:	9301      	str	r3, [sp, #4]
1000797e:	f7fb fded 	bl	1000355c <__wrap___aeabi_memcpy>
10007982:	4641      	mov	r1, r8
10007984:	0022      	movs	r2, r4
10007986:	434a      	muls	r2, r1
10007988:	9b01      	ldr	r3, [sp, #4]
1000798a:	6828      	ldr	r0, [r5, #0]
1000798c:	b292      	uxth	r2, r2
1000798e:	18f9      	adds	r1, r7, r3
10007990:	f7fb fde4 	bl	1000355c <__wrap___aeabi_memcpy>
10007994:	e79d      	b.n	100078d2 <tu_fifo_write_n+0x9e>
10007996:	0058      	lsls	r0, r3, #1
10007998:	1a81      	subs	r1, r0, r2
1000799a:	1871      	adds	r1, r6, r1
1000799c:	b289      	uxth	r1, r1
1000799e:	468c      	mov	ip, r1
100079a0:	e7b5      	b.n	1000790e <tu_fifo_write_n+0xda>
100079a2:	46a1      	mov	r9, r4
100079a4:	42b0      	cmp	r0, r6
100079a6:	dd00      	ble.n	100079aa <tu_fifo_write_n+0x176>
100079a8:	e77e      	b.n	100078a8 <tu_fifo_write_n+0x74>
100079aa:	e7be      	b.n	1000792a <tu_fifo_write_n+0xf6>

100079ac <tu_fifo_clear>:
100079ac:	b510      	push	{r4, lr}
100079ae:	0004      	movs	r4, r0
100079b0:	68c0      	ldr	r0, [r0, #12]
100079b2:	2800      	cmp	r0, #0
100079b4:	d003      	beq.n	100079be <tu_fifo_clear+0x12>
100079b6:	2101      	movs	r1, #1
100079b8:	4249      	negs	r1, r1
100079ba:	f003 fd35 	bl	1000b428 <__mutex_enter_timeout_ms_veneer>
100079be:	6920      	ldr	r0, [r4, #16]
100079c0:	2800      	cmp	r0, #0
100079c2:	d003      	beq.n	100079cc <tu_fifo_clear+0x20>
100079c4:	2101      	movs	r1, #1
100079c6:	4249      	negs	r1, r1
100079c8:	f003 fd2e 	bl	1000b428 <__mutex_enter_timeout_ms_veneer>
100079cc:	2300      	movs	r3, #0
100079ce:	68e0      	ldr	r0, [r4, #12]
100079d0:	8163      	strh	r3, [r4, #10]
100079d2:	8123      	strh	r3, [r4, #8]
100079d4:	2800      	cmp	r0, #0
100079d6:	d001      	beq.n	100079dc <tu_fifo_clear+0x30>
100079d8:	f003 fd06 	bl	1000b3e8 <__mutex_exit_veneer>
100079dc:	6920      	ldr	r0, [r4, #16]
100079de:	2800      	cmp	r0, #0
100079e0:	d001      	beq.n	100079e6 <tu_fifo_clear+0x3a>
100079e2:	f003 fd01 	bl	1000b3e8 <__mutex_exit_veneer>
100079e6:	2001      	movs	r0, #1
100079e8:	bd10      	pop	{r4, pc}
100079ea:	46c0      	nop			@ (mov r8, r8)

100079ec <tu_fifo_set_overwritable>:
100079ec:	b570      	push	{r4, r5, r6, lr}
100079ee:	0004      	movs	r4, r0
100079f0:	68c0      	ldr	r0, [r0, #12]
100079f2:	000d      	movs	r5, r1
100079f4:	2800      	cmp	r0, #0
100079f6:	d003      	beq.n	10007a00 <tu_fifo_set_overwritable+0x14>
100079f8:	2101      	movs	r1, #1
100079fa:	4249      	negs	r1, r1
100079fc:	f003 fd14 	bl	1000b428 <__mutex_enter_timeout_ms_veneer>
10007a00:	6920      	ldr	r0, [r4, #16]
10007a02:	2800      	cmp	r0, #0
10007a04:	d003      	beq.n	10007a0e <tu_fifo_set_overwritable+0x22>
10007a06:	2101      	movs	r1, #1
10007a08:	4249      	negs	r1, r1
10007a0a:	f003 fd0d 	bl	1000b428 <__mutex_enter_timeout_ms_veneer>
10007a0e:	217f      	movs	r1, #127	@ 0x7f
10007a10:	79e3      	ldrb	r3, [r4, #7]
10007a12:	01ed      	lsls	r5, r5, #7
10007a14:	4019      	ands	r1, r3
10007a16:	68e0      	ldr	r0, [r4, #12]
10007a18:	4329      	orrs	r1, r5
10007a1a:	71e1      	strb	r1, [r4, #7]
10007a1c:	2800      	cmp	r0, #0
10007a1e:	d001      	beq.n	10007a24 <tu_fifo_set_overwritable+0x38>
10007a20:	f003 fce2 	bl	1000b3e8 <__mutex_exit_veneer>
10007a24:	6920      	ldr	r0, [r4, #16]
10007a26:	2800      	cmp	r0, #0
10007a28:	d001      	beq.n	10007a2e <tu_fifo_set_overwritable+0x42>
10007a2a:	f003 fcdd 	bl	1000b3e8 <__mutex_exit_veneer>
10007a2e:	2001      	movs	r0, #1
10007a30:	bd70      	pop	{r4, r5, r6, pc}
10007a32:	46c0      	nop			@ (mov r8, r8)

10007a34 <_ZSt18_Rb_tree_incrementPSt18_Rb_tree_node_base>:
10007a34:	68c3      	ldr	r3, [r0, #12]
10007a36:	0002      	movs	r2, r0
10007a38:	2b00      	cmp	r3, #0
10007a3a:	d004      	beq.n	10007a46 <_ZSt18_Rb_tree_incrementPSt18_Rb_tree_node_base+0x12>
10007a3c:	0018      	movs	r0, r3
10007a3e:	689b      	ldr	r3, [r3, #8]
10007a40:	2b00      	cmp	r3, #0
10007a42:	d1fb      	bne.n	10007a3c <_ZSt18_Rb_tree_incrementPSt18_Rb_tree_node_base+0x8>
10007a44:	4770      	bx	lr
10007a46:	6840      	ldr	r0, [r0, #4]
10007a48:	68c3      	ldr	r3, [r0, #12]
10007a4a:	429a      	cmp	r2, r3
10007a4c:	d1fa      	bne.n	10007a44 <_ZSt18_Rb_tree_incrementPSt18_Rb_tree_node_base+0x10>
10007a4e:	0003      	movs	r3, r0
10007a50:	6840      	ldr	r0, [r0, #4]
10007a52:	68c2      	ldr	r2, [r0, #12]
10007a54:	429a      	cmp	r2, r3
10007a56:	d0fa      	beq.n	10007a4e <_ZSt18_Rb_tree_incrementPSt18_Rb_tree_node_base+0x1a>
10007a58:	68da      	ldr	r2, [r3, #12]
10007a5a:	4290      	cmp	r0, r2
10007a5c:	d1f2      	bne.n	10007a44 <_ZSt18_Rb_tree_incrementPSt18_Rb_tree_node_base+0x10>
10007a5e:	0018      	movs	r0, r3
10007a60:	e7f0      	b.n	10007a44 <_ZSt18_Rb_tree_incrementPSt18_Rb_tree_node_base+0x10>
10007a62:	46c0      	nop			@ (mov r8, r8)

10007a64 <_ZSt18_Rb_tree_incrementPKSt18_Rb_tree_node_base>:
10007a64:	68c3      	ldr	r3, [r0, #12]
10007a66:	0002      	movs	r2, r0
10007a68:	2b00      	cmp	r3, #0
10007a6a:	d004      	beq.n	10007a76 <_ZSt18_Rb_tree_incrementPKSt18_Rb_tree_node_base+0x12>
10007a6c:	0018      	movs	r0, r3
10007a6e:	689b      	ldr	r3, [r3, #8]
10007a70:	2b00      	cmp	r3, #0
10007a72:	d1fb      	bne.n	10007a6c <_ZSt18_Rb_tree_incrementPKSt18_Rb_tree_node_base+0x8>
10007a74:	4770      	bx	lr
10007a76:	6840      	ldr	r0, [r0, #4]
10007a78:	68c3      	ldr	r3, [r0, #12]
10007a7a:	429a      	cmp	r2, r3
10007a7c:	d1fa      	bne.n	10007a74 <_ZSt18_Rb_tree_incrementPKSt18_Rb_tree_node_base+0x10>
10007a7e:	0003      	movs	r3, r0
10007a80:	6840      	ldr	r0, [r0, #4]
10007a82:	68c2      	ldr	r2, [r0, #12]
10007a84:	429a      	cmp	r2, r3
10007a86:	d0fa      	beq.n	10007a7e <_ZSt18_Rb_tree_incrementPKSt18_Rb_tree_node_base+0x1a>
10007a88:	68da      	ldr	r2, [r3, #12]
10007a8a:	4290      	cmp	r0, r2
10007a8c:	d1f2      	bne.n	10007a74 <_ZSt18_Rb_tree_incrementPKSt18_Rb_tree_node_base+0x10>
10007a8e:	0018      	movs	r0, r3
10007a90:	e7f0      	b.n	10007a74 <_ZSt18_Rb_tree_incrementPKSt18_Rb_tree_node_base+0x10>
10007a92:	46c0      	nop			@ (mov r8, r8)

10007a94 <_ZSt18_Rb_tree_decrementPSt18_Rb_tree_node_base>:
10007a94:	7803      	ldrb	r3, [r0, #0]
10007a96:	0002      	movs	r2, r0
10007a98:	2b00      	cmp	r3, #0
10007a9a:	d103      	bne.n	10007aa4 <_ZSt18_Rb_tree_decrementPSt18_Rb_tree_node_base+0x10>
10007a9c:	6843      	ldr	r3, [r0, #4]
10007a9e:	685b      	ldr	r3, [r3, #4]
10007aa0:	4298      	cmp	r0, r3
10007aa2:	d011      	beq.n	10007ac8 <_ZSt18_Rb_tree_decrementPSt18_Rb_tree_node_base+0x34>
10007aa4:	6893      	ldr	r3, [r2, #8]
10007aa6:	2b00      	cmp	r3, #0
10007aa8:	d004      	beq.n	10007ab4 <_ZSt18_Rb_tree_decrementPSt18_Rb_tree_node_base+0x20>
10007aaa:	0018      	movs	r0, r3
10007aac:	68db      	ldr	r3, [r3, #12]
10007aae:	2b00      	cmp	r3, #0
10007ab0:	d1fb      	bne.n	10007aaa <_ZSt18_Rb_tree_decrementPSt18_Rb_tree_node_base+0x16>
10007ab2:	4770      	bx	lr
10007ab4:	6850      	ldr	r0, [r2, #4]
10007ab6:	6883      	ldr	r3, [r0, #8]
10007ab8:	429a      	cmp	r2, r3
10007aba:	d1fa      	bne.n	10007ab2 <_ZSt18_Rb_tree_decrementPSt18_Rb_tree_node_base+0x1e>
10007abc:	0003      	movs	r3, r0
10007abe:	6840      	ldr	r0, [r0, #4]
10007ac0:	6882      	ldr	r2, [r0, #8]
10007ac2:	429a      	cmp	r2, r3
10007ac4:	d0fa      	beq.n	10007abc <_ZSt18_Rb_tree_decrementPSt18_Rb_tree_node_base+0x28>
10007ac6:	e7f4      	b.n	10007ab2 <_ZSt18_Rb_tree_decrementPSt18_Rb_tree_node_base+0x1e>
10007ac8:	68c0      	ldr	r0, [r0, #12]
10007aca:	e7f2      	b.n	10007ab2 <_ZSt18_Rb_tree_decrementPSt18_Rb_tree_node_base+0x1e>

10007acc <_ZSt29_Rb_tree_insert_and_rebalancebPSt18_Rb_tree_node_baseS0_RS_>:
10007acc:	b5f0      	push	{r4, r5, r6, r7, lr}
10007ace:	2400      	movs	r4, #0
10007ad0:	46ce      	mov	lr, r9
10007ad2:	4647      	mov	r7, r8
10007ad4:	b580      	push	{r7, lr}
10007ad6:	604a      	str	r2, [r1, #4]
10007ad8:	608c      	str	r4, [r1, #8]
10007ada:	60cc      	str	r4, [r1, #12]
10007adc:	700c      	strb	r4, [r1, #0]
10007ade:	2800      	cmp	r0, #0
10007ae0:	d00a      	beq.n	10007af8 <_ZSt29_Rb_tree_insert_and_rebalancebPSt18_Rb_tree_node_baseS0_RS_+0x2c>
10007ae2:	6091      	str	r1, [r2, #8]
10007ae4:	4293      	cmp	r3, r2
10007ae6:	d100      	bne.n	10007aea <_ZSt29_Rb_tree_insert_and_rebalancebPSt18_Rb_tree_node_baseS0_RS_+0x1e>
10007ae8:	e0a3      	b.n	10007c32 <_ZSt29_Rb_tree_insert_and_rebalancebPSt18_Rb_tree_node_baseS0_RS_+0x166>
10007aea:	685d      	ldr	r5, [r3, #4]
10007aec:	6898      	ldr	r0, [r3, #8]
10007aee:	002c      	movs	r4, r5
10007af0:	4290      	cmp	r0, r2
10007af2:	d108      	bne.n	10007b06 <_ZSt29_Rb_tree_insert_and_rebalancebPSt18_Rb_tree_node_baseS0_RS_+0x3a>
10007af4:	6099      	str	r1, [r3, #8]
10007af6:	e006      	b.n	10007b06 <_ZSt29_Rb_tree_insert_and_rebalancebPSt18_Rb_tree_node_baseS0_RS_+0x3a>
10007af8:	60d1      	str	r1, [r2, #12]
10007afa:	68d8      	ldr	r0, [r3, #12]
10007afc:	4290      	cmp	r0, r2
10007afe:	d100      	bne.n	10007b02 <_ZSt29_Rb_tree_insert_and_rebalancebPSt18_Rb_tree_node_baseS0_RS_+0x36>
10007b00:	e095      	b.n	10007c2e <_ZSt29_Rb_tree_insert_and_rebalancebPSt18_Rb_tree_node_baseS0_RS_+0x162>
10007b02:	685d      	ldr	r5, [r3, #4]
10007b04:	002c      	movs	r4, r5
10007b06:	2200      	movs	r2, #0
10007b08:	2601      	movs	r6, #1
10007b0a:	4691      	mov	r9, r2
10007b0c:	42a9      	cmp	r1, r5
10007b0e:	d10d      	bne.n	10007b2c <_ZSt29_Rb_tree_insert_and_rebalancebPSt18_Rb_tree_node_baseS0_RS_+0x60>
10007b10:	e03b      	b.n	10007b8a <_ZSt29_Rb_tree_insert_and_rebalancebPSt18_Rb_tree_node_baseS0_RS_+0xbe>
10007b12:	2c00      	cmp	r4, #0
10007b14:	d01e      	beq.n	10007b54 <_ZSt29_Rb_tree_insert_and_rebalancebPSt18_Rb_tree_node_baseS0_RS_+0x88>
10007b16:	7827      	ldrb	r7, [r4, #0]
10007b18:	2f00      	cmp	r7, #0
10007b1a:	d11b      	bne.n	10007b54 <_ZSt29_Rb_tree_insert_and_rebalancebPSt18_Rb_tree_node_baseS0_RS_+0x88>
10007b1c:	7006      	strb	r6, [r0, #0]
10007b1e:	7026      	strb	r6, [r4, #0]
10007b20:	4649      	mov	r1, r9
10007b22:	7011      	strb	r1, [r2, #0]
10007b24:	0011      	movs	r1, r2
10007b26:	002c      	movs	r4, r5
10007b28:	428d      	cmp	r5, r1
10007b2a:	d02e      	beq.n	10007b8a <_ZSt29_Rb_tree_insert_and_rebalancebPSt18_Rb_tree_node_baseS0_RS_+0xbe>
10007b2c:	6848      	ldr	r0, [r1, #4]
10007b2e:	7802      	ldrb	r2, [r0, #0]
10007b30:	2a00      	cmp	r2, #0
10007b32:	d12a      	bne.n	10007b8a <_ZSt29_Rb_tree_insert_and_rebalancebPSt18_Rb_tree_node_baseS0_RS_+0xbe>
10007b34:	6842      	ldr	r2, [r0, #4]
10007b36:	6894      	ldr	r4, [r2, #8]
10007b38:	4284      	cmp	r4, r0
10007b3a:	d1ea      	bne.n	10007b12 <_ZSt29_Rb_tree_insert_and_rebalancebPSt18_Rb_tree_node_baseS0_RS_+0x46>
10007b3c:	68d7      	ldr	r7, [r2, #12]
10007b3e:	46bc      	mov	ip, r7
10007b40:	2f00      	cmp	r7, #0
10007b42:	d028      	beq.n	10007b96 <_ZSt29_Rb_tree_insert_and_rebalancebPSt18_Rb_tree_node_baseS0_RS_+0xca>
10007b44:	783f      	ldrb	r7, [r7, #0]
10007b46:	2f00      	cmp	r7, #0
10007b48:	d125      	bne.n	10007b96 <_ZSt29_Rb_tree_insert_and_rebalancebPSt18_Rb_tree_node_baseS0_RS_+0xca>
10007b4a:	2101      	movs	r1, #1
10007b4c:	4660      	mov	r0, ip
10007b4e:	7021      	strb	r1, [r4, #0]
10007b50:	7001      	strb	r1, [r0, #0]
10007b52:	e7e5      	b.n	10007b20 <_ZSt29_Rb_tree_insert_and_rebalancebPSt18_Rb_tree_node_baseS0_RS_+0x54>
10007b54:	6884      	ldr	r4, [r0, #8]
10007b56:	428c      	cmp	r4, r1
10007b58:	d039      	beq.n	10007bce <_ZSt29_Rb_tree_insert_and_rebalancebPSt18_Rb_tree_node_baseS0_RS_+0x102>
10007b5a:	7006      	strb	r6, [r0, #0]
10007b5c:	4648      	mov	r0, r9
10007b5e:	7010      	strb	r0, [r2, #0]
10007b60:	68d0      	ldr	r0, [r2, #12]
10007b62:	6884      	ldr	r4, [r0, #8]
10007b64:	60d4      	str	r4, [r2, #12]
10007b66:	2c00      	cmp	r4, #0
10007b68:	d000      	beq.n	10007b6c <_ZSt29_Rb_tree_insert_and_rebalancebPSt18_Rb_tree_node_baseS0_RS_+0xa0>
10007b6a:	6062      	str	r2, [r4, #4]
10007b6c:	6854      	ldr	r4, [r2, #4]
10007b6e:	6044      	str	r4, [r0, #4]
10007b70:	685d      	ldr	r5, [r3, #4]
10007b72:	42aa      	cmp	r2, r5
10007b74:	d027      	beq.n	10007bc6 <_ZSt29_Rb_tree_insert_and_rebalancebPSt18_Rb_tree_node_baseS0_RS_+0xfa>
10007b76:	68a5      	ldr	r5, [r4, #8]
10007b78:	42aa      	cmp	r2, r5
10007b7a:	d026      	beq.n	10007bca <_ZSt29_Rb_tree_insert_and_rebalancebPSt18_Rb_tree_node_baseS0_RS_+0xfe>
10007b7c:	60e0      	str	r0, [r4, #12]
10007b7e:	6082      	str	r2, [r0, #8]
10007b80:	6050      	str	r0, [r2, #4]
10007b82:	685d      	ldr	r5, [r3, #4]
10007b84:	002c      	movs	r4, r5
10007b86:	428d      	cmp	r5, r1
10007b88:	d1d0      	bne.n	10007b2c <_ZSt29_Rb_tree_insert_and_rebalancebPSt18_Rb_tree_node_baseS0_RS_+0x60>
10007b8a:	2301      	movs	r3, #1
10007b8c:	7023      	strb	r3, [r4, #0]
10007b8e:	bcc0      	pop	{r6, r7}
10007b90:	46b9      	mov	r9, r7
10007b92:	46b0      	mov	r8, r6
10007b94:	bdf0      	pop	{r4, r5, r6, r7, pc}
10007b96:	68c5      	ldr	r5, [r0, #12]
10007b98:	428d      	cmp	r5, r1
10007b9a:	d031      	beq.n	10007c00 <_ZSt29_Rb_tree_insert_and_rebalancebPSt18_Rb_tree_node_baseS0_RS_+0x134>
10007b9c:	7006      	strb	r6, [r0, #0]
10007b9e:	4648      	mov	r0, r9
10007ba0:	7010      	strb	r0, [r2, #0]
10007ba2:	68e0      	ldr	r0, [r4, #12]
10007ba4:	6090      	str	r0, [r2, #8]
10007ba6:	2800      	cmp	r0, #0
10007ba8:	d000      	beq.n	10007bac <_ZSt29_Rb_tree_insert_and_rebalancebPSt18_Rb_tree_node_baseS0_RS_+0xe0>
10007baa:	6042      	str	r2, [r0, #4]
10007bac:	6850      	ldr	r0, [r2, #4]
10007bae:	6060      	str	r0, [r4, #4]
10007bb0:	685d      	ldr	r5, [r3, #4]
10007bb2:	42aa      	cmp	r2, r5
10007bb4:	d020      	beq.n	10007bf8 <_ZSt29_Rb_tree_insert_and_rebalancebPSt18_Rb_tree_node_baseS0_RS_+0x12c>
10007bb6:	68c5      	ldr	r5, [r0, #12]
10007bb8:	42aa      	cmp	r2, r5
10007bba:	d01f      	beq.n	10007bfc <_ZSt29_Rb_tree_insert_and_rebalancebPSt18_Rb_tree_node_baseS0_RS_+0x130>
10007bbc:	6084      	str	r4, [r0, #8]
10007bbe:	60e2      	str	r2, [r4, #12]
10007bc0:	6054      	str	r4, [r2, #4]
10007bc2:	685d      	ldr	r5, [r3, #4]
10007bc4:	e7af      	b.n	10007b26 <_ZSt29_Rb_tree_insert_and_rebalancebPSt18_Rb_tree_node_baseS0_RS_+0x5a>
10007bc6:	6058      	str	r0, [r3, #4]
10007bc8:	e7d9      	b.n	10007b7e <_ZSt29_Rb_tree_insert_and_rebalancebPSt18_Rb_tree_node_baseS0_RS_+0xb2>
10007bca:	60a0      	str	r0, [r4, #8]
10007bcc:	e7d7      	b.n	10007b7e <_ZSt29_Rb_tree_insert_and_rebalancebPSt18_Rb_tree_node_baseS0_RS_+0xb2>
10007bce:	68cd      	ldr	r5, [r1, #12]
10007bd0:	0014      	movs	r4, r2
10007bd2:	6085      	str	r5, [r0, #8]
10007bd4:	2d00      	cmp	r5, #0
10007bd6:	d001      	beq.n	10007bdc <_ZSt29_Rb_tree_insert_and_rebalancebPSt18_Rb_tree_node_baseS0_RS_+0x110>
10007bd8:	6068      	str	r0, [r5, #4]
10007bda:	6844      	ldr	r4, [r0, #4]
10007bdc:	604c      	str	r4, [r1, #4]
10007bde:	685d      	ldr	r5, [r3, #4]
10007be0:	42a8      	cmp	r0, r5
10007be2:	d022      	beq.n	10007c2a <_ZSt29_Rb_tree_insert_and_rebalancebPSt18_Rb_tree_node_baseS0_RS_+0x15e>
10007be4:	68e5      	ldr	r5, [r4, #12]
10007be6:	42a8      	cmp	r0, r5
10007be8:	d02e      	beq.n	10007c48 <_ZSt29_Rb_tree_insert_and_rebalancebPSt18_Rb_tree_node_baseS0_RS_+0x17c>
10007bea:	60a1      	str	r1, [r4, #8]
10007bec:	000c      	movs	r4, r1
10007bee:	60c8      	str	r0, [r1, #12]
10007bf0:	6041      	str	r1, [r0, #4]
10007bf2:	0001      	movs	r1, r0
10007bf4:	0020      	movs	r0, r4
10007bf6:	e7b0      	b.n	10007b5a <_ZSt29_Rb_tree_insert_and_rebalancebPSt18_Rb_tree_node_baseS0_RS_+0x8e>
10007bf8:	605c      	str	r4, [r3, #4]
10007bfa:	e7e0      	b.n	10007bbe <_ZSt29_Rb_tree_insert_and_rebalancebPSt18_Rb_tree_node_baseS0_RS_+0xf2>
10007bfc:	60c4      	str	r4, [r0, #12]
10007bfe:	e7de      	b.n	10007bbe <_ZSt29_Rb_tree_insert_and_rebalancebPSt18_Rb_tree_node_baseS0_RS_+0xf2>
10007c00:	688c      	ldr	r4, [r1, #8]
10007c02:	60c4      	str	r4, [r0, #12]
10007c04:	2c00      	cmp	r4, #0
10007c06:	d018      	beq.n	10007c3a <_ZSt29_Rb_tree_insert_and_rebalancebPSt18_Rb_tree_node_baseS0_RS_+0x16e>
10007c08:	6060      	str	r0, [r4, #4]
10007c0a:	6844      	ldr	r4, [r0, #4]
10007c0c:	604c      	str	r4, [r1, #4]
10007c0e:	685d      	ldr	r5, [r3, #4]
10007c10:	42a8      	cmp	r0, r5
10007c12:	d01b      	beq.n	10007c4c <_ZSt29_Rb_tree_insert_and_rebalancebPSt18_Rb_tree_node_baseS0_RS_+0x180>
10007c14:	68a5      	ldr	r5, [r4, #8]
10007c16:	42a8      	cmp	r0, r5
10007c18:	d014      	beq.n	10007c44 <_ZSt29_Rb_tree_insert_and_rebalancebPSt18_Rb_tree_node_baseS0_RS_+0x178>
10007c1a:	60e1      	str	r1, [r4, #12]
10007c1c:	000d      	movs	r5, r1
10007c1e:	6088      	str	r0, [r1, #8]
10007c20:	6894      	ldr	r4, [r2, #8]
10007c22:	6041      	str	r1, [r0, #4]
10007c24:	0001      	movs	r1, r0
10007c26:	0028      	movs	r0, r5
10007c28:	e7b8      	b.n	10007b9c <_ZSt29_Rb_tree_insert_and_rebalancebPSt18_Rb_tree_node_baseS0_RS_+0xd0>
10007c2a:	6059      	str	r1, [r3, #4]
10007c2c:	e7de      	b.n	10007bec <_ZSt29_Rb_tree_insert_and_rebalancebPSt18_Rb_tree_node_baseS0_RS_+0x120>
10007c2e:	60d9      	str	r1, [r3, #12]
10007c30:	e767      	b.n	10007b02 <_ZSt29_Rb_tree_insert_and_rebalancebPSt18_Rb_tree_node_baseS0_RS_+0x36>
10007c32:	000c      	movs	r4, r1
10007c34:	6059      	str	r1, [r3, #4]
10007c36:	60d9      	str	r1, [r3, #12]
10007c38:	e7a7      	b.n	10007b8a <_ZSt29_Rb_tree_insert_and_rebalancebPSt18_Rb_tree_node_baseS0_RS_+0xbe>
10007c3a:	604a      	str	r2, [r1, #4]
10007c3c:	685c      	ldr	r4, [r3, #4]
10007c3e:	42a0      	cmp	r0, r4
10007c40:	d004      	beq.n	10007c4c <_ZSt29_Rb_tree_insert_and_rebalancebPSt18_Rb_tree_node_baseS0_RS_+0x180>
10007c42:	0014      	movs	r4, r2
10007c44:	60a1      	str	r1, [r4, #8]
10007c46:	e7e9      	b.n	10007c1c <_ZSt29_Rb_tree_insert_and_rebalancebPSt18_Rb_tree_node_baseS0_RS_+0x150>
10007c48:	60e1      	str	r1, [r4, #12]
10007c4a:	e7cf      	b.n	10007bec <_ZSt29_Rb_tree_insert_and_rebalancebPSt18_Rb_tree_node_baseS0_RS_+0x120>
10007c4c:	6059      	str	r1, [r3, #4]
10007c4e:	e7e5      	b.n	10007c1c <_ZSt29_Rb_tree_insert_and_rebalancebPSt18_Rb_tree_node_baseS0_RS_+0x150>

10007c50 <_GLOBAL__sub_I__ZN9__gnu_cxx9__freeresEv>:
10007c50:	b5f0      	push	{r4, r5, r6, r7, lr}
10007c52:	46ce      	mov	lr, r9
10007c54:	4647      	mov	r7, r8
10007c56:	2500      	movs	r5, #0
10007c58:	b580      	push	{r7, lr}
10007c5a:	4e3b      	ldr	r6, [pc, #236]	@ (10007d48 <_GLOBAL__sub_I__ZN9__gnu_cxx9__freeresEv+0xf8>)
10007c5c:	b089      	sub	sp, #36	@ 0x24
10007c5e:	483b      	ldr	r0, [pc, #236]	@ (10007d4c <_GLOBAL__sub_I__ZN9__gnu_cxx9__freeresEv+0xfc>)
10007c60:	6075      	str	r5, [r6, #4]
10007c62:	60b5      	str	r5, [r6, #8]
10007c64:	60f5      	str	r5, [r6, #12]
10007c66:	f000 f8b5 	bl	10007dd4 <getenv>
10007c6a:	2308      	movs	r3, #8
10007c6c:	9302      	str	r3, [sp, #8]
10007c6e:	4b38      	ldr	r3, [pc, #224]	@ (10007d50 <_GLOBAL__sub_I__ZN9__gnu_cxx9__freeresEv+0x100>)
10007c70:	0004      	movs	r4, r0
10007c72:	9303      	str	r3, [sp, #12]
10007c74:	2309      	movs	r3, #9
10007c76:	9305      	str	r3, [sp, #20]
10007c78:	4b36      	ldr	r3, [pc, #216]	@ (10007d54 <_GLOBAL__sub_I__ZN9__gnu_cxx9__freeresEv+0x104>)
10007c7a:	9504      	str	r5, [sp, #16]
10007c7c:	9306      	str	r3, [sp, #24]
10007c7e:	2304      	movs	r3, #4
10007c80:	9307      	str	r3, [sp, #28]
10007c82:	2800      	cmp	r0, #0
10007c84:	d03f      	beq.n	10007d06 <_GLOBAL__sub_I__ZN9__gnu_cxx9__freeresEv+0xb6>
10007c86:	4d34      	ldr	r5, [pc, #208]	@ (10007d58 <_GLOBAL__sub_I__ZN9__gnu_cxx9__freeresEv+0x108>)
10007c88:	7823      	ldrb	r3, [r4, #0]
10007c8a:	0028      	movs	r0, r5
10007c8c:	3b3a      	subs	r3, #58	@ 0x3a
10007c8e:	425a      	negs	r2, r3
10007c90:	4153      	adcs	r3, r2
10007c92:	18e4      	adds	r4, r4, r3
10007c94:	220f      	movs	r2, #15
10007c96:	0021      	movs	r1, r4
10007c98:	f002 faba 	bl	1000a210 <memcmp>
10007c9c:	2800      	cmp	r0, #0
10007c9e:	d102      	bne.n	10007ca6 <_GLOBAL__sub_I__ZN9__gnu_cxx9__freeresEv+0x56>
10007ca0:	7be3      	ldrb	r3, [r4, #15]
10007ca2:	2b2e      	cmp	r3, #46	@ 0x2e
10007ca4:	d016      	beq.n	10007cd4 <_GLOBAL__sub_I__ZN9__gnu_cxx9__freeresEv+0x84>
10007ca6:	0020      	movs	r0, r4
10007ca8:	213a      	movs	r1, #58	@ 0x3a
10007caa:	f001 f901 	bl	10008eb0 <strchr>
10007cae:	1e04      	subs	r4, r0, #0
10007cb0:	d1ea      	bne.n	10007c88 <_GLOBAL__sub_I__ZN9__gnu_cxx9__freeresEv+0x38>
10007cb2:	9c07      	ldr	r4, [sp, #28]
10007cb4:	2c40      	cmp	r4, #64	@ 0x40
10007cb6:	dc24      	bgt.n	10007d02 <_GLOBAL__sub_I__ZN9__gnu_cxx9__freeresEv+0xb2>
10007cb8:	9b04      	ldr	r3, [sp, #16]
10007cba:	2b00      	cmp	r3, #0
10007cbc:	d100      	bne.n	10007cc0 <_GLOBAL__sub_I__ZN9__gnu_cxx9__freeresEv+0x70>
10007cbe:	3306      	adds	r3, #6
10007cc0:	333e      	adds	r3, #62	@ 0x3e
10007cc2:	435c      	muls	r4, r3
10007cc4:	00a4      	lsls	r4, r4, #2
10007cc6:	60f4      	str	r4, [r6, #12]
10007cc8:	d120      	bne.n	10007d0c <_GLOBAL__sub_I__ZN9__gnu_cxx9__freeresEv+0xbc>
10007cca:	b009      	add	sp, #36	@ 0x24
10007ccc:	bcc0      	pop	{r6, r7}
10007cce:	46b9      	mov	r9, r7
10007cd0:	46b0      	mov	r8, r6
10007cd2:	bdf0      	pop	{r4, r5, r6, r7, pc}
10007cd4:	ab08      	add	r3, sp, #32
10007cd6:	4699      	mov	r9, r3
10007cd8:	3410      	adds	r4, #16
10007cda:	af02      	add	r7, sp, #8
10007cdc:	683b      	ldr	r3, [r7, #0]
10007cde:	6878      	ldr	r0, [r7, #4]
10007ce0:	4698      	mov	r8, r3
10007ce2:	2b00      	cmp	r3, #0
10007ce4:	d005      	beq.n	10007cf2 <_GLOBAL__sub_I__ZN9__gnu_cxx9__freeresEv+0xa2>
10007ce6:	001a      	movs	r2, r3
10007ce8:	0021      	movs	r1, r4
10007cea:	f002 fa91 	bl	1000a210 <memcmp>
10007cee:	2800      	cmp	r0, #0
10007cf0:	d103      	bne.n	10007cfa <_GLOBAL__sub_I__ZN9__gnu_cxx9__freeresEv+0xaa>
10007cf2:	4643      	mov	r3, r8
10007cf4:	5ce3      	ldrb	r3, [r4, r3]
10007cf6:	2b3d      	cmp	r3, #61	@ 0x3d
10007cf8:	d013      	beq.n	10007d22 <_GLOBAL__sub_I__ZN9__gnu_cxx9__freeresEv+0xd2>
10007cfa:	370c      	adds	r7, #12
10007cfc:	45b9      	cmp	r9, r7
10007cfe:	d1ed      	bne.n	10007cdc <_GLOBAL__sub_I__ZN9__gnu_cxx9__freeresEv+0x8c>
10007d00:	e7d1      	b.n	10007ca6 <_GLOBAL__sub_I__ZN9__gnu_cxx9__freeresEv+0x56>
10007d02:	2440      	movs	r4, #64	@ 0x40
10007d04:	e7d8      	b.n	10007cb8 <_GLOBAL__sub_I__ZN9__gnu_cxx9__freeresEv+0x68>
10007d06:	2488      	movs	r4, #136	@ 0x88
10007d08:	00e4      	lsls	r4, r4, #3
10007d0a:	60f4      	str	r4, [r6, #12]
10007d0c:	0020      	movs	r0, r4
10007d0e:	f7fb fc01 	bl	10003514 <__wrap_malloc>
10007d12:	60b0      	str	r0, [r6, #8]
10007d14:	2800      	cmp	r0, #0
10007d16:	d015      	beq.n	10007d44 <_GLOBAL__sub_I__ZN9__gnu_cxx9__freeresEv+0xf4>
10007d18:	2300      	movs	r3, #0
10007d1a:	6070      	str	r0, [r6, #4]
10007d1c:	6004      	str	r4, [r0, #0]
10007d1e:	6043      	str	r3, [r0, #4]
10007d20:	e7d3      	b.n	10007cca <_GLOBAL__sub_I__ZN9__gnu_cxx9__freeresEv+0x7a>
10007d22:	4640      	mov	r0, r8
10007d24:	3001      	adds	r0, #1
10007d26:	1820      	adds	r0, r4, r0
10007d28:	2200      	movs	r2, #0
10007d2a:	a901      	add	r1, sp, #4
10007d2c:	f001 fd00 	bl	10009730 <strtoul>
10007d30:	9c01      	ldr	r4, [sp, #4]
10007d32:	7823      	ldrb	r3, [r4, #0]
10007d34:	2b3a      	cmp	r3, #58	@ 0x3a
10007d36:	d001      	beq.n	10007d3c <_GLOBAL__sub_I__ZN9__gnu_cxx9__freeresEv+0xec>
10007d38:	2b00      	cmp	r3, #0
10007d3a:	d1b4      	bne.n	10007ca6 <_GLOBAL__sub_I__ZN9__gnu_cxx9__freeresEv+0x56>
10007d3c:	2800      	cmp	r0, #0
10007d3e:	dbb2      	blt.n	10007ca6 <_GLOBAL__sub_I__ZN9__gnu_cxx9__freeresEv+0x56>
10007d40:	60b8      	str	r0, [r7, #8]
10007d42:	e7b0      	b.n	10007ca6 <_GLOBAL__sub_I__ZN9__gnu_cxx9__freeresEv+0x56>
10007d44:	60f0      	str	r0, [r6, #12]
10007d46:	e7c0      	b.n	10007cca <_GLOBAL__sub_I__ZN9__gnu_cxx9__freeresEv+0x7a>
10007d48:	20001d80 	.word	0x20001d80
10007d4c:	1000b6d0 	.word	0x1000b6d0
10007d50:	1000b6e4 	.word	0x1000b6e4
10007d54:	1000b6f0 	.word	0x1000b6f0
10007d58:	1000b6fc 	.word	0x1000b6fc

10007d5c <strncpy>:
10007d5c:	000b      	movs	r3, r1
10007d5e:	4303      	orrs	r3, r0
10007d60:	b570      	push	{r4, r5, r6, lr}
10007d62:	0006      	movs	r6, r0
10007d64:	079b      	lsls	r3, r3, #30
10007d66:	d10e      	bne.n	10007d86 <strncpy+0x2a>
10007d68:	2a03      	cmp	r2, #3
10007d6a:	d90c      	bls.n	10007d86 <strncpy+0x2a>
10007d6c:	4d11      	ldr	r5, [pc, #68]	@ (10007db4 <strncpy+0x58>)
10007d6e:	e004      	b.n	10007d7a <strncpy+0x1e>
10007d70:	3a04      	subs	r2, #4
10007d72:	3104      	adds	r1, #4
10007d74:	c610      	stmia	r6!, {r4}
10007d76:	2a03      	cmp	r2, #3
10007d78:	d905      	bls.n	10007d86 <strncpy+0x2a>
10007d7a:	680c      	ldr	r4, [r1, #0]
10007d7c:	4b0e      	ldr	r3, [pc, #56]	@ (10007db8 <strncpy+0x5c>)
10007d7e:	18e3      	adds	r3, r4, r3
10007d80:	43a3      	bics	r3, r4
10007d82:	422b      	tst	r3, r5
10007d84:	d0f4      	beq.n	10007d70 <strncpy+0x14>
10007d86:	0033      	movs	r3, r6
10007d88:	2400      	movs	r4, #0
10007d8a:	e006      	b.n	10007d9a <strncpy+0x3e>
10007d8c:	5d0d      	ldrb	r5, [r1, r4]
10007d8e:	3a01      	subs	r2, #1
10007d90:	5535      	strb	r5, [r6, r4]
10007d92:	3301      	adds	r3, #1
10007d94:	3401      	adds	r4, #1
10007d96:	2d00      	cmp	r5, #0
10007d98:	d002      	beq.n	10007da0 <strncpy+0x44>
10007d9a:	2a00      	cmp	r2, #0
10007d9c:	d1f6      	bne.n	10007d8c <strncpy+0x30>
10007d9e:	bd70      	pop	{r4, r5, r6, pc}
10007da0:	2100      	movs	r1, #0
10007da2:	189c      	adds	r4, r3, r2
10007da4:	2a00      	cmp	r2, #0
10007da6:	d0fa      	beq.n	10007d9e <strncpy+0x42>
10007da8:	7019      	strb	r1, [r3, #0]
10007daa:	3301      	adds	r3, #1
10007dac:	42a3      	cmp	r3, r4
10007dae:	d1fb      	bne.n	10007da8 <strncpy+0x4c>
10007db0:	e7f5      	b.n	10007d9e <strncpy+0x42>
10007db2:	46c0      	nop			@ (mov r8, r8)
10007db4:	80808080 	.word	0x80808080
10007db8:	fefefeff 	.word	0xfefefeff

10007dbc <_findenv>:
10007dbc:	0003      	movs	r3, r0
10007dbe:	b510      	push	{r4, lr}
10007dc0:	000a      	movs	r2, r1
10007dc2:	4903      	ldr	r1, [pc, #12]	@ (10007dd0 <_findenv+0x14>)
10007dc4:	6808      	ldr	r0, [r1, #0]
10007dc6:	0019      	movs	r1, r3
10007dc8:	f002 fb52 	bl	1000a470 <_findenv_r>
10007dcc:	bd10      	pop	{r4, pc}
10007dce:	46c0      	nop			@ (mov r8, r8)
10007dd0:	20001188 	.word	0x20001188

10007dd4 <getenv>:
10007dd4:	b500      	push	{lr}
10007dd6:	4b04      	ldr	r3, [pc, #16]	@ (10007de8 <getenv+0x14>)
10007dd8:	b083      	sub	sp, #12
10007dda:	0001      	movs	r1, r0
10007ddc:	aa01      	add	r2, sp, #4
10007dde:	6818      	ldr	r0, [r3, #0]
10007de0:	f002 fb46 	bl	1000a470 <_findenv_r>
10007de4:	b003      	add	sp, #12
10007de6:	bd00      	pop	{pc}
10007de8:	20001188 	.word	0x20001188

10007dec <atof>:
10007dec:	b510      	push	{r4, lr}
10007dee:	2100      	movs	r1, #0
10007df0:	f000 ff8a 	bl	10008d08 <strtod>
10007df4:	bd10      	pop	{r4, pc}
10007df6:	46c0      	nop			@ (mov r8, r8)

10007df8 <sulp>:
10007df8:	b570      	push	{r4, r5, r6, lr}
10007dfa:	0016      	movs	r6, r2
10007dfc:	000d      	movs	r5, r1
10007dfe:	f003 f921 	bl	1000b044 <__ulp>
10007e02:	2e00      	cmp	r6, #0
10007e04:	d00d      	beq.n	10007e22 <sulp+0x2a>
10007e06:	236b      	movs	r3, #107	@ 0x6b
10007e08:	006a      	lsls	r2, r5, #1
10007e0a:	0d52      	lsrs	r2, r2, #21
10007e0c:	1a9b      	subs	r3, r3, r2
10007e0e:	2b00      	cmp	r3, #0
10007e10:	dd07      	ble.n	10007e22 <sulp+0x2a>
10007e12:	2400      	movs	r4, #0
10007e14:	4a03      	ldr	r2, [pc, #12]	@ (10007e24 <sulp+0x2c>)
10007e16:	051b      	lsls	r3, r3, #20
10007e18:	189d      	adds	r5, r3, r2
10007e1a:	002b      	movs	r3, r5
10007e1c:	0022      	movs	r2, r4
10007e1e:	f7fa fdd6 	bl	100029ce <__wrap___aeabi_dmul>
10007e22:	bd70      	pop	{r4, r5, r6, pc}
10007e24:	3ff00000 	.word	0x3ff00000

10007e28 <_strtod_l>:
10007e28:	b5f0      	push	{r4, r5, r6, r7, lr}
10007e2a:	4645      	mov	r5, r8
10007e2c:	46de      	mov	lr, fp
10007e2e:	4657      	mov	r7, sl
10007e30:	464e      	mov	r6, r9
10007e32:	b5e0      	push	{r5, r6, r7, lr}
10007e34:	b09f      	sub	sp, #124	@ 0x7c
10007e36:	9207      	str	r2, [sp, #28]
10007e38:	2200      	movs	r2, #0
10007e3a:	000c      	movs	r4, r1
10007e3c:	921a      	str	r2, [sp, #104]	@ 0x68
10007e3e:	2100      	movs	r1, #0
10007e40:	2200      	movs	r2, #0
10007e42:	4680      	mov	r8, r0
10007e44:	9104      	str	r1, [sp, #16]
10007e46:	9205      	str	r2, [sp, #20]
10007e48:	0021      	movs	r1, r4
10007e4a:	9119      	str	r1, [sp, #100]	@ 0x64
10007e4c:	780a      	ldrb	r2, [r1, #0]
10007e4e:	000f      	movs	r7, r1
10007e50:	2a2d      	cmp	r2, #45	@ 0x2d
10007e52:	d803      	bhi.n	10007e5c <_strtod_l+0x34>
10007e54:	4db4      	ldr	r5, [pc, #720]	@ (10008128 <_strtod_l+0x300>)
10007e56:	0090      	lsls	r0, r2, #2
10007e58:	5828      	ldr	r0, [r5, r0]
10007e5a:	4687      	mov	pc, r0
10007e5c:	2100      	movs	r1, #0
10007e5e:	9108      	str	r1, [sp, #32]
10007e60:	2100      	movs	r1, #0
10007e62:	9109      	str	r1, [sp, #36]	@ 0x24
10007e64:	2a30      	cmp	r2, #48	@ 0x30
10007e66:	d100      	bne.n	10007e6a <_strtod_l+0x42>
10007e68:	e0b2      	b.n	10007fd0 <_strtod_l+0x1a8>
10007e6a:	0015      	movs	r5, r2
10007e6c:	2a2f      	cmp	r2, #47	@ 0x2f
10007e6e:	d801      	bhi.n	10007e74 <_strtod_l+0x4c>
10007e70:	f000 fd44 	bl	100088fc <_strtod_l+0xad4>
10007e74:	2300      	movs	r3, #0
10007e76:	46a4      	mov	ip, r4
10007e78:	0038      	movs	r0, r7
10007e7a:	2600      	movs	r6, #0
10007e7c:	0019      	movs	r1, r3
10007e7e:	001c      	movs	r4, r3
10007e80:	e00b      	b.n	10007e9a <_strtod_l+0x72>
10007e82:	008b      	lsls	r3, r1, #2
10007e84:	3001      	adds	r0, #1
10007e86:	185b      	adds	r3, r3, r1
10007e88:	9019      	str	r0, [sp, #100]	@ 0x64
10007e8a:	7805      	ldrb	r5, [r0, #0]
10007e8c:	005b      	lsls	r3, r3, #1
10007e8e:	1899      	adds	r1, r3, r2
10007e90:	3930      	subs	r1, #48	@ 0x30
10007e92:	002a      	movs	r2, r5
10007e94:	3601      	adds	r6, #1
10007e96:	2d2f      	cmp	r5, #47	@ 0x2f
10007e98:	dd0f      	ble.n	10007eba <_strtod_l+0x92>
10007e9a:	2d39      	cmp	r5, #57	@ 0x39
10007e9c:	dc37      	bgt.n	10007f0e <_strtod_l+0xe6>
10007e9e:	2e08      	cmp	r6, #8
10007ea0:	ddef      	ble.n	10007e82 <_strtod_l+0x5a>
10007ea2:	00a3      	lsls	r3, r4, #2
10007ea4:	3001      	adds	r0, #1
10007ea6:	191b      	adds	r3, r3, r4
10007ea8:	9019      	str	r0, [sp, #100]	@ 0x64
10007eaa:	7805      	ldrb	r5, [r0, #0]
10007eac:	005b      	lsls	r3, r3, #1
10007eae:	189c      	adds	r4, r3, r2
10007eb0:	3c30      	subs	r4, #48	@ 0x30
10007eb2:	002a      	movs	r2, r5
10007eb4:	3601      	adds	r6, #1
10007eb6:	2d2f      	cmp	r5, #47	@ 0x2f
10007eb8:	dcef      	bgt.n	10007e9a <_strtod_l+0x72>
10007eba:	4689      	mov	r9, r1
10007ebc:	2201      	movs	r2, #1
10007ebe:	499b      	ldr	r1, [pc, #620]	@ (1000812c <_strtod_l+0x304>)
10007ec0:	46a2      	mov	sl, r4
10007ec2:	4664      	mov	r4, ip
10007ec4:	f001 fc62 	bl	1000978c <strncmp>
10007ec8:	2800      	cmp	r0, #0
10007eca:	d000      	beq.n	10007ece <_strtod_l+0xa6>
10007ecc:	e094      	b.n	10007ff8 <_strtod_l+0x1d0>
10007ece:	9b19      	ldr	r3, [sp, #100]	@ 0x64
10007ed0:	960d      	str	r6, [sp, #52]	@ 0x34
10007ed2:	1c5a      	adds	r2, r3, #1
10007ed4:	9219      	str	r2, [sp, #100]	@ 0x64
10007ed6:	785d      	ldrb	r5, [r3, #1]
10007ed8:	2300      	movs	r3, #0
10007eda:	9312      	str	r3, [sp, #72]	@ 0x48
10007edc:	e050      	b.n	10007f80 <_strtod_l+0x158>
10007ede:	3101      	adds	r1, #1
10007ee0:	e7b3      	b.n	10007e4a <_strtod_l+0x22>
10007ee2:	2200      	movs	r2, #0
10007ee4:	9208      	str	r2, [sp, #32]
10007ee6:	1c4f      	adds	r7, r1, #1
10007ee8:	9719      	str	r7, [sp, #100]	@ 0x64
10007eea:	784a      	ldrb	r2, [r1, #1]
10007eec:	2a00      	cmp	r2, #0
10007eee:	d1b7      	bne.n	10007e60 <_strtod_l+0x38>
10007ef0:	9b07      	ldr	r3, [sp, #28]
10007ef2:	2600      	movs	r6, #0
10007ef4:	2700      	movs	r7, #0
10007ef6:	2b00      	cmp	r3, #0
10007ef8:	d000      	beq.n	10007efc <_strtod_l+0xd4>
10007efa:	601c      	str	r4, [r3, #0]
10007efc:	0030      	movs	r0, r6
10007efe:	0039      	movs	r1, r7
10007f00:	b01f      	add	sp, #124	@ 0x7c
10007f02:	bcf0      	pop	{r4, r5, r6, r7}
10007f04:	46bb      	mov	fp, r7
10007f06:	46b2      	mov	sl, r6
10007f08:	46a9      	mov	r9, r5
10007f0a:	46a0      	mov	r8, r4
10007f0c:	bdf0      	pop	{r4, r5, r6, r7, pc}
10007f0e:	4689      	mov	r9, r1
10007f10:	2201      	movs	r2, #1
10007f12:	4986      	ldr	r1, [pc, #536]	@ (1000812c <_strtod_l+0x304>)
10007f14:	46a2      	mov	sl, r4
10007f16:	4664      	mov	r4, ip
10007f18:	f001 fc38 	bl	1000978c <strncmp>
10007f1c:	2800      	cmp	r0, #0
10007f1e:	d16b      	bne.n	10007ff8 <_strtod_l+0x1d0>
10007f20:	9a19      	ldr	r2, [sp, #100]	@ 0x64
10007f22:	0013      	movs	r3, r2
10007f24:	3201      	adds	r2, #1
10007f26:	9219      	str	r2, [sp, #100]	@ 0x64
10007f28:	785d      	ldrb	r5, [r3, #1]
10007f2a:	2e00      	cmp	r6, #0
10007f2c:	d001      	beq.n	10007f32 <_strtod_l+0x10a>
10007f2e:	f000 fd75 	bl	10008a1c <_strtod_l+0xbf4>
10007f32:	2d30      	cmp	r5, #48	@ 0x30
10007f34:	d001      	beq.n	10007f3a <_strtod_l+0x112>
10007f36:	f000 fd1d 	bl	10008974 <_strtod_l+0xb4c>
10007f3a:	0013      	movs	r3, r2
10007f3c:	0018      	movs	r0, r3
10007f3e:	3301      	adds	r3, #1
10007f40:	9319      	str	r3, [sp, #100]	@ 0x64
10007f42:	781d      	ldrb	r5, [r3, #0]
10007f44:	2d30      	cmp	r5, #48	@ 0x30
10007f46:	d0f9      	beq.n	10007f3c <_strtod_l+0x114>
10007f48:	1a80      	subs	r0, r0, r2
10007f4a:	3001      	adds	r0, #1
10007f4c:	002b      	movs	r3, r5
10007f4e:	3b31      	subs	r3, #49	@ 0x31
10007f50:	2b08      	cmp	r3, #8
10007f52:	d900      	bls.n	10007f56 <_strtod_l+0x12e>
10007f54:	e2fc      	b.n	10008550 <_strtod_l+0x728>
10007f56:	2230      	movs	r2, #48	@ 0x30
10007f58:	4252      	negs	r2, r2
10007f5a:	4694      	mov	ip, r2
10007f5c:	9b19      	ldr	r3, [sp, #100]	@ 0x64
10007f5e:	1c42      	adds	r2, r0, #1
10007f60:	9212      	str	r2, [sp, #72]	@ 0x48
10007f62:	2200      	movs	r2, #0
10007f64:	001f      	movs	r7, r3
10007f66:	2601      	movs	r6, #1
10007f68:	44ac      	add	ip, r5
10007f6a:	920d      	str	r2, [sp, #52]	@ 0x34
10007f6c:	464a      	mov	r2, r9
10007f6e:	0092      	lsls	r2, r2, #2
10007f70:	444a      	add	r2, r9
10007f72:	0052      	lsls	r2, r2, #1
10007f74:	4462      	add	r2, ip
10007f76:	4691      	mov	r9, r2
10007f78:	2000      	movs	r0, #0
10007f7a:	1c5a      	adds	r2, r3, #1
10007f7c:	9219      	str	r2, [sp, #100]	@ 0x64
10007f7e:	785d      	ldrb	r5, [r3, #1]
10007f80:	002a      	movs	r2, r5
10007f82:	3a30      	subs	r2, #48	@ 0x30
10007f84:	2a09      	cmp	r2, #9
10007f86:	d900      	bls.n	10007f8a <_strtod_l+0x162>
10007f88:	e2e6      	b.n	10008558 <_strtod_l+0x730>
10007f8a:	4694      	mov	ip, r2
10007f8c:	9b19      	ldr	r3, [sp, #100]	@ 0x64
10007f8e:	3001      	adds	r0, #1
10007f90:	2a00      	cmp	r2, #0
10007f92:	d0f2      	beq.n	10007f7a <_strtod_l+0x152>
10007f94:	1831      	adds	r1, r6, r0
10007f96:	468b      	mov	fp, r1
10007f98:	3901      	subs	r1, #1
10007f9a:	2801      	cmp	r0, #1
10007f9c:	dc01      	bgt.n	10007fa2 <_strtod_l+0x17a>
10007f9e:	f000 fe89 	bl	10008cb4 <_strtod_l+0xe8c>
10007fa2:	4655      	mov	r5, sl
10007fa4:	464a      	mov	r2, r9
10007fa6:	469a      	mov	sl, r3
10007fa8:	46e1      	mov	r9, ip
10007faa:	002b      	movs	r3, r5
10007fac:	e006      	b.n	10007fbc <_strtod_l+0x194>
10007fae:	0095      	lsls	r5, r2, #2
10007fb0:	18aa      	adds	r2, r5, r2
10007fb2:	0052      	lsls	r2, r2, #1
10007fb4:	42b1      	cmp	r1, r6
10007fb6:	d101      	bne.n	10007fbc <_strtod_l+0x194>
10007fb8:	f000 fc8f 	bl	100088da <_strtod_l+0xab2>
10007fbc:	0035      	movs	r5, r6
10007fbe:	3601      	adds	r6, #1
10007fc0:	2d08      	cmp	r5, #8
10007fc2:	ddf4      	ble.n	10007fae <_strtod_l+0x186>
10007fc4:	2e10      	cmp	r6, #16
10007fc6:	dcf5      	bgt.n	10007fb4 <_strtod_l+0x18c>
10007fc8:	009d      	lsls	r5, r3, #2
10007fca:	18eb      	adds	r3, r5, r3
10007fcc:	005b      	lsls	r3, r3, #1
10007fce:	e7f1      	b.n	10007fb4 <_strtod_l+0x18c>
10007fd0:	787a      	ldrb	r2, [r7, #1]
10007fd2:	3120      	adds	r1, #32
10007fd4:	438a      	bics	r2, r1
10007fd6:	1c7d      	adds	r5, r7, #1
10007fd8:	2a58      	cmp	r2, #88	@ 0x58
10007fda:	d101      	bne.n	10007fe0 <_strtod_l+0x1b8>
10007fdc:	f000 fc23 	bl	10008826 <_strtod_l+0x9fe>
10007fe0:	002f      	movs	r7, r5
10007fe2:	9519      	str	r5, [sp, #100]	@ 0x64
10007fe4:	783a      	ldrb	r2, [r7, #0]
10007fe6:	3501      	adds	r5, #1
10007fe8:	2a30      	cmp	r2, #48	@ 0x30
10007fea:	d0f9      	beq.n	10007fe0 <_strtod_l+0x1b8>
10007fec:	2a00      	cmp	r2, #0
10007fee:	d100      	bne.n	10007ff2 <_strtod_l+0x1ca>
10007ff0:	e2b4      	b.n	1000855c <_strtod_l+0x734>
10007ff2:	2301      	movs	r3, #1
10007ff4:	9309      	str	r3, [sp, #36]	@ 0x24
10007ff6:	e738      	b.n	10007e6a <_strtod_l+0x42>
10007ff8:	2300      	movs	r3, #0
10007ffa:	2000      	movs	r0, #0
10007ffc:	2200      	movs	r2, #0
10007ffe:	960d      	str	r6, [sp, #52]	@ 0x34
10008000:	9312      	str	r3, [sp, #72]	@ 0x48
10008002:	2320      	movs	r3, #32
10008004:	0029      	movs	r1, r5
10008006:	4399      	bics	r1, r3
10008008:	000b      	movs	r3, r1
1000800a:	2100      	movs	r1, #0
1000800c:	910c      	str	r1, [sp, #48]	@ 0x30
1000800e:	2b45      	cmp	r3, #69	@ 0x45
10008010:	d028      	beq.n	10008064 <_strtod_l+0x23c>
10008012:	2e00      	cmp	r6, #0
10008014:	d000      	beq.n	10008018 <_strtod_l+0x1f0>
10008016:	e091      	b.n	1000813c <_strtod_l+0x314>
10008018:	9b09      	ldr	r3, [sp, #36]	@ 0x24
1000801a:	4303      	orrs	r3, r0
1000801c:	d000      	beq.n	10008020 <_strtod_l+0x1f8>
1000801e:	e29d      	b.n	1000855c <_strtod_l+0x734>
10008020:	2a00      	cmp	r2, #0
10008022:	d000      	beq.n	10008026 <_strtod_l+0x1fe>
10008024:	e764      	b.n	10007ef0 <_strtod_l+0xc8>
10008026:	2d69      	cmp	r5, #105	@ 0x69
10008028:	d100      	bne.n	1000802c <_strtod_l+0x204>
1000802a:	e31f      	b.n	1000866c <_strtod_l+0x844>
1000802c:	dd01      	ble.n	10008032 <_strtod_l+0x20a>
1000802e:	f000 fc75 	bl	1000891c <_strtod_l+0xaf4>
10008032:	2d49      	cmp	r5, #73	@ 0x49
10008034:	d100      	bne.n	10008038 <_strtod_l+0x210>
10008036:	e319      	b.n	1000866c <_strtod_l+0x844>
10008038:	2d4e      	cmp	r5, #78	@ 0x4e
1000803a:	d000      	beq.n	1000803e <_strtod_l+0x216>
1000803c:	e758      	b.n	10007ef0 <_strtod_l+0xc8>
1000803e:	493c      	ldr	r1, [pc, #240]	@ (10008130 <_strtod_l+0x308>)
10008040:	a819      	add	r0, sp, #100	@ 0x64
10008042:	f002 faaf 	bl	1000a5a4 <__match>
10008046:	2800      	cmp	r0, #0
10008048:	d100      	bne.n	1000804c <_strtod_l+0x224>
1000804a:	e751      	b.n	10007ef0 <_strtod_l+0xc8>
1000804c:	9b19      	ldr	r3, [sp, #100]	@ 0x64
1000804e:	781b      	ldrb	r3, [r3, #0]
10008050:	2b28      	cmp	r3, #40	@ 0x28
10008052:	d101      	bne.n	10008058 <_strtod_l+0x230>
10008054:	f000 fd2b 	bl	10008aae <_strtod_l+0xc86>
10008058:	4836      	ldr	r0, [pc, #216]	@ (10008134 <_strtod_l+0x30c>)
1000805a:	f002 fbcf 	bl	1000a7fc <nan>
1000805e:	0006      	movs	r6, r0
10008060:	000f      	movs	r7, r1
10008062:	e27d      	b.n	10008560 <_strtod_l+0x738>
10008064:	0033      	movs	r3, r6
10008066:	9909      	ldr	r1, [sp, #36]	@ 0x24
10008068:	4303      	orrs	r3, r0
1000806a:	430b      	orrs	r3, r1
1000806c:	d100      	bne.n	10008070 <_strtod_l+0x248>
1000806e:	e73f      	b.n	10007ef0 <_strtod_l+0xc8>
10008070:	9c19      	ldr	r4, [sp, #100]	@ 0x64
10008072:	1c63      	adds	r3, r4, #1
10008074:	9319      	str	r3, [sp, #100]	@ 0x64
10008076:	7865      	ldrb	r5, [r4, #1]
10008078:	2d2b      	cmp	r5, #43	@ 0x2b
1000807a:	d100      	bne.n	1000807e <_strtod_l+0x256>
1000807c:	e3c4      	b.n	10008808 <_strtod_l+0x9e0>
1000807e:	2d2d      	cmp	r5, #45	@ 0x2d
10008080:	d000      	beq.n	10008084 <_strtod_l+0x25c>
10008082:	e27b      	b.n	1000857c <_strtod_l+0x754>
10008084:	2301      	movs	r3, #1
10008086:	930a      	str	r3, [sp, #40]	@ 0x28
10008088:	1ca3      	adds	r3, r4, #2
1000808a:	9319      	str	r3, [sp, #100]	@ 0x64
1000808c:	78a5      	ldrb	r5, [r4, #2]
1000808e:	002b      	movs	r3, r5
10008090:	3b30      	subs	r3, #48	@ 0x30
10008092:	2b09      	cmp	r3, #9
10008094:	d900      	bls.n	10008098 <_strtod_l+0x270>
10008096:	e379      	b.n	1000878c <_strtod_l+0x964>
10008098:	9919      	ldr	r1, [sp, #100]	@ 0x64
1000809a:	2d30      	cmp	r5, #48	@ 0x30
1000809c:	d10d      	bne.n	100080ba <_strtod_l+0x292>
1000809e:	1c4b      	adds	r3, r1, #1
100080a0:	9319      	str	r3, [sp, #100]	@ 0x64
100080a2:	781d      	ldrb	r5, [r3, #0]
100080a4:	0019      	movs	r1, r3
100080a6:	3301      	adds	r3, #1
100080a8:	2d30      	cmp	r5, #48	@ 0x30
100080aa:	d0f9      	beq.n	100080a0 <_strtod_l+0x278>
100080ac:	2300      	movs	r3, #0
100080ae:	930c      	str	r3, [sp, #48]	@ 0x30
100080b0:	002b      	movs	r3, r5
100080b2:	3b31      	subs	r3, #49	@ 0x31
100080b4:	2b08      	cmp	r3, #8
100080b6:	d8ac      	bhi.n	10008012 <_strtod_l+0x1ea>
100080b8:	3301      	adds	r3, #1
100080ba:	1c4d      	adds	r5, r1, #1
100080bc:	9519      	str	r5, [sp, #100]	@ 0x64
100080be:	46ac      	mov	ip, r5
100080c0:	784d      	ldrb	r5, [r1, #1]
100080c2:	930b      	str	r3, [sp, #44]	@ 0x2c
100080c4:	2d2f      	cmp	r5, #47	@ 0x2f
100080c6:	dc01      	bgt.n	100080cc <_strtod_l+0x2a4>
100080c8:	f000 fc2e 	bl	10008928 <_strtod_l+0xb00>
100080cc:	920c      	str	r2, [sp, #48]	@ 0x30
100080ce:	4662      	mov	r2, ip
100080d0:	9110      	str	r1, [sp, #64]	@ 0x40
100080d2:	990c      	ldr	r1, [sp, #48]	@ 0x30
100080d4:	4683      	mov	fp, r0
100080d6:	468c      	mov	ip, r1
100080d8:	0010      	movs	r0, r2
100080da:	9b0b      	ldr	r3, [sp, #44]	@ 0x2c
100080dc:	e00a      	b.n	100080f4 <_strtod_l+0x2cc>
100080de:	0099      	lsls	r1, r3, #2
100080e0:	18c9      	adds	r1, r1, r3
100080e2:	3201      	adds	r2, #1
100080e4:	0049      	lsls	r1, r1, #1
100080e6:	9219      	str	r2, [sp, #100]	@ 0x64
100080e8:	194b      	adds	r3, r1, r5
100080ea:	7845      	ldrb	r5, [r0, #1]
100080ec:	3b30      	subs	r3, #48	@ 0x30
100080ee:	2d2f      	cmp	r5, #47	@ 0x2f
100080f0:	dd02      	ble.n	100080f8 <_strtod_l+0x2d0>
100080f2:	0010      	movs	r0, r2
100080f4:	2d39      	cmp	r5, #57	@ 0x39
100080f6:	ddf2      	ble.n	100080de <_strtod_l+0x2b6>
100080f8:	4660      	mov	r0, ip
100080fa:	4694      	mov	ip, r2
100080fc:	930b      	str	r3, [sp, #44]	@ 0x2c
100080fe:	4663      	mov	r3, ip
10008100:	9910      	ldr	r1, [sp, #64]	@ 0x40
10008102:	900c      	str	r0, [sp, #48]	@ 0x30
10008104:	9a0c      	ldr	r2, [sp, #48]	@ 0x30
10008106:	4658      	mov	r0, fp
10008108:	1a59      	subs	r1, r3, r1
1000810a:	2908      	cmp	r1, #8
1000810c:	dc01      	bgt.n	10008112 <_strtod_l+0x2ea>
1000810e:	f000 fc0b 	bl	10008928 <_strtod_l+0xb00>
10008112:	4b09      	ldr	r3, [pc, #36]	@ (10008138 <_strtod_l+0x310>)
10008114:	930c      	str	r3, [sp, #48]	@ 0x30
10008116:	9b0a      	ldr	r3, [sp, #40]	@ 0x28
10008118:	2b00      	cmp	r3, #0
1000811a:	d100      	bne.n	1000811e <_strtod_l+0x2f6>
1000811c:	e779      	b.n	10008012 <_strtod_l+0x1ea>
1000811e:	9b0c      	ldr	r3, [sp, #48]	@ 0x30
10008120:	425b      	negs	r3, r3
10008122:	930c      	str	r3, [sp, #48]	@ 0x30
10008124:	e775      	b.n	10008012 <_strtod_l+0x1ea>
10008126:	46c0      	nop			@ (mov r8, r8)
10008128:	1000bc48 	.word	0x1000bc48
1000812c:	1000b70c 	.word	0x1000b70c
10008130:	1000b71c 	.word	0x1000b71c
10008134:	1000b600 	.word	0x1000b600
10008138:	00004e1f 	.word	0x00004e1f
1000813c:	9b0c      	ldr	r3, [sp, #48]	@ 0x30
1000813e:	9a12      	ldr	r2, [sp, #72]	@ 0x48
10008140:	1a9b      	subs	r3, r3, r2
10008142:	930b      	str	r3, [sp, #44]	@ 0x2c
10008144:	9b0d      	ldr	r3, [sp, #52]	@ 0x34
10008146:	2b00      	cmp	r3, #0
10008148:	d100      	bne.n	1000814c <_strtod_l+0x324>
1000814a:	960d      	str	r6, [sp, #52]	@ 0x34
1000814c:	0034      	movs	r4, r6
1000814e:	2e10      	cmp	r6, #16
10008150:	dd00      	ble.n	10008154 <_strtod_l+0x32c>
10008152:	2410      	movs	r4, #16
10008154:	4648      	mov	r0, r9
10008156:	f7fa fcad 	bl	10002ab4 <__wrap___aeabi_ui2d>
1000815a:	9004      	str	r0, [sp, #16]
1000815c:	9105      	str	r1, [sp, #20]
1000815e:	2e09      	cmp	r6, #9
10008160:	dd17      	ble.n	10008192 <_strtod_l+0x36a>
10008162:	0022      	movs	r2, r4
10008164:	4b62      	ldr	r3, [pc, #392]	@ (100082f0 <_strtod_l+0x4c8>)
10008166:	3a09      	subs	r2, #9
10008168:	00d2      	lsls	r2, r2, #3
1000816a:	189b      	adds	r3, r3, r2
1000816c:	681a      	ldr	r2, [r3, #0]
1000816e:	685b      	ldr	r3, [r3, #4]
10008170:	f7fa fc2d 	bl	100029ce <__wrap___aeabi_dmul>
10008174:	9004      	str	r0, [sp, #16]
10008176:	9105      	str	r1, [sp, #20]
10008178:	4650      	mov	r0, sl
1000817a:	f7fa fc9b 	bl	10002ab4 <__wrap___aeabi_ui2d>
1000817e:	0002      	movs	r2, r0
10008180:	000b      	movs	r3, r1
10008182:	9804      	ldr	r0, [sp, #16]
10008184:	9905      	ldr	r1, [sp, #20]
10008186:	f7fa fbfb 	bl	10002980 <__wrap___aeabi_dadd>
1000818a:	9004      	str	r0, [sp, #16]
1000818c:	9105      	str	r1, [sp, #20]
1000818e:	2e0f      	cmp	r6, #15
10008190:	dc25      	bgt.n	100081de <_strtod_l+0x3b6>
10008192:	9b0b      	ldr	r3, [sp, #44]	@ 0x2c
10008194:	2b00      	cmp	r3, #0
10008196:	d100      	bne.n	1000819a <_strtod_l+0x372>
10008198:	e339      	b.n	1000880e <_strtod_l+0x9e6>
1000819a:	9b0b      	ldr	r3, [sp, #44]	@ 0x2c
1000819c:	2b00      	cmp	r3, #0
1000819e:	dc00      	bgt.n	100081a2 <_strtod_l+0x37a>
100081a0:	e24e      	b.n	10008640 <_strtod_l+0x818>
100081a2:	2b16      	cmp	r3, #22
100081a4:	dc00      	bgt.n	100081a8 <_strtod_l+0x380>
100081a6:	e3c8      	b.n	1000893a <_strtod_l+0xb12>
100081a8:	2325      	movs	r3, #37	@ 0x25
100081aa:	9a0b      	ldr	r2, [sp, #44]	@ 0x2c
100081ac:	1b9b      	subs	r3, r3, r6
100081ae:	4293      	cmp	r3, r2
100081b0:	db15      	blt.n	100081de <_strtod_l+0x3b6>
100081b2:	9a04      	ldr	r2, [sp, #16]
100081b4:	9b05      	ldr	r3, [sp, #20]
100081b6:	240f      	movs	r4, #15
100081b8:	4d4d      	ldr	r5, [pc, #308]	@ (100082f0 <_strtod_l+0x4c8>)
100081ba:	1ba4      	subs	r4, r4, r6
100081bc:	00e1      	lsls	r1, r4, #3
100081be:	1869      	adds	r1, r5, r1
100081c0:	6808      	ldr	r0, [r1, #0]
100081c2:	6849      	ldr	r1, [r1, #4]
100081c4:	f7fa fc03 	bl	100029ce <__wrap___aeabi_dmul>
100081c8:	9b0b      	ldr	r3, [sp, #44]	@ 0x2c
100081ca:	1b1c      	subs	r4, r3, r4
100081cc:	00e4      	lsls	r4, r4, #3
100081ce:	192d      	adds	r5, r5, r4
100081d0:	682a      	ldr	r2, [r5, #0]
100081d2:	686b      	ldr	r3, [r5, #4]
100081d4:	f7fa fbfb 	bl	100029ce <__wrap___aeabi_dmul>
100081d8:	0006      	movs	r6, r0
100081da:	000f      	movs	r7, r1
100081dc:	e1c0      	b.n	10008560 <_strtod_l+0x738>
100081de:	9b0b      	ldr	r3, [sp, #44]	@ 0x2c
100081e0:	1b34      	subs	r4, r6, r4
100081e2:	469c      	mov	ip, r3
100081e4:	4464      	add	r4, ip
100081e6:	2c00      	cmp	r4, #0
100081e8:	dc00      	bgt.n	100081ec <_strtod_l+0x3c4>
100081ea:	e1ca      	b.n	10008582 <_strtod_l+0x75a>
100081ec:	230f      	movs	r3, #15
100081ee:	001a      	movs	r2, r3
100081f0:	4022      	ands	r2, r4
100081f2:	4223      	tst	r3, r4
100081f4:	d00a      	beq.n	1000820c <_strtod_l+0x3e4>
100081f6:	4b3e      	ldr	r3, [pc, #248]	@ (100082f0 <_strtod_l+0x4c8>)
100081f8:	00d2      	lsls	r2, r2, #3
100081fa:	1899      	adds	r1, r3, r2
100081fc:	6808      	ldr	r0, [r1, #0]
100081fe:	6849      	ldr	r1, [r1, #4]
10008200:	9a04      	ldr	r2, [sp, #16]
10008202:	9b05      	ldr	r3, [sp, #20]
10008204:	f7fa fbe3 	bl	100029ce <__wrap___aeabi_dmul>
10008208:	9004      	str	r0, [sp, #16]
1000820a:	9105      	str	r1, [sp, #20]
1000820c:	230f      	movs	r3, #15
1000820e:	439c      	bics	r4, r3
10008210:	1e23      	subs	r3, r4, #0
10008212:	d04f      	beq.n	100082b4 <_strtod_l+0x48c>
10008214:	229a      	movs	r2, #154	@ 0x9a
10008216:	0052      	lsls	r2, r2, #1
10008218:	4294      	cmp	r4, r2
1000821a:	dd00      	ble.n	1000821e <_strtod_l+0x3f6>
1000821c:	e3a6      	b.n	1000896c <_strtod_l+0xb44>
1000821e:	1124      	asrs	r4, r4, #4
10008220:	2b1f      	cmp	r3, #31
10008222:	dc01      	bgt.n	10008228 <_strtod_l+0x400>
10008224:	f000 fccb 	bl	10008bbe <_strtod_l+0xd96>
10008228:	9804      	ldr	r0, [sp, #16]
1000822a:	9905      	ldr	r1, [sp, #20]
1000822c:	2200      	movs	r2, #0
1000822e:	4692      	mov	sl, r2
10008230:	3201      	adds	r2, #1
10008232:	4693      	mov	fp, r2
10008234:	4652      	mov	r2, sl
10008236:	4b2f      	ldr	r3, [pc, #188]	@ (100082f4 <_strtod_l+0x4cc>)
10008238:	46b2      	mov	sl, r6
1000823a:	001d      	movs	r5, r3
1000823c:	9309      	str	r3, [sp, #36]	@ 0x24
1000823e:	0016      	movs	r6, r2
10008240:	2300      	movs	r3, #0
10008242:	465a      	mov	r2, fp
10008244:	4222      	tst	r2, r4
10008246:	d004      	beq.n	10008252 <_strtod_l+0x42a>
10008248:	682a      	ldr	r2, [r5, #0]
1000824a:	686b      	ldr	r3, [r5, #4]
1000824c:	f7fa fbbf 	bl	100029ce <__wrap___aeabi_dmul>
10008250:	2301      	movs	r3, #1
10008252:	3601      	adds	r6, #1
10008254:	1064      	asrs	r4, r4, #1
10008256:	3508      	adds	r5, #8
10008258:	2c01      	cmp	r4, #1
1000825a:	d1f2      	bne.n	10008242 <_strtod_l+0x41a>
1000825c:	0032      	movs	r2, r6
1000825e:	4656      	mov	r6, sl
10008260:	4692      	mov	sl, r2
10008262:	2b00      	cmp	r3, #0
10008264:	d001      	beq.n	1000826a <_strtod_l+0x442>
10008266:	9004      	str	r0, [sp, #16]
10008268:	9105      	str	r1, [sp, #20]
1000826a:	4a23      	ldr	r2, [pc, #140]	@ (100082f8 <_strtod_l+0x4d0>)
1000826c:	9b05      	ldr	r3, [sp, #20]
1000826e:	4694      	mov	ip, r2
10008270:	4463      	add	r3, ip
10008272:	9305      	str	r3, [sp, #20]
10008274:	4653      	mov	r3, sl
10008276:	00d9      	lsls	r1, r3, #3
10008278:	9b09      	ldr	r3, [sp, #36]	@ 0x24
1000827a:	469c      	mov	ip, r3
1000827c:	9a04      	ldr	r2, [sp, #16]
1000827e:	9b05      	ldr	r3, [sp, #20]
10008280:	4461      	add	r1, ip
10008282:	6808      	ldr	r0, [r1, #0]
10008284:	6849      	ldr	r1, [r1, #4]
10008286:	f7fa fba2 	bl	100029ce <__wrap___aeabi_dmul>
1000828a:	4b1c      	ldr	r3, [pc, #112]	@ (100082fc <_strtod_l+0x4d4>)
1000828c:	4a1c      	ldr	r2, [pc, #112]	@ (10008300 <_strtod_l+0x4d8>)
1000828e:	9004      	str	r0, [sp, #16]
10008290:	9105      	str	r1, [sp, #20]
10008292:	400b      	ands	r3, r1
10008294:	4293      	cmp	r3, r2
10008296:	d900      	bls.n	1000829a <_strtod_l+0x472>
10008298:	e368      	b.n	1000896c <_strtod_l+0xb44>
1000829a:	20d4      	movs	r0, #212	@ 0xd4
1000829c:	0480      	lsls	r0, r0, #18
1000829e:	4684      	mov	ip, r0
100082a0:	4a18      	ldr	r2, [pc, #96]	@ (10008304 <_strtod_l+0x4dc>)
100082a2:	4461      	add	r1, ip
100082a4:	9105      	str	r1, [sp, #20]
100082a6:	4293      	cmp	r3, r2
100082a8:	d904      	bls.n	100082b4 <_strtod_l+0x48c>
100082aa:	2301      	movs	r3, #1
100082ac:	4c16      	ldr	r4, [pc, #88]	@ (10008308 <_strtod_l+0x4e0>)
100082ae:	425b      	negs	r3, r3
100082b0:	9304      	str	r3, [sp, #16]
100082b2:	9405      	str	r4, [sp, #20]
100082b4:	2300      	movs	r3, #0
100082b6:	930a      	str	r3, [sp, #40]	@ 0x28
100082b8:	464b      	mov	r3, r9
100082ba:	0039      	movs	r1, r7
100082bc:	9300      	str	r3, [sp, #0]
100082be:	4640      	mov	r0, r8
100082c0:	0033      	movs	r3, r6
100082c2:	9a0d      	ldr	r2, [sp, #52]	@ 0x34
100082c4:	f002 fb2e 	bl	1000a924 <__s2b>
100082c8:	9013      	str	r0, [sp, #76]	@ 0x4c
100082ca:	2800      	cmp	r0, #0
100082cc:	d100      	bne.n	100082d0 <_strtod_l+0x4a8>
100082ce:	e34d      	b.n	1000896c <_strtod_l+0xb44>
100082d0:	990b      	ldr	r1, [sp, #44]	@ 0x2c
100082d2:	9a12      	ldr	r2, [sp, #72]	@ 0x48
100082d4:	43cb      	mvns	r3, r1
100082d6:	980c      	ldr	r0, [sp, #48]	@ 0x30
100082d8:	17db      	asrs	r3, r3, #31
100082da:	1a10      	subs	r0, r2, r0
100082dc:	17ca      	asrs	r2, r1, #31
100082de:	4019      	ands	r1, r3
100082e0:	2300      	movs	r3, #0
100082e2:	4010      	ands	r0, r2
100082e4:	4699      	mov	r9, r3
100082e6:	469b      	mov	fp, r3
100082e8:	900c      	str	r0, [sp, #48]	@ 0x30
100082ea:	9114      	str	r1, [sp, #80]	@ 0x50
100082ec:	e0f0      	b.n	100084d0 <_strtod_l+0x6a8>
100082ee:	46c0      	nop			@ (mov r8, r8)
100082f0:	1000bfd0 	.word	0x1000bfd0
100082f4:	1000bfa8 	.word	0x1000bfa8
100082f8:	fcb00000 	.word	0xfcb00000
100082fc:	7ff00000 	.word	0x7ff00000
10008300:	7ca00000 	.word	0x7ca00000
10008304:	7c900000 	.word	0x7c900000
10008308:	7fefffff 	.word	0x7fefffff
1000830c:	1ac9      	subs	r1, r1, r3
1000830e:	1a52      	subs	r2, r2, r1
10008310:	291f      	cmp	r1, #31
10008312:	dd00      	ble.n	10008316 <_strtod_l+0x4ee>
10008314:	e23e      	b.n	10008794 <_strtod_l+0x96c>
10008316:	2301      	movs	r3, #1
10008318:	408b      	lsls	r3, r1
1000831a:	9310      	str	r3, [sp, #64]	@ 0x40
1000831c:	2300      	movs	r3, #0
1000831e:	9315      	str	r3, [sp, #84]	@ 0x54
10008320:	18ab      	adds	r3, r5, r2
10008322:	469a      	mov	sl, r3
10008324:	9b0a      	ldr	r3, [sp, #40]	@ 0x28
10008326:	18a4      	adds	r4, r4, r2
10008328:	469c      	mov	ip, r3
1000832a:	002b      	movs	r3, r5
1000832c:	4464      	add	r4, ip
1000832e:	4555      	cmp	r5, sl
10008330:	dd00      	ble.n	10008334 <_strtod_l+0x50c>
10008332:	4653      	mov	r3, sl
10008334:	42a3      	cmp	r3, r4
10008336:	dd00      	ble.n	1000833a <_strtod_l+0x512>
10008338:	0023      	movs	r3, r4
1000833a:	2b00      	cmp	r3, #0
1000833c:	dd04      	ble.n	10008348 <_strtod_l+0x520>
1000833e:	4652      	mov	r2, sl
10008340:	1ad2      	subs	r2, r2, r3
10008342:	4692      	mov	sl, r2
10008344:	1ae4      	subs	r4, r4, r3
10008346:	1aed      	subs	r5, r5, r3
10008348:	9b0c      	ldr	r3, [sp, #48]	@ 0x30
1000834a:	2b00      	cmp	r3, #0
1000834c:	dd00      	ble.n	10008350 <_strtod_l+0x528>
1000834e:	e1b1      	b.n	100086b4 <_strtod_l+0x88c>
10008350:	4653      	mov	r3, sl
10008352:	2b00      	cmp	r3, #0
10008354:	dd00      	ble.n	10008358 <_strtod_l+0x530>
10008356:	e1c8      	b.n	100086ea <_strtod_l+0x8c2>
10008358:	9b0b      	ldr	r3, [sp, #44]	@ 0x2c
1000835a:	2b00      	cmp	r3, #0
1000835c:	dd00      	ble.n	10008360 <_strtod_l+0x538>
1000835e:	e20b      	b.n	10008778 <_strtod_l+0x950>
10008360:	2c00      	cmp	r4, #0
10008362:	dd00      	ble.n	10008366 <_strtod_l+0x53e>
10008364:	e1fc      	b.n	10008760 <_strtod_l+0x938>
10008366:	2d00      	cmp	r5, #0
10008368:	dd08      	ble.n	1000837c <_strtod_l+0x554>
1000836a:	4649      	mov	r1, r9
1000836c:	002a      	movs	r2, r5
1000836e:	4640      	mov	r0, r8
10008370:	f002 fcf2 	bl	1000ad58 <__lshift>
10008374:	4681      	mov	r9, r0
10008376:	2800      	cmp	r0, #0
10008378:	d100      	bne.n	1000837c <_strtod_l+0x554>
1000837a:	e1fa      	b.n	10008772 <_strtod_l+0x94a>
1000837c:	4640      	mov	r0, r8
1000837e:	991a      	ldr	r1, [sp, #104]	@ 0x68
10008380:	9a09      	ldr	r2, [sp, #36]	@ 0x24
10008382:	f002 fd85 	bl	1000ae90 <__mdiff>
10008386:	4683      	mov	fp, r0
10008388:	2800      	cmp	r0, #0
1000838a:	d100      	bne.n	1000838e <_strtod_l+0x566>
1000838c:	e1f1      	b.n	10008772 <_strtod_l+0x94a>
1000838e:	68c3      	ldr	r3, [r0, #12]
10008390:	4649      	mov	r1, r9
10008392:	9312      	str	r3, [sp, #72]	@ 0x48
10008394:	2300      	movs	r3, #0
10008396:	60c3      	str	r3, [r0, #12]
10008398:	f002 fd5c 	bl	1000ae54 <__mcmp>
1000839c:	2800      	cmp	r0, #0
1000839e:	da00      	bge.n	100083a2 <_strtod_l+0x57a>
100083a0:	e3c8      	b.n	10008b34 <_strtod_l+0xd0c>
100083a2:	9b05      	ldr	r3, [sp, #20]
100083a4:	930d      	str	r3, [sp, #52]	@ 0x34
100083a6:	d100      	bne.n	100083aa <_strtod_l+0x582>
100083a8:	e34a      	b.n	10008a40 <_strtod_l+0xc18>
100083aa:	4649      	mov	r1, r9
100083ac:	4658      	mov	r0, fp
100083ae:	f002 ff2b 	bl	1000b208 <__ratio>
100083b2:	2380      	movs	r3, #128	@ 0x80
100083b4:	2200      	movs	r2, #0
100083b6:	05db      	lsls	r3, r3, #23
100083b8:	0004      	movs	r4, r0
100083ba:	000d      	movs	r5, r1
100083bc:	f7fa fb58 	bl	10002a70 <__wrap___aeabi_dcmple>
100083c0:	2800      	cmp	r0, #0
100083c2:	d100      	bne.n	100083c6 <_strtod_l+0x59e>
100083c4:	e168      	b.n	10008698 <_strtod_l+0x870>
100083c6:	9b12      	ldr	r3, [sp, #72]	@ 0x48
100083c8:	2b00      	cmp	r3, #0
100083ca:	d000      	beq.n	100083ce <_strtod_l+0x5a6>
100083cc:	e1ef      	b.n	100087ae <_strtod_l+0x986>
100083ce:	9b04      	ldr	r3, [sp, #16]
100083d0:	2b00      	cmp	r3, #0
100083d2:	d000      	beq.n	100083d6 <_strtod_l+0x5ae>
100083d4:	e274      	b.n	100088c0 <_strtod_l+0xa98>
100083d6:	9b0d      	ldr	r3, [sp, #52]	@ 0x34
100083d8:	031b      	lsls	r3, r3, #12
100083da:	d000      	beq.n	100083de <_strtod_l+0x5b6>
100083dc:	e21a      	b.n	10008814 <_strtod_l+0x9ec>
100083de:	2200      	movs	r2, #0
100083e0:	0020      	movs	r0, r4
100083e2:	0029      	movs	r1, r5
100083e4:	4bd3      	ldr	r3, [pc, #844]	@ (10008734 <_strtod_l+0x90c>)
100083e6:	f7fa fb3d 	bl	10002a64 <__wrap___aeabi_dcmplt>
100083ea:	2800      	cmp	r0, #0
100083ec:	d000      	beq.n	100083f0 <_strtod_l+0x5c8>
100083ee:	e31e      	b.n	10008a2e <_strtod_l+0xc06>
100083f0:	2200      	movs	r2, #0
100083f2:	4bd1      	ldr	r3, [pc, #836]	@ (10008738 <_strtod_l+0x910>)
100083f4:	0020      	movs	r0, r4
100083f6:	0029      	movs	r1, r5
100083f8:	f7fa fae9 	bl	100029ce <__wrap___aeabi_dmul>
100083fc:	000a      	movs	r2, r1
100083fe:	0001      	movs	r1, r0
10008400:	0013      	movs	r3, r2
10008402:	9110      	str	r1, [sp, #64]	@ 0x40
10008404:	9211      	str	r2, [sp, #68]	@ 0x44
10008406:	900e      	str	r0, [sp, #56]	@ 0x38
10008408:	2280      	movs	r2, #128	@ 0x80
1000840a:	0612      	lsls	r2, r2, #24
1000840c:	4694      	mov	ip, r2
1000840e:	4463      	add	r3, ip
10008410:	930f      	str	r3, [sp, #60]	@ 0x3c
10008412:	9b0d      	ldr	r3, [sp, #52]	@ 0x34
10008414:	4ac9      	ldr	r2, [pc, #804]	@ (1000873c <_strtod_l+0x914>)
10008416:	9c0e      	ldr	r4, [sp, #56]	@ 0x38
10008418:	9d0f      	ldr	r5, [sp, #60]	@ 0x3c
1000841a:	4013      	ands	r3, r2
1000841c:	469a      	mov	sl, r3
1000841e:	4bc8      	ldr	r3, [pc, #800]	@ (10008740 <_strtod_l+0x918>)
10008420:	459a      	cmp	sl, r3
10008422:	d100      	bne.n	10008426 <_strtod_l+0x5fe>
10008424:	e1ca      	b.n	100087bc <_strtod_l+0x994>
10008426:	9b0a      	ldr	r3, [sp, #40]	@ 0x28
10008428:	2b00      	cmp	r3, #0
1000842a:	d028      	beq.n	1000847e <_strtod_l+0x656>
1000842c:	23d4      	movs	r3, #212	@ 0xd4
1000842e:	04db      	lsls	r3, r3, #19
10008430:	459a      	cmp	sl, r3
10008432:	d824      	bhi.n	1000847e <_strtod_l+0x656>
10008434:	9810      	ldr	r0, [sp, #64]	@ 0x40
10008436:	9911      	ldr	r1, [sp, #68]	@ 0x44
10008438:	4ac2      	ldr	r2, [pc, #776]	@ (10008744 <_strtod_l+0x91c>)
1000843a:	4bc3      	ldr	r3, [pc, #780]	@ (10008748 <_strtod_l+0x920>)
1000843c:	f7fa fb18 	bl	10002a70 <__wrap___aeabi_dcmple>
10008440:	2800      	cmp	r0, #0
10008442:	d017      	beq.n	10008474 <_strtod_l+0x64c>
10008444:	9810      	ldr	r0, [sp, #64]	@ 0x40
10008446:	9911      	ldr	r1, [sp, #68]	@ 0x44
10008448:	f7fa fb74 	bl	10002b34 <__wrap___aeabi_d2uiz>
1000844c:	2800      	cmp	r0, #0
1000844e:	d100      	bne.n	10008452 <_strtod_l+0x62a>
10008450:	3001      	adds	r0, #1
10008452:	f7fa fb2f 	bl	10002ab4 <__wrap___aeabi_ui2d>
10008456:	9b12      	ldr	r3, [sp, #72]	@ 0x48
10008458:	9010      	str	r0, [sp, #64]	@ 0x40
1000845a:	9111      	str	r1, [sp, #68]	@ 0x44
1000845c:	2b00      	cmp	r3, #0
1000845e:	d000      	beq.n	10008462 <_strtod_l+0x63a>
10008460:	e2d7      	b.n	10008a12 <_strtod_l+0xbea>
10008462:	2280      	movs	r2, #128	@ 0x80
10008464:	0612      	lsls	r2, r2, #24
10008466:	000b      	movs	r3, r1
10008468:	4694      	mov	ip, r2
1000846a:	4463      	add	r3, ip
1000846c:	9016      	str	r0, [sp, #88]	@ 0x58
1000846e:	9317      	str	r3, [sp, #92]	@ 0x5c
10008470:	9c16      	ldr	r4, [sp, #88]	@ 0x58
10008472:	9d17      	ldr	r5, [sp, #92]	@ 0x5c
10008474:	23d6      	movs	r3, #214	@ 0xd6
10008476:	4652      	mov	r2, sl
10008478:	04db      	lsls	r3, r3, #19
1000847a:	18eb      	adds	r3, r5, r3
1000847c:	1a9d      	subs	r5, r3, r2
1000847e:	0030      	movs	r0, r6
10008480:	0039      	movs	r1, r7
10008482:	f002 fddf 	bl	1000b044 <__ulp>
10008486:	0002      	movs	r2, r0
10008488:	000b      	movs	r3, r1
1000848a:	0020      	movs	r0, r4
1000848c:	0029      	movs	r1, r5
1000848e:	f7fa fa9e 	bl	100029ce <__wrap___aeabi_dmul>
10008492:	0032      	movs	r2, r6
10008494:	003b      	movs	r3, r7
10008496:	f7fa fa73 	bl	10002980 <__wrap___aeabi_dadd>
1000849a:	000e      	movs	r6, r1
1000849c:	9004      	str	r0, [sp, #16]
1000849e:	9105      	str	r1, [sp, #20]
100084a0:	9b0a      	ldr	r3, [sp, #40]	@ 0x28
100084a2:	2b00      	cmp	r3, #0
100084a4:	d104      	bne.n	100084b0 <_strtod_l+0x688>
100084a6:	4ba5      	ldr	r3, [pc, #660]	@ (1000873c <_strtod_l+0x914>)
100084a8:	4033      	ands	r3, r6
100084aa:	459a      	cmp	sl, r3
100084ac:	d100      	bne.n	100084b0 <_strtod_l+0x688>
100084ae:	e1d5      	b.n	1000885c <_strtod_l+0xa34>
100084b0:	4640      	mov	r0, r8
100084b2:	991a      	ldr	r1, [sp, #104]	@ 0x68
100084b4:	f002 f9d8 	bl	1000a868 <_Bfree>
100084b8:	4640      	mov	r0, r8
100084ba:	9909      	ldr	r1, [sp, #36]	@ 0x24
100084bc:	f002 f9d4 	bl	1000a868 <_Bfree>
100084c0:	4649      	mov	r1, r9
100084c2:	4640      	mov	r0, r8
100084c4:	f002 f9d0 	bl	1000a868 <_Bfree>
100084c8:	4659      	mov	r1, fp
100084ca:	4640      	mov	r0, r8
100084cc:	f002 f9cc 	bl	1000a868 <_Bfree>
100084d0:	9c13      	ldr	r4, [sp, #76]	@ 0x4c
100084d2:	4640      	mov	r0, r8
100084d4:	6861      	ldr	r1, [r4, #4]
100084d6:	f002 f99f 	bl	1000a818 <_Balloc>
100084da:	1e03      	subs	r3, r0, #0
100084dc:	9009      	str	r0, [sp, #36]	@ 0x24
100084de:	d100      	bne.n	100084e2 <_strtod_l+0x6ba>
100084e0:	e147      	b.n	10008772 <_strtod_l+0x94a>
100084e2:	6922      	ldr	r2, [r4, #16]
100084e4:	330c      	adds	r3, #12
100084e6:	3202      	adds	r2, #2
100084e8:	340c      	adds	r4, #12
100084ea:	0021      	movs	r1, r4
100084ec:	0018      	movs	r0, r3
100084ee:	0092      	lsls	r2, r2, #2
100084f0:	f7fb f834 	bl	1000355c <__wrap___aeabi_memcpy>
100084f4:	9e04      	ldr	r6, [sp, #16]
100084f6:	9f05      	ldr	r7, [sp, #20]
100084f8:	ab1c      	add	r3, sp, #112	@ 0x70
100084fa:	9301      	str	r3, [sp, #4]
100084fc:	ab1b      	add	r3, sp, #108	@ 0x6c
100084fe:	9300      	str	r3, [sp, #0]
10008500:	0032      	movs	r2, r6
10008502:	003b      	movs	r3, r7
10008504:	4640      	mov	r0, r8
10008506:	f002 fe19 	bl	1000b13c <__d2b>
1000850a:	901a      	str	r0, [sp, #104]	@ 0x68
1000850c:	2800      	cmp	r0, #0
1000850e:	d100      	bne.n	10008512 <_strtod_l+0x6ea>
10008510:	e0f4      	b.n	100086fc <_strtod_l+0x8d4>
10008512:	2101      	movs	r1, #1
10008514:	4640      	mov	r0, r8
10008516:	f002 fab1 	bl	1000aa7c <__i2b>
1000851a:	4681      	mov	r9, r0
1000851c:	2800      	cmp	r0, #0
1000851e:	d100      	bne.n	10008522 <_strtod_l+0x6fa>
10008520:	e127      	b.n	10008772 <_strtod_l+0x94a>
10008522:	9b1b      	ldr	r3, [sp, #108]	@ 0x6c
10008524:	2b00      	cmp	r3, #0
10008526:	da00      	bge.n	1000852a <_strtod_l+0x702>
10008528:	e0db      	b.n	100086e2 <_strtod_l+0x8ba>
1000852a:	9a0c      	ldr	r2, [sp, #48]	@ 0x30
1000852c:	9c14      	ldr	r4, [sp, #80]	@ 0x50
1000852e:	189d      	adds	r5, r3, r2
10008530:	990a      	ldr	r1, [sp, #40]	@ 0x28
10008532:	9a1c      	ldr	r2, [sp, #112]	@ 0x70
10008534:	1a5b      	subs	r3, r3, r1
10008536:	2136      	movs	r1, #54	@ 0x36
10008538:	189b      	adds	r3, r3, r2
1000853a:	1a8a      	subs	r2, r1, r2
1000853c:	4983      	ldr	r1, [pc, #524]	@ (1000874c <_strtod_l+0x924>)
1000853e:	3b01      	subs	r3, #1
10008540:	428b      	cmp	r3, r1
10008542:	da00      	bge.n	10008546 <_strtod_l+0x71e>
10008544:	e6e2      	b.n	1000830c <_strtod_l+0x4e4>
10008546:	2300      	movs	r3, #0
10008548:	9315      	str	r3, [sp, #84]	@ 0x54
1000854a:	3301      	adds	r3, #1
1000854c:	9310      	str	r3, [sp, #64]	@ 0x40
1000854e:	e6e7      	b.n	10008320 <_strtod_l+0x4f8>
10008550:	2300      	movs	r3, #0
10008552:	2600      	movs	r6, #0
10008554:	930d      	str	r3, [sp, #52]	@ 0x34
10008556:	9312      	str	r3, [sp, #72]	@ 0x48
10008558:	2201      	movs	r2, #1
1000855a:	e552      	b.n	10008002 <_strtod_l+0x1da>
1000855c:	2600      	movs	r6, #0
1000855e:	2700      	movs	r7, #0
10008560:	9a07      	ldr	r2, [sp, #28]
10008562:	2a00      	cmp	r2, #0
10008564:	d001      	beq.n	1000856a <_strtod_l+0x742>
10008566:	9b19      	ldr	r3, [sp, #100]	@ 0x64
10008568:	6013      	str	r3, [r2, #0]
1000856a:	9b08      	ldr	r3, [sp, #32]
1000856c:	2b00      	cmp	r3, #0
1000856e:	d100      	bne.n	10008572 <_strtod_l+0x74a>
10008570:	e4c4      	b.n	10007efc <_strtod_l+0xd4>
10008572:	2180      	movs	r1, #128	@ 0x80
10008574:	0609      	lsls	r1, r1, #24
10008576:	187b      	adds	r3, r7, r1
10008578:	001f      	movs	r7, r3
1000857a:	e4bf      	b.n	10007efc <_strtod_l+0xd4>
1000857c:	2300      	movs	r3, #0
1000857e:	930a      	str	r3, [sp, #40]	@ 0x28
10008580:	e585      	b.n	1000808e <_strtod_l+0x266>
10008582:	2c00      	cmp	r4, #0
10008584:	d100      	bne.n	10008588 <_strtod_l+0x760>
10008586:	e695      	b.n	100082b4 <_strtod_l+0x48c>
10008588:	230f      	movs	r3, #15
1000858a:	001a      	movs	r2, r3
1000858c:	4264      	negs	r4, r4
1000858e:	4022      	ands	r2, r4
10008590:	4223      	tst	r3, r4
10008592:	d00a      	beq.n	100085aa <_strtod_l+0x782>
10008594:	9804      	ldr	r0, [sp, #16]
10008596:	9905      	ldr	r1, [sp, #20]
10008598:	4b6d      	ldr	r3, [pc, #436]	@ (10008750 <_strtod_l+0x928>)
1000859a:	00d2      	lsls	r2, r2, #3
1000859c:	189b      	adds	r3, r3, r2
1000859e:	681a      	ldr	r2, [r3, #0]
100085a0:	685b      	ldr	r3, [r3, #4]
100085a2:	f7fa f9f6 	bl	10002992 <__wrap___aeabi_ddiv>
100085a6:	9004      	str	r0, [sp, #16]
100085a8:	9105      	str	r1, [sp, #20]
100085aa:	1124      	asrs	r4, r4, #4
100085ac:	d100      	bne.n	100085b0 <_strtod_l+0x788>
100085ae:	e681      	b.n	100082b4 <_strtod_l+0x48c>
100085b0:	2c1f      	cmp	r4, #31
100085b2:	dc3f      	bgt.n	10008634 <_strtod_l+0x80c>
100085b4:	2310      	movs	r3, #16
100085b6:	001a      	movs	r2, r3
100085b8:	4022      	ands	r2, r4
100085ba:	920a      	str	r2, [sp, #40]	@ 0x28
100085bc:	4223      	tst	r3, r4
100085be:	d001      	beq.n	100085c4 <_strtod_l+0x79c>
100085c0:	335a      	adds	r3, #90	@ 0x5a
100085c2:	930a      	str	r3, [sp, #40]	@ 0x28
100085c4:	2201      	movs	r2, #1
100085c6:	9804      	ldr	r0, [sp, #16]
100085c8:	9905      	ldr	r1, [sp, #20]
100085ca:	2300      	movs	r3, #0
100085cc:	4692      	mov	sl, r2
100085ce:	4d61      	ldr	r5, [pc, #388]	@ (10008754 <_strtod_l+0x92c>)
100085d0:	4652      	mov	r2, sl
100085d2:	4222      	tst	r2, r4
100085d4:	d004      	beq.n	100085e0 <_strtod_l+0x7b8>
100085d6:	682a      	ldr	r2, [r5, #0]
100085d8:	686b      	ldr	r3, [r5, #4]
100085da:	f7fa f9f8 	bl	100029ce <__wrap___aeabi_dmul>
100085de:	2301      	movs	r3, #1
100085e0:	1064      	asrs	r4, r4, #1
100085e2:	3508      	adds	r5, #8
100085e4:	2c00      	cmp	r4, #0
100085e6:	d1f3      	bne.n	100085d0 <_strtod_l+0x7a8>
100085e8:	2b00      	cmp	r3, #0
100085ea:	d001      	beq.n	100085f0 <_strtod_l+0x7c8>
100085ec:	9004      	str	r0, [sp, #16]
100085ee:	9105      	str	r1, [sp, #20]
100085f0:	9b0a      	ldr	r3, [sp, #40]	@ 0x28
100085f2:	2b00      	cmp	r3, #0
100085f4:	d015      	beq.n	10008622 <_strtod_l+0x7fa>
100085f6:	9b04      	ldr	r3, [sp, #16]
100085f8:	9c05      	ldr	r4, [sp, #20]
100085fa:	236b      	movs	r3, #107	@ 0x6b
100085fc:	0062      	lsls	r2, r4, #1
100085fe:	0d52      	lsrs	r2, r2, #21
10008600:	0021      	movs	r1, r4
10008602:	1a9b      	subs	r3, r3, r2
10008604:	2b00      	cmp	r3, #0
10008606:	dd0a      	ble.n	1000861e <_strtod_l+0x7f6>
10008608:	2b1f      	cmp	r3, #31
1000860a:	dc00      	bgt.n	1000860e <_strtod_l+0x7e6>
1000860c:	e314      	b.n	10008c38 <_strtod_l+0xe10>
1000860e:	2000      	movs	r0, #0
10008610:	9004      	str	r0, [sp, #16]
10008612:	2b34      	cmp	r3, #52	@ 0x34
10008614:	dc00      	bgt.n	10008618 <_strtod_l+0x7f0>
10008616:	e316      	b.n	10008c46 <_strtod_l+0xe1e>
10008618:	23dc      	movs	r3, #220	@ 0xdc
1000861a:	049b      	lsls	r3, r3, #18
1000861c:	9305      	str	r3, [sp, #20]
1000861e:	236a      	movs	r3, #106	@ 0x6a
10008620:	930a      	str	r3, [sp, #40]	@ 0x28
10008622:	2200      	movs	r2, #0
10008624:	9804      	ldr	r0, [sp, #16]
10008626:	9905      	ldr	r1, [sp, #20]
10008628:	2300      	movs	r3, #0
1000862a:	f7fa fa13 	bl	10002a54 <__wrap___aeabi_dcmpeq>
1000862e:	2800      	cmp	r0, #0
10008630:	d100      	bne.n	10008634 <_strtod_l+0x80c>
10008632:	e641      	b.n	100082b8 <_strtod_l+0x490>
10008634:	2322      	movs	r3, #34	@ 0x22
10008636:	4642      	mov	r2, r8
10008638:	2600      	movs	r6, #0
1000863a:	2700      	movs	r7, #0
1000863c:	6013      	str	r3, [r2, #0]
1000863e:	e78f      	b.n	10008560 <_strtod_l+0x738>
10008640:	9b0b      	ldr	r3, [sp, #44]	@ 0x2c
10008642:	3316      	adds	r3, #22
10008644:	da00      	bge.n	10008648 <_strtod_l+0x820>
10008646:	e5ca      	b.n	100081de <_strtod_l+0x3b6>
10008648:	990c      	ldr	r1, [sp, #48]	@ 0x30
1000864a:	9a12      	ldr	r2, [sp, #72]	@ 0x48
1000864c:	4b40      	ldr	r3, [pc, #256]	@ (10008750 <_strtod_l+0x928>)
1000864e:	1a52      	subs	r2, r2, r1
10008650:	00d2      	lsls	r2, r2, #3
10008652:	189b      	adds	r3, r3, r2
10008654:	681a      	ldr	r2, [r3, #0]
10008656:	685b      	ldr	r3, [r3, #4]
10008658:	9804      	ldr	r0, [sp, #16]
1000865a:	9905      	ldr	r1, [sp, #20]
1000865c:	f7fa f999 	bl	10002992 <__wrap___aeabi_ddiv>
10008660:	0006      	movs	r6, r0
10008662:	000f      	movs	r7, r1
10008664:	e77c      	b.n	10008560 <_strtod_l+0x738>
10008666:	2201      	movs	r2, #1
10008668:	9208      	str	r2, [sp, #32]
1000866a:	e43c      	b.n	10007ee6 <_strtod_l+0xbe>
1000866c:	493a      	ldr	r1, [pc, #232]	@ (10008758 <_strtod_l+0x930>)
1000866e:	a819      	add	r0, sp, #100	@ 0x64
10008670:	f001 ff98 	bl	1000a5a4 <__match>
10008674:	2800      	cmp	r0, #0
10008676:	d100      	bne.n	1000867a <_strtod_l+0x852>
10008678:	e43a      	b.n	10007ef0 <_strtod_l+0xc8>
1000867a:	9b19      	ldr	r3, [sp, #100]	@ 0x64
1000867c:	4937      	ldr	r1, [pc, #220]	@ (1000875c <_strtod_l+0x934>)
1000867e:	3b01      	subs	r3, #1
10008680:	a819      	add	r0, sp, #100	@ 0x64
10008682:	9319      	str	r3, [sp, #100]	@ 0x64
10008684:	f001 ff8e 	bl	1000a5a4 <__match>
10008688:	2800      	cmp	r0, #0
1000868a:	d102      	bne.n	10008692 <_strtod_l+0x86a>
1000868c:	9b19      	ldr	r3, [sp, #100]	@ 0x64
1000868e:	3301      	adds	r3, #1
10008690:	9319      	str	r3, [sp, #100]	@ 0x64
10008692:	2600      	movs	r6, #0
10008694:	4f29      	ldr	r7, [pc, #164]	@ (1000873c <_strtod_l+0x914>)
10008696:	e763      	b.n	10008560 <_strtod_l+0x738>
10008698:	4b27      	ldr	r3, [pc, #156]	@ (10008738 <_strtod_l+0x910>)
1000869a:	2200      	movs	r2, #0
1000869c:	0020      	movs	r0, r4
1000869e:	0029      	movs	r1, r5
100086a0:	f7fa f995 	bl	100029ce <__wrap___aeabi_dmul>
100086a4:	9b12      	ldr	r3, [sp, #72]	@ 0x48
100086a6:	9010      	str	r0, [sp, #64]	@ 0x40
100086a8:	9111      	str	r1, [sp, #68]	@ 0x44
100086aa:	2b00      	cmp	r3, #0
100086ac:	d17a      	bne.n	100087a4 <_strtod_l+0x97c>
100086ae:	000b      	movs	r3, r1
100086b0:	900e      	str	r0, [sp, #56]	@ 0x38
100086b2:	e6a9      	b.n	10008408 <_strtod_l+0x5e0>
100086b4:	4649      	mov	r1, r9
100086b6:	001a      	movs	r2, r3
100086b8:	4640      	mov	r0, r8
100086ba:	f002 fae5 	bl	1000ac88 <__pow5mult>
100086be:	4681      	mov	r9, r0
100086c0:	2800      	cmp	r0, #0
100086c2:	d056      	beq.n	10008772 <_strtod_l+0x94a>
100086c4:	0001      	movs	r1, r0
100086c6:	9a1a      	ldr	r2, [sp, #104]	@ 0x68
100086c8:	4640      	mov	r0, r8
100086ca:	f002 fa07 	bl	1000aadc <__multiply>
100086ce:	900d      	str	r0, [sp, #52]	@ 0x34
100086d0:	2800      	cmp	r0, #0
100086d2:	d04e      	beq.n	10008772 <_strtod_l+0x94a>
100086d4:	4640      	mov	r0, r8
100086d6:	991a      	ldr	r1, [sp, #104]	@ 0x68
100086d8:	f002 f8c6 	bl	1000a868 <_Bfree>
100086dc:	9b0d      	ldr	r3, [sp, #52]	@ 0x34
100086de:	931a      	str	r3, [sp, #104]	@ 0x68
100086e0:	e636      	b.n	10008350 <_strtod_l+0x528>
100086e2:	9a14      	ldr	r2, [sp, #80]	@ 0x50
100086e4:	9d0c      	ldr	r5, [sp, #48]	@ 0x30
100086e6:	1ad4      	subs	r4, r2, r3
100086e8:	e722      	b.n	10008530 <_strtod_l+0x708>
100086ea:	4652      	mov	r2, sl
100086ec:	4640      	mov	r0, r8
100086ee:	991a      	ldr	r1, [sp, #104]	@ 0x68
100086f0:	f002 fb32 	bl	1000ad58 <__lshift>
100086f4:	901a      	str	r0, [sp, #104]	@ 0x68
100086f6:	2800      	cmp	r0, #0
100086f8:	d000      	beq.n	100086fc <_strtod_l+0x8d4>
100086fa:	e62d      	b.n	10008358 <_strtod_l+0x530>
100086fc:	46da      	mov	sl, fp
100086fe:	2322      	movs	r3, #34	@ 0x22
10008700:	4642      	mov	r2, r8
10008702:	2600      	movs	r6, #0
10008704:	4f0d      	ldr	r7, [pc, #52]	@ (1000873c <_strtod_l+0x914>)
10008706:	6013      	str	r3, [r2, #0]
10008708:	0001      	movs	r1, r0
1000870a:	4640      	mov	r0, r8
1000870c:	f002 f8ac 	bl	1000a868 <_Bfree>
10008710:	4640      	mov	r0, r8
10008712:	9909      	ldr	r1, [sp, #36]	@ 0x24
10008714:	f002 f8a8 	bl	1000a868 <_Bfree>
10008718:	4649      	mov	r1, r9
1000871a:	4640      	mov	r0, r8
1000871c:	f002 f8a4 	bl	1000a868 <_Bfree>
10008720:	4640      	mov	r0, r8
10008722:	9913      	ldr	r1, [sp, #76]	@ 0x4c
10008724:	f002 f8a0 	bl	1000a868 <_Bfree>
10008728:	4651      	mov	r1, sl
1000872a:	4640      	mov	r0, r8
1000872c:	f002 f89c 	bl	1000a868 <_Bfree>
10008730:	e716      	b.n	10008560 <_strtod_l+0x738>
10008732:	46c0      	nop			@ (mov r8, r8)
10008734:	3ff00000 	.word	0x3ff00000
10008738:	3fe00000 	.word	0x3fe00000
1000873c:	7ff00000 	.word	0x7ff00000
10008740:	7fe00000 	.word	0x7fe00000
10008744:	ffc00000 	.word	0xffc00000
10008748:	41dfffff 	.word	0x41dfffff
1000874c:	fffffc02 	.word	0xfffffc02
10008750:	1000bfd0 	.word	0x1000bfd0
10008754:	1000bd40 	.word	0x1000bd40
10008758:	1000b710 	.word	0x1000b710
1000875c:	1000b714 	.word	0x1000b714
10008760:	0022      	movs	r2, r4
10008762:	4640      	mov	r0, r8
10008764:	9909      	ldr	r1, [sp, #36]	@ 0x24
10008766:	f002 faf7 	bl	1000ad58 <__lshift>
1000876a:	9009      	str	r0, [sp, #36]	@ 0x24
1000876c:	2800      	cmp	r0, #0
1000876e:	d000      	beq.n	10008772 <_strtod_l+0x94a>
10008770:	e5f9      	b.n	10008366 <_strtod_l+0x53e>
10008772:	46da      	mov	sl, fp
10008774:	981a      	ldr	r0, [sp, #104]	@ 0x68
10008776:	e7c2      	b.n	100086fe <_strtod_l+0x8d6>
10008778:	4640      	mov	r0, r8
1000877a:	9a14      	ldr	r2, [sp, #80]	@ 0x50
1000877c:	9909      	ldr	r1, [sp, #36]	@ 0x24
1000877e:	f002 fa83 	bl	1000ac88 <__pow5mult>
10008782:	9009      	str	r0, [sp, #36]	@ 0x24
10008784:	2800      	cmp	r0, #0
10008786:	d000      	beq.n	1000878a <_strtod_l+0x962>
10008788:	e5ea      	b.n	10008360 <_strtod_l+0x538>
1000878a:	e7f2      	b.n	10008772 <_strtod_l+0x94a>
1000878c:	2300      	movs	r3, #0
1000878e:	9419      	str	r4, [sp, #100]	@ 0x64
10008790:	930c      	str	r3, [sp, #48]	@ 0x30
10008792:	e43e      	b.n	10008012 <_strtod_l+0x1ea>
10008794:	49cf      	ldr	r1, [pc, #828]	@ (10008ad4 <_strtod_l+0xcac>)
10008796:	1acb      	subs	r3, r1, r3
10008798:	2101      	movs	r1, #1
1000879a:	4099      	lsls	r1, r3
1000879c:	2301      	movs	r3, #1
1000879e:	9115      	str	r1, [sp, #84]	@ 0x54
100087a0:	9310      	str	r3, [sp, #64]	@ 0x40
100087a2:	e5bd      	b.n	10008320 <_strtod_l+0x4f8>
100087a4:	9b10      	ldr	r3, [sp, #64]	@ 0x40
100087a6:	9c11      	ldr	r4, [sp, #68]	@ 0x44
100087a8:	930e      	str	r3, [sp, #56]	@ 0x38
100087aa:	940f      	str	r4, [sp, #60]	@ 0x3c
100087ac:	e631      	b.n	10008412 <_strtod_l+0x5ea>
100087ae:	2300      	movs	r3, #0
100087b0:	4cc9      	ldr	r4, [pc, #804]	@ (10008ad8 <_strtod_l+0xcb0>)
100087b2:	930e      	str	r3, [sp, #56]	@ 0x38
100087b4:	940f      	str	r4, [sp, #60]	@ 0x3c
100087b6:	9310      	str	r3, [sp, #64]	@ 0x40
100087b8:	9411      	str	r4, [sp, #68]	@ 0x44
100087ba:	e62a      	b.n	10008412 <_strtod_l+0x5ea>
100087bc:	4ac7      	ldr	r2, [pc, #796]	@ (10008adc <_strtod_l+0xcb4>)
100087be:	9b0d      	ldr	r3, [sp, #52]	@ 0x34
100087c0:	4694      	mov	ip, r2
100087c2:	4463      	add	r3, ip
100087c4:	9305      	str	r3, [sp, #20]
100087c6:	9c04      	ldr	r4, [sp, #16]
100087c8:	9d05      	ldr	r5, [sp, #20]
100087ca:	0020      	movs	r0, r4
100087cc:	0029      	movs	r1, r5
100087ce:	f002 fc39 	bl	1000b044 <__ulp>
100087d2:	9a0e      	ldr	r2, [sp, #56]	@ 0x38
100087d4:	9b0f      	ldr	r3, [sp, #60]	@ 0x3c
100087d6:	f7fa f8fa 	bl	100029ce <__wrap___aeabi_dmul>
100087da:	0022      	movs	r2, r4
100087dc:	002b      	movs	r3, r5
100087de:	f7fa f8cf 	bl	10002980 <__wrap___aeabi_dadd>
100087e2:	4bbf      	ldr	r3, [pc, #764]	@ (10008ae0 <_strtod_l+0xcb8>)
100087e4:	4abf      	ldr	r2, [pc, #764]	@ (10008ae4 <_strtod_l+0xcbc>)
100087e6:	9004      	str	r0, [sp, #16]
100087e8:	9105      	str	r1, [sp, #20]
100087ea:	400b      	ands	r3, r1
100087ec:	4293      	cmp	r3, r2
100087ee:	d800      	bhi.n	100087f2 <_strtod_l+0x9ca>
100087f0:	e08f      	b.n	10008912 <_strtod_l+0xaea>
100087f2:	4abd      	ldr	r2, [pc, #756]	@ (10008ae8 <_strtod_l+0xcc0>)
100087f4:	4297      	cmp	r7, r2
100087f6:	d101      	bne.n	100087fc <_strtod_l+0x9d4>
100087f8:	3601      	adds	r6, #1
100087fa:	d0ba      	beq.n	10008772 <_strtod_l+0x94a>
100087fc:	2301      	movs	r3, #1
100087fe:	4cba      	ldr	r4, [pc, #744]	@ (10008ae8 <_strtod_l+0xcc0>)
10008800:	425b      	negs	r3, r3
10008802:	9304      	str	r3, [sp, #16]
10008804:	9405      	str	r4, [sp, #20]
10008806:	e653      	b.n	100084b0 <_strtod_l+0x688>
10008808:	2300      	movs	r3, #0
1000880a:	930a      	str	r3, [sp, #40]	@ 0x28
1000880c:	e43c      	b.n	10008088 <_strtod_l+0x260>
1000880e:	9e04      	ldr	r6, [sp, #16]
10008810:	9f05      	ldr	r7, [sp, #20]
10008812:	e6a5      	b.n	10008560 <_strtod_l+0x738>
10008814:	2300      	movs	r3, #0
10008816:	4cb5      	ldr	r4, [pc, #724]	@ (10008aec <_strtod_l+0xcc4>)
10008818:	930e      	str	r3, [sp, #56]	@ 0x38
1000881a:	940f      	str	r4, [sp, #60]	@ 0x3c
1000881c:	2300      	movs	r3, #0
1000881e:	4cae      	ldr	r4, [pc, #696]	@ (10008ad8 <_strtod_l+0xcb0>)
10008820:	9310      	str	r3, [sp, #64]	@ 0x40
10008822:	9411      	str	r4, [sp, #68]	@ 0x44
10008824:	e5f5      	b.n	10008412 <_strtod_l+0x5ea>
10008826:	9302      	str	r3, [sp, #8]
10008828:	9b08      	ldr	r3, [sp, #32]
1000882a:	4640      	mov	r0, r8
1000882c:	9301      	str	r3, [sp, #4]
1000882e:	ab1a      	add	r3, sp, #104	@ 0x68
10008830:	9300      	str	r3, [sp, #0]
10008832:	4aaf      	ldr	r2, [pc, #700]	@ (10008af0 <_strtod_l+0xcc8>)
10008834:	ab1b      	add	r3, sp, #108	@ 0x6c
10008836:	a919      	add	r1, sp, #100	@ 0x64
10008838:	f000 fbf4 	bl	10009024 <__gethex>
1000883c:	230f      	movs	r3, #15
1000883e:	001e      	movs	r6, r3
10008840:	0004      	movs	r4, r0
10008842:	4006      	ands	r6, r0
10008844:	4203      	tst	r3, r0
10008846:	d100      	bne.n	1000884a <_strtod_l+0xa22>
10008848:	e688      	b.n	1000855c <_strtod_l+0x734>
1000884a:	2e06      	cmp	r6, #6
1000884c:	d000      	beq.n	10008850 <_strtod_l+0xa28>
1000884e:	e09e      	b.n	1000898e <_strtod_l+0xb66>
10008850:	2300      	movs	r3, #0
10008852:	2600      	movs	r6, #0
10008854:	2700      	movs	r7, #0
10008856:	9519      	str	r5, [sp, #100]	@ 0x64
10008858:	9308      	str	r3, [sp, #32]
1000885a:	e681      	b.n	10008560 <_strtod_l+0x738>
1000885c:	9c10      	ldr	r4, [sp, #64]	@ 0x40
1000885e:	9d11      	ldr	r5, [sp, #68]	@ 0x44
10008860:	0020      	movs	r0, r4
10008862:	0029      	movs	r1, r5
10008864:	f7fa f97e 	bl	10002b64 <__wrap___aeabi_d2lz>
10008868:	f7fa f970 	bl	10002b4c <__wrap___aeabi_l2d>
1000886c:	0002      	movs	r2, r0
1000886e:	000b      	movs	r3, r1
10008870:	0020      	movs	r0, r4
10008872:	0029      	movs	r1, r5
10008874:	f7fa f87b 	bl	1000296e <__wrap___aeabi_dsub>
10008878:	9a04      	ldr	r2, [sp, #16]
1000887a:	9b12      	ldr	r3, [sp, #72]	@ 0x48
1000887c:	0336      	lsls	r6, r6, #12
1000887e:	4313      	orrs	r3, r2
10008880:	0b36      	lsrs	r6, r6, #12
10008882:	0004      	movs	r4, r0
10008884:	000d      	movs	r5, r1
10008886:	4a9b      	ldr	r2, [pc, #620]	@ (10008af4 <_strtod_l+0xccc>)
10008888:	4333      	orrs	r3, r6
1000888a:	d10a      	bne.n	100088a2 <_strtod_l+0xa7a>
1000888c:	4b9a      	ldr	r3, [pc, #616]	@ (10008af8 <_strtod_l+0xcd0>)
1000888e:	f7fa f8e9 	bl	10002a64 <__wrap___aeabi_dcmplt>
10008892:	2800      	cmp	r0, #0
10008894:	d100      	bne.n	10008898 <_strtod_l+0xa70>
10008896:	e60b      	b.n	100084b0 <_strtod_l+0x688>
10008898:	46da      	mov	sl, fp
1000889a:	9e04      	ldr	r6, [sp, #16]
1000889c:	9f05      	ldr	r7, [sp, #20]
1000889e:	981a      	ldr	r0, [sp, #104]	@ 0x68
100088a0:	e732      	b.n	10008708 <_strtod_l+0x8e0>
100088a2:	4b96      	ldr	r3, [pc, #600]	@ (10008afc <_strtod_l+0xcd4>)
100088a4:	f7fa f8de 	bl	10002a64 <__wrap___aeabi_dcmplt>
100088a8:	2800      	cmp	r0, #0
100088aa:	d1f5      	bne.n	10008898 <_strtod_l+0xa70>
100088ac:	0020      	movs	r0, r4
100088ae:	0029      	movs	r1, r5
100088b0:	4a93      	ldr	r2, [pc, #588]	@ (10008b00 <_strtod_l+0xcd8>)
100088b2:	4b94      	ldr	r3, [pc, #592]	@ (10008b04 <_strtod_l+0xcdc>)
100088b4:	f7fa f8ec 	bl	10002a90 <__wrap___aeabi_dcmpgt>
100088b8:	2800      	cmp	r0, #0
100088ba:	d100      	bne.n	100088be <_strtod_l+0xa96>
100088bc:	e5f8      	b.n	100084b0 <_strtod_l+0x688>
100088be:	e7eb      	b.n	10008898 <_strtod_l+0xa70>
100088c0:	2b01      	cmp	r3, #1
100088c2:	d1a7      	bne.n	10008814 <_strtod_l+0x9ec>
100088c4:	9b0d      	ldr	r3, [sp, #52]	@ 0x34
100088c6:	2b00      	cmp	r3, #0
100088c8:	d1a4      	bne.n	10008814 <_strtod_l+0x9ec>
100088ca:	46da      	mov	sl, fp
100088cc:	2322      	movs	r3, #34	@ 0x22
100088ce:	4642      	mov	r2, r8
100088d0:	2600      	movs	r6, #0
100088d2:	2700      	movs	r7, #0
100088d4:	981a      	ldr	r0, [sp, #104]	@ 0x68
100088d6:	6013      	str	r3, [r2, #0]
100088d8:	e716      	b.n	10008708 <_strtod_l+0x8e0>
100088da:	4649      	mov	r1, r9
100088dc:	001d      	movs	r5, r3
100088de:	4691      	mov	r9, r2
100088e0:	4653      	mov	r3, sl
100088e2:	000a      	movs	r2, r1
100088e4:	46aa      	mov	sl, r5
100088e6:	4659      	mov	r1, fp
100088e8:	9d12      	ldr	r5, [sp, #72]	@ 0x48
100088ea:	46ab      	mov	fp, r5
100088ec:	4483      	add	fp, r0
100088ee:	4658      	mov	r0, fp
100088f0:	9012      	str	r0, [sp, #72]	@ 0x48
100088f2:	2e08      	cmp	r6, #8
100088f4:	dc2e      	bgt.n	10008954 <_strtod_l+0xb2c>
100088f6:	000e      	movs	r6, r1
100088f8:	f7ff fb38 	bl	10007f6c <_strtod_l+0x144>
100088fc:	2201      	movs	r2, #1
100088fe:	0038      	movs	r0, r7
10008900:	4981      	ldr	r1, [pc, #516]	@ (10008b08 <_strtod_l+0xce0>)
10008902:	f000 ff43 	bl	1000978c <strncmp>
10008906:	2800      	cmp	r0, #0
10008908:	d037      	beq.n	1000897a <_strtod_l+0xb52>
1000890a:	2000      	movs	r0, #0
1000890c:	2200      	movs	r2, #0
1000890e:	f7ff fb83 	bl	10008018 <_strtod_l+0x1f0>
10008912:	23d4      	movs	r3, #212	@ 0xd4
10008914:	049b      	lsls	r3, r3, #18
10008916:	18ce      	adds	r6, r1, r3
10008918:	9605      	str	r6, [sp, #20]
1000891a:	e5c1      	b.n	100084a0 <_strtod_l+0x678>
1000891c:	2d6e      	cmp	r5, #110	@ 0x6e
1000891e:	d101      	bne.n	10008924 <_strtod_l+0xafc>
10008920:	f7ff fb8d 	bl	1000803e <_strtod_l+0x216>
10008924:	f7ff fae4 	bl	10007ef0 <_strtod_l+0xc8>
10008928:	990b      	ldr	r1, [sp, #44]	@ 0x2c
1000892a:	4b78      	ldr	r3, [pc, #480]	@ (10008b0c <_strtod_l+0xce4>)
1000892c:	910c      	str	r1, [sp, #48]	@ 0x30
1000892e:	4299      	cmp	r1, r3
10008930:	dc01      	bgt.n	10008936 <_strtod_l+0xb0e>
10008932:	f7ff fbf0 	bl	10008116 <_strtod_l+0x2ee>
10008936:	f7ff fbed 	bl	10008114 <_strtod_l+0x2ec>
1000893a:	9a0b      	ldr	r2, [sp, #44]	@ 0x2c
1000893c:	4b74      	ldr	r3, [pc, #464]	@ (10008b10 <_strtod_l+0xce8>)
1000893e:	00d1      	lsls	r1, r2, #3
10008940:	1859      	adds	r1, r3, r1
10008942:	6808      	ldr	r0, [r1, #0]
10008944:	6849      	ldr	r1, [r1, #4]
10008946:	9a04      	ldr	r2, [sp, #16]
10008948:	9b05      	ldr	r3, [sp, #20]
1000894a:	f7fa f840 	bl	100029ce <__wrap___aeabi_dmul>
1000894e:	0006      	movs	r6, r0
10008950:	000f      	movs	r7, r1
10008952:	e605      	b.n	10008560 <_strtod_l+0x738>
10008954:	2910      	cmp	r1, #16
10008956:	dc66      	bgt.n	10008a26 <_strtod_l+0xbfe>
10008958:	4650      	mov	r0, sl
1000895a:	0080      	lsls	r0, r0, #2
1000895c:	4450      	add	r0, sl
1000895e:	4692      	mov	sl, r2
10008960:	0040      	lsls	r0, r0, #1
10008962:	4482      	add	sl, r0
10008964:	000e      	movs	r6, r1
10008966:	2000      	movs	r0, #0
10008968:	f7ff fb07 	bl	10007f7a <_strtod_l+0x152>
1000896c:	2322      	movs	r3, #34	@ 0x22
1000896e:	4642      	mov	r2, r8
10008970:	6013      	str	r3, [r2, #0]
10008972:	e68e      	b.n	10008692 <_strtod_l+0x86a>
10008974:	2000      	movs	r0, #0
10008976:	f7ff fae9 	bl	10007f4c <_strtod_l+0x124>
1000897a:	9a19      	ldr	r2, [sp, #100]	@ 0x64
1000897c:	0013      	movs	r3, r2
1000897e:	3201      	adds	r2, #1
10008980:	9219      	str	r2, [sp, #100]	@ 0x64
10008982:	785d      	ldrb	r5, [r3, #1]
10008984:	2300      	movs	r3, #0
10008986:	4699      	mov	r9, r3
10008988:	469a      	mov	sl, r3
1000898a:	f7ff fad2 	bl	10007f32 <_strtod_l+0x10a>
1000898e:	9a1a      	ldr	r2, [sp, #104]	@ 0x68
10008990:	2a00      	cmp	r2, #0
10008992:	d007      	beq.n	100089a4 <_strtod_l+0xb7c>
10008994:	2135      	movs	r1, #53	@ 0x35
10008996:	a81c      	add	r0, sp, #112	@ 0x70
10008998:	f002 fc84 	bl	1000b2a4 <__copybits>
1000899c:	4640      	mov	r0, r8
1000899e:	991a      	ldr	r1, [sp, #104]	@ 0x68
100089a0:	f001 ff62 	bl	1000a868 <_Bfree>
100089a4:	9a1b      	ldr	r2, [sp, #108]	@ 0x6c
100089a6:	2e05      	cmp	r6, #5
100089a8:	d900      	bls.n	100089ac <_strtod_l+0xb84>
100089aa:	e181      	b.n	10008cb0 <_strtod_l+0xe88>
100089ac:	4b59      	ldr	r3, [pc, #356]	@ (10008b14 <_strtod_l+0xcec>)
100089ae:	00b6      	lsls	r6, r6, #2
100089b0:	599b      	ldr	r3, [r3, r6]
100089b2:	469f      	mov	pc, r3
100089b4:	9b1c      	ldr	r3, [sp, #112]	@ 0x70
100089b6:	4958      	ldr	r1, [pc, #352]	@ (10008b18 <_strtod_l+0xcf0>)
100089b8:	9304      	str	r3, [sp, #16]
100089ba:	9b1d      	ldr	r3, [sp, #116]	@ 0x74
100089bc:	400b      	ands	r3, r1
100089be:	4957      	ldr	r1, [pc, #348]	@ (10008b1c <_strtod_l+0xcf4>)
100089c0:	468c      	mov	ip, r1
100089c2:	4462      	add	r2, ip
100089c4:	0512      	lsls	r2, r2, #20
100089c6:	4313      	orrs	r3, r2
100089c8:	9305      	str	r3, [sp, #20]
100089ca:	05e4      	lsls	r4, r4, #23
100089cc:	d503      	bpl.n	100089d6 <_strtod_l+0xbae>
100089ce:	2280      	movs	r2, #128	@ 0x80
100089d0:	0612      	lsls	r2, r2, #24
100089d2:	4313      	orrs	r3, r2
100089d4:	9305      	str	r3, [sp, #20]
100089d6:	4a42      	ldr	r2, [pc, #264]	@ (10008ae0 <_strtod_l+0xcb8>)
100089d8:	9e04      	ldr	r6, [sp, #16]
100089da:	9f05      	ldr	r7, [sp, #20]
100089dc:	4213      	tst	r3, r2
100089de:	d000      	beq.n	100089e2 <_strtod_l+0xbba>
100089e0:	e5be      	b.n	10008560 <_strtod_l+0x738>
100089e2:	f000 ff65 	bl	100098b0 <__errno>
100089e6:	2322      	movs	r3, #34	@ 0x22
100089e8:	6003      	str	r3, [r0, #0]
100089ea:	e5b9      	b.n	10008560 <_strtod_l+0x738>
100089ec:	2201      	movs	r2, #1
100089ee:	4b4c      	ldr	r3, [pc, #304]	@ (10008b20 <_strtod_l+0xcf8>)
100089f0:	4252      	negs	r2, r2
100089f2:	9204      	str	r2, [sp, #16]
100089f4:	9305      	str	r3, [sp, #20]
100089f6:	05e4      	lsls	r4, r4, #23
100089f8:	d400      	bmi.n	100089fc <_strtod_l+0xbd4>
100089fa:	e708      	b.n	1000880e <_strtod_l+0x9e6>
100089fc:	9b05      	ldr	r3, [sp, #20]
100089fe:	e7e6      	b.n	100089ce <_strtod_l+0xba6>
10008a00:	4b37      	ldr	r3, [pc, #220]	@ (10008ae0 <_strtod_l+0xcb8>)
10008a02:	9305      	str	r3, [sp, #20]
10008a04:	e7f7      	b.n	100089f6 <_strtod_l+0xbce>
10008a06:	991c      	ldr	r1, [sp, #112]	@ 0x70
10008a08:	9a1d      	ldr	r2, [sp, #116]	@ 0x74
10008a0a:	9b1d      	ldr	r3, [sp, #116]	@ 0x74
10008a0c:	9104      	str	r1, [sp, #16]
10008a0e:	9205      	str	r2, [sp, #20]
10008a10:	e7db      	b.n	100089ca <_strtod_l+0xba2>
10008a12:	9b10      	ldr	r3, [sp, #64]	@ 0x40
10008a14:	9c11      	ldr	r4, [sp, #68]	@ 0x44
10008a16:	9316      	str	r3, [sp, #88]	@ 0x58
10008a18:	9417      	str	r4, [sp, #92]	@ 0x5c
10008a1a:	e529      	b.n	10008470 <_strtod_l+0x648>
10008a1c:	2300      	movs	r3, #0
10008a1e:	960d      	str	r6, [sp, #52]	@ 0x34
10008a20:	9312      	str	r3, [sp, #72]	@ 0x48
10008a22:	f7ff faad 	bl	10007f80 <_strtod_l+0x158>
10008a26:	000e      	movs	r6, r1
10008a28:	2000      	movs	r0, #0
10008a2a:	f7ff faa6 	bl	10007f7a <_strtod_l+0x152>
10008a2e:	2300      	movs	r3, #0
10008a30:	4c3c      	ldr	r4, [pc, #240]	@ (10008b24 <_strtod_l+0xcfc>)
10008a32:	930e      	str	r3, [sp, #56]	@ 0x38
10008a34:	940f      	str	r4, [sp, #60]	@ 0x3c
10008a36:	2300      	movs	r3, #0
10008a38:	4c32      	ldr	r4, [pc, #200]	@ (10008b04 <_strtod_l+0xcdc>)
10008a3a:	9310      	str	r3, [sp, #64]	@ 0x40
10008a3c:	9411      	str	r4, [sp, #68]	@ 0x44
10008a3e:	e4e8      	b.n	10008412 <_strtod_l+0x5ea>
10008a40:	9b15      	ldr	r3, [sp, #84]	@ 0x54
10008a42:	9912      	ldr	r1, [sp, #72]	@ 0x48
10008a44:	469c      	mov	ip, r3
10008a46:	9b0d      	ldr	r3, [sp, #52]	@ 0x34
10008a48:	46da      	mov	sl, fp
10008a4a:	031a      	lsls	r2, r3, #12
10008a4c:	0b12      	lsrs	r2, r2, #12
10008a4e:	2900      	cmp	r1, #0
10008a50:	d100      	bne.n	10008a54 <_strtod_l+0xc2c>
10008a52:	e0a0      	b.n	10008b96 <_strtod_l+0xd6e>
10008a54:	4934      	ldr	r1, [pc, #208]	@ (10008b28 <_strtod_l+0xd00>)
10008a56:	428a      	cmp	r2, r1
10008a58:	d100      	bne.n	10008a5c <_strtod_l+0xc34>
10008a5a:	e0d3      	b.n	10008c04 <_strtod_l+0xddc>
10008a5c:	4662      	mov	r2, ip
10008a5e:	2a00      	cmp	r2, #0
10008a60:	d101      	bne.n	10008a66 <_strtod_l+0xc3e>
10008a62:	9b10      	ldr	r3, [sp, #64]	@ 0x40
10008a64:	9a04      	ldr	r2, [sp, #16]
10008a66:	4213      	tst	r3, r2
10008a68:	d00c      	beq.n	10008a84 <_strtod_l+0xc5c>
10008a6a:	9804      	ldr	r0, [sp, #16]
10008a6c:	9905      	ldr	r1, [sp, #20]
10008a6e:	9a0a      	ldr	r2, [sp, #40]	@ 0x28
10008a70:	f7ff f9c2 	bl	10007df8 <sulp>
10008a74:	0002      	movs	r2, r0
10008a76:	000b      	movs	r3, r1
10008a78:	0030      	movs	r0, r6
10008a7a:	0039      	movs	r1, r7
10008a7c:	f7f9 ff80 	bl	10002980 <__wrap___aeabi_dadd>
10008a80:	0006      	movs	r6, r0
10008a82:	000f      	movs	r7, r1
10008a84:	9b0a      	ldr	r3, [sp, #40]	@ 0x28
10008a86:	2b00      	cmp	r3, #0
10008a88:	d100      	bne.n	10008a8c <_strtod_l+0xc64>
10008a8a:	e708      	b.n	1000889e <_strtod_l+0xa76>
10008a8c:	0030      	movs	r0, r6
10008a8e:	0039      	movs	r1, r7
10008a90:	4b26      	ldr	r3, [pc, #152]	@ (10008b2c <_strtod_l+0xd04>)
10008a92:	2200      	movs	r2, #0
10008a94:	f7f9 ff9b 	bl	100029ce <__wrap___aeabi_dmul>
10008a98:	4b11      	ldr	r3, [pc, #68]	@ (10008ae0 <_strtod_l+0xcb8>)
10008a9a:	0006      	movs	r6, r0
10008a9c:	000f      	movs	r7, r1
10008a9e:	420b      	tst	r3, r1
10008aa0:	d000      	beq.n	10008aa4 <_strtod_l+0xc7c>
10008aa2:	e6fc      	b.n	1000889e <_strtod_l+0xa76>
10008aa4:	2322      	movs	r3, #34	@ 0x22
10008aa6:	4642      	mov	r2, r8
10008aa8:	981a      	ldr	r0, [sp, #104]	@ 0x68
10008aaa:	6013      	str	r3, [r2, #0]
10008aac:	e62c      	b.n	10008708 <_strtod_l+0x8e0>
10008aae:	4920      	ldr	r1, [pc, #128]	@ (10008b30 <_strtod_l+0xd08>)
10008ab0:	aa1c      	add	r2, sp, #112	@ 0x70
10008ab2:	a819      	add	r0, sp, #100	@ 0x64
10008ab4:	f001 fd8c 	bl	1000a5d0 <__hexnan>
10008ab8:	2805      	cmp	r0, #5
10008aba:	d001      	beq.n	10008ac0 <_strtod_l+0xc98>
10008abc:	f7ff facc 	bl	10008058 <_strtod_l+0x230>
10008ac0:	9b1d      	ldr	r3, [sp, #116]	@ 0x74
10008ac2:	4a07      	ldr	r2, [pc, #28]	@ (10008ae0 <_strtod_l+0xcb8>)
10008ac4:	431a      	orrs	r2, r3
10008ac6:	9b1c      	ldr	r3, [sp, #112]	@ 0x70
10008ac8:	9205      	str	r2, [sp, #20]
10008aca:	9304      	str	r3, [sp, #16]
10008acc:	9e04      	ldr	r6, [sp, #16]
10008ace:	9f05      	ldr	r7, [sp, #20]
10008ad0:	e546      	b.n	10008560 <_strtod_l+0x738>
10008ad2:	46c0      	nop			@ (mov r8, r8)
10008ad4:	fffffbe2 	.word	0xfffffbe2
10008ad8:	3ff00000 	.word	0x3ff00000
10008adc:	fcb00000 	.word	0xfcb00000
10008ae0:	7ff00000 	.word	0x7ff00000
10008ae4:	7c9fffff 	.word	0x7c9fffff
10008ae8:	7fefffff 	.word	0x7fefffff
10008aec:	bff00000 	.word	0xbff00000
10008af0:	1000bd18 	.word	0x1000bd18
10008af4:	94a03595 	.word	0x94a03595
10008af8:	3fcfffff 	.word	0x3fcfffff
10008afc:	3fdfffff 	.word	0x3fdfffff
10008b00:	35afe535 	.word	0x35afe535
10008b04:	3fe00000 	.word	0x3fe00000
10008b08:	1000b70c 	.word	0x1000b70c
10008b0c:	00004e1f 	.word	0x00004e1f
10008b10:	1000bfd0 	.word	0x1000bfd0
10008b14:	1000bd00 	.word	0x1000bd00
10008b18:	ffefffff 	.word	0xffefffff
10008b1c:	00000433 	.word	0x00000433
10008b20:	7fffffff 	.word	0x7fffffff
10008b24:	bfe00000 	.word	0xbfe00000
10008b28:	000fffff 	.word	0x000fffff
10008b2c:	39500000 	.word	0x39500000
10008b30:	1000bd2c 	.word	0x1000bd2c
10008b34:	9b12      	ldr	r3, [sp, #72]	@ 0x48
10008b36:	9904      	ldr	r1, [sp, #16]
10008b38:	9a05      	ldr	r2, [sp, #20]
10008b3a:	46da      	mov	sl, fp
10008b3c:	430b      	orrs	r3, r1
10008b3e:	d1a1      	bne.n	10008a84 <_strtod_l+0xc5c>
10008b40:	0313      	lsls	r3, r2, #12
10008b42:	d19f      	bne.n	10008a84 <_strtod_l+0xc5c>
10008b44:	23d6      	movs	r3, #214	@ 0xd6
10008b46:	4c61      	ldr	r4, [pc, #388]	@ (10008ccc <_strtod_l+0xea4>)
10008b48:	04db      	lsls	r3, r3, #19
10008b4a:	4014      	ands	r4, r2
10008b4c:	429c      	cmp	r4, r3
10008b4e:	d999      	bls.n	10008a84 <_strtod_l+0xc5c>
10008b50:	465b      	mov	r3, fp
10008b52:	695b      	ldr	r3, [r3, #20]
10008b54:	2b00      	cmp	r3, #0
10008b56:	d103      	bne.n	10008b60 <_strtod_l+0xd38>
10008b58:	465b      	mov	r3, fp
10008b5a:	691b      	ldr	r3, [r3, #16]
10008b5c:	2b01      	cmp	r3, #1
10008b5e:	dd91      	ble.n	10008a84 <_strtod_l+0xc5c>
10008b60:	4651      	mov	r1, sl
10008b62:	2201      	movs	r2, #1
10008b64:	4640      	mov	r0, r8
10008b66:	f002 f8f7 	bl	1000ad58 <__lshift>
10008b6a:	4649      	mov	r1, r9
10008b6c:	4682      	mov	sl, r0
10008b6e:	f002 f971 	bl	1000ae54 <__mcmp>
10008b72:	2800      	cmp	r0, #0
10008b74:	dc00      	bgt.n	10008b78 <_strtod_l+0xd50>
10008b76:	e785      	b.n	10008a84 <_strtod_l+0xc5c>
10008b78:	9b0a      	ldr	r3, [sp, #40]	@ 0x28
10008b7a:	2b00      	cmp	r3, #0
10008b7c:	d071      	beq.n	10008c62 <_strtod_l+0xe3a>
10008b7e:	4b54      	ldr	r3, [pc, #336]	@ (10008cd0 <_strtod_l+0xea8>)
10008b80:	4a54      	ldr	r2, [pc, #336]	@ (10008cd4 <_strtod_l+0xeac>)
10008b82:	469c      	mov	ip, r3
10008b84:	2301      	movs	r3, #1
10008b86:	4464      	add	r4, ip
10008b88:	4322      	orrs	r2, r4
10008b8a:	425b      	negs	r3, r3
10008b8c:	9205      	str	r2, [sp, #20]
10008b8e:	9304      	str	r3, [sp, #16]
10008b90:	9e04      	ldr	r6, [sp, #16]
10008b92:	9f05      	ldr	r7, [sp, #20]
10008b94:	e77a      	b.n	10008a8c <_strtod_l+0xc64>
10008b96:	2a00      	cmp	r2, #0
10008b98:	d117      	bne.n	10008bca <_strtod_l+0xda2>
10008b9a:	9a04      	ldr	r2, [sp, #16]
10008b9c:	2a00      	cmp	r2, #0
10008b9e:	d159      	bne.n	10008c54 <_strtod_l+0xe2c>
10008ba0:	9a0a      	ldr	r2, [sp, #40]	@ 0x28
10008ba2:	2a00      	cmp	r2, #0
10008ba4:	d05d      	beq.n	10008c62 <_strtod_l+0xe3a>
10008ba6:	4c49      	ldr	r4, [pc, #292]	@ (10008ccc <_strtod_l+0xea4>)
10008ba8:	401c      	ands	r4, r3
10008baa:	23d6      	movs	r3, #214	@ 0xd6
10008bac:	04db      	lsls	r3, r3, #19
10008bae:	429c      	cmp	r4, r3
10008bb0:	d8e5      	bhi.n	10008b7e <_strtod_l+0xd56>
10008bb2:	23dc      	movs	r3, #220	@ 0xdc
10008bb4:	049b      	lsls	r3, r3, #18
10008bb6:	429c      	cmp	r4, r3
10008bb8:	d900      	bls.n	10008bbc <_strtod_l+0xd94>
10008bba:	e767      	b.n	10008a8c <_strtod_l+0xc64>
10008bbc:	e686      	b.n	100088cc <_strtod_l+0xaa4>
10008bbe:	2300      	movs	r3, #0
10008bc0:	469a      	mov	sl, r3
10008bc2:	4b45      	ldr	r3, [pc, #276]	@ (10008cd8 <_strtod_l+0xeb0>)
10008bc4:	9309      	str	r3, [sp, #36]	@ 0x24
10008bc6:	f7ff fb50 	bl	1000826a <_strtod_l+0x442>
10008bca:	4662      	mov	r2, ip
10008bcc:	2a00      	cmp	r2, #0
10008bce:	d101      	bne.n	10008bd4 <_strtod_l+0xdac>
10008bd0:	9b10      	ldr	r3, [sp, #64]	@ 0x40
10008bd2:	9a04      	ldr	r2, [sp, #16]
10008bd4:	4213      	tst	r3, r2
10008bd6:	d100      	bne.n	10008bda <_strtod_l+0xdb2>
10008bd8:	e754      	b.n	10008a84 <_strtod_l+0xc5c>
10008bda:	9804      	ldr	r0, [sp, #16]
10008bdc:	9905      	ldr	r1, [sp, #20]
10008bde:	9a0a      	ldr	r2, [sp, #40]	@ 0x28
10008be0:	f7ff f90a 	bl	10007df8 <sulp>
10008be4:	0002      	movs	r2, r0
10008be6:	000b      	movs	r3, r1
10008be8:	0030      	movs	r0, r6
10008bea:	0039      	movs	r1, r7
10008bec:	f7f9 febf 	bl	1000296e <__wrap___aeabi_dsub>
10008bf0:	2200      	movs	r2, #0
10008bf2:	2300      	movs	r3, #0
10008bf4:	0006      	movs	r6, r0
10008bf6:	000f      	movs	r7, r1
10008bf8:	f7f9 ff2c 	bl	10002a54 <__wrap___aeabi_dcmpeq>
10008bfc:	2800      	cmp	r0, #0
10008bfe:	d100      	bne.n	10008c02 <_strtod_l+0xdda>
10008c00:	e740      	b.n	10008a84 <_strtod_l+0xc5c>
10008c02:	e663      	b.n	100088cc <_strtod_l+0xaa4>
10008c04:	9a0a      	ldr	r2, [sp, #40]	@ 0x28
10008c06:	9804      	ldr	r0, [sp, #16]
10008c08:	2a00      	cmp	r2, #0
10008c0a:	d049      	beq.n	10008ca0 <_strtod_l+0xe78>
10008c0c:	21d4      	movs	r1, #212	@ 0xd4
10008c0e:	4a2f      	ldr	r2, [pc, #188]	@ (10008ccc <_strtod_l+0xea4>)
10008c10:	04c9      	lsls	r1, r1, #19
10008c12:	401a      	ands	r2, r3
10008c14:	428a      	cmp	r2, r1
10008c16:	d843      	bhi.n	10008ca0 <_strtod_l+0xe78>
10008c18:	216b      	movs	r1, #107	@ 0x6b
10008c1a:	0d12      	lsrs	r2, r2, #20
10008c1c:	1a8a      	subs	r2, r1, r2
10008c1e:	396c      	subs	r1, #108	@ 0x6c
10008c20:	4091      	lsls	r1, r2
10008c22:	4288      	cmp	r0, r1
10008c24:	d02d      	beq.n	10008c82 <_strtod_l+0xe5a>
10008c26:	4662      	mov	r2, ip
10008c28:	2a00      	cmp	r2, #0
10008c2a:	d000      	beq.n	10008c2e <_strtod_l+0xe06>
10008c2c:	e71b      	b.n	10008a66 <_strtod_l+0xc3e>
10008c2e:	9b10      	ldr	r3, [sp, #64]	@ 0x40
10008c30:	4203      	tst	r3, r0
10008c32:	d100      	bne.n	10008c36 <_strtod_l+0xe0e>
10008c34:	e726      	b.n	10008a84 <_strtod_l+0xc5c>
10008c36:	e718      	b.n	10008a6a <_strtod_l+0xc42>
10008c38:	2201      	movs	r2, #1
10008c3a:	4252      	negs	r2, r2
10008c3c:	409a      	lsls	r2, r3
10008c3e:	9b04      	ldr	r3, [sp, #16]
10008c40:	4013      	ands	r3, r2
10008c42:	9304      	str	r3, [sp, #16]
10008c44:	e4eb      	b.n	1000861e <_strtod_l+0x7f6>
10008c46:	234b      	movs	r3, #75	@ 0x4b
10008c48:	1a9a      	subs	r2, r3, r2
10008c4a:	3b4c      	subs	r3, #76	@ 0x4c
10008c4c:	4093      	lsls	r3, r2
10008c4e:	4019      	ands	r1, r3
10008c50:	9105      	str	r1, [sp, #20]
10008c52:	e4e4      	b.n	1000861e <_strtod_l+0x7f6>
10008c54:	4661      	mov	r1, ip
10008c56:	2900      	cmp	r1, #0
10008c58:	d025      	beq.n	10008ca6 <_strtod_l+0xe7e>
10008c5a:	420b      	tst	r3, r1
10008c5c:	d100      	bne.n	10008c60 <_strtod_l+0xe38>
10008c5e:	e711      	b.n	10008a84 <_strtod_l+0xc5c>
10008c60:	e7bb      	b.n	10008bda <_strtod_l+0xdb2>
10008c62:	9a05      	ldr	r2, [sp, #20]
10008c64:	4b19      	ldr	r3, [pc, #100]	@ (10008ccc <_strtod_l+0xea4>)
10008c66:	981a      	ldr	r0, [sp, #104]	@ 0x68
10008c68:	4013      	ands	r3, r2
10008c6a:	4a19      	ldr	r2, [pc, #100]	@ (10008cd0 <_strtod_l+0xea8>)
10008c6c:	4694      	mov	ip, r2
10008c6e:	4a19      	ldr	r2, [pc, #100]	@ (10008cd4 <_strtod_l+0xeac>)
10008c70:	4463      	add	r3, ip
10008c72:	431a      	orrs	r2, r3
10008c74:	2301      	movs	r3, #1
10008c76:	425b      	negs	r3, r3
10008c78:	9205      	str	r2, [sp, #20]
10008c7a:	9304      	str	r3, [sp, #16]
10008c7c:	9e04      	ldr	r6, [sp, #16]
10008c7e:	9f05      	ldr	r7, [sp, #20]
10008c80:	e542      	b.n	10008708 <_strtod_l+0x8e0>
10008c82:	4a16      	ldr	r2, [pc, #88]	@ (10008cdc <_strtod_l+0xeb4>)
10008c84:	4293      	cmp	r3, r2
10008c86:	d017      	beq.n	10008cb8 <_strtod_l+0xe90>
10008c88:	4a10      	ldr	r2, [pc, #64]	@ (10008ccc <_strtod_l+0xea4>)
10008c8a:	4013      	ands	r3, r2
10008c8c:	2280      	movs	r2, #128	@ 0x80
10008c8e:	0352      	lsls	r2, r2, #13
10008c90:	4694      	mov	ip, r2
10008c92:	4463      	add	r3, ip
10008c94:	9305      	str	r3, [sp, #20]
10008c96:	2300      	movs	r3, #0
10008c98:	9304      	str	r3, [sp, #16]
10008c9a:	9e04      	ldr	r6, [sp, #16]
10008c9c:	9f05      	ldr	r7, [sp, #20]
10008c9e:	e6f1      	b.n	10008a84 <_strtod_l+0xc5c>
10008ca0:	2101      	movs	r1, #1
10008ca2:	4249      	negs	r1, r1
10008ca4:	e7bd      	b.n	10008c22 <_strtod_l+0xdfa>
10008ca6:	9b10      	ldr	r3, [sp, #64]	@ 0x40
10008ca8:	4213      	tst	r3, r2
10008caa:	d100      	bne.n	10008cae <_strtod_l+0xe86>
10008cac:	e6ea      	b.n	10008a84 <_strtod_l+0xc5c>
10008cae:	e794      	b.n	10008bda <_strtod_l+0xdb2>
10008cb0:	2300      	movs	r3, #0
10008cb2:	e68a      	b.n	100089ca <_strtod_l+0xba2>
10008cb4:	1c71      	adds	r1, r6, #1
10008cb6:	e617      	b.n	100088e8 <_strtod_l+0xac0>
10008cb8:	3001      	adds	r0, #1
10008cba:	d1e5      	bne.n	10008c88 <_strtod_l+0xe60>
10008cbc:	2322      	movs	r3, #34	@ 0x22
10008cbe:	4642      	mov	r2, r8
10008cc0:	2600      	movs	r6, #0
10008cc2:	981a      	ldr	r0, [sp, #104]	@ 0x68
10008cc4:	4f01      	ldr	r7, [pc, #4]	@ (10008ccc <_strtod_l+0xea4>)
10008cc6:	6013      	str	r3, [r2, #0]
10008cc8:	e51e      	b.n	10008708 <_strtod_l+0x8e0>
10008cca:	46c0      	nop			@ (mov r8, r8)
10008ccc:	7ff00000 	.word	0x7ff00000
10008cd0:	fff00000 	.word	0xfff00000
10008cd4:	000fffff 	.word	0x000fffff
10008cd8:	1000bfa8 	.word	0x1000bfa8
10008cdc:	7fefffff 	.word	0x7fefffff

10008ce0 <_strtod_r>:
10008ce0:	b510      	push	{r4, lr}
10008ce2:	4b02      	ldr	r3, [pc, #8]	@ (10008cec <_strtod_r+0xc>)
10008ce4:	f7ff f8a0 	bl	10007e28 <_strtod_l>
10008ce8:	bd10      	pop	{r4, pc}
10008cea:	46c0      	nop			@ (mov r8, r8)
10008cec:	20001018 	.word	0x20001018

10008cf0 <strtod_l>:
10008cf0:	b510      	push	{r4, lr}
10008cf2:	0004      	movs	r4, r0
10008cf4:	0013      	movs	r3, r2
10008cf6:	4a03      	ldr	r2, [pc, #12]	@ (10008d04 <strtod_l+0x14>)
10008cf8:	6810      	ldr	r0, [r2, #0]
10008cfa:	000a      	movs	r2, r1
10008cfc:	0021      	movs	r1, r4
10008cfe:	f7ff f893 	bl	10007e28 <_strtod_l>
10008d02:	bd10      	pop	{r4, pc}
10008d04:	20001188 	.word	0x20001188

10008d08 <strtod>:
10008d08:	b510      	push	{r4, lr}
10008d0a:	0004      	movs	r4, r0
10008d0c:	000a      	movs	r2, r1
10008d0e:	4903      	ldr	r1, [pc, #12]	@ (10008d1c <strtod+0x14>)
10008d10:	4b03      	ldr	r3, [pc, #12]	@ (10008d20 <strtod+0x18>)
10008d12:	6808      	ldr	r0, [r1, #0]
10008d14:	0021      	movs	r1, r4
10008d16:	f7ff f887 	bl	10007e28 <_strtod_l>
10008d1a:	bd10      	pop	{r4, pc}
10008d1c:	20001188 	.word	0x20001188
10008d20:	20001018 	.word	0x20001018

10008d24 <strtof_l>:
10008d24:	b5f8      	push	{r3, r4, r5, r6, r7, lr}
10008d26:	46ce      	mov	lr, r9
10008d28:	0004      	movs	r4, r0
10008d2a:	4647      	mov	r7, r8
10008d2c:	0013      	movs	r3, r2
10008d2e:	4a27      	ldr	r2, [pc, #156]	@ (10008dcc <strtof_l+0xa8>)
10008d30:	b580      	push	{r7, lr}
10008d32:	6810      	ldr	r0, [r2, #0]
10008d34:	4691      	mov	r9, r2
10008d36:	000a      	movs	r2, r1
10008d38:	0021      	movs	r1, r4
10008d3a:	f7ff f875 	bl	10007e28 <_strtod_l>
10008d3e:	0002      	movs	r2, r0
10008d40:	000b      	movs	r3, r1
10008d42:	0004      	movs	r4, r0
10008d44:	000d      	movs	r5, r1
10008d46:	f7f9 fea8 	bl	10002a9a <__wrap___aeabi_dcmpun>
10008d4a:	2800      	cmp	r0, #0
10008d4c:	d12f      	bne.n	10008dae <strtof_l+0x8a>
10008d4e:	0029      	movs	r1, r5
10008d50:	0020      	movs	r0, r4
10008d52:	f7f9 ff33 	bl	10002bbc <__wrap___aeabi_d2f>
10008d56:	0046      	lsls	r6, r0, #1
10008d58:	0876      	lsrs	r6, r6, #1
10008d5a:	4680      	mov	r8, r0
10008d5c:	491c      	ldr	r1, [pc, #112]	@ (10008dd0 <strtof_l+0xac>)
10008d5e:	1c30      	adds	r0, r6, #0
10008d60:	f7fa fb35 	bl	100033ce <__wrap___aeabi_fcmpun>
10008d64:	2800      	cmp	r0, #0
10008d66:	d11d      	bne.n	10008da4 <strtof_l+0x80>
10008d68:	4919      	ldr	r1, [pc, #100]	@ (10008dd0 <strtof_l+0xac>)
10008d6a:	1c30      	adds	r0, r6, #0
10008d6c:	f7fa fb22 	bl	100033b4 <__wrap___aeabi_fcmple>
10008d70:	2800      	cmp	r0, #0
10008d72:	d117      	bne.n	10008da4 <strtof_l+0x80>
10008d74:	2201      	movs	r2, #1
10008d76:	006b      	lsls	r3, r5, #1
10008d78:	085f      	lsrs	r7, r3, #1
10008d7a:	0020      	movs	r0, r4
10008d7c:	0039      	movs	r1, r7
10008d7e:	4b15      	ldr	r3, [pc, #84]	@ (10008dd4 <strtof_l+0xb0>)
10008d80:	4252      	negs	r2, r2
10008d82:	f7f9 fe8a 	bl	10002a9a <__wrap___aeabi_dcmpun>
10008d86:	2800      	cmp	r0, #0
10008d88:	d108      	bne.n	10008d9c <strtof_l+0x78>
10008d8a:	2201      	movs	r2, #1
10008d8c:	0020      	movs	r0, r4
10008d8e:	0039      	movs	r1, r7
10008d90:	4b10      	ldr	r3, [pc, #64]	@ (10008dd4 <strtof_l+0xb0>)
10008d92:	4252      	negs	r2, r2
10008d94:	f7f9 fe6c 	bl	10002a70 <__wrap___aeabi_dcmple>
10008d98:	2800      	cmp	r0, #0
10008d9a:	d003      	beq.n	10008da4 <strtof_l+0x80>
10008d9c:	464b      	mov	r3, r9
10008d9e:	2222      	movs	r2, #34	@ 0x22
10008da0:	681b      	ldr	r3, [r3, #0]
10008da2:	601a      	str	r2, [r3, #0]
10008da4:	4640      	mov	r0, r8
10008da6:	bcc0      	pop	{r6, r7}
10008da8:	46b9      	mov	r9, r7
10008daa:	46b0      	mov	r8, r6
10008dac:	bdf8      	pop	{r3, r4, r5, r6, r7, pc}
10008dae:	480a      	ldr	r0, [pc, #40]	@ (10008dd8 <strtof_l+0xb4>)
10008db0:	2d00      	cmp	r5, #0
10008db2:	da07      	bge.n	10008dc4 <strtof_l+0xa0>
10008db4:	f001 fd28 	bl	1000a808 <nanf>
10008db8:	2380      	movs	r3, #128	@ 0x80
10008dba:	061b      	lsls	r3, r3, #24
10008dbc:	469c      	mov	ip, r3
10008dbe:	4484      	add	ip, r0
10008dc0:	46e0      	mov	r8, ip
10008dc2:	e7ef      	b.n	10008da4 <strtof_l+0x80>
10008dc4:	f001 fd20 	bl	1000a808 <nanf>
10008dc8:	4680      	mov	r8, r0
10008dca:	e7eb      	b.n	10008da4 <strtof_l+0x80>
10008dcc:	20001188 	.word	0x20001188
10008dd0:	7f7fffff 	.word	0x7f7fffff
10008dd4:	7fefffff 	.word	0x7fefffff
10008dd8:	1000b600 	.word	0x1000b600

10008ddc <strtof>:
10008ddc:	b5f8      	push	{r3, r4, r5, r6, r7, lr}
10008dde:	46ce      	mov	lr, r9
10008de0:	4647      	mov	r7, r8
10008de2:	0004      	movs	r4, r0
10008de4:	000a      	movs	r2, r1
10008de6:	492c      	ldr	r1, [pc, #176]	@ (10008e98 <strtof+0xbc>)
10008de8:	b580      	push	{r7, lr}
10008dea:	4b2c      	ldr	r3, [pc, #176]	@ (10008e9c <strtof+0xc0>)
10008dec:	6808      	ldr	r0, [r1, #0]
10008dee:	4689      	mov	r9, r1
10008df0:	0021      	movs	r1, r4
10008df2:	f7ff f819 	bl	10007e28 <_strtod_l>
10008df6:	0002      	movs	r2, r0
10008df8:	000b      	movs	r3, r1
10008dfa:	0006      	movs	r6, r0
10008dfc:	000f      	movs	r7, r1
10008dfe:	f7f9 fe4c 	bl	10002a9a <__wrap___aeabi_dcmpun>
10008e02:	2800      	cmp	r0, #0
10008e04:	d138      	bne.n	10008e78 <strtof+0x9c>
10008e06:	0039      	movs	r1, r7
10008e08:	0030      	movs	r0, r6
10008e0a:	f7f9 fed7 	bl	10002bbc <__wrap___aeabi_d2f>
10008e0e:	0044      	lsls	r4, r0, #1
10008e10:	0864      	lsrs	r4, r4, #1
10008e12:	4680      	mov	r8, r0
10008e14:	4922      	ldr	r1, [pc, #136]	@ (10008ea0 <strtof+0xc4>)
10008e16:	1c20      	adds	r0, r4, #0
10008e18:	f7fa fad9 	bl	100033ce <__wrap___aeabi_fcmpun>
10008e1c:	2800      	cmp	r0, #0
10008e1e:	d122      	bne.n	10008e66 <strtof+0x8a>
10008e20:	491f      	ldr	r1, [pc, #124]	@ (10008ea0 <strtof+0xc4>)
10008e22:	1c20      	adds	r0, r4, #0
10008e24:	f7fa fac6 	bl	100033b4 <__wrap___aeabi_fcmple>
10008e28:	2800      	cmp	r0, #0
10008e2a:	d11c      	bne.n	10008e66 <strtof+0x8a>
10008e2c:	2201      	movs	r2, #1
10008e2e:	007b      	lsls	r3, r7, #1
10008e30:	085d      	lsrs	r5, r3, #1
10008e32:	0030      	movs	r0, r6
10008e34:	0029      	movs	r1, r5
10008e36:	4b1b      	ldr	r3, [pc, #108]	@ (10008ea4 <strtof+0xc8>)
10008e38:	4252      	negs	r2, r2
10008e3a:	f7f9 fe2e 	bl	10002a9a <__wrap___aeabi_dcmpun>
10008e3e:	2800      	cmp	r0, #0
10008e40:	d108      	bne.n	10008e54 <strtof+0x78>
10008e42:	2201      	movs	r2, #1
10008e44:	0030      	movs	r0, r6
10008e46:	0029      	movs	r1, r5
10008e48:	4b16      	ldr	r3, [pc, #88]	@ (10008ea4 <strtof+0xc8>)
10008e4a:	4252      	negs	r2, r2
10008e4c:	f7f9 fe10 	bl	10002a70 <__wrap___aeabi_dcmple>
10008e50:	2800      	cmp	r0, #0
10008e52:	d008      	beq.n	10008e66 <strtof+0x8a>
10008e54:	464b      	mov	r3, r9
10008e56:	2222      	movs	r2, #34	@ 0x22
10008e58:	681b      	ldr	r3, [r3, #0]
10008e5a:	601a      	str	r2, [r3, #0]
10008e5c:	4640      	mov	r0, r8
10008e5e:	bcc0      	pop	{r6, r7}
10008e60:	46b9      	mov	r9, r7
10008e62:	46b0      	mov	r8, r6
10008e64:	bdf8      	pop	{r3, r4, r5, r6, r7, pc}
10008e66:	23ff      	movs	r3, #255	@ 0xff
10008e68:	4642      	mov	r2, r8
10008e6a:	05db      	lsls	r3, r3, #23
10008e6c:	4213      	tst	r3, r2
10008e6e:	d1f5      	bne.n	10008e5c <strtof+0x80>
10008e70:	4b0d      	ldr	r3, [pc, #52]	@ (10008ea8 <strtof+0xcc>)
10008e72:	423b      	tst	r3, r7
10008e74:	d0f2      	beq.n	10008e5c <strtof+0x80>
10008e76:	e7ed      	b.n	10008e54 <strtof+0x78>
10008e78:	480c      	ldr	r0, [pc, #48]	@ (10008eac <strtof+0xd0>)
10008e7a:	2f00      	cmp	r7, #0
10008e7c:	da07      	bge.n	10008e8e <strtof+0xb2>
10008e7e:	f001 fcc3 	bl	1000a808 <nanf>
10008e82:	2380      	movs	r3, #128	@ 0x80
10008e84:	061b      	lsls	r3, r3, #24
10008e86:	469c      	mov	ip, r3
10008e88:	4484      	add	ip, r0
10008e8a:	46e0      	mov	r8, ip
10008e8c:	e7e6      	b.n	10008e5c <strtof+0x80>
10008e8e:	f001 fcbb 	bl	1000a808 <nanf>
10008e92:	4680      	mov	r8, r0
10008e94:	e7e2      	b.n	10008e5c <strtof+0x80>
10008e96:	46c0      	nop			@ (mov r8, r8)
10008e98:	20001188 	.word	0x20001188
10008e9c:	20001018 	.word	0x20001018
10008ea0:	7f7fffff 	.word	0x7f7fffff
10008ea4:	7fefffff 	.word	0x7fefffff
10008ea8:	7ff00000 	.word	0x7ff00000
10008eac:	1000b600 	.word	0x1000b600

10008eb0 <strchr>:
10008eb0:	2303      	movs	r3, #3
10008eb2:	b2ca      	uxtb	r2, r1
10008eb4:	b5f0      	push	{r4, r5, r6, r7, lr}
10008eb6:	4003      	ands	r3, r0
10008eb8:	2a00      	cmp	r2, #0
10008eba:	d035      	beq.n	10008f28 <strchr+0x78>
10008ebc:	2403      	movs	r4, #3
10008ebe:	2b00      	cmp	r3, #0
10008ec0:	d12d      	bne.n	10008f1e <strchr+0x6e>
10008ec2:	23ff      	movs	r3, #255	@ 0xff
10008ec4:	400b      	ands	r3, r1
10008ec6:	021d      	lsls	r5, r3, #8
10008ec8:	18ed      	adds	r5, r5, r3
10008eca:	042b      	lsls	r3, r5, #16
10008ecc:	18ed      	adds	r5, r5, r3
10008ece:	002c      	movs	r4, r5
10008ed0:	6801      	ldr	r1, [r0, #0]
10008ed2:	4e26      	ldr	r6, [pc, #152]	@ (10008f6c <strchr+0xbc>)
10008ed4:	404c      	eors	r4, r1
10008ed6:	198b      	adds	r3, r1, r6
10008ed8:	438b      	bics	r3, r1
10008eda:	19a1      	adds	r1, r4, r6
10008edc:	43a1      	bics	r1, r4
10008ede:	4e24      	ldr	r6, [pc, #144]	@ (10008f70 <strchr+0xc0>)
10008ee0:	430b      	orrs	r3, r1
10008ee2:	4233      	tst	r3, r6
10008ee4:	d111      	bne.n	10008f0a <strchr+0x5a>
10008ee6:	6841      	ldr	r1, [r0, #4]
10008ee8:	4f20      	ldr	r7, [pc, #128]	@ (10008f6c <strchr+0xbc>)
10008eea:	000c      	movs	r4, r1
10008eec:	19cb      	adds	r3, r1, r7
10008eee:	406c      	eors	r4, r5
10008ef0:	438b      	bics	r3, r1
10008ef2:	19e1      	adds	r1, r4, r7
10008ef4:	43a1      	bics	r1, r4
10008ef6:	430b      	orrs	r3, r1
10008ef8:	3004      	adds	r0, #4
10008efa:	4233      	tst	r3, r6
10008efc:	d0f3      	beq.n	10008ee6 <strchr+0x36>
10008efe:	7803      	ldrb	r3, [r0, #0]
10008f00:	2b00      	cmp	r3, #0
10008f02:	d005      	beq.n	10008f10 <strchr+0x60>
10008f04:	429a      	cmp	r2, r3
10008f06:	d004      	beq.n	10008f12 <strchr+0x62>
10008f08:	3001      	adds	r0, #1
10008f0a:	7803      	ldrb	r3, [r0, #0]
10008f0c:	2b00      	cmp	r3, #0
10008f0e:	d1f9      	bne.n	10008f04 <strchr+0x54>
10008f10:	2000      	movs	r0, #0
10008f12:	bdf0      	pop	{r4, r5, r6, r7, pc}
10008f14:	4293      	cmp	r3, r2
10008f16:	d0fc      	beq.n	10008f12 <strchr+0x62>
10008f18:	3001      	adds	r0, #1
10008f1a:	4220      	tst	r0, r4
10008f1c:	d0d1      	beq.n	10008ec2 <strchr+0x12>
10008f1e:	7803      	ldrb	r3, [r0, #0]
10008f20:	2b00      	cmp	r3, #0
10008f22:	d1f7      	bne.n	10008f14 <strchr+0x64>
10008f24:	2000      	movs	r0, #0
10008f26:	e7f4      	b.n	10008f12 <strchr+0x62>
10008f28:	2b00      	cmp	r3, #0
10008f2a:	d008      	beq.n	10008f3e <strchr+0x8e>
10008f2c:	2203      	movs	r2, #3
10008f2e:	e002      	b.n	10008f36 <strchr+0x86>
10008f30:	3001      	adds	r0, #1
10008f32:	4210      	tst	r0, r2
10008f34:	d003      	beq.n	10008f3e <strchr+0x8e>
10008f36:	7803      	ldrb	r3, [r0, #0]
10008f38:	2b00      	cmp	r3, #0
10008f3a:	d1f9      	bne.n	10008f30 <strchr+0x80>
10008f3c:	e7e9      	b.n	10008f12 <strchr+0x62>
10008f3e:	6802      	ldr	r2, [r0, #0]
10008f40:	4b0a      	ldr	r3, [pc, #40]	@ (10008f6c <strchr+0xbc>)
10008f42:	490b      	ldr	r1, [pc, #44]	@ (10008f70 <strchr+0xc0>)
10008f44:	18d3      	adds	r3, r2, r3
10008f46:	4393      	bics	r3, r2
10008f48:	420b      	tst	r3, r1
10008f4a:	d106      	bne.n	10008f5a <strchr+0xaa>
10008f4c:	6842      	ldr	r2, [r0, #4]
10008f4e:	4b07      	ldr	r3, [pc, #28]	@ (10008f6c <strchr+0xbc>)
10008f50:	3004      	adds	r0, #4
10008f52:	18d3      	adds	r3, r2, r3
10008f54:	4393      	bics	r3, r2
10008f56:	420b      	tst	r3, r1
10008f58:	d0f8      	beq.n	10008f4c <strchr+0x9c>
10008f5a:	7803      	ldrb	r3, [r0, #0]
10008f5c:	2b00      	cmp	r3, #0
10008f5e:	d0d8      	beq.n	10008f12 <strchr+0x62>
10008f60:	7843      	ldrb	r3, [r0, #1]
10008f62:	3001      	adds	r0, #1
10008f64:	2b00      	cmp	r3, #0
10008f66:	d1fb      	bne.n	10008f60 <strchr+0xb0>
10008f68:	e7d3      	b.n	10008f12 <strchr+0x62>
10008f6a:	46c0      	nop			@ (mov r8, r8)
10008f6c:	fefefeff 	.word	0xfefefeff
10008f70:	80808080 	.word	0x80808080

10008f74 <rshift>:
10008f74:	b5f0      	push	{r4, r5, r6, r7, lr}
10008f76:	46d6      	mov	lr, sl
10008f78:	464f      	mov	r7, r9
10008f7a:	4646      	mov	r6, r8
10008f7c:	6903      	ldr	r3, [r0, #16]
10008f7e:	b5c0      	push	{r6, r7, lr}
10008f80:	000a      	movs	r2, r1
10008f82:	469a      	mov	sl, r3
10008f84:	114f      	asrs	r7, r1, #5
10008f86:	42bb      	cmp	r3, r7
10008f88:	dc08      	bgt.n	10008f9c <rshift+0x28>
10008f8a:	2300      	movs	r3, #0
10008f8c:	6103      	str	r3, [r0, #16]
10008f8e:	2300      	movs	r3, #0
10008f90:	6143      	str	r3, [r0, #20]
10008f92:	bce0      	pop	{r5, r6, r7}
10008f94:	46ba      	mov	sl, r7
10008f96:	46b1      	mov	r9, r6
10008f98:	46a8      	mov	r8, r5
10008f9a:	bdf0      	pop	{r4, r5, r6, r7, pc}
10008f9c:	211f      	movs	r1, #31
10008f9e:	468c      	mov	ip, r1
10008fa0:	0006      	movs	r6, r0
10008fa2:	4664      	mov	r4, ip
10008fa4:	3614      	adds	r6, #20
10008fa6:	009d      	lsls	r5, r3, #2
10008fa8:	00bb      	lsls	r3, r7, #2
10008faa:	1975      	adds	r5, r6, r5
10008fac:	18f3      	adds	r3, r6, r3
10008fae:	4011      	ands	r1, r2
10008fb0:	4214      	tst	r4, r2
10008fb2:	d01f      	beq.n	10008ff4 <rshift+0x80>
10008fb4:	2220      	movs	r2, #32
10008fb6:	1a52      	subs	r2, r2, r1
10008fb8:	4694      	mov	ip, r2
10008fba:	cb04      	ldmia	r3!, {r2}
10008fbc:	40ca      	lsrs	r2, r1
10008fbe:	4690      	mov	r8, r2
10008fc0:	429d      	cmp	r5, r3
10008fc2:	d928      	bls.n	10009016 <rshift+0xa2>
10008fc4:	46b1      	mov	r9, r6
10008fc6:	4664      	mov	r4, ip
10008fc8:	681a      	ldr	r2, [r3, #0]
10008fca:	40a2      	lsls	r2, r4
10008fcc:	4644      	mov	r4, r8
10008fce:	4322      	orrs	r2, r4
10008fd0:	464c      	mov	r4, r9
10008fd2:	c404      	stmia	r4!, {r2}
10008fd4:	cb04      	ldmia	r3!, {r2}
10008fd6:	46a1      	mov	r9, r4
10008fd8:	40ca      	lsrs	r2, r1
10008fda:	4690      	mov	r8, r2
10008fdc:	429d      	cmp	r5, r3
10008fde:	d8f2      	bhi.n	10008fc6 <rshift+0x52>
10008fe0:	4653      	mov	r3, sl
10008fe2:	1bdc      	subs	r4, r3, r7
10008fe4:	00a4      	lsls	r4, r4, #2
10008fe6:	3c04      	subs	r4, #4
10008fe8:	1934      	adds	r4, r6, r4
10008fea:	6022      	str	r2, [r4, #0]
10008fec:	2a00      	cmp	r2, #0
10008fee:	d00c      	beq.n	1000900a <rshift+0x96>
10008ff0:	3404      	adds	r4, #4
10008ff2:	e00a      	b.n	1000900a <rshift+0x96>
10008ff4:	0032      	movs	r2, r6
10008ff6:	429d      	cmp	r5, r3
10008ff8:	d9c7      	bls.n	10008f8a <rshift+0x16>
10008ffa:	cb02      	ldmia	r3!, {r1}
10008ffc:	c202      	stmia	r2!, {r1}
10008ffe:	429d      	cmp	r5, r3
10009000:	d8fb      	bhi.n	10008ffa <rshift+0x86>
10009002:	4653      	mov	r3, sl
10009004:	1bdc      	subs	r4, r3, r7
10009006:	00a4      	lsls	r4, r4, #2
10009008:	1934      	adds	r4, r6, r4
1000900a:	1ba3      	subs	r3, r4, r6
1000900c:	109b      	asrs	r3, r3, #2
1000900e:	6103      	str	r3, [r0, #16]
10009010:	42b4      	cmp	r4, r6
10009012:	d1be      	bne.n	10008f92 <rshift+0x1e>
10009014:	e7bb      	b.n	10008f8e <rshift+0x1a>
10009016:	6142      	str	r2, [r0, #20]
10009018:	2a00      	cmp	r2, #0
1000901a:	d0b6      	beq.n	10008f8a <rshift+0x16>
1000901c:	0034      	movs	r4, r6
1000901e:	3404      	adds	r4, #4
10009020:	e7f3      	b.n	1000900a <rshift+0x96>
10009022:	46c0      	nop			@ (mov r8, r8)

10009024 <__gethex>:
10009024:	b5f0      	push	{r4, r5, r6, r7, lr}
10009026:	46de      	mov	lr, fp
10009028:	4645      	mov	r5, r8
1000902a:	4657      	mov	r7, sl
1000902c:	464e      	mov	r6, r9
1000902e:	b5e0      	push	{r5, r6, r7, lr}
10009030:	4688      	mov	r8, r1
10009032:	6809      	ldr	r1, [r1, #0]
10009034:	4693      	mov	fp, r2
10009036:	788a      	ldrb	r2, [r1, #2]
10009038:	b087      	sub	sp, #28
1000903a:	9003      	str	r0, [sp, #12]
1000903c:	9305      	str	r3, [sp, #20]
1000903e:	2a30      	cmp	r2, #48	@ 0x30
10009040:	d000      	beq.n	10009044 <__gethex+0x20>
10009042:	e206      	b.n	10009452 <__gethex+0x42e>
10009044:	1ccb      	adds	r3, r1, #3
10009046:	001d      	movs	r5, r3
10009048:	3301      	adds	r3, #1
1000904a:	1e5a      	subs	r2, r3, #1
1000904c:	7812      	ldrb	r2, [r2, #0]
1000904e:	2a30      	cmp	r2, #48	@ 0x30
10009050:	d0f9      	beq.n	10009046 <__gethex+0x22>
10009052:	1a69      	subs	r1, r5, r1
10009054:	1e8b      	subs	r3, r1, #2
10009056:	469a      	mov	sl, r3
10009058:	4fc0      	ldr	r7, [pc, #768]	@ (1000935c <__gethex+0x338>)
1000905a:	5cbb      	ldrb	r3, [r7, r2]
1000905c:	2b00      	cmp	r3, #0
1000905e:	d100      	bne.n	10009062 <__gethex+0x3e>
10009060:	e100      	b.n	10009264 <__gethex+0x240>
10009062:	2200      	movs	r2, #0
10009064:	2400      	movs	r4, #0
10009066:	782b      	ldrb	r3, [r5, #0]
10009068:	4691      	mov	r9, r2
1000906a:	4abd      	ldr	r2, [pc, #756]	@ (10009360 <__gethex+0x33c>)
1000906c:	5cfb      	ldrb	r3, [r7, r3]
1000906e:	9202      	str	r2, [sp, #8]
10009070:	2b00      	cmp	r3, #0
10009072:	d100      	bne.n	10009076 <__gethex+0x52>
10009074:	e170      	b.n	10009358 <__gethex+0x334>
10009076:	002e      	movs	r6, r5
10009078:	7873      	ldrb	r3, [r6, #1]
1000907a:	3601      	adds	r6, #1
1000907c:	5cfb      	ldrb	r3, [r7, r3]
1000907e:	2b00      	cmp	r3, #0
10009080:	d1fa      	bne.n	10009078 <__gethex+0x54>
10009082:	2201      	movs	r2, #1
10009084:	0030      	movs	r0, r6
10009086:	9902      	ldr	r1, [sp, #8]
10009088:	f000 fb80 	bl	1000978c <strncmp>
1000908c:	9001      	str	r0, [sp, #4]
1000908e:	2800      	cmp	r0, #0
10009090:	d052      	beq.n	10009138 <__gethex+0x114>
10009092:	2200      	movs	r2, #0
10009094:	7833      	ldrb	r3, [r6, #0]
10009096:	9201      	str	r2, [sp, #4]
10009098:	2c00      	cmp	r4, #0
1000909a:	d002      	beq.n	100090a2 <__gethex+0x7e>
1000909c:	1ba4      	subs	r4, r4, r6
1000909e:	00a2      	lsls	r2, r4, #2
100090a0:	9201      	str	r2, [sp, #4]
100090a2:	2220      	movs	r2, #32
100090a4:	0034      	movs	r4, r6
100090a6:	4393      	bics	r3, r2
100090a8:	2b50      	cmp	r3, #80	@ 0x50
100090aa:	d051      	beq.n	10009150 <__gethex+0x12c>
100090ac:	4643      	mov	r3, r8
100090ae:	601e      	str	r6, [r3, #0]
100090b0:	464b      	mov	r3, r9
100090b2:	2b00      	cmp	r3, #0
100090b4:	d17d      	bne.n	100091b2 <__gethex+0x18e>
100090b6:	1b63      	subs	r3, r4, r5
100090b8:	3b01      	subs	r3, #1
100090ba:	2100      	movs	r1, #0
100090bc:	2b07      	cmp	r3, #7
100090be:	dd03      	ble.n	100090c8 <__gethex+0xa4>
100090c0:	3101      	adds	r1, #1
100090c2:	105b      	asrs	r3, r3, #1
100090c4:	2b07      	cmp	r3, #7
100090c6:	dcfb      	bgt.n	100090c0 <__gethex+0x9c>
100090c8:	9803      	ldr	r0, [sp, #12]
100090ca:	f001 fba5 	bl	1000a818 <_Balloc>
100090ce:	4682      	mov	sl, r0
100090d0:	2800      	cmp	r0, #0
100090d2:	d100      	bne.n	100090d6 <__gethex+0xb2>
100090d4:	e269      	b.n	100095aa <__gethex+0x586>
100090d6:	2314      	movs	r3, #20
100090d8:	4453      	add	r3, sl
100090da:	9304      	str	r3, [sp, #16]
100090dc:	42ac      	cmp	r4, r5
100090de:	d800      	bhi.n	100090e2 <__gethex+0xbe>
100090e0:	e1c6      	b.n	10009470 <__gethex+0x44c>
100090e2:	4698      	mov	r8, r3
100090e4:	2300      	movs	r3, #0
100090e6:	4699      	mov	r9, r3
100090e8:	003b      	movs	r3, r7
100090ea:	2600      	movs	r6, #0
100090ec:	4647      	mov	r7, r8
100090ee:	46a8      	mov	r8, r5
100090f0:	464d      	mov	r5, r9
100090f2:	4699      	mov	r9, r3
100090f4:	e00c      	b.n	10009110 <__gethex+0xec>
100090f6:	2e20      	cmp	r6, #32
100090f8:	d019      	beq.n	1000912e <__gethex+0x10a>
100090fa:	0032      	movs	r2, r6
100090fc:	3604      	adds	r6, #4
100090fe:	4649      	mov	r1, r9
10009100:	7823      	ldrb	r3, [r4, #0]
10009102:	5ccb      	ldrb	r3, [r1, r3]
10009104:	210f      	movs	r1, #15
10009106:	400b      	ands	r3, r1
10009108:	4093      	lsls	r3, r2
1000910a:	431d      	orrs	r5, r3
1000910c:	4544      	cmp	r4, r8
1000910e:	d05e      	beq.n	100091ce <__gethex+0x1aa>
10009110:	3c01      	subs	r4, #1
10009112:	7823      	ldrb	r3, [r4, #0]
10009114:	2b2e      	cmp	r3, #46	@ 0x2e
10009116:	d1ee      	bne.n	100090f6 <__gethex+0xd2>
10009118:	4544      	cmp	r4, r8
1000911a:	d3ec      	bcc.n	100090f6 <__gethex+0xd2>
1000911c:	2201      	movs	r2, #1
1000911e:	0020      	movs	r0, r4
10009120:	9902      	ldr	r1, [sp, #8]
10009122:	f000 fb33 	bl	1000978c <strncmp>
10009126:	2800      	cmp	r0, #0
10009128:	d0f0      	beq.n	1000910c <__gethex+0xe8>
1000912a:	2e20      	cmp	r6, #32
1000912c:	d1e5      	bne.n	100090fa <__gethex+0xd6>
1000912e:	c720      	stmia	r7!, {r5}
10009130:	2200      	movs	r2, #0
10009132:	2604      	movs	r6, #4
10009134:	2500      	movs	r5, #0
10009136:	e7e2      	b.n	100090fe <__gethex+0xda>
10009138:	2c00      	cmp	r4, #0
1000913a:	d100      	bne.n	1000913e <__gethex+0x11a>
1000913c:	e17c      	b.n	10009438 <__gethex+0x414>
1000913e:	2220      	movs	r2, #32
10009140:	1ba4      	subs	r4, r4, r6
10009142:	00a3      	lsls	r3, r4, #2
10009144:	9301      	str	r3, [sp, #4]
10009146:	7833      	ldrb	r3, [r6, #0]
10009148:	0034      	movs	r4, r6
1000914a:	4393      	bics	r3, r2
1000914c:	2b50      	cmp	r3, #80	@ 0x50
1000914e:	d1ad      	bne.n	100090ac <__gethex+0x88>
10009150:	7863      	ldrb	r3, [r4, #1]
10009152:	2b2b      	cmp	r3, #43	@ 0x2b
10009154:	d100      	bne.n	10009158 <__gethex+0x134>
10009156:	e15f      	b.n	10009418 <__gethex+0x3f4>
10009158:	2b2d      	cmp	r3, #45	@ 0x2d
1000915a:	d000      	beq.n	1000915e <__gethex+0x13a>
1000915c:	e0dc      	b.n	10009318 <__gethex+0x2f4>
1000915e:	2201      	movs	r2, #1
10009160:	78a3      	ldrb	r3, [r4, #2]
10009162:	1ca1      	adds	r1, r4, #2
10009164:	5cfb      	ldrb	r3, [r7, r3]
10009166:	0026      	movs	r6, r4
10009168:	1e58      	subs	r0, r3, #1
1000916a:	2818      	cmp	r0, #24
1000916c:	d89e      	bhi.n	100090ac <__gethex+0x88>
1000916e:	1c4e      	adds	r6, r1, #1
10009170:	7849      	ldrb	r1, [r1, #1]
10009172:	3b10      	subs	r3, #16
10009174:	5c79      	ldrb	r1, [r7, r1]
10009176:	0018      	movs	r0, r3
10009178:	2900      	cmp	r1, #0
1000917a:	d10a      	bne.n	10009192 <__gethex+0x16e>
1000917c:	e00c      	b.n	10009198 <__gethex+0x174>
1000917e:	0083      	lsls	r3, r0, #2
10009180:	181b      	adds	r3, r3, r0
10009182:	005b      	lsls	r3, r3, #1
10009184:	3601      	adds	r6, #1
10009186:	1858      	adds	r0, r3, r1
10009188:	7833      	ldrb	r3, [r6, #0]
1000918a:	3810      	subs	r0, #16
1000918c:	5cf9      	ldrb	r1, [r7, r3]
1000918e:	2900      	cmp	r1, #0
10009190:	d001      	beq.n	10009196 <__gethex+0x172>
10009192:	2919      	cmp	r1, #25
10009194:	ddf3      	ble.n	1000917e <__gethex+0x15a>
10009196:	0003      	movs	r3, r0
10009198:	2a00      	cmp	r2, #0
1000919a:	d000      	beq.n	1000919e <__gethex+0x17a>
1000919c:	425b      	negs	r3, r3
1000919e:	9a01      	ldr	r2, [sp, #4]
100091a0:	4694      	mov	ip, r2
100091a2:	449c      	add	ip, r3
100091a4:	4663      	mov	r3, ip
100091a6:	9301      	str	r3, [sp, #4]
100091a8:	4643      	mov	r3, r8
100091aa:	601e      	str	r6, [r3, #0]
100091ac:	464b      	mov	r3, r9
100091ae:	2b00      	cmp	r3, #0
100091b0:	d081      	beq.n	100090b6 <__gethex+0x92>
100091b2:	4653      	mov	r3, sl
100091b4:	425a      	negs	r2, r3
100091b6:	4153      	adcs	r3, r2
100091b8:	2406      	movs	r4, #6
100091ba:	425b      	negs	r3, r3
100091bc:	401c      	ands	r4, r3
100091be:	0020      	movs	r0, r4
100091c0:	b007      	add	sp, #28
100091c2:	bcf0      	pop	{r4, r5, r6, r7}
100091c4:	46bb      	mov	fp, r7
100091c6:	46b2      	mov	sl, r6
100091c8:	46a9      	mov	r9, r5
100091ca:	46a0      	mov	r8, r4
100091cc:	bdf0      	pop	{r4, r5, r6, r7, pc}
100091ce:	46b8      	mov	r8, r7
100091d0:	46a9      	mov	r9, r5
100091d2:	4646      	mov	r6, r8
100091d4:	464b      	mov	r3, r9
100091d6:	c608      	stmia	r6!, {r3}
100091d8:	9b04      	ldr	r3, [sp, #16]
100091da:	4648      	mov	r0, r9
100091dc:	1af6      	subs	r6, r6, r3
100091de:	4653      	mov	r3, sl
100091e0:	10b6      	asrs	r6, r6, #2
100091e2:	611e      	str	r6, [r3, #16]
100091e4:	f001 fbf6 	bl	1000a9d4 <__hi0bits>
100091e8:	465b      	mov	r3, fp
100091ea:	681d      	ldr	r5, [r3, #0]
100091ec:	0176      	lsls	r6, r6, #5
100091ee:	1a30      	subs	r0, r6, r0
100091f0:	42a8      	cmp	r0, r5
100091f2:	dc70      	bgt.n	100092d6 <__gethex+0x2b2>
100091f4:	2600      	movs	r6, #0
100091f6:	42a8      	cmp	r0, r5
100091f8:	da00      	bge.n	100091fc <__gethex+0x1d8>
100091fa:	e10f      	b.n	1000941c <__gethex+0x3f8>
100091fc:	465b      	mov	r3, fp
100091fe:	9a01      	ldr	r2, [sp, #4]
10009200:	689b      	ldr	r3, [r3, #8]
10009202:	4293      	cmp	r3, r2
10009204:	da00      	bge.n	10009208 <__gethex+0x1e4>
10009206:	e128      	b.n	1000945a <__gethex+0x436>
10009208:	465b      	mov	r3, fp
1000920a:	9a01      	ldr	r2, [sp, #4]
1000920c:	685b      	ldr	r3, [r3, #4]
1000920e:	4293      	cmp	r3, r2
10009210:	dd46      	ble.n	100092a0 <__gethex+0x27c>
10009212:	1a9c      	subs	r4, r3, r2
10009214:	42a5      	cmp	r5, r4
10009216:	dd00      	ble.n	1000921a <__gethex+0x1f6>
10009218:	e081      	b.n	1000931e <__gethex+0x2fa>
1000921a:	465a      	mov	r2, fp
1000921c:	68d2      	ldr	r2, [r2, #12]
1000921e:	2a02      	cmp	r2, #2
10009220:	d100      	bne.n	10009224 <__gethex+0x200>
10009222:	e0ec      	b.n	100093fe <__gethex+0x3da>
10009224:	2a03      	cmp	r2, #3
10009226:	d100      	bne.n	1000922a <__gethex+0x206>
10009228:	e13b      	b.n	100094a2 <__gethex+0x47e>
1000922a:	2a01      	cmp	r2, #1
1000922c:	d000      	beq.n	10009230 <__gethex+0x20c>
1000922e:	e0ea      	b.n	10009406 <__gethex+0x3e2>
10009230:	42a5      	cmp	r5, r4
10009232:	d000      	beq.n	10009236 <__gethex+0x212>
10009234:	e0e7      	b.n	10009406 <__gethex+0x3e2>
10009236:	2d01      	cmp	r5, #1
10009238:	d008      	beq.n	1000924c <__gethex+0x228>
1000923a:	4650      	mov	r0, sl
1000923c:	1e69      	subs	r1, r5, #1
1000923e:	f002 f851 	bl	1000b2e4 <__any_on>
10009242:	2800      	cmp	r0, #0
10009244:	d100      	bne.n	10009248 <__gethex+0x224>
10009246:	e0de      	b.n	10009406 <__gethex+0x3e2>
10009248:	465b      	mov	r3, fp
1000924a:	685b      	ldr	r3, [r3, #4]
1000924c:	9a05      	ldr	r2, [sp, #20]
1000924e:	2462      	movs	r4, #98	@ 0x62
10009250:	6013      	str	r3, [r2, #0]
10009252:	2301      	movs	r3, #1
10009254:	4652      	mov	r2, sl
10009256:	6113      	str	r3, [r2, #16]
10009258:	9a04      	ldr	r2, [sp, #16]
1000925a:	6013      	str	r3, [r2, #0]
1000925c:	4652      	mov	r2, sl
1000925e:	9b10      	ldr	r3, [sp, #64]	@ 0x40
10009260:	601a      	str	r2, [r3, #0]
10009262:	e7ac      	b.n	100091be <__gethex+0x19a>
10009264:	4b3e      	ldr	r3, [pc, #248]	@ (10009360 <__gethex+0x33c>)
10009266:	2201      	movs	r2, #1
10009268:	0019      	movs	r1, r3
1000926a:	0028      	movs	r0, r5
1000926c:	9302      	str	r3, [sp, #8]
1000926e:	f000 fa8d 	bl	1000978c <strncmp>
10009272:	4681      	mov	r9, r0
10009274:	2800      	cmp	r0, #0
10009276:	d175      	bne.n	10009364 <__gethex+0x340>
10009278:	786b      	ldrb	r3, [r5, #1]
1000927a:	1c6c      	adds	r4, r5, #1
1000927c:	5cfa      	ldrb	r2, [r7, r3]
1000927e:	2a00      	cmp	r2, #0
10009280:	d072      	beq.n	10009368 <__gethex+0x344>
10009282:	0025      	movs	r5, r4
10009284:	2b30      	cmp	r3, #48	@ 0x30
10009286:	d000      	beq.n	1000928a <__gethex+0x266>
10009288:	e133      	b.n	100094f2 <__gethex+0x4ce>
1000928a:	786b      	ldrb	r3, [r5, #1]
1000928c:	3501      	adds	r5, #1
1000928e:	2b30      	cmp	r3, #48	@ 0x30
10009290:	d0fb      	beq.n	1000928a <__gethex+0x266>
10009292:	5cfb      	ldrb	r3, [r7, r3]
10009294:	4259      	negs	r1, r3
10009296:	4159      	adcs	r1, r3
10009298:	2201      	movs	r2, #1
1000929a:	4689      	mov	r9, r1
1000929c:	4692      	mov	sl, r2
1000929e:	e6e7      	b.n	10009070 <__gethex+0x4c>
100092a0:	2401      	movs	r4, #1
100092a2:	2e00      	cmp	r6, #0
100092a4:	d010      	beq.n	100092c8 <__gethex+0x2a4>
100092a6:	465b      	mov	r3, fp
100092a8:	68db      	ldr	r3, [r3, #12]
100092aa:	2b02      	cmp	r3, #2
100092ac:	d064      	beq.n	10009378 <__gethex+0x354>
100092ae:	2b03      	cmp	r3, #3
100092b0:	d066      	beq.n	10009380 <__gethex+0x35c>
100092b2:	2b01      	cmp	r3, #1
100092b4:	d106      	bne.n	100092c4 <__gethex+0x2a0>
100092b6:	07b2      	lsls	r2, r6, #30
100092b8:	d504      	bpl.n	100092c4 <__gethex+0x2a0>
100092ba:	9a04      	ldr	r2, [sp, #16]
100092bc:	6812      	ldr	r2, [r2, #0]
100092be:	4316      	orrs	r6, r2
100092c0:	4233      	tst	r3, r6
100092c2:	d160      	bne.n	10009386 <__gethex+0x362>
100092c4:	2310      	movs	r3, #16
100092c6:	431c      	orrs	r4, r3
100092c8:	4652      	mov	r2, sl
100092ca:	9b10      	ldr	r3, [sp, #64]	@ 0x40
100092cc:	601a      	str	r2, [r3, #0]
100092ce:	9b05      	ldr	r3, [sp, #20]
100092d0:	9a01      	ldr	r2, [sp, #4]
100092d2:	601a      	str	r2, [r3, #0]
100092d4:	e773      	b.n	100091be <__gethex+0x19a>
100092d6:	1b44      	subs	r4, r0, r5
100092d8:	0021      	movs	r1, r4
100092da:	4650      	mov	r0, sl
100092dc:	f002 f802 	bl	1000b2e4 <__any_on>
100092e0:	1e06      	subs	r6, r0, #0
100092e2:	d00f      	beq.n	10009304 <__gethex+0x2e0>
100092e4:	211f      	movs	r1, #31
100092e6:	2301      	movs	r3, #1
100092e8:	1e60      	subs	r0, r4, #1
100092ea:	4001      	ands	r1, r0
100092ec:	408b      	lsls	r3, r1
100092ee:	1142      	asrs	r2, r0, #5
100092f0:	9904      	ldr	r1, [sp, #16]
100092f2:	0092      	lsls	r2, r2, #2
100092f4:	588a      	ldr	r2, [r1, r2]
100092f6:	2601      	movs	r6, #1
100092f8:	421a      	tst	r2, r3
100092fa:	d003      	beq.n	10009304 <__gethex+0x2e0>
100092fc:	2801      	cmp	r0, #1
100092fe:	dd00      	ble.n	10009302 <__gethex+0x2de>
10009300:	e0c1      	b.n	10009486 <__gethex+0x462>
10009302:	2602      	movs	r6, #2
10009304:	0021      	movs	r1, r4
10009306:	4650      	mov	r0, sl
10009308:	f7ff fe34 	bl	10008f74 <rshift>
1000930c:	9b01      	ldr	r3, [sp, #4]
1000930e:	469c      	mov	ip, r3
10009310:	44a4      	add	ip, r4
10009312:	4663      	mov	r3, ip
10009314:	9301      	str	r3, [sp, #4]
10009316:	e771      	b.n	100091fc <__gethex+0x1d8>
10009318:	2200      	movs	r2, #0
1000931a:	1c61      	adds	r1, r4, #1
1000931c:	e722      	b.n	10009164 <__gethex+0x140>
1000931e:	1e67      	subs	r7, r4, #1
10009320:	2e00      	cmp	r6, #0
10009322:	d000      	beq.n	10009326 <__gethex+0x302>
10009324:	e0a2      	b.n	1000946c <__gethex+0x448>
10009326:	2f00      	cmp	r7, #0
10009328:	d000      	beq.n	1000932c <__gethex+0x308>
1000932a:	e0a6      	b.n	1000947a <__gethex+0x456>
1000932c:	211f      	movs	r1, #31
1000932e:	2301      	movs	r3, #1
10009330:	4039      	ands	r1, r7
10009332:	408b      	lsls	r3, r1
10009334:	117a      	asrs	r2, r7, #5
10009336:	9904      	ldr	r1, [sp, #16]
10009338:	0092      	lsls	r2, r2, #2
1000933a:	588a      	ldr	r2, [r1, r2]
1000933c:	421a      	tst	r2, r3
1000933e:	d001      	beq.n	10009344 <__gethex+0x320>
10009340:	2302      	movs	r3, #2
10009342:	431e      	orrs	r6, r3
10009344:	0021      	movs	r1, r4
10009346:	4650      	mov	r0, sl
10009348:	f7ff fe14 	bl	10008f74 <rshift>
1000934c:	465b      	mov	r3, fp
1000934e:	685b      	ldr	r3, [r3, #4]
10009350:	1b2d      	subs	r5, r5, r4
10009352:	9301      	str	r3, [sp, #4]
10009354:	2402      	movs	r4, #2
10009356:	e7a4      	b.n	100092a2 <__gethex+0x27e>
10009358:	002e      	movs	r6, r5
1000935a:	e692      	b.n	10009082 <__gethex+0x5e>
1000935c:	1000bd68 	.word	0x1000bd68
10009360:	1000b70c 	.word	0x1000b70c
10009364:	002c      	movs	r4, r5
10009366:	782b      	ldrb	r3, [r5, #0]
10009368:	2220      	movs	r2, #32
1000936a:	4393      	bics	r3, r2
1000936c:	2b50      	cmp	r3, #80	@ 0x50
1000936e:	d100      	bne.n	10009372 <__gethex+0x34e>
10009370:	e092      	b.n	10009498 <__gethex+0x474>
10009372:	4643      	mov	r3, r8
10009374:	601c      	str	r4, [r3, #0]
10009376:	e71c      	b.n	100091b2 <__gethex+0x18e>
10009378:	2301      	movs	r3, #1
1000937a:	9a11      	ldr	r2, [sp, #68]	@ 0x44
1000937c:	1a9b      	subs	r3, r3, r2
1000937e:	9311      	str	r3, [sp, #68]	@ 0x44
10009380:	9b11      	ldr	r3, [sp, #68]	@ 0x44
10009382:	2b00      	cmp	r3, #0
10009384:	d09e      	beq.n	100092c4 <__gethex+0x2a0>
10009386:	4653      	mov	r3, sl
10009388:	691f      	ldr	r7, [r3, #16]
1000938a:	9b04      	ldr	r3, [sp, #16]
1000938c:	00ba      	lsls	r2, r7, #2
1000938e:	4691      	mov	r9, r2
10009390:	0018      	movs	r0, r3
10009392:	4698      	mov	r8, r3
10009394:	2100      	movs	r1, #0
10009396:	4448      	add	r0, r9
10009398:	e003      	b.n	100093a2 <__gethex+0x37e>
1000939a:	c302      	stmia	r3!, {r1}
1000939c:	4298      	cmp	r0, r3
1000939e:	d800      	bhi.n	100093a2 <__gethex+0x37e>
100093a0:	e083      	b.n	100094aa <__gethex+0x486>
100093a2:	681a      	ldr	r2, [r3, #0]
100093a4:	1c56      	adds	r6, r2, #1
100093a6:	d0f8      	beq.n	1000939a <__gethex+0x376>
100093a8:	3201      	adds	r2, #1
100093aa:	601a      	str	r2, [r3, #0]
100093ac:	2c02      	cmp	r4, #2
100093ae:	d100      	bne.n	100093b2 <__gethex+0x38e>
100093b0:	e08b      	b.n	100094ca <__gethex+0x4a6>
100093b2:	231f      	movs	r3, #31
100093b4:	001e      	movs	r6, r3
100093b6:	2421      	movs	r4, #33	@ 0x21
100093b8:	402e      	ands	r6, r5
100093ba:	422b      	tst	r3, r5
100093bc:	d100      	bne.n	100093c0 <__gethex+0x39c>
100093be:	e783      	b.n	100092c8 <__gethex+0x2a4>
100093c0:	464b      	mov	r3, r9
100093c2:	4443      	add	r3, r8
100093c4:	3b04      	subs	r3, #4
100093c6:	6818      	ldr	r0, [r3, #0]
100093c8:	f001 fb04 	bl	1000a9d4 <__hi0bits>
100093cc:	2320      	movs	r3, #32
100093ce:	1b9b      	subs	r3, r3, r6
100093d0:	4298      	cmp	r0, r3
100093d2:	db00      	blt.n	100093d6 <__gethex+0x3b2>
100093d4:	e778      	b.n	100092c8 <__gethex+0x2a4>
100093d6:	4653      	mov	r3, sl
100093d8:	691b      	ldr	r3, [r3, #16]
100093da:	2b00      	cmp	r3, #0
100093dc:	dd00      	ble.n	100093e0 <__gethex+0x3bc>
100093de:	e0b2      	b.n	10009546 <__gethex+0x522>
100093e0:	2300      	movs	r3, #0
100093e2:	4652      	mov	r2, sl
100093e4:	6113      	str	r3, [r2, #16]
100093e6:	2300      	movs	r3, #0
100093e8:	4652      	mov	r2, sl
100093ea:	6153      	str	r3, [r2, #20]
100093ec:	465b      	mov	r3, fp
100093ee:	9a01      	ldr	r2, [sp, #4]
100093f0:	689b      	ldr	r3, [r3, #8]
100093f2:	3201      	adds	r2, #1
100093f4:	9201      	str	r2, [sp, #4]
100093f6:	4293      	cmp	r3, r2
100093f8:	db2f      	blt.n	1000945a <__gethex+0x436>
100093fa:	2421      	movs	r4, #33	@ 0x21
100093fc:	e764      	b.n	100092c8 <__gethex+0x2a4>
100093fe:	9a11      	ldr	r2, [sp, #68]	@ 0x44
10009400:	2a00      	cmp	r2, #0
10009402:	d100      	bne.n	10009406 <__gethex+0x3e2>
10009404:	e722      	b.n	1000924c <__gethex+0x228>
10009406:	4651      	mov	r1, sl
10009408:	9803      	ldr	r0, [sp, #12]
1000940a:	f001 fa2d 	bl	1000a868 <_Bfree>
1000940e:	2300      	movs	r3, #0
10009410:	9a10      	ldr	r2, [sp, #64]	@ 0x40
10009412:	2450      	movs	r4, #80	@ 0x50
10009414:	6013      	str	r3, [r2, #0]
10009416:	e6d2      	b.n	100091be <__gethex+0x19a>
10009418:	2200      	movs	r2, #0
1000941a:	e6a1      	b.n	10009160 <__gethex+0x13c>
1000941c:	1a2c      	subs	r4, r5, r0
1000941e:	4651      	mov	r1, sl
10009420:	0022      	movs	r2, r4
10009422:	9803      	ldr	r0, [sp, #12]
10009424:	f001 fc98 	bl	1000ad58 <__lshift>
10009428:	9b01      	ldr	r3, [sp, #4]
1000942a:	4682      	mov	sl, r0
1000942c:	1b1b      	subs	r3, r3, r4
1000942e:	9301      	str	r3, [sp, #4]
10009430:	2314      	movs	r3, #20
10009432:	4453      	add	r3, sl
10009434:	9304      	str	r3, [sp, #16]
10009436:	e6e1      	b.n	100091fc <__gethex+0x1d8>
10009438:	7873      	ldrb	r3, [r6, #1]
1000943a:	1c74      	adds	r4, r6, #1
1000943c:	5cfa      	ldrb	r2, [r7, r3]
1000943e:	0026      	movs	r6, r4
10009440:	2a00      	cmp	r2, #0
10009442:	d100      	bne.n	10009446 <__gethex+0x422>
10009444:	e62d      	b.n	100090a2 <__gethex+0x7e>
10009446:	7873      	ldrb	r3, [r6, #1]
10009448:	3601      	adds	r6, #1
1000944a:	5cfa      	ldrb	r2, [r7, r3]
1000944c:	2a00      	cmp	r2, #0
1000944e:	d1fa      	bne.n	10009446 <__gethex+0x422>
10009450:	e624      	b.n	1000909c <__gethex+0x78>
10009452:	2300      	movs	r3, #0
10009454:	1c8d      	adds	r5, r1, #2
10009456:	469a      	mov	sl, r3
10009458:	e5fe      	b.n	10009058 <__gethex+0x34>
1000945a:	4651      	mov	r1, sl
1000945c:	9803      	ldr	r0, [sp, #12]
1000945e:	f001 fa03 	bl	1000a868 <_Bfree>
10009462:	2300      	movs	r3, #0
10009464:	9a10      	ldr	r2, [sp, #64]	@ 0x40
10009466:	24a3      	movs	r4, #163	@ 0xa3
10009468:	6013      	str	r3, [r2, #0]
1000946a:	e6a8      	b.n	100091be <__gethex+0x19a>
1000946c:	2601      	movs	r6, #1
1000946e:	e75d      	b.n	1000932c <__gethex+0x308>
10009470:	9b04      	ldr	r3, [sp, #16]
10009472:	4698      	mov	r8, r3
10009474:	2300      	movs	r3, #0
10009476:	4699      	mov	r9, r3
10009478:	e6ab      	b.n	100091d2 <__gethex+0x1ae>
1000947a:	0039      	movs	r1, r7
1000947c:	4650      	mov	r0, sl
1000947e:	f001 ff31 	bl	1000b2e4 <__any_on>
10009482:	0006      	movs	r6, r0
10009484:	e752      	b.n	1000932c <__gethex+0x308>
10009486:	4650      	mov	r0, sl
10009488:	1ea1      	subs	r1, r4, #2
1000948a:	f001 ff2b 	bl	1000b2e4 <__any_on>
1000948e:	2800      	cmp	r0, #0
10009490:	d100      	bne.n	10009494 <__gethex+0x470>
10009492:	e736      	b.n	10009302 <__gethex+0x2de>
10009494:	2603      	movs	r6, #3
10009496:	e735      	b.n	10009304 <__gethex+0x2e0>
10009498:	2300      	movs	r3, #0
1000949a:	9301      	str	r3, [sp, #4]
1000949c:	3301      	adds	r3, #1
1000949e:	4699      	mov	r9, r3
100094a0:	e656      	b.n	10009150 <__gethex+0x12c>
100094a2:	9a11      	ldr	r2, [sp, #68]	@ 0x44
100094a4:	2a00      	cmp	r2, #0
100094a6:	d0ae      	beq.n	10009406 <__gethex+0x3e2>
100094a8:	e6d0      	b.n	1000924c <__gethex+0x228>
100094aa:	4653      	mov	r3, sl
100094ac:	689b      	ldr	r3, [r3, #8]
100094ae:	429f      	cmp	r7, r3
100094b0:	da22      	bge.n	100094f8 <__gethex+0x4d4>
100094b2:	4652      	mov	r2, sl
100094b4:	2101      	movs	r1, #1
100094b6:	1c7b      	adds	r3, r7, #1
100094b8:	3704      	adds	r7, #4
100094ba:	6113      	str	r3, [r2, #16]
100094bc:	00ba      	lsls	r2, r7, #2
100094be:	4452      	add	r2, sl
100094c0:	6051      	str	r1, [r2, #4]
100094c2:	9a04      	ldr	r2, [sp, #16]
100094c4:	4690      	mov	r8, r2
100094c6:	2c02      	cmp	r4, #2
100094c8:	d187      	bne.n	100093da <__gethex+0x3b6>
100094ca:	465b      	mov	r3, fp
100094cc:	681b      	ldr	r3, [r3, #0]
100094ce:	2422      	movs	r4, #34	@ 0x22
100094d0:	3b01      	subs	r3, #1
100094d2:	42ab      	cmp	r3, r5
100094d4:	d000      	beq.n	100094d8 <__gethex+0x4b4>
100094d6:	e6f7      	b.n	100092c8 <__gethex+0x2a4>
100094d8:	211f      	movs	r1, #31
100094da:	2301      	movs	r3, #1
100094dc:	4029      	ands	r1, r5
100094de:	408b      	lsls	r3, r1
100094e0:	4641      	mov	r1, r8
100094e2:	116a      	asrs	r2, r5, #5
100094e4:	0092      	lsls	r2, r2, #2
100094e6:	5854      	ldr	r4, [r2, r1]
100094e8:	401c      	ands	r4, r3
100094ea:	4263      	negs	r3, r4
100094ec:	415c      	adcs	r4, r3
100094ee:	3421      	adds	r4, #33	@ 0x21
100094f0:	e6ea      	b.n	100092c8 <__gethex+0x2a4>
100094f2:	2301      	movs	r3, #1
100094f4:	469a      	mov	sl, r3
100094f6:	e5be      	b.n	10009076 <__gethex+0x52>
100094f8:	4653      	mov	r3, sl
100094fa:	6859      	ldr	r1, [r3, #4]
100094fc:	9803      	ldr	r0, [sp, #12]
100094fe:	3101      	adds	r1, #1
10009500:	f001 f98a 	bl	1000a818 <_Balloc>
10009504:	1e06      	subs	r6, r0, #0
10009506:	d056      	beq.n	100095b6 <__gethex+0x592>
10009508:	4653      	mov	r3, sl
1000950a:	4651      	mov	r1, sl
1000950c:	691a      	ldr	r2, [r3, #16]
1000950e:	310c      	adds	r1, #12
10009510:	3202      	adds	r2, #2
10009512:	0092      	lsls	r2, r2, #2
10009514:	300c      	adds	r0, #12
10009516:	f7fa f821 	bl	1000355c <__wrap___aeabi_memcpy>
1000951a:	4651      	mov	r1, sl
1000951c:	9803      	ldr	r0, [sp, #12]
1000951e:	f001 f9a3 	bl	1000a868 <_Bfree>
10009522:	2101      	movs	r1, #1
10009524:	6932      	ldr	r2, [r6, #16]
10009526:	46b2      	mov	sl, r6
10009528:	1c53      	adds	r3, r2, #1
1000952a:	3204      	adds	r2, #4
1000952c:	0092      	lsls	r2, r2, #2
1000952e:	18b2      	adds	r2, r6, r2
10009530:	6133      	str	r3, [r6, #16]
10009532:	6051      	str	r1, [r2, #4]
10009534:	2214      	movs	r2, #20
10009536:	4690      	mov	r8, r2
10009538:	44b0      	add	r8, r6
1000953a:	2c02      	cmp	r4, #2
1000953c:	d0c5      	beq.n	100094ca <__gethex+0x4a6>
1000953e:	429f      	cmp	r7, r3
10009540:	db00      	blt.n	10009544 <__gethex+0x520>
10009542:	e736      	b.n	100093b2 <__gethex+0x38e>
10009544:	e749      	b.n	100093da <__gethex+0x3b6>
10009546:	009b      	lsls	r3, r3, #2
10009548:	4443      	add	r3, r8
1000954a:	001a      	movs	r2, r3
1000954c:	4653      	mov	r3, sl
1000954e:	4650      	mov	r0, sl
10009550:	695b      	ldr	r3, [r3, #20]
10009552:	3018      	adds	r0, #24
10009554:	085b      	lsrs	r3, r3, #1
10009556:	4282      	cmp	r2, r0
10009558:	d91d      	bls.n	10009596 <__gethex+0x572>
1000955a:	4644      	mov	r4, r8
1000955c:	0019      	movs	r1, r3
1000955e:	6803      	ldr	r3, [r0, #0]
10009560:	07db      	lsls	r3, r3, #31
10009562:	430b      	orrs	r3, r1
10009564:	c408      	stmia	r4!, {r3}
10009566:	c802      	ldmia	r0!, {r1}
10009568:	0849      	lsrs	r1, r1, #1
1000956a:	4282      	cmp	r2, r0
1000956c:	d8f7      	bhi.n	1000955e <__gethex+0x53a>
1000956e:	000b      	movs	r3, r1
10009570:	4651      	mov	r1, sl
10009572:	1a52      	subs	r2, r2, r1
10009574:	3a19      	subs	r2, #25
10009576:	0892      	lsrs	r2, r2, #2
10009578:	3201      	adds	r2, #1
1000957a:	0092      	lsls	r2, r2, #2
1000957c:	4442      	add	r2, r8
1000957e:	6013      	str	r3, [r2, #0]
10009580:	2b00      	cmp	r3, #0
10009582:	d10d      	bne.n	100095a0 <__gethex+0x57c>
10009584:	4643      	mov	r3, r8
10009586:	4651      	mov	r1, sl
10009588:	1ad3      	subs	r3, r2, r3
1000958a:	109b      	asrs	r3, r3, #2
1000958c:	610b      	str	r3, [r1, #16]
1000958e:	4542      	cmp	r2, r8
10009590:	d000      	beq.n	10009594 <__gethex+0x570>
10009592:	e72b      	b.n	100093ec <__gethex+0x3c8>
10009594:	e727      	b.n	100093e6 <__gethex+0x3c2>
10009596:	4642      	mov	r2, r8
10009598:	6013      	str	r3, [r2, #0]
1000959a:	2b00      	cmp	r3, #0
1000959c:	d002      	beq.n	100095a4 <__gethex+0x580>
1000959e:	4642      	mov	r2, r8
100095a0:	3204      	adds	r2, #4
100095a2:	e7ef      	b.n	10009584 <__gethex+0x560>
100095a4:	4652      	mov	r2, sl
100095a6:	6113      	str	r3, [r2, #16]
100095a8:	e71d      	b.n	100093e6 <__gethex+0x3c2>
100095aa:	2200      	movs	r2, #0
100095ac:	21e4      	movs	r1, #228	@ 0xe4
100095ae:	4b05      	ldr	r3, [pc, #20]	@ (100095c4 <__gethex+0x5a0>)
100095b0:	4805      	ldr	r0, [pc, #20]	@ (100095c8 <__gethex+0x5a4>)
100095b2:	f7fb fbcf 	bl	10004d54 <__assert_func>
100095b6:	2200      	movs	r2, #0
100095b8:	2184      	movs	r1, #132	@ 0x84
100095ba:	4b02      	ldr	r3, [pc, #8]	@ (100095c4 <__gethex+0x5a0>)
100095bc:	4802      	ldr	r0, [pc, #8]	@ (100095c8 <__gethex+0x5a4>)
100095be:	f7fb fbc9 	bl	10004d54 <__assert_func>
100095c2:	46c0      	nop			@ (mov r8, r8)
100095c4:	1000b728 	.word	0x1000b728
100095c8:	1000b73c 	.word	0x1000b73c

100095cc <_strtoul_l.isra.0>:
100095cc:	b5f0      	push	{r4, r5, r6, r7, lr}
100095ce:	4657      	mov	r7, sl
100095d0:	464e      	mov	r6, r9
100095d2:	4645      	mov	r5, r8
100095d4:	46de      	mov	lr, fp
100095d6:	4688      	mov	r8, r1
100095d8:	b5e0      	push	{r5, r6, r7, lr}
100095da:	000c      	movs	r4, r1
100095dc:	4692      	mov	sl, r2
100095de:	001e      	movs	r6, r3
100095e0:	2108      	movs	r1, #8
100095e2:	b083      	sub	sp, #12
100095e4:	9001      	str	r0, [sp, #4]
100095e6:	4846      	ldr	r0, [pc, #280]	@ (10009700 <_strtoul_l.isra.0+0x134>)
100095e8:	0023      	movs	r3, r4
100095ea:	781d      	ldrb	r5, [r3, #0]
100095ec:	3401      	adds	r4, #1
100095ee:	5d42      	ldrb	r2, [r0, r5]
100095f0:	4211      	tst	r1, r2
100095f2:	d1f9      	bne.n	100095e8 <_strtoul_l.isra.0+0x1c>
100095f4:	2d2d      	cmp	r5, #45	@ 0x2d
100095f6:	d05e      	beq.n	100096b6 <_strtoul_l.isra.0+0xea>
100095f8:	2200      	movs	r2, #0
100095fa:	4693      	mov	fp, r2
100095fc:	2d2b      	cmp	r5, #43	@ 0x2b
100095fe:	d033      	beq.n	10009668 <_strtoul_l.isra.0+0x9c>
10009600:	2e00      	cmp	r6, #0
10009602:	d107      	bne.n	10009614 <_strtoul_l.isra.0+0x48>
10009604:	2d30      	cmp	r5, #48	@ 0x30
10009606:	d062      	beq.n	100096ce <_strtoul_l.isra.0+0x102>
10009608:	230a      	movs	r3, #10
1000960a:	2105      	movs	r1, #5
1000960c:	4699      	mov	r9, r3
1000960e:	4f3d      	ldr	r7, [pc, #244]	@ (10009704 <_strtoul_l.isra.0+0x138>)
10009610:	360a      	adds	r6, #10
10009612:	e00d      	b.n	10009630 <_strtoul_l.isra.0+0x64>
10009614:	2e10      	cmp	r6, #16
10009616:	d053      	beq.n	100096c0 <_strtoul_l.isra.0+0xf4>
10009618:	2001      	movs	r0, #1
1000961a:	0031      	movs	r1, r6
1000961c:	4240      	negs	r0, r0
1000961e:	f7f8 ff6b 	bl	100024f8 <__wrap___aeabi_uidiv>
10009622:	0007      	movs	r7, r0
10009624:	2001      	movs	r0, #1
10009626:	0031      	movs	r1, r6
10009628:	4240      	negs	r0, r0
1000962a:	46b1      	mov	r9, r6
1000962c:	f7f8 ff64 	bl	100024f8 <__wrap___aeabi_uidiv>
10009630:	2200      	movs	r2, #0
10009632:	2000      	movs	r0, #0
10009634:	002b      	movs	r3, r5
10009636:	3b30      	subs	r3, #48	@ 0x30
10009638:	2b09      	cmp	r3, #9
1000963a:	d907      	bls.n	1000964c <_strtoul_l.isra.0+0x80>
1000963c:	3b11      	subs	r3, #17
1000963e:	2b19      	cmp	r3, #25
10009640:	d903      	bls.n	1000964a <_strtoul_l.isra.0+0x7e>
10009642:	002b      	movs	r3, r5
10009644:	3b61      	subs	r3, #97	@ 0x61
10009646:	2b19      	cmp	r3, #25
10009648:	d811      	bhi.n	1000966e <_strtoul_l.isra.0+0xa2>
1000964a:	330a      	adds	r3, #10
1000964c:	429e      	cmp	r6, r3
1000964e:	dd0e      	ble.n	1000966e <_strtoul_l.isra.0+0xa2>
10009650:	1c55      	adds	r5, r2, #1
10009652:	d006      	beq.n	10009662 <_strtoul_l.isra.0+0x96>
10009654:	42b8      	cmp	r0, r7
10009656:	d821      	bhi.n	1000969c <_strtoul_l.isra.0+0xd0>
10009658:	d01e      	beq.n	10009698 <_strtoul_l.isra.0+0xcc>
1000965a:	464a      	mov	r2, r9
1000965c:	4350      	muls	r0, r2
1000965e:	2201      	movs	r2, #1
10009660:	1818      	adds	r0, r3, r0
10009662:	7825      	ldrb	r5, [r4, #0]
10009664:	3401      	adds	r4, #1
10009666:	e7e5      	b.n	10009634 <_strtoul_l.isra.0+0x68>
10009668:	7825      	ldrb	r5, [r4, #0]
1000966a:	1c9c      	adds	r4, r3, #2
1000966c:	e7c8      	b.n	10009600 <_strtoul_l.isra.0+0x34>
1000966e:	1c53      	adds	r3, r2, #1
10009670:	d017      	beq.n	100096a2 <_strtoul_l.isra.0+0xd6>
10009672:	465b      	mov	r3, fp
10009674:	2b00      	cmp	r3, #0
10009676:	d000      	beq.n	1000967a <_strtoul_l.isra.0+0xae>
10009678:	4240      	negs	r0, r0
1000967a:	4653      	mov	r3, sl
1000967c:	2b00      	cmp	r3, #0
1000967e:	d004      	beq.n	1000968a <_strtoul_l.isra.0+0xbe>
10009680:	2a00      	cmp	r2, #0
10009682:	d115      	bne.n	100096b0 <_strtoul_l.isra.0+0xe4>
10009684:	4653      	mov	r3, sl
10009686:	4642      	mov	r2, r8
10009688:	601a      	str	r2, [r3, #0]
1000968a:	b003      	add	sp, #12
1000968c:	bcf0      	pop	{r4, r5, r6, r7}
1000968e:	46bb      	mov	fp, r7
10009690:	46b2      	mov	sl, r6
10009692:	46a9      	mov	r9, r5
10009694:	46a0      	mov	r8, r4
10009696:	bdf0      	pop	{r4, r5, r6, r7, pc}
10009698:	428b      	cmp	r3, r1
1000969a:	ddde      	ble.n	1000965a <_strtoul_l.isra.0+0x8e>
1000969c:	2201      	movs	r2, #1
1000969e:	4252      	negs	r2, r2
100096a0:	e7df      	b.n	10009662 <_strtoul_l.isra.0+0x96>
100096a2:	2322      	movs	r3, #34	@ 0x22
100096a4:	9901      	ldr	r1, [sp, #4]
100096a6:	0010      	movs	r0, r2
100096a8:	600b      	str	r3, [r1, #0]
100096aa:	4653      	mov	r3, sl
100096ac:	2b00      	cmp	r3, #0
100096ae:	d0ec      	beq.n	1000968a <_strtoul_l.isra.0+0xbe>
100096b0:	1e63      	subs	r3, r4, #1
100096b2:	4698      	mov	r8, r3
100096b4:	e7e6      	b.n	10009684 <_strtoul_l.isra.0+0xb8>
100096b6:	7825      	ldrb	r5, [r4, #0]
100096b8:	1c9c      	adds	r4, r3, #2
100096ba:	2301      	movs	r3, #1
100096bc:	469b      	mov	fp, r3
100096be:	e79f      	b.n	10009600 <_strtoul_l.isra.0+0x34>
100096c0:	2d30      	cmp	r5, #48	@ 0x30
100096c2:	d00f      	beq.n	100096e4 <_strtoul_l.isra.0+0x118>
100096c4:	2310      	movs	r3, #16
100096c6:	210f      	movs	r1, #15
100096c8:	4699      	mov	r9, r3
100096ca:	4f0f      	ldr	r7, [pc, #60]	@ (10009708 <_strtoul_l.isra.0+0x13c>)
100096cc:	e7b0      	b.n	10009630 <_strtoul_l.isra.0+0x64>
100096ce:	2220      	movs	r2, #32
100096d0:	7823      	ldrb	r3, [r4, #0]
100096d2:	4393      	bics	r3, r2
100096d4:	2b58      	cmp	r3, #88	@ 0x58
100096d6:	d00a      	beq.n	100096ee <_strtoul_l.isra.0+0x122>
100096d8:	2308      	movs	r3, #8
100096da:	2107      	movs	r1, #7
100096dc:	4699      	mov	r9, r3
100096de:	2608      	movs	r6, #8
100096e0:	4f0a      	ldr	r7, [pc, #40]	@ (1000970c <_strtoul_l.isra.0+0x140>)
100096e2:	e7a5      	b.n	10009630 <_strtoul_l.isra.0+0x64>
100096e4:	2220      	movs	r2, #32
100096e6:	7823      	ldrb	r3, [r4, #0]
100096e8:	4393      	bics	r3, r2
100096ea:	2b58      	cmp	r3, #88	@ 0x58
100096ec:	d1ea      	bne.n	100096c4 <_strtoul_l.isra.0+0xf8>
100096ee:	2310      	movs	r3, #16
100096f0:	7865      	ldrb	r5, [r4, #1]
100096f2:	210f      	movs	r1, #15
100096f4:	4699      	mov	r9, r3
100096f6:	2610      	movs	r6, #16
100096f8:	4f03      	ldr	r7, [pc, #12]	@ (10009708 <_strtoul_l.isra.0+0x13c>)
100096fa:	3402      	adds	r4, #2
100096fc:	e798      	b.n	10009630 <_strtoul_l.isra.0+0x64>
100096fe:	46c0      	nop			@ (mov r8, r8)
10009700:	1000be69 	.word	0x1000be69
10009704:	19999999 	.word	0x19999999
10009708:	0fffffff 	.word	0x0fffffff
1000970c:	1fffffff 	.word	0x1fffffff

10009710 <_strtoul_r>:
10009710:	b510      	push	{r4, lr}
10009712:	f7ff ff5b 	bl	100095cc <_strtoul_l.isra.0>
10009716:	bd10      	pop	{r4, pc}

10009718 <strtoul_l>:
10009718:	b510      	push	{r4, lr}
1000971a:	0004      	movs	r4, r0
1000971c:	0013      	movs	r3, r2
1000971e:	4a03      	ldr	r2, [pc, #12]	@ (1000972c <strtoul_l+0x14>)
10009720:	6810      	ldr	r0, [r2, #0]
10009722:	000a      	movs	r2, r1
10009724:	0021      	movs	r1, r4
10009726:	f7ff ff51 	bl	100095cc <_strtoul_l.isra.0>
1000972a:	bd10      	pop	{r4, pc}
1000972c:	20001188 	.word	0x20001188

10009730 <strtoul>:
10009730:	b510      	push	{r4, lr}
10009732:	0004      	movs	r4, r0
10009734:	0013      	movs	r3, r2
10009736:	4a03      	ldr	r2, [pc, #12]	@ (10009744 <strtoul+0x14>)
10009738:	6810      	ldr	r0, [r2, #0]
1000973a:	000a      	movs	r2, r1
1000973c:	0021      	movs	r1, r4
1000973e:	f7ff ff45 	bl	100095cc <_strtoul_l.isra.0>
10009742:	bd10      	pop	{r4, pc}
10009744:	20001188 	.word	0x20001188

10009748 <_mbtowc_r>:
10009748:	b530      	push	{r4, r5, lr}
1000974a:	b083      	sub	sp, #12
1000974c:	9d06      	ldr	r5, [sp, #24]
1000974e:	4c03      	ldr	r4, [pc, #12]	@ (1000975c <_mbtowc_r+0x14>)
10009750:	9500      	str	r5, [sp, #0]
10009752:	25e4      	movs	r5, #228	@ 0xe4
10009754:	5964      	ldr	r4, [r4, r5]
10009756:	47a0      	blx	r4
10009758:	b003      	add	sp, #12
1000975a:	bd30      	pop	{r4, r5, pc}
1000975c:	20001018 	.word	0x20001018

10009760 <__ascii_mbtowc>:
10009760:	b082      	sub	sp, #8
10009762:	2900      	cmp	r1, #0
10009764:	d00a      	beq.n	1000977c <__ascii_mbtowc+0x1c>
10009766:	2a00      	cmp	r2, #0
10009768:	d00b      	beq.n	10009782 <__ascii_mbtowc+0x22>
1000976a:	2b00      	cmp	r3, #0
1000976c:	d00b      	beq.n	10009786 <__ascii_mbtowc+0x26>
1000976e:	7813      	ldrb	r3, [r2, #0]
10009770:	600b      	str	r3, [r1, #0]
10009772:	7810      	ldrb	r0, [r2, #0]
10009774:	1e43      	subs	r3, r0, #1
10009776:	4198      	sbcs	r0, r3
10009778:	b002      	add	sp, #8
1000977a:	4770      	bx	lr
1000977c:	a901      	add	r1, sp, #4
1000977e:	2a00      	cmp	r2, #0
10009780:	d1f3      	bne.n	1000976a <__ascii_mbtowc+0xa>
10009782:	2000      	movs	r0, #0
10009784:	e7f8      	b.n	10009778 <__ascii_mbtowc+0x18>
10009786:	2002      	movs	r0, #2
10009788:	4240      	negs	r0, r0
1000978a:	e7f5      	b.n	10009778 <__ascii_mbtowc+0x18>

1000978c <strncmp>:
1000978c:	b530      	push	{r4, r5, lr}
1000978e:	2a00      	cmp	r2, #0
10009790:	d026      	beq.n	100097e0 <strncmp+0x54>
10009792:	0003      	movs	r3, r0
10009794:	430b      	orrs	r3, r1
10009796:	079b      	lsls	r3, r3, #30
10009798:	d124      	bne.n	100097e4 <strncmp+0x58>
1000979a:	2a03      	cmp	r2, #3
1000979c:	d922      	bls.n	100097e4 <strncmp+0x58>
1000979e:	4d16      	ldr	r5, [pc, #88]	@ (100097f8 <strncmp+0x6c>)
100097a0:	e00b      	b.n	100097ba <strncmp+0x2e>
100097a2:	3a04      	subs	r2, #4
100097a4:	2a00      	cmp	r2, #0
100097a6:	d01b      	beq.n	100097e0 <strncmp+0x54>
100097a8:	4c14      	ldr	r4, [pc, #80]	@ (100097fc <strncmp+0x70>)
100097aa:	191c      	adds	r4, r3, r4
100097ac:	439c      	bics	r4, r3
100097ae:	422c      	tst	r4, r5
100097b0:	d116      	bne.n	100097e0 <strncmp+0x54>
100097b2:	3004      	adds	r0, #4
100097b4:	3104      	adds	r1, #4
100097b6:	2a03      	cmp	r2, #3
100097b8:	d914      	bls.n	100097e4 <strncmp+0x58>
100097ba:	6803      	ldr	r3, [r0, #0]
100097bc:	680c      	ldr	r4, [r1, #0]
100097be:	42a3      	cmp	r3, r4
100097c0:	d0ef      	beq.n	100097a2 <strncmp+0x16>
100097c2:	7804      	ldrb	r4, [r0, #0]
100097c4:	780d      	ldrb	r5, [r1, #0]
100097c6:	42a5      	cmp	r5, r4
100097c8:	d113      	bne.n	100097f2 <strncmp+0x66>
100097ca:	2301      	movs	r3, #1
100097cc:	e006      	b.n	100097dc <strncmp+0x50>
100097ce:	5cc4      	ldrb	r4, [r0, r3]
100097d0:	5ccd      	ldrb	r5, [r1, r3]
100097d2:	42ac      	cmp	r4, r5
100097d4:	d10d      	bne.n	100097f2 <strncmp+0x66>
100097d6:	3301      	adds	r3, #1
100097d8:	429a      	cmp	r2, r3
100097da:	d001      	beq.n	100097e0 <strncmp+0x54>
100097dc:	2c00      	cmp	r4, #0
100097de:	d1f6      	bne.n	100097ce <strncmp+0x42>
100097e0:	2000      	movs	r0, #0
100097e2:	bd30      	pop	{r4, r5, pc}
100097e4:	7804      	ldrb	r4, [r0, #0]
100097e6:	780d      	ldrb	r5, [r1, #0]
100097e8:	42ac      	cmp	r4, r5
100097ea:	d102      	bne.n	100097f2 <strncmp+0x66>
100097ec:	2a01      	cmp	r2, #1
100097ee:	d1ec      	bne.n	100097ca <strncmp+0x3e>
100097f0:	e7f6      	b.n	100097e0 <strncmp+0x54>
100097f2:	1b60      	subs	r0, r4, r5
100097f4:	e7f5      	b.n	100097e2 <strncmp+0x56>
100097f6:	46c0      	nop			@ (mov r8, r8)
100097f8:	80808080 	.word	0x80808080
100097fc:	fefefeff 	.word	0xfefefeff

10009800 <memmove>:
10009800:	b5f0      	push	{r4, r5, r6, r7, lr}
10009802:	4288      	cmp	r0, r1
10009804:	d90a      	bls.n	1000981c <memmove+0x1c>
10009806:	188b      	adds	r3, r1, r2
10009808:	4298      	cmp	r0, r3
1000980a:	d207      	bcs.n	1000981c <memmove+0x1c>
1000980c:	1e53      	subs	r3, r2, #1
1000980e:	2a00      	cmp	r2, #0
10009810:	d003      	beq.n	1000981a <memmove+0x1a>
10009812:	5cca      	ldrb	r2, [r1, r3]
10009814:	54c2      	strb	r2, [r0, r3]
10009816:	3b01      	subs	r3, #1
10009818:	d2fb      	bcs.n	10009812 <memmove+0x12>
1000981a:	bdf0      	pop	{r4, r5, r6, r7, pc}
1000981c:	0005      	movs	r5, r0
1000981e:	2a0f      	cmp	r2, #15
10009820:	d80a      	bhi.n	10009838 <memmove+0x38>
10009822:	1e56      	subs	r6, r2, #1
10009824:	2a00      	cmp	r2, #0
10009826:	d0f8      	beq.n	1000981a <memmove+0x1a>
10009828:	2300      	movs	r3, #0
1000982a:	5ccc      	ldrb	r4, [r1, r3]
1000982c:	001a      	movs	r2, r3
1000982e:	54ec      	strb	r4, [r5, r3]
10009830:	3301      	adds	r3, #1
10009832:	4296      	cmp	r6, r2
10009834:	d1f9      	bne.n	1000982a <memmove+0x2a>
10009836:	e7f0      	b.n	1000981a <memmove+0x1a>
10009838:	2703      	movs	r7, #3
1000983a:	003e      	movs	r6, r7
1000983c:	430d      	orrs	r5, r1
1000983e:	000c      	movs	r4, r1
10009840:	0003      	movs	r3, r0
10009842:	402e      	ands	r6, r5
10009844:	422f      	tst	r7, r5
10009846:	d12d      	bne.n	100098a4 <memmove+0xa4>
10009848:	0015      	movs	r5, r2
1000984a:	3d10      	subs	r5, #16
1000984c:	092d      	lsrs	r5, r5, #4
1000984e:	46ac      	mov	ip, r5
10009850:	012f      	lsls	r7, r5, #4
10009852:	183f      	adds	r7, r7, r0
10009854:	6825      	ldr	r5, [r4, #0]
10009856:	601d      	str	r5, [r3, #0]
10009858:	6865      	ldr	r5, [r4, #4]
1000985a:	605d      	str	r5, [r3, #4]
1000985c:	68a5      	ldr	r5, [r4, #8]
1000985e:	609d      	str	r5, [r3, #8]
10009860:	68e5      	ldr	r5, [r4, #12]
10009862:	3410      	adds	r4, #16
10009864:	60dd      	str	r5, [r3, #12]
10009866:	001d      	movs	r5, r3
10009868:	3310      	adds	r3, #16
1000986a:	42bd      	cmp	r5, r7
1000986c:	d1f2      	bne.n	10009854 <memmove+0x54>
1000986e:	4665      	mov	r5, ip
10009870:	230f      	movs	r3, #15
10009872:	240c      	movs	r4, #12
10009874:	3501      	adds	r5, #1
10009876:	012d      	lsls	r5, r5, #4
10009878:	1949      	adds	r1, r1, r5
1000987a:	4013      	ands	r3, r2
1000987c:	1945      	adds	r5, r0, r5
1000987e:	4214      	tst	r4, r2
10009880:	d013      	beq.n	100098aa <memmove+0xaa>
10009882:	3b04      	subs	r3, #4
10009884:	089b      	lsrs	r3, r3, #2
10009886:	3301      	adds	r3, #1
10009888:	009b      	lsls	r3, r3, #2
1000988a:	598c      	ldr	r4, [r1, r6]
1000988c:	51ac      	str	r4, [r5, r6]
1000988e:	3604      	adds	r6, #4
10009890:	429e      	cmp	r6, r3
10009892:	d1fa      	bne.n	1000988a <memmove+0x8a>
10009894:	2303      	movs	r3, #3
10009896:	401a      	ands	r2, r3
10009898:	19ad      	adds	r5, r5, r6
1000989a:	1989      	adds	r1, r1, r6
1000989c:	1e56      	subs	r6, r2, #1
1000989e:	2a00      	cmp	r2, #0
100098a0:	d1c2      	bne.n	10009828 <memmove+0x28>
100098a2:	e7ba      	b.n	1000981a <memmove+0x1a>
100098a4:	0005      	movs	r5, r0
100098a6:	1e56      	subs	r6, r2, #1
100098a8:	e7be      	b.n	10009828 <memmove+0x28>
100098aa:	001a      	movs	r2, r3
100098ac:	e7b9      	b.n	10009822 <memmove+0x22>
100098ae:	46c0      	nop			@ (mov r8, r8)

100098b0 <__errno>:
100098b0:	4b01      	ldr	r3, [pc, #4]	@ (100098b8 <__errno+0x8>)
100098b2:	6818      	ldr	r0, [r3, #0]
100098b4:	4770      	bx	lr
100098b6:	46c0      	nop			@ (mov r8, r8)
100098b8:	20001188 	.word	0x20001188

100098bc <_calloc_r>:
100098bc:	b570      	push	{r4, r5, r6, lr}
100098be:	0c0b      	lsrs	r3, r1, #16
100098c0:	2400      	movs	r4, #0
100098c2:	0c15      	lsrs	r5, r2, #16
100098c4:	2b00      	cmp	r3, #0
100098c6:	d128      	bne.n	1000991a <_calloc_r+0x5e>
100098c8:	2d00      	cmp	r5, #0
100098ca:	d13c      	bne.n	10009946 <_calloc_r+0x8a>
100098cc:	b28b      	uxth	r3, r1
100098ce:	b291      	uxth	r1, r2
100098d0:	4359      	muls	r1, r3
100098d2:	f000 f847 	bl	10009964 <_malloc_r>
100098d6:	1e05      	subs	r5, r0, #0
100098d8:	d033      	beq.n	10009942 <_calloc_r+0x86>
100098da:	0003      	movs	r3, r0
100098dc:	3b08      	subs	r3, #8
100098de:	685a      	ldr	r2, [r3, #4]
100098e0:	2303      	movs	r3, #3
100098e2:	439a      	bics	r2, r3
100098e4:	3a04      	subs	r2, #4
100098e6:	2a24      	cmp	r2, #36	@ 0x24
100098e8:	d812      	bhi.n	10009910 <_calloc_r+0x54>
100098ea:	0003      	movs	r3, r0
100098ec:	2a13      	cmp	r2, #19
100098ee:	d90a      	bls.n	10009906 <_calloc_r+0x4a>
100098f0:	6004      	str	r4, [r0, #0]
100098f2:	6044      	str	r4, [r0, #4]
100098f4:	3308      	adds	r3, #8
100098f6:	2a1b      	cmp	r2, #27
100098f8:	d905      	bls.n	10009906 <_calloc_r+0x4a>
100098fa:	6084      	str	r4, [r0, #8]
100098fc:	60c4      	str	r4, [r0, #12]
100098fe:	2a24      	cmp	r2, #36	@ 0x24
10009900:	d02a      	beq.n	10009958 <_calloc_r+0x9c>
10009902:	0003      	movs	r3, r0
10009904:	3310      	adds	r3, #16
10009906:	2200      	movs	r2, #0
10009908:	601a      	str	r2, [r3, #0]
1000990a:	605a      	str	r2, [r3, #4]
1000990c:	609a      	str	r2, [r3, #8]
1000990e:	e002      	b.n	10009916 <_calloc_r+0x5a>
10009910:	2100      	movs	r1, #0
10009912:	f7f9 fe1d 	bl	10003550 <__wrap_memset>
10009916:	0028      	movs	r0, r5
10009918:	bd70      	pop	{r4, r5, r6, pc}
1000991a:	2d00      	cmp	r5, #0
1000991c:	d116      	bne.n	1000994c <_calloc_r+0x90>
1000991e:	1c15      	adds	r5, r2, #0
10009920:	b289      	uxth	r1, r1
10009922:	b292      	uxth	r2, r2
10009924:	434a      	muls	r2, r1
10009926:	b2ad      	uxth	r5, r5
10009928:	b29b      	uxth	r3, r3
1000992a:	436b      	muls	r3, r5
1000992c:	0c11      	lsrs	r1, r2, #16
1000992e:	185b      	adds	r3, r3, r1
10009930:	0c19      	lsrs	r1, r3, #16
10009932:	d10b      	bne.n	1000994c <_calloc_r+0x90>
10009934:	0419      	lsls	r1, r3, #16
10009936:	b292      	uxth	r2, r2
10009938:	4311      	orrs	r1, r2
1000993a:	f000 f813 	bl	10009964 <_malloc_r>
1000993e:	1e05      	subs	r5, r0, #0
10009940:	d1cb      	bne.n	100098da <_calloc_r+0x1e>
10009942:	2500      	movs	r5, #0
10009944:	e7e7      	b.n	10009916 <_calloc_r+0x5a>
10009946:	1c2b      	adds	r3, r5, #0
10009948:	1c0d      	adds	r5, r1, #0
1000994a:	e7e9      	b.n	10009920 <_calloc_r+0x64>
1000994c:	f7ff ffb0 	bl	100098b0 <__errno>
10009950:	230c      	movs	r3, #12
10009952:	2500      	movs	r5, #0
10009954:	6003      	str	r3, [r0, #0]
10009956:	e7de      	b.n	10009916 <_calloc_r+0x5a>
10009958:	0003      	movs	r3, r0
1000995a:	6104      	str	r4, [r0, #16]
1000995c:	3318      	adds	r3, #24
1000995e:	6144      	str	r4, [r0, #20]
10009960:	e7d1      	b.n	10009906 <_calloc_r+0x4a>
10009962:	46c0      	nop			@ (mov r8, r8)

10009964 <_malloc_r>:
10009964:	b5f0      	push	{r4, r5, r6, r7, lr}
10009966:	464e      	mov	r6, r9
10009968:	4645      	mov	r5, r8
1000996a:	46de      	mov	lr, fp
1000996c:	4657      	mov	r7, sl
1000996e:	b5e0      	push	{r5, r6, r7, lr}
10009970:	000d      	movs	r5, r1
10009972:	350b      	adds	r5, #11
10009974:	0006      	movs	r6, r0
10009976:	b085      	sub	sp, #20
10009978:	2d16      	cmp	r5, #22
1000997a:	d827      	bhi.n	100099cc <_malloc_r+0x68>
1000997c:	2910      	cmp	r1, #16
1000997e:	d900      	bls.n	10009982 <_malloc_r+0x1e>
10009980:	e0da      	b.n	10009b38 <_malloc_r+0x1d4>
10009982:	f000 fdc3 	bl	1000a50c <__malloc_lock>
10009986:	2510      	movs	r5, #16
10009988:	2318      	movs	r3, #24
1000998a:	2102      	movs	r1, #2
1000998c:	4fc8      	ldr	r7, [pc, #800]	@ (10009cb0 <_malloc_r+0x34c>)
1000998e:	18fb      	adds	r3, r7, r3
10009990:	001a      	movs	r2, r3
10009992:	685c      	ldr	r4, [r3, #4]
10009994:	3a08      	subs	r2, #8
10009996:	4294      	cmp	r4, r2
10009998:	d100      	bne.n	1000999c <_malloc_r+0x38>
1000999a:	e147      	b.n	10009c2c <_malloc_r+0x2c8>
1000999c:	2203      	movs	r2, #3
1000999e:	6863      	ldr	r3, [r4, #4]
100099a0:	68a1      	ldr	r1, [r4, #8]
100099a2:	4393      	bics	r3, r2
100099a4:	68e2      	ldr	r2, [r4, #12]
100099a6:	60ca      	str	r2, [r1, #12]
100099a8:	6091      	str	r1, [r2, #8]
100099aa:	2101      	movs	r1, #1
100099ac:	18e3      	adds	r3, r4, r3
100099ae:	685a      	ldr	r2, [r3, #4]
100099b0:	0030      	movs	r0, r6
100099b2:	430a      	orrs	r2, r1
100099b4:	605a      	str	r2, [r3, #4]
100099b6:	f000 fdab 	bl	1000a510 <__malloc_unlock>
100099ba:	0020      	movs	r0, r4
100099bc:	3008      	adds	r0, #8
100099be:	b005      	add	sp, #20
100099c0:	bcf0      	pop	{r4, r5, r6, r7}
100099c2:	46bb      	mov	fp, r7
100099c4:	46b2      	mov	sl, r6
100099c6:	46a9      	mov	r9, r5
100099c8:	46a0      	mov	r8, r4
100099ca:	bdf0      	pop	{r4, r5, r6, r7, pc}
100099cc:	2307      	movs	r3, #7
100099ce:	439d      	bics	r5, r3
100099d0:	d500      	bpl.n	100099d4 <_malloc_r+0x70>
100099d2:	e0b1      	b.n	10009b38 <_malloc_r+0x1d4>
100099d4:	42a9      	cmp	r1, r5
100099d6:	d900      	bls.n	100099da <_malloc_r+0x76>
100099d8:	e0ae      	b.n	10009b38 <_malloc_r+0x1d4>
100099da:	f000 fd97 	bl	1000a50c <__malloc_lock>
100099de:	23fc      	movs	r3, #252	@ 0xfc
100099e0:	005b      	lsls	r3, r3, #1
100099e2:	429d      	cmp	r5, r3
100099e4:	d200      	bcs.n	100099e8 <_malloc_r+0x84>
100099e6:	e196      	b.n	10009d16 <_malloc_r+0x3b2>
100099e8:	0a69      	lsrs	r1, r5, #9
100099ea:	d100      	bne.n	100099ee <_malloc_r+0x8a>
100099ec:	e0a8      	b.n	10009b40 <_malloc_r+0x1dc>
100099ee:	2904      	cmp	r1, #4
100099f0:	d900      	bls.n	100099f4 <_malloc_r+0x90>
100099f2:	e150      	b.n	10009c96 <_malloc_r+0x332>
100099f4:	2338      	movs	r3, #56	@ 0x38
100099f6:	4698      	mov	r8, r3
100099f8:	09a9      	lsrs	r1, r5, #6
100099fa:	4488      	add	r8, r1
100099fc:	3139      	adds	r1, #57	@ 0x39
100099fe:	00cb      	lsls	r3, r1, #3
10009a00:	2208      	movs	r2, #8
10009a02:	4252      	negs	r2, r2
10009a04:	4694      	mov	ip, r2
10009a06:	4faa      	ldr	r7, [pc, #680]	@ (10009cb0 <_malloc_r+0x34c>)
10009a08:	18fb      	adds	r3, r7, r3
10009a0a:	449c      	add	ip, r3
10009a0c:	4663      	mov	r3, ip
10009a0e:	68dc      	ldr	r4, [r3, #12]
10009a10:	45a4      	cmp	ip, r4
10009a12:	d014      	beq.n	10009a3e <_malloc_r+0xda>
10009a14:	2303      	movs	r3, #3
10009a16:	4699      	mov	r9, r3
10009a18:	000b      	movs	r3, r1
10009a1a:	4661      	mov	r1, ip
10009a1c:	469c      	mov	ip, r3
10009a1e:	e007      	b.n	10009a30 <_malloc_r+0xcc>
10009a20:	68e0      	ldr	r0, [r4, #12]
10009a22:	2a00      	cmp	r2, #0
10009a24:	db00      	blt.n	10009a28 <_malloc_r+0xc4>
10009a26:	e0fb      	b.n	10009c20 <_malloc_r+0x2bc>
10009a28:	4281      	cmp	r1, r0
10009a2a:	d100      	bne.n	10009a2e <_malloc_r+0xca>
10009a2c:	e0fc      	b.n	10009c28 <_malloc_r+0x2c4>
10009a2e:	0004      	movs	r4, r0
10009a30:	464a      	mov	r2, r9
10009a32:	6863      	ldr	r3, [r4, #4]
10009a34:	4393      	bics	r3, r2
10009a36:	1b5a      	subs	r2, r3, r5
10009a38:	2a0f      	cmp	r2, #15
10009a3a:	ddf1      	ble.n	10009a20 <_malloc_r+0xbc>
10009a3c:	4641      	mov	r1, r8
10009a3e:	003a      	movs	r2, r7
10009a40:	693c      	ldr	r4, [r7, #16]
10009a42:	3208      	adds	r2, #8
10009a44:	4294      	cmp	r4, r2
10009a46:	d100      	bne.n	10009a4a <_malloc_r+0xe6>
10009a48:	e0d9      	b.n	10009bfe <_malloc_r+0x29a>
10009a4a:	2003      	movs	r0, #3
10009a4c:	6863      	ldr	r3, [r4, #4]
10009a4e:	4383      	bics	r3, r0
10009a50:	1b58      	subs	r0, r3, r5
10009a52:	280f      	cmp	r0, #15
10009a54:	dd00      	ble.n	10009a58 <_malloc_r+0xf4>
10009a56:	e162      	b.n	10009d1e <_malloc_r+0x3ba>
10009a58:	613a      	str	r2, [r7, #16]
10009a5a:	617a      	str	r2, [r7, #20]
10009a5c:	2800      	cmp	r0, #0
10009a5e:	daa4      	bge.n	100099aa <_malloc_r+0x46>
10009a60:	687a      	ldr	r2, [r7, #4]
10009a62:	4690      	mov	r8, r2
10009a64:	2280      	movs	r2, #128	@ 0x80
10009a66:	0092      	lsls	r2, r2, #2
10009a68:	4293      	cmp	r3, r2
10009a6a:	d300      	bcc.n	10009a6e <_malloc_r+0x10a>
10009a6c:	e0e4      	b.n	10009c38 <_malloc_r+0x2d4>
10009a6e:	08da      	lsrs	r2, r3, #3
10009a70:	0958      	lsrs	r0, r3, #5
10009a72:	2301      	movs	r3, #1
10009a74:	4083      	lsls	r3, r0
10009a76:	4640      	mov	r0, r8
10009a78:	4318      	orrs	r0, r3
10009a7a:	4680      	mov	r8, r0
10009a7c:	00d3      	lsls	r3, r2, #3
10009a7e:	19db      	adds	r3, r3, r7
10009a80:	689a      	ldr	r2, [r3, #8]
10009a82:	6078      	str	r0, [r7, #4]
10009a84:	60e3      	str	r3, [r4, #12]
10009a86:	60a2      	str	r2, [r4, #8]
10009a88:	609c      	str	r4, [r3, #8]
10009a8a:	60d4      	str	r4, [r2, #12]
10009a8c:	2001      	movs	r0, #1
10009a8e:	108b      	asrs	r3, r1, #2
10009a90:	4098      	lsls	r0, r3
10009a92:	4540      	cmp	r0, r8
10009a94:	d85c      	bhi.n	10009b50 <_malloc_r+0x1ec>
10009a96:	4643      	mov	r3, r8
10009a98:	4203      	tst	r3, r0
10009a9a:	d10a      	bne.n	10009ab2 <_malloc_r+0x14e>
10009a9c:	2303      	movs	r3, #3
10009a9e:	4399      	bics	r1, r3
10009aa0:	4643      	mov	r3, r8
10009aa2:	0040      	lsls	r0, r0, #1
10009aa4:	3104      	adds	r1, #4
10009aa6:	4203      	tst	r3, r0
10009aa8:	d103      	bne.n	10009ab2 <_malloc_r+0x14e>
10009aaa:	0040      	lsls	r0, r0, #1
10009aac:	3104      	adds	r1, #4
10009aae:	4203      	tst	r3, r0
10009ab0:	d0fb      	beq.n	10009aaa <_malloc_r+0x146>
10009ab2:	2303      	movs	r3, #3
10009ab4:	46b3      	mov	fp, r6
10009ab6:	469c      	mov	ip, r3
10009ab8:	000e      	movs	r6, r1
10009aba:	46b8      	mov	r8, r7
10009abc:	9001      	str	r0, [sp, #4]
10009abe:	00f0      	lsls	r0, r6, #3
10009ac0:	4440      	add	r0, r8
10009ac2:	0001      	movs	r1, r0
10009ac4:	46b2      	mov	sl, r6
10009ac6:	68cb      	ldr	r3, [r1, #12]
10009ac8:	e00b      	b.n	10009ae2 <_malloc_r+0x17e>
10009aca:	4664      	mov	r4, ip
10009acc:	685a      	ldr	r2, [r3, #4]
10009ace:	001f      	movs	r7, r3
10009ad0:	43a2      	bics	r2, r4
10009ad2:	68db      	ldr	r3, [r3, #12]
10009ad4:	1b54      	subs	r4, r2, r5
10009ad6:	2c0f      	cmp	r4, #15
10009ad8:	dd00      	ble.n	10009adc <_malloc_r+0x178>
10009ada:	e0ef      	b.n	10009cbc <_malloc_r+0x358>
10009adc:	2c00      	cmp	r4, #0
10009ade:	db00      	blt.n	10009ae2 <_malloc_r+0x17e>
10009ae0:	e109      	b.n	10009cf6 <_malloc_r+0x392>
10009ae2:	4299      	cmp	r1, r3
10009ae4:	d1f1      	bne.n	10009aca <_malloc_r+0x166>
10009ae6:	2301      	movs	r3, #1
10009ae8:	4699      	mov	r9, r3
10009aea:	44ca      	add	sl, r9
10009aec:	4653      	mov	r3, sl
10009aee:	3108      	adds	r1, #8
10009af0:	079b      	lsls	r3, r3, #30
10009af2:	d1e8      	bne.n	10009ac6 <_malloc_r+0x162>
10009af4:	2203      	movs	r2, #3
10009af6:	e005      	b.n	10009b04 <_malloc_r+0x1a0>
10009af8:	6803      	ldr	r3, [r0, #0]
10009afa:	3808      	subs	r0, #8
10009afc:	3e01      	subs	r6, #1
10009afe:	4283      	cmp	r3, r0
10009b00:	d000      	beq.n	10009b04 <_malloc_r+0x1a0>
10009b02:	e203      	b.n	10009f0c <_malloc_r+0x5a8>
10009b04:	4232      	tst	r2, r6
10009b06:	d1f7      	bne.n	10009af8 <_malloc_r+0x194>
10009b08:	4643      	mov	r3, r8
10009b0a:	9a01      	ldr	r2, [sp, #4]
10009b0c:	685b      	ldr	r3, [r3, #4]
10009b0e:	4393      	bics	r3, r2
10009b10:	4642      	mov	r2, r8
10009b12:	6053      	str	r3, [r2, #4]
10009b14:	9a01      	ldr	r2, [sp, #4]
10009b16:	0052      	lsls	r2, r2, #1
10009b18:	9201      	str	r2, [sp, #4]
10009b1a:	429a      	cmp	r2, r3
10009b1c:	d816      	bhi.n	10009b4c <_malloc_r+0x1e8>
10009b1e:	2a00      	cmp	r2, #0
10009b20:	d106      	bne.n	10009b30 <_malloc_r+0x1cc>
10009b22:	e013      	b.n	10009b4c <_malloc_r+0x1e8>
10009b24:	2204      	movs	r2, #4
10009b26:	4691      	mov	r9, r2
10009b28:	9a01      	ldr	r2, [sp, #4]
10009b2a:	44ca      	add	sl, r9
10009b2c:	0052      	lsls	r2, r2, #1
10009b2e:	9201      	str	r2, [sp, #4]
10009b30:	4213      	tst	r3, r2
10009b32:	d0f7      	beq.n	10009b24 <_malloc_r+0x1c0>
10009b34:	4656      	mov	r6, sl
10009b36:	e7c2      	b.n	10009abe <_malloc_r+0x15a>
10009b38:	230c      	movs	r3, #12
10009b3a:	2000      	movs	r0, #0
10009b3c:	6033      	str	r3, [r6, #0]
10009b3e:	e73e      	b.n	100099be <_malloc_r+0x5a>
10009b40:	2380      	movs	r3, #128	@ 0x80
10009b42:	223f      	movs	r2, #63	@ 0x3f
10009b44:	2140      	movs	r1, #64	@ 0x40
10009b46:	4690      	mov	r8, r2
10009b48:	009b      	lsls	r3, r3, #2
10009b4a:	e759      	b.n	10009a00 <_malloc_r+0x9c>
10009b4c:	465e      	mov	r6, fp
10009b4e:	4647      	mov	r7, r8
10009b50:	2203      	movs	r2, #3
10009b52:	68bc      	ldr	r4, [r7, #8]
10009b54:	6863      	ldr	r3, [r4, #4]
10009b56:	4393      	bics	r3, r2
10009b58:	469a      	mov	sl, r3
10009b5a:	42ab      	cmp	r3, r5
10009b5c:	d302      	bcc.n	10009b64 <_malloc_r+0x200>
10009b5e:	1b5a      	subs	r2, r3, r5
10009b60:	2a0f      	cmp	r2, #15
10009b62:	dc4f      	bgt.n	10009c04 <_malloc_r+0x2a0>
10009b64:	0023      	movs	r3, r4
10009b66:	4453      	add	r3, sl
10009b68:	9302      	str	r3, [sp, #8]
10009b6a:	4b52      	ldr	r3, [pc, #328]	@ (10009cb4 <_malloc_r+0x350>)
10009b6c:	2008      	movs	r0, #8
10009b6e:	4699      	mov	r9, r3
10009b70:	681b      	ldr	r3, [r3, #0]
10009b72:	3310      	adds	r3, #16
10009b74:	195b      	adds	r3, r3, r5
10009b76:	9301      	str	r3, [sp, #4]
10009b78:	f000 fc6c 	bl	1000a454 <sysconf>
10009b7c:	494e      	ldr	r1, [pc, #312]	@ (10009cb8 <_malloc_r+0x354>)
10009b7e:	9003      	str	r0, [sp, #12]
10009b80:	680b      	ldr	r3, [r1, #0]
10009b82:	468b      	mov	fp, r1
10009b84:	3301      	adds	r3, #1
10009b86:	d006      	beq.n	10009b96 <_malloc_r+0x232>
10009b88:	4684      	mov	ip, r0
10009b8a:	9b01      	ldr	r3, [sp, #4]
10009b8c:	4242      	negs	r2, r0
10009b8e:	3b01      	subs	r3, #1
10009b90:	4463      	add	r3, ip
10009b92:	4013      	ands	r3, r2
10009b94:	9301      	str	r3, [sp, #4]
10009b96:	0030      	movs	r0, r6
10009b98:	9901      	ldr	r1, [sp, #4]
10009b9a:	f000 fcf1 	bl	1000a580 <_sbrk_r>
10009b9e:	0003      	movs	r3, r0
10009ba0:	4680      	mov	r8, r0
10009ba2:	3301      	adds	r3, #1
10009ba4:	d100      	bne.n	10009ba8 <_malloc_r+0x244>
10009ba6:	e0d8      	b.n	10009d5a <_malloc_r+0x3f6>
10009ba8:	9b02      	ldr	r3, [sp, #8]
10009baa:	4283      	cmp	r3, r0
10009bac:	d900      	bls.n	10009bb0 <_malloc_r+0x24c>
10009bae:	e0d2      	b.n	10009d56 <_malloc_r+0x3f2>
10009bb0:	464b      	mov	r3, r9
10009bb2:	9901      	ldr	r1, [sp, #4]
10009bb4:	685a      	ldr	r2, [r3, #4]
10009bb6:	468c      	mov	ip, r1
10009bb8:	4462      	add	r2, ip
10009bba:	9903      	ldr	r1, [sp, #12]
10009bbc:	605a      	str	r2, [r3, #4]
10009bbe:	9b02      	ldr	r3, [sp, #8]
10009bc0:	0010      	movs	r0, r2
10009bc2:	3901      	subs	r1, #1
10009bc4:	4543      	cmp	r3, r8
10009bc6:	d000      	beq.n	10009bca <_malloc_r+0x266>
10009bc8:	e0e5      	b.n	10009d96 <_malloc_r+0x432>
10009bca:	4643      	mov	r3, r8
10009bcc:	420b      	tst	r3, r1
10009bce:	d000      	beq.n	10009bd2 <_malloc_r+0x26e>
10009bd0:	e0e1      	b.n	10009d96 <_malloc_r+0x432>
10009bd2:	68bb      	ldr	r3, [r7, #8]
10009bd4:	2101      	movs	r1, #1
10009bd6:	4698      	mov	r8, r3
10009bd8:	4663      	mov	r3, ip
10009bda:	4453      	add	r3, sl
10009bdc:	430b      	orrs	r3, r1
10009bde:	4641      	mov	r1, r8
10009be0:	604b      	str	r3, [r1, #4]
10009be2:	4649      	mov	r1, r9
10009be4:	6ac9      	ldr	r1, [r1, #44]	@ 0x2c
10009be6:	4291      	cmp	r1, r2
10009be8:	d201      	bcs.n	10009bee <_malloc_r+0x28a>
10009bea:	4649      	mov	r1, r9
10009bec:	62ca      	str	r2, [r1, #44]	@ 0x2c
10009bee:	4649      	mov	r1, r9
10009bf0:	6b09      	ldr	r1, [r1, #48]	@ 0x30
10009bf2:	4291      	cmp	r1, r2
10009bf4:	d201      	bcs.n	10009bfa <_malloc_r+0x296>
10009bf6:	4649      	mov	r1, r9
10009bf8:	630a      	str	r2, [r1, #48]	@ 0x30
10009bfa:	4644      	mov	r4, r8
10009bfc:	e0af      	b.n	10009d5e <_malloc_r+0x3fa>
10009bfe:	687b      	ldr	r3, [r7, #4]
10009c00:	4698      	mov	r8, r3
10009c02:	e743      	b.n	10009a8c <_malloc_r+0x128>
10009c04:	2301      	movs	r3, #1
10009c06:	0029      	movs	r1, r5
10009c08:	431a      	orrs	r2, r3
10009c0a:	4319      	orrs	r1, r3
10009c0c:	1965      	adds	r5, r4, r5
10009c0e:	6061      	str	r1, [r4, #4]
10009c10:	0030      	movs	r0, r6
10009c12:	60bd      	str	r5, [r7, #8]
10009c14:	606a      	str	r2, [r5, #4]
10009c16:	f000 fc7b 	bl	1000a510 <__malloc_unlock>
10009c1a:	0020      	movs	r0, r4
10009c1c:	3008      	adds	r0, #8
10009c1e:	e6ce      	b.n	100099be <_malloc_r+0x5a>
10009c20:	68a2      	ldr	r2, [r4, #8]
10009c22:	60d0      	str	r0, [r2, #12]
10009c24:	6082      	str	r2, [r0, #8]
10009c26:	e6c0      	b.n	100099aa <_malloc_r+0x46>
10009c28:	4661      	mov	r1, ip
10009c2a:	e708      	b.n	10009a3e <_malloc_r+0xda>
10009c2c:	68dc      	ldr	r4, [r3, #12]
10009c2e:	3102      	adds	r1, #2
10009c30:	42a3      	cmp	r3, r4
10009c32:	d100      	bne.n	10009c36 <_malloc_r+0x2d2>
10009c34:	e703      	b.n	10009a3e <_malloc_r+0xda>
10009c36:	e6b1      	b.n	1000999c <_malloc_r+0x38>
10009c38:	0a5a      	lsrs	r2, r3, #9
10009c3a:	2a04      	cmp	r2, #4
10009c3c:	d800      	bhi.n	10009c40 <_malloc_r+0x2dc>
10009c3e:	e083      	b.n	10009d48 <_malloc_r+0x3e4>
10009c40:	2a14      	cmp	r2, #20
10009c42:	d900      	bls.n	10009c46 <_malloc_r+0x2e2>
10009c44:	e108      	b.n	10009e58 <_malloc_r+0x4f4>
10009c46:	0010      	movs	r0, r2
10009c48:	305b      	adds	r0, #91	@ 0x5b
10009c4a:	4682      	mov	sl, r0
10009c4c:	325c      	adds	r2, #92	@ 0x5c
10009c4e:	00d2      	lsls	r2, r2, #3
10009c50:	2008      	movs	r0, #8
10009c52:	4240      	negs	r0, r0
10009c54:	4684      	mov	ip, r0
10009c56:	18ba      	adds	r2, r7, r2
10009c58:	4494      	add	ip, r2
10009c5a:	4662      	mov	r2, ip
10009c5c:	6892      	ldr	r2, [r2, #8]
10009c5e:	300b      	adds	r0, #11
10009c60:	4681      	mov	r9, r0
10009c62:	4594      	cmp	ip, r2
10009c64:	d100      	bne.n	10009c68 <_malloc_r+0x304>
10009c66:	e0df      	b.n	10009e28 <_malloc_r+0x4c4>
10009c68:	0008      	movs	r0, r1
10009c6a:	46a2      	mov	sl, r4
10009c6c:	4661      	mov	r1, ip
10009c6e:	4684      	mov	ip, r0
10009c70:	e002      	b.n	10009c78 <_malloc_r+0x314>
10009c72:	6892      	ldr	r2, [r2, #8]
10009c74:	4291      	cmp	r1, r2
10009c76:	d004      	beq.n	10009c82 <_malloc_r+0x31e>
10009c78:	464c      	mov	r4, r9
10009c7a:	6850      	ldr	r0, [r2, #4]
10009c7c:	43a0      	bics	r0, r4
10009c7e:	4298      	cmp	r0, r3
10009c80:	d8f7      	bhi.n	10009c72 <_malloc_r+0x30e>
10009c82:	68d3      	ldr	r3, [r2, #12]
10009c84:	4661      	mov	r1, ip
10009c86:	4654      	mov	r4, sl
10009c88:	469c      	mov	ip, r3
10009c8a:	4663      	mov	r3, ip
10009c8c:	60a2      	str	r2, [r4, #8]
10009c8e:	60e3      	str	r3, [r4, #12]
10009c90:	609c      	str	r4, [r3, #8]
10009c92:	60d4      	str	r4, [r2, #12]
10009c94:	e6fa      	b.n	10009a8c <_malloc_r+0x128>
10009c96:	2914      	cmp	r1, #20
10009c98:	d96e      	bls.n	10009d78 <_malloc_r+0x414>
10009c9a:	2954      	cmp	r1, #84	@ 0x54
10009c9c:	d900      	bls.n	10009ca0 <_malloc_r+0x33c>
10009c9e:	e0e4      	b.n	10009e6a <_malloc_r+0x506>
10009ca0:	236e      	movs	r3, #110	@ 0x6e
10009ca2:	4698      	mov	r8, r3
10009ca4:	0b29      	lsrs	r1, r5, #12
10009ca6:	4488      	add	r8, r1
10009ca8:	316f      	adds	r1, #111	@ 0x6f
10009caa:	00cb      	lsls	r3, r1, #3
10009cac:	e6a8      	b.n	10009a00 <_malloc_r+0x9c>
10009cae:	46c0      	nop			@ (mov r8, r8)
10009cb0:	200012b8 	.word	0x200012b8
10009cb4:	20001a74 	.word	0x20001a74
10009cb8:	200012b0 	.word	0x200012b0
10009cbc:	46ba      	mov	sl, r7
10009cbe:	2001      	movs	r0, #1
10009cc0:	4651      	mov	r1, sl
10009cc2:	4684      	mov	ip, r0
10009cc4:	1949      	adds	r1, r1, r5
10009cc6:	4305      	orrs	r5, r0
10009cc8:	4650      	mov	r0, sl
10009cca:	6045      	str	r5, [r0, #4]
10009ccc:	6885      	ldr	r5, [r0, #8]
10009cce:	4647      	mov	r7, r8
10009cd0:	4660      	mov	r0, ip
10009cd2:	60eb      	str	r3, [r5, #12]
10009cd4:	465e      	mov	r6, fp
10009cd6:	609d      	str	r5, [r3, #8]
10009cd8:	4653      	mov	r3, sl
10009cda:	6139      	str	r1, [r7, #16]
10009cdc:	6179      	str	r1, [r7, #20]
10009cde:	4320      	orrs	r0, r4
10009ce0:	3708      	adds	r7, #8
10009ce2:	6048      	str	r0, [r1, #4]
10009ce4:	60cf      	str	r7, [r1, #12]
10009ce6:	0030      	movs	r0, r6
10009ce8:	608f      	str	r7, [r1, #8]
10009cea:	509c      	str	r4, [r3, r2]
10009cec:	f000 fc10 	bl	1000a510 <__malloc_unlock>
10009cf0:	4650      	mov	r0, sl
10009cf2:	3008      	adds	r0, #8
10009cf4:	e663      	b.n	100099be <_malloc_r+0x5a>
10009cf6:	46ba      	mov	sl, r7
10009cf8:	2001      	movs	r0, #1
10009cfa:	465e      	mov	r6, fp
10009cfc:	4452      	add	r2, sl
10009cfe:	6851      	ldr	r1, [r2, #4]
10009d00:	4301      	orrs	r1, r0
10009d02:	6051      	str	r1, [r2, #4]
10009d04:	68ba      	ldr	r2, [r7, #8]
10009d06:	0030      	movs	r0, r6
10009d08:	60d3      	str	r3, [r2, #12]
10009d0a:	609a      	str	r2, [r3, #8]
10009d0c:	f000 fc00 	bl	1000a510 <__malloc_unlock>
10009d10:	0038      	movs	r0, r7
10009d12:	3008      	adds	r0, #8
10009d14:	e653      	b.n	100099be <_malloc_r+0x5a>
10009d16:	002b      	movs	r3, r5
10009d18:	08e9      	lsrs	r1, r5, #3
10009d1a:	3308      	adds	r3, #8
10009d1c:	e636      	b.n	1000998c <_malloc_r+0x28>
10009d1e:	1961      	adds	r1, r4, r5
10009d20:	4688      	mov	r8, r1
10009d22:	2101      	movs	r1, #1
10009d24:	468c      	mov	ip, r1
10009d26:	430d      	orrs	r5, r1
10009d28:	4641      	mov	r1, r8
10009d2a:	6065      	str	r5, [r4, #4]
10009d2c:	6139      	str	r1, [r7, #16]
10009d2e:	6179      	str	r1, [r7, #20]
10009d30:	60ca      	str	r2, [r1, #12]
10009d32:	608a      	str	r2, [r1, #8]
10009d34:	4662      	mov	r2, ip
10009d36:	4302      	orrs	r2, r0
10009d38:	604a      	str	r2, [r1, #4]
10009d3a:	50e0      	str	r0, [r4, r3]
10009d3c:	0030      	movs	r0, r6
10009d3e:	f000 fbe7 	bl	1000a510 <__malloc_unlock>
10009d42:	0020      	movs	r0, r4
10009d44:	3008      	adds	r0, #8
10009d46:	e63a      	b.n	100099be <_malloc_r+0x5a>
10009d48:	099a      	lsrs	r2, r3, #6
10009d4a:	0010      	movs	r0, r2
10009d4c:	3239      	adds	r2, #57	@ 0x39
10009d4e:	3038      	adds	r0, #56	@ 0x38
10009d50:	4682      	mov	sl, r0
10009d52:	00d2      	lsls	r2, r2, #3
10009d54:	e77c      	b.n	10009c50 <_malloc_r+0x2ec>
10009d56:	42bc      	cmp	r4, r7
10009d58:	d014      	beq.n	10009d84 <_malloc_r+0x420>
10009d5a:	68bc      	ldr	r4, [r7, #8]
10009d5c:	6863      	ldr	r3, [r4, #4]
10009d5e:	2203      	movs	r2, #3
10009d60:	4393      	bics	r3, r2
10009d62:	1b5a      	subs	r2, r3, r5
10009d64:	42ab      	cmp	r3, r5
10009d66:	d302      	bcc.n	10009d6e <_malloc_r+0x40a>
10009d68:	2a0f      	cmp	r2, #15
10009d6a:	dd00      	ble.n	10009d6e <_malloc_r+0x40a>
10009d6c:	e74a      	b.n	10009c04 <_malloc_r+0x2a0>
10009d6e:	0030      	movs	r0, r6
10009d70:	f000 fbce 	bl	1000a510 <__malloc_unlock>
10009d74:	2000      	movs	r0, #0
10009d76:	e622      	b.n	100099be <_malloc_r+0x5a>
10009d78:	235b      	movs	r3, #91	@ 0x5b
10009d7a:	4698      	mov	r8, r3
10009d7c:	4488      	add	r8, r1
10009d7e:	315c      	adds	r1, #92	@ 0x5c
10009d80:	00cb      	lsls	r3, r1, #3
10009d82:	e63d      	b.n	10009a00 <_malloc_r+0x9c>
10009d84:	464b      	mov	r3, r9
10009d86:	6858      	ldr	r0, [r3, #4]
10009d88:	9b01      	ldr	r3, [sp, #4]
10009d8a:	469c      	mov	ip, r3
10009d8c:	464b      	mov	r3, r9
10009d8e:	4460      	add	r0, ip
10009d90:	6058      	str	r0, [r3, #4]
10009d92:	9b03      	ldr	r3, [sp, #12]
10009d94:	1e59      	subs	r1, r3, #1
10009d96:	465b      	mov	r3, fp
10009d98:	681b      	ldr	r3, [r3, #0]
10009d9a:	3301      	adds	r3, #1
10009d9c:	d070      	beq.n	10009e80 <_malloc_r+0x51c>
10009d9e:	4643      	mov	r3, r8
10009da0:	9a02      	ldr	r2, [sp, #8]
10009da2:	1a9b      	subs	r3, r3, r2
10009da4:	464a      	mov	r2, r9
10009da6:	181b      	adds	r3, r3, r0
10009da8:	6053      	str	r3, [r2, #4]
10009daa:	2307      	movs	r3, #7
10009dac:	4642      	mov	r2, r8
10009dae:	4640      	mov	r0, r8
10009db0:	401a      	ands	r2, r3
10009db2:	9202      	str	r2, [sp, #8]
10009db4:	4218      	tst	r0, r3
10009db6:	d040      	beq.n	10009e3a <_malloc_r+0x4d6>
10009db8:	9803      	ldr	r0, [sp, #12]
10009dba:	3301      	adds	r3, #1
10009dbc:	4684      	mov	ip, r0
10009dbe:	1a9b      	subs	r3, r3, r2
10009dc0:	9a01      	ldr	r2, [sp, #4]
10009dc2:	4498      	add	r8, r3
10009dc4:	4442      	add	r2, r8
10009dc6:	9201      	str	r2, [sp, #4]
10009dc8:	4463      	add	r3, ip
10009dca:	400a      	ands	r2, r1
10009dcc:	1a9b      	subs	r3, r3, r2
10009dce:	4019      	ands	r1, r3
10009dd0:	0030      	movs	r0, r6
10009dd2:	468b      	mov	fp, r1
10009dd4:	f000 fbd4 	bl	1000a580 <_sbrk_r>
10009dd8:	1c43      	adds	r3, r0, #1
10009dda:	d077      	beq.n	10009ecc <_malloc_r+0x568>
10009ddc:	4643      	mov	r3, r8
10009dde:	1ac0      	subs	r0, r0, r3
10009de0:	0003      	movs	r3, r0
10009de2:	445b      	add	r3, fp
10009de4:	9301      	str	r3, [sp, #4]
10009de6:	464b      	mov	r3, r9
10009de8:	685a      	ldr	r2, [r3, #4]
10009dea:	2001      	movs	r0, #1
10009dec:	445a      	add	r2, fp
10009dee:	605a      	str	r2, [r3, #4]
10009df0:	4643      	mov	r3, r8
10009df2:	4641      	mov	r1, r8
10009df4:	60bb      	str	r3, [r7, #8]
10009df6:	9b01      	ldr	r3, [sp, #4]
10009df8:	4303      	orrs	r3, r0
10009dfa:	604b      	str	r3, [r1, #4]
10009dfc:	42bc      	cmp	r4, r7
10009dfe:	d100      	bne.n	10009e02 <_malloc_r+0x49e>
10009e00:	e6ef      	b.n	10009be2 <_malloc_r+0x27e>
10009e02:	4653      	mov	r3, sl
10009e04:	2b0f      	cmp	r3, #15
10009e06:	d93f      	bls.n	10009e88 <_malloc_r+0x524>
10009e08:	2107      	movs	r1, #7
10009e0a:	3b0c      	subs	r3, #12
10009e0c:	438b      	bics	r3, r1
10009e0e:	6861      	ldr	r1, [r4, #4]
10009e10:	4001      	ands	r1, r0
10009e12:	2005      	movs	r0, #5
10009e14:	4319      	orrs	r1, r3
10009e16:	6061      	str	r1, [r4, #4]
10009e18:	18e1      	adds	r1, r4, r3
10009e1a:	6048      	str	r0, [r1, #4]
10009e1c:	6088      	str	r0, [r1, #8]
10009e1e:	2b0f      	cmp	r3, #15
10009e20:	d849      	bhi.n	10009eb6 <_malloc_r+0x552>
10009e22:	4643      	mov	r3, r8
10009e24:	685b      	ldr	r3, [r3, #4]
10009e26:	e6dc      	b.n	10009be2 <_malloc_r+0x27e>
10009e28:	4653      	mov	r3, sl
10009e2a:	1098      	asrs	r0, r3, #2
10009e2c:	2301      	movs	r3, #1
10009e2e:	4083      	lsls	r3, r0
10009e30:	4640      	mov	r0, r8
10009e32:	4318      	orrs	r0, r3
10009e34:	4680      	mov	r8, r0
10009e36:	6078      	str	r0, [r7, #4]
10009e38:	e727      	b.n	10009c8a <_malloc_r+0x326>
10009e3a:	9b01      	ldr	r3, [sp, #4]
10009e3c:	9a03      	ldr	r2, [sp, #12]
10009e3e:	4443      	add	r3, r8
10009e40:	400b      	ands	r3, r1
10009e42:	1ad3      	subs	r3, r2, r3
10009e44:	4019      	ands	r1, r3
10009e46:	0030      	movs	r0, r6
10009e48:	468b      	mov	fp, r1
10009e4a:	f000 fb99 	bl	1000a580 <_sbrk_r>
10009e4e:	1c43      	adds	r3, r0, #1
10009e50:	d1c4      	bne.n	10009ddc <_malloc_r+0x478>
10009e52:	2300      	movs	r3, #0
10009e54:	469b      	mov	fp, r3
10009e56:	e7c6      	b.n	10009de6 <_malloc_r+0x482>
10009e58:	2a54      	cmp	r2, #84	@ 0x54
10009e5a:	d817      	bhi.n	10009e8c <_malloc_r+0x528>
10009e5c:	0b1a      	lsrs	r2, r3, #12
10009e5e:	0010      	movs	r0, r2
10009e60:	326f      	adds	r2, #111	@ 0x6f
10009e62:	306e      	adds	r0, #110	@ 0x6e
10009e64:	4682      	mov	sl, r0
10009e66:	00d2      	lsls	r2, r2, #3
10009e68:	e6f2      	b.n	10009c50 <_malloc_r+0x2ec>
10009e6a:	23aa      	movs	r3, #170	@ 0xaa
10009e6c:	005b      	lsls	r3, r3, #1
10009e6e:	4299      	cmp	r1, r3
10009e70:	d817      	bhi.n	10009ea2 <_malloc_r+0x53e>
10009e72:	3bdd      	subs	r3, #221	@ 0xdd
10009e74:	4698      	mov	r8, r3
10009e76:	0be9      	lsrs	r1, r5, #15
10009e78:	4488      	add	r8, r1
10009e7a:	3178      	adds	r1, #120	@ 0x78
10009e7c:	00cb      	lsls	r3, r1, #3
10009e7e:	e5bf      	b.n	10009a00 <_malloc_r+0x9c>
10009e80:	465b      	mov	r3, fp
10009e82:	4642      	mov	r2, r8
10009e84:	601a      	str	r2, [r3, #0]
10009e86:	e790      	b.n	10009daa <_malloc_r+0x446>
10009e88:	6048      	str	r0, [r1, #4]
10009e8a:	e770      	b.n	10009d6e <_malloc_r+0x40a>
10009e8c:	20aa      	movs	r0, #170	@ 0xaa
10009e8e:	0040      	lsls	r0, r0, #1
10009e90:	4282      	cmp	r2, r0
10009e92:	d826      	bhi.n	10009ee2 <_malloc_r+0x57e>
10009e94:	0bda      	lsrs	r2, r3, #15
10009e96:	0010      	movs	r0, r2
10009e98:	3278      	adds	r2, #120	@ 0x78
10009e9a:	3077      	adds	r0, #119	@ 0x77
10009e9c:	4682      	mov	sl, r0
10009e9e:	00d2      	lsls	r2, r2, #3
10009ea0:	e6d6      	b.n	10009c50 <_malloc_r+0x2ec>
10009ea2:	4b1c      	ldr	r3, [pc, #112]	@ (10009f14 <_malloc_r+0x5b0>)
10009ea4:	4299      	cmp	r1, r3
10009ea6:	d826      	bhi.n	10009ef6 <_malloc_r+0x592>
10009ea8:	237c      	movs	r3, #124	@ 0x7c
10009eaa:	4698      	mov	r8, r3
10009eac:	0ca9      	lsrs	r1, r5, #18
10009eae:	4488      	add	r8, r1
10009eb0:	317d      	adds	r1, #125	@ 0x7d
10009eb2:	00cb      	lsls	r3, r1, #3
10009eb4:	e5a4      	b.n	10009a00 <_malloc_r+0x9c>
10009eb6:	0021      	movs	r1, r4
10009eb8:	0030      	movs	r0, r6
10009eba:	3108      	adds	r1, #8
10009ebc:	f000 f886 	bl	10009fcc <_free_r>
10009ec0:	464b      	mov	r3, r9
10009ec2:	685a      	ldr	r2, [r3, #4]
10009ec4:	68bb      	ldr	r3, [r7, #8]
10009ec6:	4698      	mov	r8, r3
10009ec8:	685b      	ldr	r3, [r3, #4]
10009eca:	e68a      	b.n	10009be2 <_malloc_r+0x27e>
10009ecc:	9a01      	ldr	r2, [sp, #4]
10009ece:	9b02      	ldr	r3, [sp, #8]
10009ed0:	4694      	mov	ip, r2
10009ed2:	4642      	mov	r2, r8
10009ed4:	3b08      	subs	r3, #8
10009ed6:	4463      	add	r3, ip
10009ed8:	1a9b      	subs	r3, r3, r2
10009eda:	9301      	str	r3, [sp, #4]
10009edc:	2300      	movs	r3, #0
10009ede:	469b      	mov	fp, r3
10009ee0:	e781      	b.n	10009de6 <_malloc_r+0x482>
10009ee2:	480c      	ldr	r0, [pc, #48]	@ (10009f14 <_malloc_r+0x5b0>)
10009ee4:	4282      	cmp	r2, r0
10009ee6:	d80c      	bhi.n	10009f02 <_malloc_r+0x59e>
10009ee8:	0c9a      	lsrs	r2, r3, #18
10009eea:	0010      	movs	r0, r2
10009eec:	327d      	adds	r2, #125	@ 0x7d
10009eee:	307c      	adds	r0, #124	@ 0x7c
10009ef0:	4682      	mov	sl, r0
10009ef2:	00d2      	lsls	r2, r2, #3
10009ef4:	e6ac      	b.n	10009c50 <_malloc_r+0x2ec>
10009ef6:	23fe      	movs	r3, #254	@ 0xfe
10009ef8:	227e      	movs	r2, #126	@ 0x7e
10009efa:	217f      	movs	r1, #127	@ 0x7f
10009efc:	4690      	mov	r8, r2
10009efe:	009b      	lsls	r3, r3, #2
10009f00:	e57e      	b.n	10009a00 <_malloc_r+0x9c>
10009f02:	22fe      	movs	r2, #254	@ 0xfe
10009f04:	207e      	movs	r0, #126	@ 0x7e
10009f06:	0092      	lsls	r2, r2, #2
10009f08:	4682      	mov	sl, r0
10009f0a:	e6a1      	b.n	10009c50 <_malloc_r+0x2ec>
10009f0c:	4643      	mov	r3, r8
10009f0e:	685b      	ldr	r3, [r3, #4]
10009f10:	e600      	b.n	10009b14 <_malloc_r+0x1b0>
10009f12:	46c0      	nop			@ (mov r8, r8)
10009f14:	00000554 	.word	0x00000554

10009f18 <_malloc_trim_r>:
10009f18:	b5f0      	push	{r4, r5, r6, r7, lr}
10009f1a:	46c6      	mov	lr, r8
10009f1c:	0006      	movs	r6, r0
10009f1e:	b500      	push	{lr}
10009f20:	2008      	movs	r0, #8
10009f22:	000d      	movs	r5, r1
10009f24:	f000 fa96 	bl	1000a454 <sysconf>
10009f28:	0004      	movs	r4, r0
10009f2a:	0030      	movs	r0, r6
10009f2c:	f000 faee 	bl	1000a50c <__malloc_lock>
10009f30:	4b23      	ldr	r3, [pc, #140]	@ (10009fc0 <_malloc_trim_r+0xa8>)
10009f32:	0021      	movs	r1, r4
10009f34:	4698      	mov	r8, r3
10009f36:	689b      	ldr	r3, [r3, #8]
10009f38:	685f      	ldr	r7, [r3, #4]
10009f3a:	2303      	movs	r3, #3
10009f3c:	439f      	bics	r7, r3
10009f3e:	0038      	movs	r0, r7
10009f40:	3811      	subs	r0, #17
10009f42:	1b40      	subs	r0, r0, r5
10009f44:	1900      	adds	r0, r0, r4
10009f46:	f7f8 fad7 	bl	100024f8 <__wrap___aeabi_uidiv>
10009f4a:	1e45      	subs	r5, r0, #1
10009f4c:	4365      	muls	r5, r4
10009f4e:	42ac      	cmp	r4, r5
10009f50:	dc08      	bgt.n	10009f64 <_malloc_trim_r+0x4c>
10009f52:	2100      	movs	r1, #0
10009f54:	0030      	movs	r0, r6
10009f56:	f000 fb13 	bl	1000a580 <_sbrk_r>
10009f5a:	4643      	mov	r3, r8
10009f5c:	689b      	ldr	r3, [r3, #8]
10009f5e:	19db      	adds	r3, r3, r7
10009f60:	4298      	cmp	r0, r3
10009f62:	d006      	beq.n	10009f72 <_malloc_trim_r+0x5a>
10009f64:	0030      	movs	r0, r6
10009f66:	f000 fad3 	bl	1000a510 <__malloc_unlock>
10009f6a:	2000      	movs	r0, #0
10009f6c:	bc80      	pop	{r7}
10009f6e:	46b8      	mov	r8, r7
10009f70:	bdf0      	pop	{r4, r5, r6, r7, pc}
10009f72:	0030      	movs	r0, r6
10009f74:	4269      	negs	r1, r5
10009f76:	f000 fb03 	bl	1000a580 <_sbrk_r>
10009f7a:	3001      	adds	r0, #1
10009f7c:	d00e      	beq.n	10009f9c <_malloc_trim_r+0x84>
10009f7e:	2201      	movs	r2, #1
10009f80:	4643      	mov	r3, r8
10009f82:	1b7f      	subs	r7, r7, r5
10009f84:	689b      	ldr	r3, [r3, #8]
10009f86:	4317      	orrs	r7, r2
10009f88:	4a0e      	ldr	r2, [pc, #56]	@ (10009fc4 <_malloc_trim_r+0xac>)
10009f8a:	605f      	str	r7, [r3, #4]
10009f8c:	6813      	ldr	r3, [r2, #0]
10009f8e:	0030      	movs	r0, r6
10009f90:	1b5b      	subs	r3, r3, r5
10009f92:	6013      	str	r3, [r2, #0]
10009f94:	f000 fabc 	bl	1000a510 <__malloc_unlock>
10009f98:	2001      	movs	r0, #1
10009f9a:	e7e7      	b.n	10009f6c <_malloc_trim_r+0x54>
10009f9c:	2100      	movs	r1, #0
10009f9e:	0030      	movs	r0, r6
10009fa0:	f000 faee 	bl	1000a580 <_sbrk_r>
10009fa4:	4643      	mov	r3, r8
10009fa6:	689a      	ldr	r2, [r3, #8]
10009fa8:	1a83      	subs	r3, r0, r2
10009faa:	2b0f      	cmp	r3, #15
10009fac:	ddda      	ble.n	10009f64 <_malloc_trim_r+0x4c>
10009fae:	4c06      	ldr	r4, [pc, #24]	@ (10009fc8 <_malloc_trim_r+0xb0>)
10009fb0:	4904      	ldr	r1, [pc, #16]	@ (10009fc4 <_malloc_trim_r+0xac>)
10009fb2:	6824      	ldr	r4, [r4, #0]
10009fb4:	1b00      	subs	r0, r0, r4
10009fb6:	6008      	str	r0, [r1, #0]
10009fb8:	2101      	movs	r1, #1
10009fba:	430b      	orrs	r3, r1
10009fbc:	6053      	str	r3, [r2, #4]
10009fbe:	e7d1      	b.n	10009f64 <_malloc_trim_r+0x4c>
10009fc0:	200012b8 	.word	0x200012b8
10009fc4:	20001a78 	.word	0x20001a78
10009fc8:	200012b0 	.word	0x200012b0

10009fcc <_free_r>:
10009fcc:	b5f8      	push	{r3, r4, r5, r6, r7, lr}
10009fce:	46ce      	mov	lr, r9
10009fd0:	4647      	mov	r7, r8
10009fd2:	0005      	movs	r5, r0
10009fd4:	000c      	movs	r4, r1
10009fd6:	b580      	push	{r7, lr}
10009fd8:	2900      	cmp	r1, #0
10009fda:	d057      	beq.n	1000a08c <_free_r+0xc0>
10009fdc:	f000 fa96 	bl	1000a50c <__malloc_lock>
10009fe0:	2301      	movs	r3, #1
10009fe2:	0021      	movs	r1, r4
10009fe4:	469c      	mov	ip, r3
10009fe6:	3908      	subs	r1, #8
10009fe8:	6848      	ldr	r0, [r1, #4]
10009fea:	4662      	mov	r2, ip
10009fec:	0003      	movs	r3, r0
10009fee:	2403      	movs	r4, #3
10009ff0:	4393      	bics	r3, r2
10009ff2:	18cf      	adds	r7, r1, r3
10009ff4:	687a      	ldr	r2, [r7, #4]
10009ff6:	4e65      	ldr	r6, [pc, #404]	@ (1000a18c <_free_r+0x1c0>)
10009ff8:	43a2      	bics	r2, r4
10009ffa:	68b4      	ldr	r4, [r6, #8]
10009ffc:	42bc      	cmp	r4, r7
10009ffe:	d100      	bne.n	1000a002 <_free_r+0x36>
1000a000:	e070      	b.n	1000a0e4 <_free_r+0x118>
1000a002:	18bc      	adds	r4, r7, r2
1000a004:	46a1      	mov	r9, r4
1000a006:	4664      	mov	r4, ip
1000a008:	607a      	str	r2, [r7, #4]
1000a00a:	4204      	tst	r4, r0
1000a00c:	d121      	bne.n	1000a052 <_free_r+0x86>
1000a00e:	6808      	ldr	r0, [r1, #0]
1000a010:	1a09      	subs	r1, r1, r0
1000a012:	181b      	adds	r3, r3, r0
1000a014:	6888      	ldr	r0, [r1, #8]
1000a016:	4680      	mov	r8, r0
1000a018:	4648      	mov	r0, r9
1000a01a:	6840      	ldr	r0, [r0, #4]
1000a01c:	4020      	ands	r0, r4
1000a01e:	0034      	movs	r4, r6
1000a020:	3408      	adds	r4, #8
1000a022:	4681      	mov	r9, r0
1000a024:	45a0      	cmp	r8, r4
1000a026:	d051      	beq.n	1000a0cc <_free_r+0x100>
1000a028:	4640      	mov	r0, r8
1000a02a:	68cc      	ldr	r4, [r1, #12]
1000a02c:	60c4      	str	r4, [r0, #12]
1000a02e:	60a0      	str	r0, [r4, #8]
1000a030:	4648      	mov	r0, r9
1000a032:	2800      	cmp	r0, #0
1000a034:	d111      	bne.n	1000a05a <_free_r+0x8e>
1000a036:	189b      	adds	r3, r3, r2
1000a038:	4855      	ldr	r0, [pc, #340]	@ (1000a190 <_free_r+0x1c4>)
1000a03a:	68ba      	ldr	r2, [r7, #8]
1000a03c:	4282      	cmp	r2, r0
1000a03e:	d100      	bne.n	1000a042 <_free_r+0x76>
1000a040:	e07f      	b.n	1000a142 <_free_r+0x176>
1000a042:	68f8      	ldr	r0, [r7, #12]
1000a044:	60d0      	str	r0, [r2, #12]
1000a046:	6082      	str	r2, [r0, #8]
1000a048:	2201      	movs	r2, #1
1000a04a:	431a      	orrs	r2, r3
1000a04c:	604a      	str	r2, [r1, #4]
1000a04e:	50cb      	str	r3, [r1, r3]
1000a050:	e007      	b.n	1000a062 <_free_r+0x96>
1000a052:	4648      	mov	r0, r9
1000a054:	6840      	ldr	r0, [r0, #4]
1000a056:	4220      	tst	r0, r4
1000a058:	d0ed      	beq.n	1000a036 <_free_r+0x6a>
1000a05a:	4662      	mov	r2, ip
1000a05c:	431a      	orrs	r2, r3
1000a05e:	604a      	str	r2, [r1, #4]
1000a060:	603b      	str	r3, [r7, #0]
1000a062:	2280      	movs	r2, #128	@ 0x80
1000a064:	0092      	lsls	r2, r2, #2
1000a066:	4293      	cmp	r3, r2
1000a068:	d214      	bcs.n	1000a094 <_free_r+0xc8>
1000a06a:	08da      	lsrs	r2, r3, #3
1000a06c:	0958      	lsrs	r0, r3, #5
1000a06e:	2301      	movs	r3, #1
1000a070:	4083      	lsls	r3, r0
1000a072:	6870      	ldr	r0, [r6, #4]
1000a074:	4303      	orrs	r3, r0
1000a076:	6073      	str	r3, [r6, #4]
1000a078:	00d3      	lsls	r3, r2, #3
1000a07a:	199b      	adds	r3, r3, r6
1000a07c:	689a      	ldr	r2, [r3, #8]
1000a07e:	60cb      	str	r3, [r1, #12]
1000a080:	608a      	str	r2, [r1, #8]
1000a082:	6099      	str	r1, [r3, #8]
1000a084:	60d1      	str	r1, [r2, #12]
1000a086:	0028      	movs	r0, r5
1000a088:	f000 fa42 	bl	1000a510 <__malloc_unlock>
1000a08c:	bcc0      	pop	{r6, r7}
1000a08e:	46b9      	mov	r9, r7
1000a090:	46b0      	mov	r8, r6
1000a092:	bdf8      	pop	{r3, r4, r5, r6, r7, pc}
1000a094:	0a5c      	lsrs	r4, r3, #9
1000a096:	2c04      	cmp	r4, #4
1000a098:	d83d      	bhi.n	1000a116 <_free_r+0x14a>
1000a09a:	099c      	lsrs	r4, r3, #6
1000a09c:	0020      	movs	r0, r4
1000a09e:	3439      	adds	r4, #57	@ 0x39
1000a0a0:	3038      	adds	r0, #56	@ 0x38
1000a0a2:	00e4      	lsls	r4, r4, #3
1000a0a4:	1934      	adds	r4, r6, r4
1000a0a6:	6822      	ldr	r2, [r4, #0]
1000a0a8:	3c08      	subs	r4, #8
1000a0aa:	2703      	movs	r7, #3
1000a0ac:	4294      	cmp	r4, r2
1000a0ae:	d103      	bne.n	1000a0b8 <_free_r+0xec>
1000a0b0:	e040      	b.n	1000a134 <_free_r+0x168>
1000a0b2:	6892      	ldr	r2, [r2, #8]
1000a0b4:	4294      	cmp	r4, r2
1000a0b6:	d003      	beq.n	1000a0c0 <_free_r+0xf4>
1000a0b8:	6850      	ldr	r0, [r2, #4]
1000a0ba:	43b8      	bics	r0, r7
1000a0bc:	4298      	cmp	r0, r3
1000a0be:	d8f8      	bhi.n	1000a0b2 <_free_r+0xe6>
1000a0c0:	68d4      	ldr	r4, [r2, #12]
1000a0c2:	60cc      	str	r4, [r1, #12]
1000a0c4:	608a      	str	r2, [r1, #8]
1000a0c6:	60a1      	str	r1, [r4, #8]
1000a0c8:	60d1      	str	r1, [r2, #12]
1000a0ca:	e7dc      	b.n	1000a086 <_free_r+0xba>
1000a0cc:	2800      	cmp	r0, #0
1000a0ce:	d158      	bne.n	1000a182 <_free_r+0x1b6>
1000a0d0:	68b8      	ldr	r0, [r7, #8]
1000a0d2:	18d2      	adds	r2, r2, r3
1000a0d4:	68fb      	ldr	r3, [r7, #12]
1000a0d6:	60c3      	str	r3, [r0, #12]
1000a0d8:	6098      	str	r0, [r3, #8]
1000a0da:	4663      	mov	r3, ip
1000a0dc:	4313      	orrs	r3, r2
1000a0de:	604b      	str	r3, [r1, #4]
1000a0e0:	508a      	str	r2, [r1, r2]
1000a0e2:	e7d0      	b.n	1000a086 <_free_r+0xba>
1000a0e4:	189a      	adds	r2, r3, r2
1000a0e6:	4663      	mov	r3, ip
1000a0e8:	4203      	tst	r3, r0
1000a0ea:	d106      	bne.n	1000a0fa <_free_r+0x12e>
1000a0ec:	680b      	ldr	r3, [r1, #0]
1000a0ee:	1ac9      	subs	r1, r1, r3
1000a0f0:	6888      	ldr	r0, [r1, #8]
1000a0f2:	18d2      	adds	r2, r2, r3
1000a0f4:	68cb      	ldr	r3, [r1, #12]
1000a0f6:	60c3      	str	r3, [r0, #12]
1000a0f8:	6098      	str	r0, [r3, #8]
1000a0fa:	2301      	movs	r3, #1
1000a0fc:	4313      	orrs	r3, r2
1000a0fe:	604b      	str	r3, [r1, #4]
1000a100:	4b24      	ldr	r3, [pc, #144]	@ (1000a194 <_free_r+0x1c8>)
1000a102:	60b1      	str	r1, [r6, #8]
1000a104:	681b      	ldr	r3, [r3, #0]
1000a106:	4293      	cmp	r3, r2
1000a108:	d8bd      	bhi.n	1000a086 <_free_r+0xba>
1000a10a:	4b23      	ldr	r3, [pc, #140]	@ (1000a198 <_free_r+0x1cc>)
1000a10c:	0028      	movs	r0, r5
1000a10e:	6819      	ldr	r1, [r3, #0]
1000a110:	f7ff ff02 	bl	10009f18 <_malloc_trim_r>
1000a114:	e7b7      	b.n	1000a086 <_free_r+0xba>
1000a116:	2c14      	cmp	r4, #20
1000a118:	d907      	bls.n	1000a12a <_free_r+0x15e>
1000a11a:	2c54      	cmp	r4, #84	@ 0x54
1000a11c:	d81a      	bhi.n	1000a154 <_free_r+0x188>
1000a11e:	0b1c      	lsrs	r4, r3, #12
1000a120:	0020      	movs	r0, r4
1000a122:	346f      	adds	r4, #111	@ 0x6f
1000a124:	306e      	adds	r0, #110	@ 0x6e
1000a126:	00e4      	lsls	r4, r4, #3
1000a128:	e7bc      	b.n	1000a0a4 <_free_r+0xd8>
1000a12a:	0020      	movs	r0, r4
1000a12c:	345c      	adds	r4, #92	@ 0x5c
1000a12e:	305b      	adds	r0, #91	@ 0x5b
1000a130:	00e4      	lsls	r4, r4, #3
1000a132:	e7b7      	b.n	1000a0a4 <_free_r+0xd8>
1000a134:	2301      	movs	r3, #1
1000a136:	1080      	asrs	r0, r0, #2
1000a138:	4083      	lsls	r3, r0
1000a13a:	6870      	ldr	r0, [r6, #4]
1000a13c:	4303      	orrs	r3, r0
1000a13e:	6073      	str	r3, [r6, #4]
1000a140:	e7bf      	b.n	1000a0c2 <_free_r+0xf6>
1000a142:	60d1      	str	r1, [r2, #12]
1000a144:	6091      	str	r1, [r2, #8]
1000a146:	60ca      	str	r2, [r1, #12]
1000a148:	608a      	str	r2, [r1, #8]
1000a14a:	2201      	movs	r2, #1
1000a14c:	431a      	orrs	r2, r3
1000a14e:	604a      	str	r2, [r1, #4]
1000a150:	50cb      	str	r3, [r1, r3]
1000a152:	e798      	b.n	1000a086 <_free_r+0xba>
1000a154:	22aa      	movs	r2, #170	@ 0xaa
1000a156:	0052      	lsls	r2, r2, #1
1000a158:	4294      	cmp	r4, r2
1000a15a:	d805      	bhi.n	1000a168 <_free_r+0x19c>
1000a15c:	0bdc      	lsrs	r4, r3, #15
1000a15e:	0020      	movs	r0, r4
1000a160:	3478      	adds	r4, #120	@ 0x78
1000a162:	3077      	adds	r0, #119	@ 0x77
1000a164:	00e4      	lsls	r4, r4, #3
1000a166:	e79d      	b.n	1000a0a4 <_free_r+0xd8>
1000a168:	4a0c      	ldr	r2, [pc, #48]	@ (1000a19c <_free_r+0x1d0>)
1000a16a:	4294      	cmp	r4, r2
1000a16c:	d805      	bhi.n	1000a17a <_free_r+0x1ae>
1000a16e:	0c9c      	lsrs	r4, r3, #18
1000a170:	0020      	movs	r0, r4
1000a172:	347d      	adds	r4, #125	@ 0x7d
1000a174:	307c      	adds	r0, #124	@ 0x7c
1000a176:	00e4      	lsls	r4, r4, #3
1000a178:	e794      	b.n	1000a0a4 <_free_r+0xd8>
1000a17a:	24fe      	movs	r4, #254	@ 0xfe
1000a17c:	207e      	movs	r0, #126	@ 0x7e
1000a17e:	00a4      	lsls	r4, r4, #2
1000a180:	e790      	b.n	1000a0a4 <_free_r+0xd8>
1000a182:	4662      	mov	r2, ip
1000a184:	431a      	orrs	r2, r3
1000a186:	604a      	str	r2, [r1, #4]
1000a188:	603b      	str	r3, [r7, #0]
1000a18a:	e77c      	b.n	1000a086 <_free_r+0xba>
1000a18c:	200012b8 	.word	0x200012b8
1000a190:	200012c0 	.word	0x200012c0
1000a194:	200012b4 	.word	0x200012b4
1000a198:	20001a74 	.word	0x20001a74
1000a19c:	00000554 	.word	0x00000554

1000a1a0 <__strtok_r>:
1000a1a0:	b5f0      	push	{r4, r5, r6, r7, lr}
1000a1a2:	2800      	cmp	r0, #0
1000a1a4:	d026      	beq.n	1000a1f4 <__strtok_r+0x54>
1000a1a6:	0007      	movs	r7, r0
1000a1a8:	0038      	movs	r0, r7
1000a1aa:	000c      	movs	r4, r1
1000a1ac:	7806      	ldrb	r6, [r0, #0]
1000a1ae:	3701      	adds	r7, #1
1000a1b0:	e002      	b.n	1000a1b8 <__strtok_r+0x18>
1000a1b2:	3401      	adds	r4, #1
1000a1b4:	42ae      	cmp	r6, r5
1000a1b6:	d014      	beq.n	1000a1e2 <__strtok_r+0x42>
1000a1b8:	7825      	ldrb	r5, [r4, #0]
1000a1ba:	2d00      	cmp	r5, #0
1000a1bc:	d1f9      	bne.n	1000a1b2 <__strtok_r+0x12>
1000a1be:	2e00      	cmp	r6, #0
1000a1c0:	d01d      	beq.n	1000a1fe <__strtok_r+0x5e>
1000a1c2:	003e      	movs	r6, r7
1000a1c4:	000b      	movs	r3, r1
1000a1c6:	7835      	ldrb	r5, [r6, #0]
1000a1c8:	3701      	adds	r7, #1
1000a1ca:	e002      	b.n	1000a1d2 <__strtok_r+0x32>
1000a1cc:	3301      	adds	r3, #1
1000a1ce:	2c00      	cmp	r4, #0
1000a1d0:	d0f7      	beq.n	1000a1c2 <__strtok_r+0x22>
1000a1d2:	781c      	ldrb	r4, [r3, #0]
1000a1d4:	42a5      	cmp	r5, r4
1000a1d6:	d1f9      	bne.n	1000a1cc <__strtok_r+0x2c>
1000a1d8:	2300      	movs	r3, #0
1000a1da:	2d00      	cmp	r5, #0
1000a1dc:	d106      	bne.n	1000a1ec <__strtok_r+0x4c>
1000a1de:	6013      	str	r3, [r2, #0]
1000a1e0:	bdf0      	pop	{r4, r5, r6, r7, pc}
1000a1e2:	2b00      	cmp	r3, #0
1000a1e4:	d1e0      	bne.n	1000a1a8 <__strtok_r+0x8>
1000a1e6:	6017      	str	r7, [r2, #0]
1000a1e8:	7003      	strb	r3, [r0, #0]
1000a1ea:	e7f9      	b.n	1000a1e0 <__strtok_r+0x40>
1000a1ec:	2100      	movs	r1, #0
1000a1ee:	003b      	movs	r3, r7
1000a1f0:	7031      	strb	r1, [r6, #0]
1000a1f2:	e7f4      	b.n	1000a1de <__strtok_r+0x3e>
1000a1f4:	6810      	ldr	r0, [r2, #0]
1000a1f6:	2800      	cmp	r0, #0
1000a1f8:	d1d5      	bne.n	1000a1a6 <__strtok_r+0x6>
1000a1fa:	2000      	movs	r0, #0
1000a1fc:	e7f0      	b.n	1000a1e0 <__strtok_r+0x40>
1000a1fe:	2000      	movs	r0, #0
1000a200:	6016      	str	r6, [r2, #0]
1000a202:	e7ed      	b.n	1000a1e0 <__strtok_r+0x40>

1000a204 <strtok_r>:
1000a204:	b510      	push	{r4, lr}
1000a206:	2301      	movs	r3, #1
1000a208:	f7ff ffca 	bl	1000a1a0 <__strtok_r>
1000a20c:	bd10      	pop	{r4, pc}
1000a20e:	46c0      	nop			@ (mov r8, r8)

1000a210 <memcmp>:
1000a210:	b530      	push	{r4, r5, lr}
1000a212:	2a03      	cmp	r2, #3
1000a214:	d91a      	bls.n	1000a24c <memcmp+0x3c>
1000a216:	000b      	movs	r3, r1
1000a218:	4303      	orrs	r3, r0
1000a21a:	079b      	lsls	r3, r3, #30
1000a21c:	d011      	beq.n	1000a242 <memcmp+0x32>
1000a21e:	1e55      	subs	r5, r2, #1
1000a220:	2300      	movs	r3, #0
1000a222:	e003      	b.n	1000a22c <memcmp+0x1c>
1000a224:	1c5a      	adds	r2, r3, #1
1000a226:	429d      	cmp	r5, r3
1000a228:	d013      	beq.n	1000a252 <memcmp+0x42>
1000a22a:	0013      	movs	r3, r2
1000a22c:	5cc2      	ldrb	r2, [r0, r3]
1000a22e:	5ccc      	ldrb	r4, [r1, r3]
1000a230:	42a2      	cmp	r2, r4
1000a232:	d0f7      	beq.n	1000a224 <memcmp+0x14>
1000a234:	1b10      	subs	r0, r2, r4
1000a236:	e00d      	b.n	1000a254 <memcmp+0x44>
1000a238:	3a04      	subs	r2, #4
1000a23a:	3004      	adds	r0, #4
1000a23c:	3104      	adds	r1, #4
1000a23e:	2a03      	cmp	r2, #3
1000a240:	d904      	bls.n	1000a24c <memcmp+0x3c>
1000a242:	6804      	ldr	r4, [r0, #0]
1000a244:	680b      	ldr	r3, [r1, #0]
1000a246:	429c      	cmp	r4, r3
1000a248:	d0f6      	beq.n	1000a238 <memcmp+0x28>
1000a24a:	e7e8      	b.n	1000a21e <memcmp+0xe>
1000a24c:	1e55      	subs	r5, r2, #1
1000a24e:	2a00      	cmp	r2, #0
1000a250:	d1e6      	bne.n	1000a220 <memcmp+0x10>
1000a252:	2000      	movs	r0, #0
1000a254:	bd30      	pop	{r4, r5, pc}
1000a256:	46c0      	nop			@ (mov r8, r8)

1000a258 <atoi>:
1000a258:	b510      	push	{r4, lr}
1000a25a:	220a      	movs	r2, #10
1000a25c:	2100      	movs	r1, #0
1000a25e:	f000 f8c3 	bl	1000a3e8 <strtol>
1000a262:	bd10      	pop	{r4, pc}

1000a264 <_atoi_r>:
1000a264:	b510      	push	{r4, lr}
1000a266:	230a      	movs	r3, #10
1000a268:	2200      	movs	r2, #0
1000a26a:	f000 f8ad 	bl	1000a3c8 <_strtol_r>
1000a26e:	bd10      	pop	{r4, pc}

1000a270 <_strtol_l.isra.0>:
1000a270:	b5f0      	push	{r4, r5, r6, r7, lr}
1000a272:	4657      	mov	r7, sl
1000a274:	464e      	mov	r6, r9
1000a276:	4645      	mov	r5, r8
1000a278:	46de      	mov	lr, fp
1000a27a:	b5e0      	push	{r5, r6, r7, lr}
1000a27c:	4682      	mov	sl, r0
1000a27e:	000f      	movs	r7, r1
1000a280:	4690      	mov	r8, r2
1000a282:	001e      	movs	r6, r3
1000a284:	4699      	mov	r9, r3
1000a286:	b083      	sub	sp, #12
1000a288:	2b24      	cmp	r3, #36	@ 0x24
1000a28a:	d843      	bhi.n	1000a314 <_strtol_l.isra.0+0xa4>
1000a28c:	2b01      	cmp	r3, #1
1000a28e:	d041      	beq.n	1000a314 <_strtol_l.isra.0+0xa4>
1000a290:	000b      	movs	r3, r1
1000a292:	2008      	movs	r0, #8
1000a294:	4d4a      	ldr	r5, [pc, #296]	@ (1000a3c0 <_strtol_l.isra.0+0x150>)
1000a296:	001a      	movs	r2, r3
1000a298:	7814      	ldrb	r4, [r2, #0]
1000a29a:	3301      	adds	r3, #1
1000a29c:	5d29      	ldrb	r1, [r5, r4]
1000a29e:	4208      	tst	r0, r1
1000a2a0:	d1f9      	bne.n	1000a296 <_strtol_l.isra.0+0x26>
1000a2a2:	001d      	movs	r5, r3
1000a2a4:	2c2d      	cmp	r4, #45	@ 0x2d
1000a2a6:	d100      	bne.n	1000a2aa <_strtol_l.isra.0+0x3a>
1000a2a8:	e076      	b.n	1000a398 <_strtol_l.isra.0+0x128>
1000a2aa:	2c2b      	cmp	r4, #43	@ 0x2b
1000a2ac:	d03e      	beq.n	1000a32c <_strtol_l.isra.0+0xbc>
1000a2ae:	4b45      	ldr	r3, [pc, #276]	@ (1000a3c4 <_strtol_l.isra.0+0x154>)
1000a2b0:	469b      	mov	fp, r3
1000a2b2:	2300      	movs	r3, #0
1000a2b4:	9301      	str	r3, [sp, #4]
1000a2b6:	2e00      	cmp	r6, #0
1000a2b8:	d153      	bne.n	1000a362 <_strtol_l.isra.0+0xf2>
1000a2ba:	2c30      	cmp	r4, #48	@ 0x30
1000a2bc:	d100      	bne.n	1000a2c0 <_strtol_l.isra.0+0x50>
1000a2be:	e073      	b.n	1000a3a8 <_strtol_l.isra.0+0x138>
1000a2c0:	230a      	movs	r3, #10
1000a2c2:	4699      	mov	r9, r3
1000a2c4:	360a      	adds	r6, #10
1000a2c6:	4649      	mov	r1, r9
1000a2c8:	4658      	mov	r0, fp
1000a2ca:	f7f8 f915 	bl	100024f8 <__wrap___aeabi_uidiv>
1000a2ce:	002b      	movs	r3, r5
1000a2d0:	468c      	mov	ip, r1
1000a2d2:	003d      	movs	r5, r7
1000a2d4:	0002      	movs	r2, r0
1000a2d6:	0027      	movs	r7, r4
1000a2d8:	2100      	movs	r1, #0
1000a2da:	464c      	mov	r4, r9
1000a2dc:	2000      	movs	r0, #0
1000a2de:	46e1      	mov	r9, ip
1000a2e0:	46ac      	mov	ip, r5
1000a2e2:	003d      	movs	r5, r7
1000a2e4:	3d30      	subs	r5, #48	@ 0x30
1000a2e6:	2d09      	cmp	r5, #9
1000a2e8:	d907      	bls.n	1000a2fa <_strtol_l.isra.0+0x8a>
1000a2ea:	3d11      	subs	r5, #17
1000a2ec:	2d19      	cmp	r5, #25
1000a2ee:	d903      	bls.n	1000a2f8 <_strtol_l.isra.0+0x88>
1000a2f0:	003d      	movs	r5, r7
1000a2f2:	3d61      	subs	r5, #97	@ 0x61
1000a2f4:	2d19      	cmp	r5, #25
1000a2f6:	d820      	bhi.n	1000a33a <_strtol_l.isra.0+0xca>
1000a2f8:	350a      	adds	r5, #10
1000a2fa:	42ae      	cmp	r6, r5
1000a2fc:	dd1d      	ble.n	1000a33a <_strtol_l.isra.0+0xca>
1000a2fe:	1c4f      	adds	r7, r1, #1
1000a300:	d005      	beq.n	1000a30e <_strtol_l.isra.0+0x9e>
1000a302:	4282      	cmp	r2, r0
1000a304:	d32a      	bcc.n	1000a35c <_strtol_l.isra.0+0xec>
1000a306:	d027      	beq.n	1000a358 <_strtol_l.isra.0+0xe8>
1000a308:	2101      	movs	r1, #1
1000a30a:	4360      	muls	r0, r4
1000a30c:	1828      	adds	r0, r5, r0
1000a30e:	781f      	ldrb	r7, [r3, #0]
1000a310:	3301      	adds	r3, #1
1000a312:	e7e6      	b.n	1000a2e2 <_strtol_l.isra.0+0x72>
1000a314:	f7ff facc 	bl	100098b0 <__errno>
1000a318:	2316      	movs	r3, #22
1000a31a:	6003      	str	r3, [r0, #0]
1000a31c:	2000      	movs	r0, #0
1000a31e:	b003      	add	sp, #12
1000a320:	bcf0      	pop	{r4, r5, r6, r7}
1000a322:	46bb      	mov	fp, r7
1000a324:	46b2      	mov	sl, r6
1000a326:	46a9      	mov	r9, r5
1000a328:	46a0      	mov	r8, r4
1000a32a:	bdf0      	pop	{r4, r5, r6, r7, pc}
1000a32c:	781c      	ldrb	r4, [r3, #0]
1000a32e:	4b25      	ldr	r3, [pc, #148]	@ (1000a3c4 <_strtol_l.isra.0+0x154>)
1000a330:	1c95      	adds	r5, r2, #2
1000a332:	469b      	mov	fp, r3
1000a334:	2300      	movs	r3, #0
1000a336:	9301      	str	r3, [sp, #4]
1000a338:	e7bd      	b.n	1000a2b6 <_strtol_l.isra.0+0x46>
1000a33a:	4667      	mov	r7, ip
1000a33c:	1c4a      	adds	r2, r1, #1
1000a33e:	d021      	beq.n	1000a384 <_strtol_l.isra.0+0x114>
1000a340:	9a01      	ldr	r2, [sp, #4]
1000a342:	2a00      	cmp	r2, #0
1000a344:	d000      	beq.n	1000a348 <_strtol_l.isra.0+0xd8>
1000a346:	4240      	negs	r0, r0
1000a348:	4642      	mov	r2, r8
1000a34a:	2a00      	cmp	r2, #0
1000a34c:	d0e7      	beq.n	1000a31e <_strtol_l.isra.0+0xae>
1000a34e:	2900      	cmp	r1, #0
1000a350:	d133      	bne.n	1000a3ba <_strtol_l.isra.0+0x14a>
1000a352:	4643      	mov	r3, r8
1000a354:	601f      	str	r7, [r3, #0]
1000a356:	e7e2      	b.n	1000a31e <_strtol_l.isra.0+0xae>
1000a358:	45a9      	cmp	r9, r5
1000a35a:	dad5      	bge.n	1000a308 <_strtol_l.isra.0+0x98>
1000a35c:	2101      	movs	r1, #1
1000a35e:	4249      	negs	r1, r1
1000a360:	e7d5      	b.n	1000a30e <_strtol_l.isra.0+0x9e>
1000a362:	2e10      	cmp	r6, #16
1000a364:	d1af      	bne.n	1000a2c6 <_strtol_l.isra.0+0x56>
1000a366:	2310      	movs	r3, #16
1000a368:	4699      	mov	r9, r3
1000a36a:	2c30      	cmp	r4, #48	@ 0x30
1000a36c:	d1ab      	bne.n	1000a2c6 <_strtol_l.isra.0+0x56>
1000a36e:	2220      	movs	r2, #32
1000a370:	782b      	ldrb	r3, [r5, #0]
1000a372:	4393      	bics	r3, r2
1000a374:	2b58      	cmp	r3, #88	@ 0x58
1000a376:	d1a6      	bne.n	1000a2c6 <_strtol_l.isra.0+0x56>
1000a378:	2310      	movs	r3, #16
1000a37a:	786c      	ldrb	r4, [r5, #1]
1000a37c:	4699      	mov	r9, r3
1000a37e:	2610      	movs	r6, #16
1000a380:	3502      	adds	r5, #2
1000a382:	e7a0      	b.n	1000a2c6 <_strtol_l.isra.0+0x56>
1000a384:	2222      	movs	r2, #34	@ 0x22
1000a386:	4651      	mov	r1, sl
1000a388:	600a      	str	r2, [r1, #0]
1000a38a:	4642      	mov	r2, r8
1000a38c:	4658      	mov	r0, fp
1000a38e:	2a00      	cmp	r2, #0
1000a390:	d0c5      	beq.n	1000a31e <_strtol_l.isra.0+0xae>
1000a392:	4658      	mov	r0, fp
1000a394:	1e5f      	subs	r7, r3, #1
1000a396:	e7dc      	b.n	1000a352 <_strtol_l.isra.0+0xe2>
1000a398:	781c      	ldrb	r4, [r3, #0]
1000a39a:	2380      	movs	r3, #128	@ 0x80
1000a39c:	061b      	lsls	r3, r3, #24
1000a39e:	469b      	mov	fp, r3
1000a3a0:	2301      	movs	r3, #1
1000a3a2:	1c95      	adds	r5, r2, #2
1000a3a4:	9301      	str	r3, [sp, #4]
1000a3a6:	e786      	b.n	1000a2b6 <_strtol_l.isra.0+0x46>
1000a3a8:	2220      	movs	r2, #32
1000a3aa:	782b      	ldrb	r3, [r5, #0]
1000a3ac:	4393      	bics	r3, r2
1000a3ae:	2b58      	cmp	r3, #88	@ 0x58
1000a3b0:	d0e2      	beq.n	1000a378 <_strtol_l.isra.0+0x108>
1000a3b2:	2308      	movs	r3, #8
1000a3b4:	2608      	movs	r6, #8
1000a3b6:	4699      	mov	r9, r3
1000a3b8:	e785      	b.n	1000a2c6 <_strtol_l.isra.0+0x56>
1000a3ba:	4683      	mov	fp, r0
1000a3bc:	e7e9      	b.n	1000a392 <_strtol_l.isra.0+0x122>
1000a3be:	46c0      	nop			@ (mov r8, r8)
1000a3c0:	1000be69 	.word	0x1000be69
1000a3c4:	7fffffff 	.word	0x7fffffff

1000a3c8 <_strtol_r>:
1000a3c8:	b510      	push	{r4, lr}
1000a3ca:	f7ff ff51 	bl	1000a270 <_strtol_l.isra.0>
1000a3ce:	bd10      	pop	{r4, pc}

1000a3d0 <strtol_l>:
1000a3d0:	b510      	push	{r4, lr}
1000a3d2:	0004      	movs	r4, r0
1000a3d4:	0013      	movs	r3, r2
1000a3d6:	4a03      	ldr	r2, [pc, #12]	@ (1000a3e4 <strtol_l+0x14>)
1000a3d8:	6810      	ldr	r0, [r2, #0]
1000a3da:	000a      	movs	r2, r1
1000a3dc:	0021      	movs	r1, r4
1000a3de:	f7ff ff47 	bl	1000a270 <_strtol_l.isra.0>
1000a3e2:	bd10      	pop	{r4, pc}
1000a3e4:	20001188 	.word	0x20001188

1000a3e8 <strtol>:
1000a3e8:	b510      	push	{r4, lr}
1000a3ea:	0004      	movs	r4, r0
1000a3ec:	0013      	movs	r3, r2
1000a3ee:	4a03      	ldr	r2, [pc, #12]	@ (1000a3fc <strtol+0x14>)
1000a3f0:	6810      	ldr	r0, [r2, #0]
1000a3f2:	000a      	movs	r2, r1
1000a3f4:	0021      	movs	r1, r4
1000a3f6:	f7ff ff3b 	bl	1000a270 <_strtol_l.isra.0>
1000a3fa:	bd10      	pop	{r4, pc}
1000a3fc:	20001188 	.word	0x20001188

1000a400 <_wctomb_r>:
1000a400:	b570      	push	{r4, r5, r6, lr}
1000a402:	25e0      	movs	r5, #224	@ 0xe0
1000a404:	4c01      	ldr	r4, [pc, #4]	@ (1000a40c <_wctomb_r+0xc>)
1000a406:	5964      	ldr	r4, [r4, r5]
1000a408:	47a0      	blx	r4
1000a40a:	bd70      	pop	{r4, r5, r6, pc}
1000a40c:	20001018 	.word	0x20001018

1000a410 <__ascii_wctomb>:
1000a410:	2900      	cmp	r1, #0
1000a412:	d009      	beq.n	1000a428 <__ascii_wctomb+0x18>
1000a414:	2aff      	cmp	r2, #255	@ 0xff
1000a416:	d802      	bhi.n	1000a41e <__ascii_wctomb+0xe>
1000a418:	2001      	movs	r0, #1
1000a41a:	700a      	strb	r2, [r1, #0]
1000a41c:	4770      	bx	lr
1000a41e:	238a      	movs	r3, #138	@ 0x8a
1000a420:	6003      	str	r3, [r0, #0]
1000a422:	2001      	movs	r0, #1
1000a424:	4240      	negs	r0, r0
1000a426:	e7f9      	b.n	1000a41c <__ascii_wctomb+0xc>
1000a428:	2000      	movs	r0, #0
1000a42a:	e7f7      	b.n	1000a41c <__ascii_wctomb+0xc>

1000a42c <malloc>:
1000a42c:	b510      	push	{r4, lr}
1000a42e:	4b03      	ldr	r3, [pc, #12]	@ (1000a43c <malloc+0x10>)
1000a430:	0001      	movs	r1, r0
1000a432:	6818      	ldr	r0, [r3, #0]
1000a434:	f7ff fa96 	bl	10009964 <_malloc_r>
1000a438:	bd10      	pop	{r4, pc}
1000a43a:	46c0      	nop			@ (mov r8, r8)
1000a43c:	20001188 	.word	0x20001188

1000a440 <free>:
1000a440:	b510      	push	{r4, lr}
1000a442:	4b03      	ldr	r3, [pc, #12]	@ (1000a450 <free+0x10>)
1000a444:	0001      	movs	r1, r0
1000a446:	6818      	ldr	r0, [r3, #0]
1000a448:	f7ff fdc0 	bl	10009fcc <_free_r>
1000a44c:	bd10      	pop	{r4, pc}
1000a44e:	46c0      	nop			@ (mov r8, r8)
1000a450:	20001188 	.word	0x20001188

1000a454 <sysconf>:
1000a454:	2380      	movs	r3, #128	@ 0x80
1000a456:	b510      	push	{r4, lr}
1000a458:	015b      	lsls	r3, r3, #5
1000a45a:	2808      	cmp	r0, #8
1000a45c:	d101      	bne.n	1000a462 <sysconf+0xe>
1000a45e:	0018      	movs	r0, r3
1000a460:	bd10      	pop	{r4, pc}
1000a462:	f7ff fa25 	bl	100098b0 <__errno>
1000a466:	2316      	movs	r3, #22
1000a468:	6003      	str	r3, [r0, #0]
1000a46a:	3b17      	subs	r3, #23
1000a46c:	e7f7      	b.n	1000a45e <sysconf+0xa>
1000a46e:	46c0      	nop			@ (mov r8, r8)

1000a470 <_findenv_r>:
1000a470:	b5f0      	push	{r4, r5, r6, r7, lr}
1000a472:	46d6      	mov	lr, sl
1000a474:	4646      	mov	r6, r8
1000a476:	464f      	mov	r7, r9
1000a478:	b5c0      	push	{r6, r7, lr}
1000a47a:	4682      	mov	sl, r0
1000a47c:	000e      	movs	r6, r1
1000a47e:	4690      	mov	r8, r2
1000a480:	f000 f9c6 	bl	1000a810 <__env_lock>
1000a484:	4b1c      	ldr	r3, [pc, #112]	@ (1000a4f8 <_findenv_r+0x88>)
1000a486:	681d      	ldr	r5, [r3, #0]
1000a488:	4699      	mov	r9, r3
1000a48a:	2d00      	cmp	r5, #0
1000a48c:	d00a      	beq.n	1000a4a4 <_findenv_r+0x34>
1000a48e:	7833      	ldrb	r3, [r6, #0]
1000a490:	0034      	movs	r4, r6
1000a492:	2b00      	cmp	r3, #0
1000a494:	d104      	bne.n	1000a4a0 <_findenv_r+0x30>
1000a496:	e02d      	b.n	1000a4f4 <_findenv_r+0x84>
1000a498:	7863      	ldrb	r3, [r4, #1]
1000a49a:	3401      	adds	r4, #1
1000a49c:	2b00      	cmp	r3, #0
1000a49e:	d00a      	beq.n	1000a4b6 <_findenv_r+0x46>
1000a4a0:	2b3d      	cmp	r3, #61	@ 0x3d
1000a4a2:	d1f9      	bne.n	1000a498 <_findenv_r+0x28>
1000a4a4:	4650      	mov	r0, sl
1000a4a6:	f000 f9b5 	bl	1000a814 <__env_unlock>
1000a4aa:	2000      	movs	r0, #0
1000a4ac:	bce0      	pop	{r5, r6, r7}
1000a4ae:	46ba      	mov	sl, r7
1000a4b0:	46b1      	mov	r9, r6
1000a4b2:	46a8      	mov	r8, r5
1000a4b4:	bdf0      	pop	{r4, r5, r6, r7, pc}
1000a4b6:	1ba4      	subs	r4, r4, r6
1000a4b8:	6828      	ldr	r0, [r5, #0]
1000a4ba:	2800      	cmp	r0, #0
1000a4bc:	d0f2      	beq.n	1000a4a4 <_findenv_r+0x34>
1000a4be:	0022      	movs	r2, r4
1000a4c0:	0031      	movs	r1, r6
1000a4c2:	f7ff f963 	bl	1000978c <strncmp>
1000a4c6:	2800      	cmp	r0, #0
1000a4c8:	d104      	bne.n	1000a4d4 <_findenv_r+0x64>
1000a4ca:	682b      	ldr	r3, [r5, #0]
1000a4cc:	191f      	adds	r7, r3, r4
1000a4ce:	5d1b      	ldrb	r3, [r3, r4]
1000a4d0:	2b3d      	cmp	r3, #61	@ 0x3d
1000a4d2:	d004      	beq.n	1000a4de <_findenv_r+0x6e>
1000a4d4:	6868      	ldr	r0, [r5, #4]
1000a4d6:	3504      	adds	r5, #4
1000a4d8:	2800      	cmp	r0, #0
1000a4da:	d1f0      	bne.n	1000a4be <_findenv_r+0x4e>
1000a4dc:	e7e2      	b.n	1000a4a4 <_findenv_r+0x34>
1000a4de:	464b      	mov	r3, r9
1000a4e0:	4642      	mov	r2, r8
1000a4e2:	681b      	ldr	r3, [r3, #0]
1000a4e4:	4650      	mov	r0, sl
1000a4e6:	1aeb      	subs	r3, r5, r3
1000a4e8:	109b      	asrs	r3, r3, #2
1000a4ea:	6013      	str	r3, [r2, #0]
1000a4ec:	f000 f992 	bl	1000a814 <__env_unlock>
1000a4f0:	1c78      	adds	r0, r7, #1
1000a4f2:	e7db      	b.n	1000a4ac <_findenv_r+0x3c>
1000a4f4:	2400      	movs	r4, #0
1000a4f6:	e7df      	b.n	1000a4b8 <_findenv_r+0x48>
1000a4f8:	200016c0 	.word	0x200016c0

1000a4fc <_getenv_r>:
1000a4fc:	b500      	push	{lr}
1000a4fe:	b083      	sub	sp, #12
1000a500:	aa01      	add	r2, sp, #4
1000a502:	f7ff ffb5 	bl	1000a470 <_findenv_r>
1000a506:	b003      	add	sp, #12
1000a508:	bd00      	pop	{pc}
1000a50a:	46c0      	nop			@ (mov r8, r8)

1000a50c <__malloc_lock>:
1000a50c:	4770      	bx	lr
1000a50e:	46c0      	nop			@ (mov r8, r8)

1000a510 <__malloc_unlock>:
1000a510:	4770      	bx	lr
1000a512:	46c0      	nop			@ (mov r8, r8)

1000a514 <atexit>:
1000a514:	b510      	push	{r4, lr}
1000a516:	0001      	movs	r1, r0
1000a518:	2300      	movs	r3, #0
1000a51a:	2200      	movs	r2, #0
1000a51c:	2000      	movs	r0, #0
1000a51e:	f000 ff07 	bl	1000b330 <__register_exitproc>
1000a522:	bd10      	pop	{r4, pc}

1000a524 <strlen>:
1000a524:	b510      	push	{r4, lr}
1000a526:	0783      	lsls	r3, r0, #30
1000a528:	d00a      	beq.n	1000a540 <strlen+0x1c>
1000a52a:	0003      	movs	r3, r0
1000a52c:	2103      	movs	r1, #3
1000a52e:	e002      	b.n	1000a536 <strlen+0x12>
1000a530:	3301      	adds	r3, #1
1000a532:	420b      	tst	r3, r1
1000a534:	d005      	beq.n	1000a542 <strlen+0x1e>
1000a536:	781a      	ldrb	r2, [r3, #0]
1000a538:	2a00      	cmp	r2, #0
1000a53a:	d1f9      	bne.n	1000a530 <strlen+0xc>
1000a53c:	1a18      	subs	r0, r3, r0
1000a53e:	bd10      	pop	{r4, pc}
1000a540:	0003      	movs	r3, r0
1000a542:	6819      	ldr	r1, [r3, #0]
1000a544:	4a0c      	ldr	r2, [pc, #48]	@ (1000a578 <strlen+0x54>)
1000a546:	4c0d      	ldr	r4, [pc, #52]	@ (1000a57c <strlen+0x58>)
1000a548:	188a      	adds	r2, r1, r2
1000a54a:	438a      	bics	r2, r1
1000a54c:	4222      	tst	r2, r4
1000a54e:	d10f      	bne.n	1000a570 <strlen+0x4c>
1000a550:	6859      	ldr	r1, [r3, #4]
1000a552:	4a09      	ldr	r2, [pc, #36]	@ (1000a578 <strlen+0x54>)
1000a554:	3304      	adds	r3, #4
1000a556:	188a      	adds	r2, r1, r2
1000a558:	438a      	bics	r2, r1
1000a55a:	4222      	tst	r2, r4
1000a55c:	d108      	bne.n	1000a570 <strlen+0x4c>
1000a55e:	6859      	ldr	r1, [r3, #4]
1000a560:	4a05      	ldr	r2, [pc, #20]	@ (1000a578 <strlen+0x54>)
1000a562:	3304      	adds	r3, #4
1000a564:	188a      	adds	r2, r1, r2
1000a566:	438a      	bics	r2, r1
1000a568:	4222      	tst	r2, r4
1000a56a:	d0f1      	beq.n	1000a550 <strlen+0x2c>
1000a56c:	e000      	b.n	1000a570 <strlen+0x4c>
1000a56e:	3301      	adds	r3, #1
1000a570:	781a      	ldrb	r2, [r3, #0]
1000a572:	2a00      	cmp	r2, #0
1000a574:	d1fb      	bne.n	1000a56e <strlen+0x4a>
1000a576:	e7e1      	b.n	1000a53c <strlen+0x18>
1000a578:	fefefeff 	.word	0xfefefeff
1000a57c:	80808080 	.word	0x80808080

1000a580 <_sbrk_r>:
1000a580:	2300      	movs	r3, #0
1000a582:	b570      	push	{r4, r5, r6, lr}
1000a584:	4c06      	ldr	r4, [pc, #24]	@ (1000a5a0 <_sbrk_r+0x20>)
1000a586:	0005      	movs	r5, r0
1000a588:	0008      	movs	r0, r1
1000a58a:	6023      	str	r3, [r4, #0]
1000a58c:	f7fa fbc4 	bl	10004d18 <_sbrk>
1000a590:	1c43      	adds	r3, r0, #1
1000a592:	d000      	beq.n	1000a596 <_sbrk_r+0x16>
1000a594:	bd70      	pop	{r4, r5, r6, pc}
1000a596:	6823      	ldr	r3, [r4, #0]
1000a598:	2b00      	cmp	r3, #0
1000a59a:	d0fb      	beq.n	1000a594 <_sbrk_r+0x14>
1000a59c:	602b      	str	r3, [r5, #0]
1000a59e:	e7f9      	b.n	1000a594 <_sbrk_r+0x14>
1000a5a0:	20001be8 	.word	0x20001be8

1000a5a4 <__match>:
1000a5a4:	b530      	push	{r4, r5, lr}
1000a5a6:	6802      	ldr	r2, [r0, #0]
1000a5a8:	e008      	b.n	1000a5bc <__match+0x18>
1000a5aa:	7813      	ldrb	r3, [r2, #0]
1000a5ac:	001d      	movs	r5, r3
1000a5ae:	3d41      	subs	r5, #65	@ 0x41
1000a5b0:	2d19      	cmp	r5, #25
1000a5b2:	d800      	bhi.n	1000a5b6 <__match+0x12>
1000a5b4:	3320      	adds	r3, #32
1000a5b6:	3101      	adds	r1, #1
1000a5b8:	42a3      	cmp	r3, r4
1000a5ba:	d106      	bne.n	1000a5ca <__match+0x26>
1000a5bc:	780c      	ldrb	r4, [r1, #0]
1000a5be:	3201      	adds	r2, #1
1000a5c0:	2c00      	cmp	r4, #0
1000a5c2:	d1f2      	bne.n	1000a5aa <__match+0x6>
1000a5c4:	6002      	str	r2, [r0, #0]
1000a5c6:	2001      	movs	r0, #1
1000a5c8:	bd30      	pop	{r4, r5, pc}
1000a5ca:	2000      	movs	r0, #0
1000a5cc:	e7fc      	b.n	1000a5c8 <__match+0x24>
1000a5ce:	46c0      	nop			@ (mov r8, r8)

1000a5d0 <__hexnan>:
1000a5d0:	b5f0      	push	{r4, r5, r6, r7, lr}
1000a5d2:	4645      	mov	r5, r8
1000a5d4:	46de      	mov	lr, fp
1000a5d6:	4657      	mov	r7, sl
1000a5d8:	464e      	mov	r6, r9
1000a5da:	241f      	movs	r4, #31
1000a5dc:	0003      	movs	r3, r0
1000a5de:	0008      	movs	r0, r1
1000a5e0:	b5e0      	push	{r5, r6, r7, lr}
1000a5e2:	0025      	movs	r5, r4
1000a5e4:	0011      	movs	r1, r2
1000a5e6:	6800      	ldr	r0, [r0, #0]
1000a5e8:	b087      	sub	sp, #28
1000a5ea:	1142      	asrs	r2, r0, #5
1000a5ec:	0092      	lsls	r2, r2, #2
1000a5ee:	4005      	ands	r5, r0
1000a5f0:	188a      	adds	r2, r1, r2
1000a5f2:	9503      	str	r5, [sp, #12]
1000a5f4:	4204      	tst	r4, r0
1000a5f6:	d000      	beq.n	1000a5fa <__hexnan+0x2a>
1000a5f8:	e0a1      	b.n	1000a73e <__hexnan+0x16e>
1000a5fa:	0010      	movs	r0, r2
1000a5fc:	1f17      	subs	r7, r2, #4
1000a5fe:	1f02      	subs	r2, r0, #4
1000a600:	4691      	mov	r9, r2
1000a602:	2200      	movs	r2, #0
1000a604:	4648      	mov	r0, r9
1000a606:	6002      	str	r2, [r0, #0]
1000a608:	6818      	ldr	r0, [r3, #0]
1000a60a:	7846      	ldrb	r6, [r0, #1]
1000a60c:	2e00      	cmp	r6, #0
1000a60e:	d100      	bne.n	1000a612 <__hexnan+0x42>
1000a610:	e0b2      	b.n	1000a778 <__hexnan+0x1a8>
1000a612:	9001      	str	r0, [sp, #4]
1000a614:	486e      	ldr	r0, [pc, #440]	@ (1000a7d0 <__hexnan+0x200>)
1000a616:	9304      	str	r3, [sp, #16]
1000a618:	4680      	mov	r8, r0
1000a61a:	464b      	mov	r3, r9
1000a61c:	200f      	movs	r0, #15
1000a61e:	2400      	movs	r4, #0
1000a620:	2200      	movs	r2, #0
1000a622:	4683      	mov	fp, r0
1000a624:	9801      	ldr	r0, [sp, #4]
1000a626:	9301      	str	r3, [sp, #4]
1000a628:	4643      	mov	r3, r8
1000a62a:	9602      	str	r6, [sp, #8]
1000a62c:	003d      	movs	r5, r7
1000a62e:	0026      	movs	r6, r4
1000a630:	4689      	mov	r9, r1
1000a632:	46b8      	mov	r8, r7
1000a634:	0039      	movs	r1, r7
1000a636:	4692      	mov	sl, r2
1000a638:	001f      	movs	r7, r3
1000a63a:	9c02      	ldr	r4, [sp, #8]
1000a63c:	e015      	b.n	1000a66a <__hexnan+0x9a>
1000a63e:	2c20      	cmp	r4, #32
1000a640:	d900      	bls.n	1000a644 <__hexnan+0x74>
1000a642:	e08d      	b.n	1000a760 <__hexnan+0x190>
1000a644:	4552      	cmp	r2, sl
1000a646:	dd0c      	ble.n	1000a662 <__hexnan+0x92>
1000a648:	42a9      	cmp	r1, r5
1000a64a:	d901      	bls.n	1000a650 <__hexnan+0x80>
1000a64c:	2e07      	cmp	r6, #7
1000a64e:	dd58      	ble.n	1000a702 <__hexnan+0x132>
1000a650:	2608      	movs	r6, #8
1000a652:	45a9      	cmp	r9, r5
1000a654:	d205      	bcs.n	1000a662 <__hexnan+0x92>
1000a656:	1f29      	subs	r1, r5, #4
1000a658:	2300      	movs	r3, #0
1000a65a:	4692      	mov	sl, r2
1000a65c:	000d      	movs	r5, r1
1000a65e:	2600      	movs	r6, #0
1000a660:	600b      	str	r3, [r1, #0]
1000a662:	7884      	ldrb	r4, [r0, #2]
1000a664:	3001      	adds	r0, #1
1000a666:	2c00      	cmp	r4, #0
1000a668:	d012      	beq.n	1000a690 <__hexnan+0xc0>
1000a66a:	5d3b      	ldrb	r3, [r7, r4]
1000a66c:	2b00      	cmp	r3, #0
1000a66e:	d0e6      	beq.n	1000a63e <__hexnan+0x6e>
1000a670:	3601      	adds	r6, #1
1000a672:	3201      	adds	r2, #1
1000a674:	2e08      	cmp	r6, #8
1000a676:	dc3c      	bgt.n	1000a6f2 <__hexnan+0x122>
1000a678:	682c      	ldr	r4, [r5, #0]
1000a67a:	0124      	lsls	r4, r4, #4
1000a67c:	46a4      	mov	ip, r4
1000a67e:	465c      	mov	r4, fp
1000a680:	4023      	ands	r3, r4
1000a682:	4664      	mov	r4, ip
1000a684:	4323      	orrs	r3, r4
1000a686:	602b      	str	r3, [r5, #0]
1000a688:	7884      	ldrb	r4, [r0, #2]
1000a68a:	3001      	adds	r0, #1
1000a68c:	2c00      	cmp	r4, #0
1000a68e:	d1ec      	bne.n	1000a66a <__hexnan+0x9a>
1000a690:	9b01      	ldr	r3, [sp, #4]
1000a692:	468c      	mov	ip, r1
1000a694:	0034      	movs	r4, r6
1000a696:	4649      	mov	r1, r9
1000a698:	4647      	mov	r7, r8
1000a69a:	4699      	mov	r9, r3
1000a69c:	2a00      	cmp	r2, #0
1000a69e:	d06b      	beq.n	1000a778 <__hexnan+0x1a8>
1000a6a0:	4565      	cmp	r5, ip
1000a6a2:	d202      	bcs.n	1000a6aa <__hexnan+0xda>
1000a6a4:	2c07      	cmp	r4, #7
1000a6a6:	dc00      	bgt.n	1000a6aa <__hexnan+0xda>
1000a6a8:	e074      	b.n	1000a794 <__hexnan+0x1c4>
1000a6aa:	42a9      	cmp	r1, r5
1000a6ac:	d24a      	bcs.n	1000a744 <__hexnan+0x174>
1000a6ae:	000a      	movs	r2, r1
1000a6b0:	002b      	movs	r3, r5
1000a6b2:	cb01      	ldmia	r3!, {r0}
1000a6b4:	c201      	stmia	r2!, {r0}
1000a6b6:	429f      	cmp	r7, r3
1000a6b8:	d2fb      	bcs.n	1000a6b2 <__hexnan+0xe2>
1000a6ba:	1c6a      	adds	r2, r5, #1
1000a6bc:	1c78      	adds	r0, r7, #1
1000a6be:	2304      	movs	r3, #4
1000a6c0:	4290      	cmp	r0, r2
1000a6c2:	d262      	bcs.n	1000a78a <__hexnan+0x1ba>
1000a6c4:	2200      	movs	r2, #0
1000a6c6:	18cb      	adds	r3, r1, r3
1000a6c8:	c304      	stmia	r3!, {r2}
1000a6ca:	429f      	cmp	r7, r3
1000a6cc:	d2fc      	bcs.n	1000a6c8 <__hexnan+0xf8>
1000a6ce:	464b      	mov	r3, r9
1000a6d0:	681b      	ldr	r3, [r3, #0]
1000a6d2:	2b00      	cmp	r3, #0
1000a6d4:	d105      	bne.n	1000a6e2 <__hexnan+0x112>
1000a6d6:	42b9      	cmp	r1, r7
1000a6d8:	d050      	beq.n	1000a77c <__hexnan+0x1ac>
1000a6da:	3f04      	subs	r7, #4
1000a6dc:	683b      	ldr	r3, [r7, #0]
1000a6de:	2b00      	cmp	r3, #0
1000a6e0:	d0f9      	beq.n	1000a6d6 <__hexnan+0x106>
1000a6e2:	2005      	movs	r0, #5
1000a6e4:	b007      	add	sp, #28
1000a6e6:	bcf0      	pop	{r4, r5, r6, r7}
1000a6e8:	46bb      	mov	fp, r7
1000a6ea:	46b2      	mov	sl, r6
1000a6ec:	46a9      	mov	r9, r5
1000a6ee:	46a0      	mov	r8, r4
1000a6f0:	bdf0      	pop	{r4, r5, r6, r7, pc}
1000a6f2:	45a9      	cmp	r9, r5
1000a6f4:	d2b5      	bcs.n	1000a662 <__hexnan+0x92>
1000a6f6:	2400      	movs	r4, #0
1000a6f8:	3d04      	subs	r5, #4
1000a6fa:	46a4      	mov	ip, r4
1000a6fc:	2601      	movs	r6, #1
1000a6fe:	602c      	str	r4, [r5, #0]
1000a700:	e7bd      	b.n	1000a67e <__hexnan+0xae>
1000a702:	2308      	movs	r3, #8
1000a704:	1b9b      	subs	r3, r3, r6
1000a706:	009b      	lsls	r3, r3, #2
1000a708:	469c      	mov	ip, r3
1000a70a:	2320      	movs	r3, #32
1000a70c:	4664      	mov	r4, ip
1000a70e:	002e      	movs	r6, r5
1000a710:	1b1c      	subs	r4, r3, r4
1000a712:	9502      	str	r5, [sp, #8]
1000a714:	682b      	ldr	r3, [r5, #0]
1000a716:	4665      	mov	r5, ip
1000a718:	9005      	str	r0, [sp, #20]
1000a71a:	4694      	mov	ip, r2
1000a71c:	0020      	movs	r0, r4
1000a71e:	002a      	movs	r2, r5
1000a720:	6875      	ldr	r5, [r6, #4]
1000a722:	002c      	movs	r4, r5
1000a724:	4084      	lsls	r4, r0
1000a726:	431c      	orrs	r4, r3
1000a728:	002b      	movs	r3, r5
1000a72a:	40d3      	lsrs	r3, r2
1000a72c:	6034      	str	r4, [r6, #0]
1000a72e:	6073      	str	r3, [r6, #4]
1000a730:	3604      	adds	r6, #4
1000a732:	42b1      	cmp	r1, r6
1000a734:	d8f4      	bhi.n	1000a720 <__hexnan+0x150>
1000a736:	4662      	mov	r2, ip
1000a738:	9d02      	ldr	r5, [sp, #8]
1000a73a:	9805      	ldr	r0, [sp, #20]
1000a73c:	e788      	b.n	1000a650 <__hexnan+0x80>
1000a73e:	0017      	movs	r7, r2
1000a740:	1d10      	adds	r0, r2, #4
1000a742:	e75c      	b.n	1000a5fe <__hexnan+0x2e>
1000a744:	464b      	mov	r3, r9
1000a746:	9a03      	ldr	r2, [sp, #12]
1000a748:	681b      	ldr	r3, [r3, #0]
1000a74a:	2a00      	cmp	r2, #0
1000a74c:	d0c7      	beq.n	1000a6de <__hexnan+0x10e>
1000a74e:	2020      	movs	r0, #32
1000a750:	1a80      	subs	r0, r0, r2
1000a752:	2201      	movs	r2, #1
1000a754:	4252      	negs	r2, r2
1000a756:	40c2      	lsrs	r2, r0
1000a758:	4013      	ands	r3, r2
1000a75a:	464a      	mov	r2, r9
1000a75c:	6013      	str	r3, [r2, #0]
1000a75e:	e7be      	b.n	1000a6de <__hexnan+0x10e>
1000a760:	46a2      	mov	sl, r4
1000a762:	0034      	movs	r4, r6
1000a764:	4656      	mov	r6, sl
1000a766:	4647      	mov	r7, r8
1000a768:	4680      	mov	r8, r0
1000a76a:	9801      	ldr	r0, [sp, #4]
1000a76c:	468c      	mov	ip, r1
1000a76e:	9b04      	ldr	r3, [sp, #16]
1000a770:	4649      	mov	r1, r9
1000a772:	4681      	mov	r9, r0
1000a774:	2e29      	cmp	r6, #41	@ 0x29
1000a776:	d004      	beq.n	1000a782 <__hexnan+0x1b2>
1000a778:	2004      	movs	r0, #4
1000a77a:	e7b3      	b.n	1000a6e4 <__hexnan+0x114>
1000a77c:	2301      	movs	r3, #1
1000a77e:	603b      	str	r3, [r7, #0]
1000a780:	e7af      	b.n	1000a6e2 <__hexnan+0x112>
1000a782:	4640      	mov	r0, r8
1000a784:	3002      	adds	r0, #2
1000a786:	6018      	str	r0, [r3, #0]
1000a788:	e788      	b.n	1000a69c <__hexnan+0xcc>
1000a78a:	1b7d      	subs	r5, r7, r5
1000a78c:	08ad      	lsrs	r5, r5, #2
1000a78e:	3501      	adds	r5, #1
1000a790:	00ab      	lsls	r3, r5, #2
1000a792:	e797      	b.n	1000a6c4 <__hexnan+0xf4>
1000a794:	2608      	movs	r6, #8
1000a796:	2320      	movs	r3, #32
1000a798:	1b36      	subs	r6, r6, r4
1000a79a:	00b6      	lsls	r6, r6, #2
1000a79c:	1b9b      	subs	r3, r3, r6
1000a79e:	4698      	mov	r8, r3
1000a7a0:	682b      	ldr	r3, [r5, #0]
1000a7a2:	0028      	movs	r0, r5
1000a7a4:	001a      	movs	r2, r3
1000a7a6:	000b      	movs	r3, r1
1000a7a8:	0031      	movs	r1, r6
1000a7aa:	4666      	mov	r6, ip
1000a7ac:	46ac      	mov	ip, r5
1000a7ae:	4645      	mov	r5, r8
1000a7b0:	4698      	mov	r8, r3
1000a7b2:	6844      	ldr	r4, [r0, #4]
1000a7b4:	0023      	movs	r3, r4
1000a7b6:	40ab      	lsls	r3, r5
1000a7b8:	4313      	orrs	r3, r2
1000a7ba:	0022      	movs	r2, r4
1000a7bc:	40ca      	lsrs	r2, r1
1000a7be:	6003      	str	r3, [r0, #0]
1000a7c0:	6042      	str	r2, [r0, #4]
1000a7c2:	3004      	adds	r0, #4
1000a7c4:	4286      	cmp	r6, r0
1000a7c6:	d8f4      	bhi.n	1000a7b2 <__hexnan+0x1e2>
1000a7c8:	4665      	mov	r5, ip
1000a7ca:	4641      	mov	r1, r8
1000a7cc:	e76d      	b.n	1000a6aa <__hexnan+0xda>
1000a7ce:	46c0      	nop			@ (mov r8, r8)
1000a7d0:	1000bd68 	.word	0x1000bd68

1000a7d4 <__libc_fini_array>:
1000a7d4:	b570      	push	{r4, r5, r6, lr}
1000a7d6:	4c07      	ldr	r4, [pc, #28]	@ (1000a7f4 <__libc_fini_array+0x20>)
1000a7d8:	4d07      	ldr	r5, [pc, #28]	@ (1000a7f8 <__libc_fini_array+0x24>)
1000a7da:	1b64      	subs	r4, r4, r5
1000a7dc:	10a4      	asrs	r4, r4, #2
1000a7de:	d005      	beq.n	1000a7ec <__libc_fini_array+0x18>
1000a7e0:	3c01      	subs	r4, #1
1000a7e2:	00a3      	lsls	r3, r4, #2
1000a7e4:	58eb      	ldr	r3, [r5, r3]
1000a7e6:	4798      	blx	r3
1000a7e8:	2c00      	cmp	r4, #0
1000a7ea:	d1f9      	bne.n	1000a7e0 <__libc_fini_array+0xc>
1000a7ec:	f000 fde8 	bl	1000b3c0 <_fini>
1000a7f0:	bd70      	pop	{r4, r5, r6, pc}
1000a7f2:	46c0      	nop			@ (mov r8, r8)
1000a7f4:	1000b4d4 	.word	0x1000b4d4
1000a7f8:	1000b4d4 	.word	0x1000b4d4

1000a7fc <nan>:
1000a7fc:	2000      	movs	r0, #0
1000a7fe:	4901      	ldr	r1, [pc, #4]	@ (1000a804 <nan+0x8>)
1000a800:	4770      	bx	lr
1000a802:	46c0      	nop			@ (mov r8, r8)
1000a804:	7ff80000 	.word	0x7ff80000

1000a808 <nanf>:
1000a808:	4800      	ldr	r0, [pc, #0]	@ (1000a80c <nanf+0x4>)
1000a80a:	4770      	bx	lr
1000a80c:	7fc00000 	.word	0x7fc00000

1000a810 <__env_lock>:
1000a810:	4770      	bx	lr
1000a812:	46c0      	nop			@ (mov r8, r8)

1000a814 <__env_unlock>:
1000a814:	4770      	bx	lr
1000a816:	46c0      	nop			@ (mov r8, r8)

1000a818 <_Balloc>:
1000a818:	6c43      	ldr	r3, [r0, #68]	@ 0x44
1000a81a:	b570      	push	{r4, r5, r6, lr}
1000a81c:	0004      	movs	r4, r0
1000a81e:	000d      	movs	r5, r1
1000a820:	2b00      	cmp	r3, #0
1000a822:	d00a      	beq.n	1000a83a <_Balloc+0x22>
1000a824:	00aa      	lsls	r2, r5, #2
1000a826:	189b      	adds	r3, r3, r2
1000a828:	6818      	ldr	r0, [r3, #0]
1000a82a:	2800      	cmp	r0, #0
1000a82c:	d00e      	beq.n	1000a84c <_Balloc+0x34>
1000a82e:	6802      	ldr	r2, [r0, #0]
1000a830:	601a      	str	r2, [r3, #0]
1000a832:	2300      	movs	r3, #0
1000a834:	6103      	str	r3, [r0, #16]
1000a836:	60c3      	str	r3, [r0, #12]
1000a838:	bd70      	pop	{r4, r5, r6, pc}
1000a83a:	2221      	movs	r2, #33	@ 0x21
1000a83c:	2104      	movs	r1, #4
1000a83e:	f7ff f83d 	bl	100098bc <_calloc_r>
1000a842:	1e03      	subs	r3, r0, #0
1000a844:	6460      	str	r0, [r4, #68]	@ 0x44
1000a846:	d1ed      	bne.n	1000a824 <_Balloc+0xc>
1000a848:	2000      	movs	r0, #0
1000a84a:	e7f5      	b.n	1000a838 <_Balloc+0x20>
1000a84c:	2601      	movs	r6, #1
1000a84e:	40ae      	lsls	r6, r5
1000a850:	1d72      	adds	r2, r6, #5
1000a852:	2101      	movs	r1, #1
1000a854:	0020      	movs	r0, r4
1000a856:	0092      	lsls	r2, r2, #2
1000a858:	f7ff f830 	bl	100098bc <_calloc_r>
1000a85c:	2800      	cmp	r0, #0
1000a85e:	d0f3      	beq.n	1000a848 <_Balloc+0x30>
1000a860:	6045      	str	r5, [r0, #4]
1000a862:	6086      	str	r6, [r0, #8]
1000a864:	e7e5      	b.n	1000a832 <_Balloc+0x1a>
1000a866:	46c0      	nop			@ (mov r8, r8)

1000a868 <_Bfree>:
1000a868:	2900      	cmp	r1, #0
1000a86a:	d006      	beq.n	1000a87a <_Bfree+0x12>
1000a86c:	684a      	ldr	r2, [r1, #4]
1000a86e:	6c43      	ldr	r3, [r0, #68]	@ 0x44
1000a870:	0092      	lsls	r2, r2, #2
1000a872:	189b      	adds	r3, r3, r2
1000a874:	681a      	ldr	r2, [r3, #0]
1000a876:	600a      	str	r2, [r1, #0]
1000a878:	6019      	str	r1, [r3, #0]
1000a87a:	4770      	bx	lr

1000a87c <__multadd>:
1000a87c:	b5f0      	push	{r4, r5, r6, r7, lr}
1000a87e:	46c6      	mov	lr, r8
1000a880:	001f      	movs	r7, r3
1000a882:	4680      	mov	r8, r0
1000a884:	2300      	movs	r3, #0
1000a886:	b500      	push	{lr}
1000a888:	000e      	movs	r6, r1
1000a88a:	690d      	ldr	r5, [r1, #16]
1000a88c:	3114      	adds	r1, #20
1000a88e:	680c      	ldr	r4, [r1, #0]
1000a890:	3301      	adds	r3, #1
1000a892:	0420      	lsls	r0, r4, #16
1000a894:	0c00      	lsrs	r0, r0, #16
1000a896:	4350      	muls	r0, r2
1000a898:	0c24      	lsrs	r4, r4, #16
1000a89a:	4354      	muls	r4, r2
1000a89c:	19c0      	adds	r0, r0, r7
1000a89e:	0c07      	lsrs	r7, r0, #16
1000a8a0:	19e4      	adds	r4, r4, r7
1000a8a2:	0400      	lsls	r0, r0, #16
1000a8a4:	0c27      	lsrs	r7, r4, #16
1000a8a6:	0c00      	lsrs	r0, r0, #16
1000a8a8:	0424      	lsls	r4, r4, #16
1000a8aa:	1824      	adds	r4, r4, r0
1000a8ac:	c110      	stmia	r1!, {r4}
1000a8ae:	429d      	cmp	r5, r3
1000a8b0:	dced      	bgt.n	1000a88e <__multadd+0x12>
1000a8b2:	2f00      	cmp	r7, #0
1000a8b4:	d008      	beq.n	1000a8c8 <__multadd+0x4c>
1000a8b6:	68b3      	ldr	r3, [r6, #8]
1000a8b8:	42ab      	cmp	r3, r5
1000a8ba:	dd09      	ble.n	1000a8d0 <__multadd+0x54>
1000a8bc:	1d2b      	adds	r3, r5, #4
1000a8be:	009b      	lsls	r3, r3, #2
1000a8c0:	18f3      	adds	r3, r6, r3
1000a8c2:	3501      	adds	r5, #1
1000a8c4:	605f      	str	r7, [r3, #4]
1000a8c6:	6135      	str	r5, [r6, #16]
1000a8c8:	0030      	movs	r0, r6
1000a8ca:	bc80      	pop	{r7}
1000a8cc:	46b8      	mov	r8, r7
1000a8ce:	bdf0      	pop	{r4, r5, r6, r7, pc}
1000a8d0:	6871      	ldr	r1, [r6, #4]
1000a8d2:	4640      	mov	r0, r8
1000a8d4:	3101      	adds	r1, #1
1000a8d6:	f7ff ff9f 	bl	1000a818 <_Balloc>
1000a8da:	1e04      	subs	r4, r0, #0
1000a8dc:	d017      	beq.n	1000a90e <__multadd+0x92>
1000a8de:	0031      	movs	r1, r6
1000a8e0:	6932      	ldr	r2, [r6, #16]
1000a8e2:	310c      	adds	r1, #12
1000a8e4:	3202      	adds	r2, #2
1000a8e6:	0092      	lsls	r2, r2, #2
1000a8e8:	300c      	adds	r0, #12
1000a8ea:	f7f8 fe37 	bl	1000355c <__wrap___aeabi_memcpy>
1000a8ee:	4643      	mov	r3, r8
1000a8f0:	6872      	ldr	r2, [r6, #4]
1000a8f2:	6c5b      	ldr	r3, [r3, #68]	@ 0x44
1000a8f4:	0092      	lsls	r2, r2, #2
1000a8f6:	189b      	adds	r3, r3, r2
1000a8f8:	681a      	ldr	r2, [r3, #0]
1000a8fa:	6032      	str	r2, [r6, #0]
1000a8fc:	601e      	str	r6, [r3, #0]
1000a8fe:	0026      	movs	r6, r4
1000a900:	1d2b      	adds	r3, r5, #4
1000a902:	009b      	lsls	r3, r3, #2
1000a904:	18f3      	adds	r3, r6, r3
1000a906:	3501      	adds	r5, #1
1000a908:	605f      	str	r7, [r3, #4]
1000a90a:	6135      	str	r5, [r6, #16]
1000a90c:	e7dc      	b.n	1000a8c8 <__multadd+0x4c>
1000a90e:	2200      	movs	r2, #0
1000a910:	21ba      	movs	r1, #186	@ 0xba
1000a912:	4b02      	ldr	r3, [pc, #8]	@ (1000a91c <__multadd+0xa0>)
1000a914:	4802      	ldr	r0, [pc, #8]	@ (1000a920 <__multadd+0xa4>)
1000a916:	f7fa fa1d 	bl	10004d54 <__assert_func>
1000a91a:	46c0      	nop			@ (mov r8, r8)
1000a91c:	1000b728 	.word	0x1000b728
1000a920:	1000b770 	.word	0x1000b770

1000a924 <__s2b>:
1000a924:	b5f8      	push	{r3, r4, r5, r6, r7, lr}
1000a926:	4647      	mov	r7, r8
1000a928:	46ce      	mov	lr, r9
1000a92a:	0006      	movs	r6, r0
1000a92c:	0018      	movs	r0, r3
1000a92e:	b580      	push	{r7, lr}
1000a930:	000c      	movs	r4, r1
1000a932:	3008      	adds	r0, #8
1000a934:	2109      	movs	r1, #9
1000a936:	001f      	movs	r7, r3
1000a938:	4690      	mov	r8, r2
1000a93a:	f7f7 fdb5 	bl	100024a8 <__wrap___aeabi_idiv>
1000a93e:	2f09      	cmp	r7, #9
1000a940:	dd3b      	ble.n	1000a9ba <__s2b+0x96>
1000a942:	2501      	movs	r5, #1
1000a944:	2100      	movs	r1, #0
1000a946:	006d      	lsls	r5, r5, #1
1000a948:	3101      	adds	r1, #1
1000a94a:	42a8      	cmp	r0, r5
1000a94c:	dcfb      	bgt.n	1000a946 <__s2b+0x22>
1000a94e:	0030      	movs	r0, r6
1000a950:	f7ff ff62 	bl	1000a818 <_Balloc>
1000a954:	1e01      	subs	r1, r0, #0
1000a956:	d032      	beq.n	1000a9be <__s2b+0x9a>
1000a958:	9b08      	ldr	r3, [sp, #32]
1000a95a:	6143      	str	r3, [r0, #20]
1000a95c:	2301      	movs	r3, #1
1000a95e:	6103      	str	r3, [r0, #16]
1000a960:	4643      	mov	r3, r8
1000a962:	2b09      	cmp	r3, #9
1000a964:	dc16      	bgt.n	1000a994 <__s2b+0x70>
1000a966:	2309      	movs	r3, #9
1000a968:	4698      	mov	r8, r3
1000a96a:	340a      	adds	r4, #10
1000a96c:	4547      	cmp	r7, r8
1000a96e:	dd0c      	ble.n	1000a98a <__s2b+0x66>
1000a970:	4643      	mov	r3, r8
1000a972:	19e7      	adds	r7, r4, r7
1000a974:	1aff      	subs	r7, r7, r3
1000a976:	7823      	ldrb	r3, [r4, #0]
1000a978:	220a      	movs	r2, #10
1000a97a:	0030      	movs	r0, r6
1000a97c:	3b30      	subs	r3, #48	@ 0x30
1000a97e:	f7ff ff7d 	bl	1000a87c <__multadd>
1000a982:	3401      	adds	r4, #1
1000a984:	0001      	movs	r1, r0
1000a986:	42bc      	cmp	r4, r7
1000a988:	d1f5      	bne.n	1000a976 <__s2b+0x52>
1000a98a:	0008      	movs	r0, r1
1000a98c:	bcc0      	pop	{r6, r7}
1000a98e:	46b9      	mov	r9, r7
1000a990:	46b0      	mov	r8, r6
1000a992:	bdf8      	pop	{r3, r4, r5, r6, r7, pc}
1000a994:	2309      	movs	r3, #9
1000a996:	4699      	mov	r9, r3
1000a998:	44a1      	add	r9, r4
1000a99a:	464d      	mov	r5, r9
1000a99c:	4444      	add	r4, r8
1000a99e:	782b      	ldrb	r3, [r5, #0]
1000a9a0:	220a      	movs	r2, #10
1000a9a2:	0030      	movs	r0, r6
1000a9a4:	3b30      	subs	r3, #48	@ 0x30
1000a9a6:	f7ff ff69 	bl	1000a87c <__multadd>
1000a9aa:	3501      	adds	r5, #1
1000a9ac:	0001      	movs	r1, r0
1000a9ae:	42a5      	cmp	r5, r4
1000a9b0:	d1f5      	bne.n	1000a99e <__s2b+0x7a>
1000a9b2:	4644      	mov	r4, r8
1000a9b4:	3c08      	subs	r4, #8
1000a9b6:	444c      	add	r4, r9
1000a9b8:	e7d8      	b.n	1000a96c <__s2b+0x48>
1000a9ba:	2100      	movs	r1, #0
1000a9bc:	e7c7      	b.n	1000a94e <__s2b+0x2a>
1000a9be:	2200      	movs	r2, #0
1000a9c0:	4b02      	ldr	r3, [pc, #8]	@ (1000a9cc <__s2b+0xa8>)
1000a9c2:	4803      	ldr	r0, [pc, #12]	@ (1000a9d0 <__s2b+0xac>)
1000a9c4:	31d3      	adds	r1, #211	@ 0xd3
1000a9c6:	f7fa f9c5 	bl	10004d54 <__assert_func>
1000a9ca:	46c0      	nop			@ (mov r8, r8)
1000a9cc:	1000b728 	.word	0x1000b728
1000a9d0:	1000b770 	.word	0x1000b770

1000a9d4 <__hi0bits>:
1000a9d4:	2280      	movs	r2, #128	@ 0x80
1000a9d6:	0003      	movs	r3, r0
1000a9d8:	0252      	lsls	r2, r2, #9
1000a9da:	2000      	movs	r0, #0
1000a9dc:	4293      	cmp	r3, r2
1000a9de:	d201      	bcs.n	1000a9e4 <__hi0bits+0x10>
1000a9e0:	041b      	lsls	r3, r3, #16
1000a9e2:	3010      	adds	r0, #16
1000a9e4:	2280      	movs	r2, #128	@ 0x80
1000a9e6:	0452      	lsls	r2, r2, #17
1000a9e8:	4293      	cmp	r3, r2
1000a9ea:	d201      	bcs.n	1000a9f0 <__hi0bits+0x1c>
1000a9ec:	3008      	adds	r0, #8
1000a9ee:	021b      	lsls	r3, r3, #8
1000a9f0:	2280      	movs	r2, #128	@ 0x80
1000a9f2:	0552      	lsls	r2, r2, #21
1000a9f4:	4293      	cmp	r3, r2
1000a9f6:	d201      	bcs.n	1000a9fc <__hi0bits+0x28>
1000a9f8:	3004      	adds	r0, #4
1000a9fa:	011b      	lsls	r3, r3, #4
1000a9fc:	2280      	movs	r2, #128	@ 0x80
1000a9fe:	05d2      	lsls	r2, r2, #23
1000aa00:	4293      	cmp	r3, r2
1000aa02:	d303      	bcc.n	1000aa0c <__hi0bits+0x38>
1000aa04:	43db      	mvns	r3, r3
1000aa06:	0fdb      	lsrs	r3, r3, #31
1000aa08:	18c0      	adds	r0, r0, r3
1000aa0a:	4770      	bx	lr
1000aa0c:	0099      	lsls	r1, r3, #2
1000aa0e:	009b      	lsls	r3, r3, #2
1000aa10:	d404      	bmi.n	1000aa1c <__hi0bits+0x48>
1000aa12:	3003      	adds	r0, #3
1000aa14:	4211      	tst	r1, r2
1000aa16:	d1f8      	bne.n	1000aa0a <__hi0bits+0x36>
1000aa18:	2020      	movs	r0, #32
1000aa1a:	e7f6      	b.n	1000aa0a <__hi0bits+0x36>
1000aa1c:	3002      	adds	r0, #2
1000aa1e:	e7f4      	b.n	1000aa0a <__hi0bits+0x36>

1000aa20 <__lo0bits>:
1000aa20:	6803      	ldr	r3, [r0, #0]
1000aa22:	0002      	movs	r2, r0
1000aa24:	0759      	lsls	r1, r3, #29
1000aa26:	d007      	beq.n	1000aa38 <__lo0bits+0x18>
1000aa28:	07d9      	lsls	r1, r3, #31
1000aa2a:	d41e      	bmi.n	1000aa6a <__lo0bits+0x4a>
1000aa2c:	0799      	lsls	r1, r3, #30
1000aa2e:	d520      	bpl.n	1000aa72 <__lo0bits+0x52>
1000aa30:	085b      	lsrs	r3, r3, #1
1000aa32:	6003      	str	r3, [r0, #0]
1000aa34:	2001      	movs	r0, #1
1000aa36:	4770      	bx	lr
1000aa38:	2000      	movs	r0, #0
1000aa3a:	0419      	lsls	r1, r3, #16
1000aa3c:	d101      	bne.n	1000aa42 <__lo0bits+0x22>
1000aa3e:	0c1b      	lsrs	r3, r3, #16
1000aa40:	3010      	adds	r0, #16
1000aa42:	21ff      	movs	r1, #255	@ 0xff
1000aa44:	4219      	tst	r1, r3
1000aa46:	d101      	bne.n	1000aa4c <__lo0bits+0x2c>
1000aa48:	3008      	adds	r0, #8
1000aa4a:	0a1b      	lsrs	r3, r3, #8
1000aa4c:	0719      	lsls	r1, r3, #28
1000aa4e:	d101      	bne.n	1000aa54 <__lo0bits+0x34>
1000aa50:	3004      	adds	r0, #4
1000aa52:	091b      	lsrs	r3, r3, #4
1000aa54:	0799      	lsls	r1, r3, #30
1000aa56:	d101      	bne.n	1000aa5c <__lo0bits+0x3c>
1000aa58:	3002      	adds	r0, #2
1000aa5a:	089b      	lsrs	r3, r3, #2
1000aa5c:	07d9      	lsls	r1, r3, #31
1000aa5e:	d402      	bmi.n	1000aa66 <__lo0bits+0x46>
1000aa60:	3001      	adds	r0, #1
1000aa62:	085b      	lsrs	r3, r3, #1
1000aa64:	d003      	beq.n	1000aa6e <__lo0bits+0x4e>
1000aa66:	6013      	str	r3, [r2, #0]
1000aa68:	e7e5      	b.n	1000aa36 <__lo0bits+0x16>
1000aa6a:	2000      	movs	r0, #0
1000aa6c:	e7e3      	b.n	1000aa36 <__lo0bits+0x16>
1000aa6e:	2020      	movs	r0, #32
1000aa70:	e7e1      	b.n	1000aa36 <__lo0bits+0x16>
1000aa72:	089b      	lsrs	r3, r3, #2
1000aa74:	6003      	str	r3, [r0, #0]
1000aa76:	2002      	movs	r0, #2
1000aa78:	e7dd      	b.n	1000aa36 <__lo0bits+0x16>
1000aa7a:	46c0      	nop			@ (mov r8, r8)

1000aa7c <__i2b>:
1000aa7c:	6c43      	ldr	r3, [r0, #68]	@ 0x44
1000aa7e:	b570      	push	{r4, r5, r6, lr}
1000aa80:	0004      	movs	r4, r0
1000aa82:	000d      	movs	r5, r1
1000aa84:	2b00      	cmp	r3, #0
1000aa86:	d00a      	beq.n	1000aa9e <__i2b+0x22>
1000aa88:	6858      	ldr	r0, [r3, #4]
1000aa8a:	2800      	cmp	r0, #0
1000aa8c:	d015      	beq.n	1000aaba <__i2b+0x3e>
1000aa8e:	6802      	ldr	r2, [r0, #0]
1000aa90:	605a      	str	r2, [r3, #4]
1000aa92:	2300      	movs	r3, #0
1000aa94:	60c3      	str	r3, [r0, #12]
1000aa96:	3301      	adds	r3, #1
1000aa98:	6145      	str	r5, [r0, #20]
1000aa9a:	6103      	str	r3, [r0, #16]
1000aa9c:	bd70      	pop	{r4, r5, r6, pc}
1000aa9e:	2221      	movs	r2, #33	@ 0x21
1000aaa0:	2104      	movs	r1, #4
1000aaa2:	f7fe ff0b 	bl	100098bc <_calloc_r>
1000aaa6:	1e03      	subs	r3, r0, #0
1000aaa8:	6460      	str	r0, [r4, #68]	@ 0x44
1000aaaa:	d1ed      	bne.n	1000aa88 <__i2b+0xc>
1000aaac:	2146      	movs	r1, #70	@ 0x46
1000aaae:	2200      	movs	r2, #0
1000aab0:	4b08      	ldr	r3, [pc, #32]	@ (1000aad4 <__i2b+0x58>)
1000aab2:	4809      	ldr	r0, [pc, #36]	@ (1000aad8 <__i2b+0x5c>)
1000aab4:	31ff      	adds	r1, #255	@ 0xff
1000aab6:	f7fa f94d 	bl	10004d54 <__assert_func>
1000aaba:	221c      	movs	r2, #28
1000aabc:	2101      	movs	r1, #1
1000aabe:	0020      	movs	r0, r4
1000aac0:	f7fe fefc 	bl	100098bc <_calloc_r>
1000aac4:	2800      	cmp	r0, #0
1000aac6:	d0f1      	beq.n	1000aaac <__i2b+0x30>
1000aac8:	2301      	movs	r3, #1
1000aaca:	6043      	str	r3, [r0, #4]
1000aacc:	3301      	adds	r3, #1
1000aace:	6083      	str	r3, [r0, #8]
1000aad0:	e7df      	b.n	1000aa92 <__i2b+0x16>
1000aad2:	46c0      	nop			@ (mov r8, r8)
1000aad4:	1000b728 	.word	0x1000b728
1000aad8:	1000b770 	.word	0x1000b770

1000aadc <__multiply>:
1000aadc:	b5f0      	push	{r4, r5, r6, r7, lr}
1000aade:	464e      	mov	r6, r9
1000aae0:	4657      	mov	r7, sl
1000aae2:	4645      	mov	r5, r8
1000aae4:	46de      	mov	lr, fp
1000aae6:	b5e0      	push	{r5, r6, r7, lr}
1000aae8:	690b      	ldr	r3, [r1, #16]
1000aaea:	6916      	ldr	r6, [r2, #16]
1000aaec:	468a      	mov	sl, r1
1000aaee:	4691      	mov	r9, r2
1000aaf0:	4698      	mov	r8, r3
1000aaf2:	b085      	sub	sp, #20
1000aaf4:	42b3      	cmp	r3, r6
1000aaf6:	db04      	blt.n	1000ab02 <__multiply+0x26>
1000aaf8:	0033      	movs	r3, r6
1000aafa:	4689      	mov	r9, r1
1000aafc:	4646      	mov	r6, r8
1000aafe:	4692      	mov	sl, r2
1000ab00:	4698      	mov	r8, r3
1000ab02:	464b      	mov	r3, r9
1000ab04:	6859      	ldr	r1, [r3, #4]
1000ab06:	4643      	mov	r3, r8
1000ab08:	18f5      	adds	r5, r6, r3
1000ab0a:	464b      	mov	r3, r9
1000ab0c:	689b      	ldr	r3, [r3, #8]
1000ab0e:	42ab      	cmp	r3, r5
1000ab10:	da00      	bge.n	1000ab14 <__multiply+0x38>
1000ab12:	3101      	adds	r1, #1
1000ab14:	f7ff fe80 	bl	1000a818 <_Balloc>
1000ab18:	1e07      	subs	r7, r0, #0
1000ab1a:	d100      	bne.n	1000ab1e <__multiply+0x42>
1000ab1c:	e0a9      	b.n	1000ac72 <__multiply+0x196>
1000ab1e:	2314      	movs	r3, #20
1000ab20:	469c      	mov	ip, r3
1000ab22:	4484      	add	ip, r0
1000ab24:	4663      	mov	r3, ip
1000ab26:	00ac      	lsls	r4, r5, #2
1000ab28:	4464      	add	r4, ip
1000ab2a:	0018      	movs	r0, r3
1000ab2c:	2200      	movs	r2, #0
1000ab2e:	42a3      	cmp	r3, r4
1000ab30:	d202      	bcs.n	1000ab38 <__multiply+0x5c>
1000ab32:	c304      	stmia	r3!, {r2}
1000ab34:	429c      	cmp	r4, r3
1000ab36:	d8fc      	bhi.n	1000ab32 <__multiply+0x56>
1000ab38:	2314      	movs	r3, #20
1000ab3a:	444b      	add	r3, r9
1000ab3c:	469b      	mov	fp, r3
1000ab3e:	4643      	mov	r3, r8
1000ab40:	4651      	mov	r1, sl
1000ab42:	009b      	lsls	r3, r3, #2
1000ab44:	4698      	mov	r8, r3
1000ab46:	3114      	adds	r1, #20
1000ab48:	00b6      	lsls	r6, r6, #2
1000ab4a:	4488      	add	r8, r1
1000ab4c:	445e      	add	r6, fp
1000ab4e:	4541      	cmp	r1, r8
1000ab50:	d274      	bcs.n	1000ac3c <__multiply+0x160>
1000ab52:	2304      	movs	r3, #4
1000ab54:	469a      	mov	sl, r3
1000ab56:	464b      	mov	r3, r9
1000ab58:	3315      	adds	r3, #21
1000ab5a:	429e      	cmp	r6, r3
1000ab5c:	d300      	bcc.n	1000ab60 <__multiply+0x84>
1000ab5e:	e080      	b.n	1000ac62 <__multiply+0x186>
1000ab60:	465b      	mov	r3, fp
1000ab62:	9301      	str	r3, [sp, #4]
1000ab64:	4643      	mov	r3, r8
1000ab66:	9300      	str	r3, [sp, #0]
1000ab68:	4653      	mov	r3, sl
1000ab6a:	46b4      	mov	ip, r6
1000ab6c:	46a2      	mov	sl, r4
1000ab6e:	46ab      	mov	fp, r5
1000ab70:	46b9      	mov	r9, r7
1000ab72:	000c      	movs	r4, r1
1000ab74:	9302      	str	r3, [sp, #8]
1000ab76:	e006      	b.n	1000ab86 <__multiply+0xaa>
1000ab78:	0c2d      	lsrs	r5, r5, #16
1000ab7a:	d131      	bne.n	1000abe0 <__multiply+0x104>
1000ab7c:	9b00      	ldr	r3, [sp, #0]
1000ab7e:	3404      	adds	r4, #4
1000ab80:	3004      	adds	r0, #4
1000ab82:	42a3      	cmp	r3, r4
1000ab84:	d957      	bls.n	1000ac36 <__multiply+0x15a>
1000ab86:	6825      	ldr	r5, [r4, #0]
1000ab88:	042b      	lsls	r3, r5, #16
1000ab8a:	0c19      	lsrs	r1, r3, #16
1000ab8c:	2b00      	cmp	r3, #0
1000ab8e:	d0f3      	beq.n	1000ab78 <__multiply+0x9c>
1000ab90:	9d01      	ldr	r5, [sp, #4]
1000ab92:	4653      	mov	r3, sl
1000ab94:	46a0      	mov	r8, r4
1000ab96:	2600      	movs	r6, #0
1000ab98:	000c      	movs	r4, r1
1000ab9a:	4682      	mov	sl, r0
1000ab9c:	002f      	movs	r7, r5
1000ab9e:	9303      	str	r3, [sp, #12]
1000aba0:	cf08      	ldmia	r7!, {r3}
1000aba2:	6801      	ldr	r1, [r0, #0]
1000aba4:	041a      	lsls	r2, r3, #16
1000aba6:	0c12      	lsrs	r2, r2, #16
1000aba8:	4362      	muls	r2, r4
1000abaa:	0c1b      	lsrs	r3, r3, #16
1000abac:	040d      	lsls	r5, r1, #16
1000abae:	4363      	muls	r3, r4
1000abb0:	0c2d      	lsrs	r5, r5, #16
1000abb2:	1952      	adds	r2, r2, r5
1000abb4:	1992      	adds	r2, r2, r6
1000abb6:	0c09      	lsrs	r1, r1, #16
1000abb8:	185b      	adds	r3, r3, r1
1000abba:	0c11      	lsrs	r1, r2, #16
1000abbc:	185b      	adds	r3, r3, r1
1000abbe:	0412      	lsls	r2, r2, #16
1000abc0:	0c1e      	lsrs	r6, r3, #16
1000abc2:	0c12      	lsrs	r2, r2, #16
1000abc4:	041b      	lsls	r3, r3, #16
1000abc6:	4313      	orrs	r3, r2
1000abc8:	c008      	stmia	r0!, {r3}
1000abca:	45bc      	cmp	ip, r7
1000abcc:	d8e8      	bhi.n	1000aba0 <__multiply+0xc4>
1000abce:	4650      	mov	r0, sl
1000abd0:	4644      	mov	r4, r8
1000abd2:	9b03      	ldr	r3, [sp, #12]
1000abd4:	469a      	mov	sl, r3
1000abd6:	9b02      	ldr	r3, [sp, #8]
1000abd8:	50c6      	str	r6, [r0, r3]
1000abda:	6825      	ldr	r5, [r4, #0]
1000abdc:	0c2d      	lsrs	r5, r5, #16
1000abde:	d0cd      	beq.n	1000ab7c <__multiply+0xa0>
1000abe0:	0006      	movs	r6, r0
1000abe2:	2200      	movs	r2, #0
1000abe4:	6803      	ldr	r3, [r0, #0]
1000abe6:	46a0      	mov	r8, r4
1000abe8:	4660      	mov	r0, ip
1000abea:	0019      	movs	r1, r3
1000abec:	0014      	movs	r4, r2
1000abee:	46b4      	mov	ip, r6
1000abf0:	9f01      	ldr	r7, [sp, #4]
1000abf2:	883a      	ldrh	r2, [r7, #0]
1000abf4:	0c09      	lsrs	r1, r1, #16
1000abf6:	436a      	muls	r2, r5
1000abf8:	1912      	adds	r2, r2, r4
1000abfa:	1852      	adds	r2, r2, r1
1000abfc:	041b      	lsls	r3, r3, #16
1000abfe:	0411      	lsls	r1, r2, #16
1000ac00:	0c1b      	lsrs	r3, r3, #16
1000ac02:	430b      	orrs	r3, r1
1000ac04:	6033      	str	r3, [r6, #0]
1000ac06:	cf10      	ldmia	r7!, {r4}
1000ac08:	6871      	ldr	r1, [r6, #4]
1000ac0a:	0c24      	lsrs	r4, r4, #16
1000ac0c:	436c      	muls	r4, r5
1000ac0e:	040b      	lsls	r3, r1, #16
1000ac10:	0c1b      	lsrs	r3, r3, #16
1000ac12:	18e3      	adds	r3, r4, r3
1000ac14:	0c12      	lsrs	r2, r2, #16
1000ac16:	189b      	adds	r3, r3, r2
1000ac18:	0c1c      	lsrs	r4, r3, #16
1000ac1a:	3604      	adds	r6, #4
1000ac1c:	42b8      	cmp	r0, r7
1000ac1e:	d8e8      	bhi.n	1000abf2 <__multiply+0x116>
1000ac20:	4662      	mov	r2, ip
1000ac22:	4684      	mov	ip, r0
1000ac24:	0010      	movs	r0, r2
1000ac26:	4644      	mov	r4, r8
1000ac28:	9a02      	ldr	r2, [sp, #8]
1000ac2a:	3404      	adds	r4, #4
1000ac2c:	5083      	str	r3, [r0, r2]
1000ac2e:	9b00      	ldr	r3, [sp, #0]
1000ac30:	3004      	adds	r0, #4
1000ac32:	42a3      	cmp	r3, r4
1000ac34:	d8a7      	bhi.n	1000ab86 <__multiply+0xaa>
1000ac36:	4654      	mov	r4, sl
1000ac38:	465d      	mov	r5, fp
1000ac3a:	464f      	mov	r7, r9
1000ac3c:	2d00      	cmp	r5, #0
1000ac3e:	dc03      	bgt.n	1000ac48 <__multiply+0x16c>
1000ac40:	e006      	b.n	1000ac50 <__multiply+0x174>
1000ac42:	3d01      	subs	r5, #1
1000ac44:	2d00      	cmp	r5, #0
1000ac46:	d003      	beq.n	1000ac50 <__multiply+0x174>
1000ac48:	3c04      	subs	r4, #4
1000ac4a:	6823      	ldr	r3, [r4, #0]
1000ac4c:	2b00      	cmp	r3, #0
1000ac4e:	d0f8      	beq.n	1000ac42 <__multiply+0x166>
1000ac50:	0038      	movs	r0, r7
1000ac52:	613d      	str	r5, [r7, #16]
1000ac54:	b005      	add	sp, #20
1000ac56:	bcf0      	pop	{r4, r5, r6, r7}
1000ac58:	46bb      	mov	fp, r7
1000ac5a:	46b2      	mov	sl, r6
1000ac5c:	46a9      	mov	r9, r5
1000ac5e:	46a0      	mov	r8, r4
1000ac60:	bdf0      	pop	{r4, r5, r6, r7, pc}
1000ac62:	464b      	mov	r3, r9
1000ac64:	1af3      	subs	r3, r6, r3
1000ac66:	3b15      	subs	r3, #21
1000ac68:	089b      	lsrs	r3, r3, #2
1000ac6a:	3301      	adds	r3, #1
1000ac6c:	009b      	lsls	r3, r3, #2
1000ac6e:	469a      	mov	sl, r3
1000ac70:	e776      	b.n	1000ab60 <__multiply+0x84>
1000ac72:	21b1      	movs	r1, #177	@ 0xb1
1000ac74:	2200      	movs	r2, #0
1000ac76:	4b02      	ldr	r3, [pc, #8]	@ (1000ac80 <__multiply+0x1a4>)
1000ac78:	4802      	ldr	r0, [pc, #8]	@ (1000ac84 <__multiply+0x1a8>)
1000ac7a:	0049      	lsls	r1, r1, #1
1000ac7c:	f7fa f86a 	bl	10004d54 <__assert_func>
1000ac80:	1000b728 	.word	0x1000b728
1000ac84:	1000b770 	.word	0x1000b770

1000ac88 <__pow5mult>:
1000ac88:	b5f8      	push	{r3, r4, r5, r6, r7, lr}
1000ac8a:	2303      	movs	r3, #3
1000ac8c:	4647      	mov	r7, r8
1000ac8e:	0014      	movs	r4, r2
1000ac90:	46ce      	mov	lr, r9
1000ac92:	001a      	movs	r2, r3
1000ac94:	b580      	push	{r7, lr}
1000ac96:	000e      	movs	r6, r1
1000ac98:	0007      	movs	r7, r0
1000ac9a:	4022      	ands	r2, r4
1000ac9c:	4223      	tst	r3, r4
1000ac9e:	d134      	bne.n	1000ad0a <__pow5mult+0x82>
1000aca0:	10a4      	asrs	r4, r4, #2
1000aca2:	d023      	beq.n	1000acec <__pow5mult+0x64>
1000aca4:	6c3d      	ldr	r5, [r7, #64]	@ 0x40
1000aca6:	2d00      	cmp	r5, #0
1000aca8:	d038      	beq.n	1000ad1c <__pow5mult+0x94>
1000acaa:	2301      	movs	r3, #1
1000acac:	4698      	mov	r8, r3
1000acae:	2300      	movs	r3, #0
1000acb0:	4699      	mov	r9, r3
1000acb2:	4643      	mov	r3, r8
1000acb4:	4223      	tst	r3, r4
1000acb6:	d108      	bne.n	1000acca <__pow5mult+0x42>
1000acb8:	1064      	asrs	r4, r4, #1
1000acba:	d017      	beq.n	1000acec <__pow5mult+0x64>
1000acbc:	6828      	ldr	r0, [r5, #0]
1000acbe:	2800      	cmp	r0, #0
1000acc0:	d019      	beq.n	1000acf6 <__pow5mult+0x6e>
1000acc2:	0005      	movs	r5, r0
1000acc4:	4643      	mov	r3, r8
1000acc6:	4223      	tst	r3, r4
1000acc8:	d0f6      	beq.n	1000acb8 <__pow5mult+0x30>
1000acca:	002a      	movs	r2, r5
1000accc:	0031      	movs	r1, r6
1000acce:	0038      	movs	r0, r7
1000acd0:	f7ff ff04 	bl	1000aadc <__multiply>
1000acd4:	2e00      	cmp	r6, #0
1000acd6:	d006      	beq.n	1000ace6 <__pow5mult+0x5e>
1000acd8:	6872      	ldr	r2, [r6, #4]
1000acda:	6c7b      	ldr	r3, [r7, #68]	@ 0x44
1000acdc:	0092      	lsls	r2, r2, #2
1000acde:	189b      	adds	r3, r3, r2
1000ace0:	681a      	ldr	r2, [r3, #0]
1000ace2:	6032      	str	r2, [r6, #0]
1000ace4:	601e      	str	r6, [r3, #0]
1000ace6:	0006      	movs	r6, r0
1000ace8:	1064      	asrs	r4, r4, #1
1000acea:	d1e7      	bne.n	1000acbc <__pow5mult+0x34>
1000acec:	0030      	movs	r0, r6
1000acee:	bcc0      	pop	{r6, r7}
1000acf0:	46b9      	mov	r9, r7
1000acf2:	46b0      	mov	r8, r6
1000acf4:	bdf8      	pop	{r3, r4, r5, r6, r7, pc}
1000acf6:	002a      	movs	r2, r5
1000acf8:	0029      	movs	r1, r5
1000acfa:	0038      	movs	r0, r7
1000acfc:	f7ff feee 	bl	1000aadc <__multiply>
1000ad00:	464b      	mov	r3, r9
1000ad02:	6028      	str	r0, [r5, #0]
1000ad04:	0005      	movs	r5, r0
1000ad06:	6003      	str	r3, [r0, #0]
1000ad08:	e7dc      	b.n	1000acc4 <__pow5mult+0x3c>
1000ad0a:	4b0f      	ldr	r3, [pc, #60]	@ (1000ad48 <__pow5mult+0xc0>)
1000ad0c:	3a01      	subs	r2, #1
1000ad0e:	0092      	lsls	r2, r2, #2
1000ad10:	58d2      	ldr	r2, [r2, r3]
1000ad12:	2300      	movs	r3, #0
1000ad14:	f7ff fdb2 	bl	1000a87c <__multadd>
1000ad18:	0006      	movs	r6, r0
1000ad1a:	e7c1      	b.n	1000aca0 <__pow5mult+0x18>
1000ad1c:	2101      	movs	r1, #1
1000ad1e:	0038      	movs	r0, r7
1000ad20:	f7ff fd7a 	bl	1000a818 <_Balloc>
1000ad24:	1e05      	subs	r5, r0, #0
1000ad26:	d007      	beq.n	1000ad38 <__pow5mult+0xb0>
1000ad28:	4b08      	ldr	r3, [pc, #32]	@ (1000ad4c <__pow5mult+0xc4>)
1000ad2a:	6143      	str	r3, [r0, #20]
1000ad2c:	2301      	movs	r3, #1
1000ad2e:	6103      	str	r3, [r0, #16]
1000ad30:	2300      	movs	r3, #0
1000ad32:	6438      	str	r0, [r7, #64]	@ 0x40
1000ad34:	6003      	str	r3, [r0, #0]
1000ad36:	e7b8      	b.n	1000acaa <__pow5mult+0x22>
1000ad38:	2146      	movs	r1, #70	@ 0x46
1000ad3a:	2200      	movs	r2, #0
1000ad3c:	4b04      	ldr	r3, [pc, #16]	@ (1000ad50 <__pow5mult+0xc8>)
1000ad3e:	4805      	ldr	r0, [pc, #20]	@ (1000ad54 <__pow5mult+0xcc>)
1000ad40:	31ff      	adds	r1, #255	@ 0xff
1000ad42:	f7fa f807 	bl	10004d54 <__assert_func>
1000ad46:	46c0      	nop			@ (mov r8, r8)
1000ad48:	1000bf70 	.word	0x1000bf70
1000ad4c:	00000271 	.word	0x00000271
1000ad50:	1000b728 	.word	0x1000b728
1000ad54:	1000b770 	.word	0x1000b770

1000ad58 <__lshift>:
1000ad58:	b5f0      	push	{r4, r5, r6, r7, lr}
1000ad5a:	4645      	mov	r5, r8
1000ad5c:	46de      	mov	lr, fp
1000ad5e:	4657      	mov	r7, sl
1000ad60:	464e      	mov	r6, r9
1000ad62:	b5e0      	push	{r5, r6, r7, lr}
1000ad64:	000d      	movs	r5, r1
1000ad66:	692b      	ldr	r3, [r5, #16]
1000ad68:	1154      	asrs	r4, r2, #5
1000ad6a:	4698      	mov	r8, r3
1000ad6c:	44a0      	add	r8, r4
1000ad6e:	4643      	mov	r3, r8
1000ad70:	1c5e      	adds	r6, r3, #1
1000ad72:	68ab      	ldr	r3, [r5, #8]
1000ad74:	4683      	mov	fp, r0
1000ad76:	0017      	movs	r7, r2
1000ad78:	6849      	ldr	r1, [r1, #4]
1000ad7a:	b083      	sub	sp, #12
1000ad7c:	429e      	cmp	r6, r3
1000ad7e:	dd03      	ble.n	1000ad88 <__lshift+0x30>
1000ad80:	3101      	adds	r1, #1
1000ad82:	005b      	lsls	r3, r3, #1
1000ad84:	429e      	cmp	r6, r3
1000ad86:	dcfb      	bgt.n	1000ad80 <__lshift+0x28>
1000ad88:	4658      	mov	r0, fp
1000ad8a:	f7ff fd45 	bl	1000a818 <_Balloc>
1000ad8e:	4684      	mov	ip, r0
1000ad90:	2800      	cmp	r0, #0
1000ad92:	d053      	beq.n	1000ae3c <__lshift+0xe4>
1000ad94:	0001      	movs	r1, r0
1000ad96:	3114      	adds	r1, #20
1000ad98:	000b      	movs	r3, r1
1000ad9a:	9101      	str	r1, [sp, #4]
1000ad9c:	2c00      	cmp	r4, #0
1000ad9e:	dd0c      	ble.n	1000adba <__lshift+0x62>
1000ada0:	00a4      	lsls	r4, r4, #2
1000ada2:	0022      	movs	r2, r4
1000ada4:	2000      	movs	r0, #0
1000ada6:	3214      	adds	r2, #20
1000ada8:	4462      	add	r2, ip
1000adaa:	c301      	stmia	r3!, {r0}
1000adac:	4293      	cmp	r3, r2
1000adae:	d1fc      	bne.n	1000adaa <__lshift+0x52>
1000adb0:	9b01      	ldr	r3, [sp, #4]
1000adb2:	4699      	mov	r9, r3
1000adb4:	44a1      	add	r9, r4
1000adb6:	464b      	mov	r3, r9
1000adb8:	9301      	str	r3, [sp, #4]
1000adba:	221f      	movs	r2, #31
1000adbc:	002b      	movs	r3, r5
1000adbe:	0011      	movs	r1, r2
1000adc0:	692c      	ldr	r4, [r5, #16]
1000adc2:	3314      	adds	r3, #20
1000adc4:	00a4      	lsls	r4, r4, #2
1000adc6:	4039      	ands	r1, r7
1000adc8:	468a      	mov	sl, r1
1000adca:	191c      	adds	r4, r3, r4
1000adcc:	423a      	tst	r2, r7
1000adce:	d02f      	beq.n	1000ae30 <__lshift+0xd8>
1000add0:	3201      	adds	r2, #1
1000add2:	1a52      	subs	r2, r2, r1
1000add4:	4691      	mov	r9, r2
1000add6:	2700      	movs	r7, #0
1000add8:	9801      	ldr	r0, [sp, #4]
1000adda:	4651      	mov	r1, sl
1000addc:	681a      	ldr	r2, [r3, #0]
1000adde:	408a      	lsls	r2, r1
1000ade0:	433a      	orrs	r2, r7
1000ade2:	c004      	stmia	r0!, {r2}
1000ade4:	464a      	mov	r2, r9
1000ade6:	cb80      	ldmia	r3!, {r7}
1000ade8:	40d7      	lsrs	r7, r2
1000adea:	429c      	cmp	r4, r3
1000adec:	d8f5      	bhi.n	1000adda <__lshift+0x82>
1000adee:	002a      	movs	r2, r5
1000adf0:	3215      	adds	r2, #21
1000adf2:	2304      	movs	r3, #4
1000adf4:	4294      	cmp	r4, r2
1000adf6:	d304      	bcc.n	1000ae02 <__lshift+0xaa>
1000adf8:	1b63      	subs	r3, r4, r5
1000adfa:	3b15      	subs	r3, #21
1000adfc:	089b      	lsrs	r3, r3, #2
1000adfe:	3301      	adds	r3, #1
1000ae00:	009b      	lsls	r3, r3, #2
1000ae02:	9a01      	ldr	r2, [sp, #4]
1000ae04:	50d7      	str	r7, [r2, r3]
1000ae06:	2f00      	cmp	r7, #0
1000ae08:	d100      	bne.n	1000ae0c <__lshift+0xb4>
1000ae0a:	4646      	mov	r6, r8
1000ae0c:	4663      	mov	r3, ip
1000ae0e:	611e      	str	r6, [r3, #16]
1000ae10:	465b      	mov	r3, fp
1000ae12:	4660      	mov	r0, ip
1000ae14:	686a      	ldr	r2, [r5, #4]
1000ae16:	6c5b      	ldr	r3, [r3, #68]	@ 0x44
1000ae18:	0092      	lsls	r2, r2, #2
1000ae1a:	189b      	adds	r3, r3, r2
1000ae1c:	681a      	ldr	r2, [r3, #0]
1000ae1e:	602a      	str	r2, [r5, #0]
1000ae20:	601d      	str	r5, [r3, #0]
1000ae22:	b003      	add	sp, #12
1000ae24:	bcf0      	pop	{r4, r5, r6, r7}
1000ae26:	46bb      	mov	fp, r7
1000ae28:	46b2      	mov	sl, r6
1000ae2a:	46a9      	mov	r9, r5
1000ae2c:	46a0      	mov	r8, r4
1000ae2e:	bdf0      	pop	{r4, r5, r6, r7, pc}
1000ae30:	9901      	ldr	r1, [sp, #4]
1000ae32:	cb04      	ldmia	r3!, {r2}
1000ae34:	c104      	stmia	r1!, {r2}
1000ae36:	429c      	cmp	r4, r3
1000ae38:	d8fb      	bhi.n	1000ae32 <__lshift+0xda>
1000ae3a:	e7e6      	b.n	1000ae0a <__lshift+0xb2>
1000ae3c:	21ef      	movs	r1, #239	@ 0xef
1000ae3e:	2200      	movs	r2, #0
1000ae40:	4b02      	ldr	r3, [pc, #8]	@ (1000ae4c <__lshift+0xf4>)
1000ae42:	4803      	ldr	r0, [pc, #12]	@ (1000ae50 <__lshift+0xf8>)
1000ae44:	0049      	lsls	r1, r1, #1
1000ae46:	f7f9 ff85 	bl	10004d54 <__assert_func>
1000ae4a:	46c0      	nop			@ (mov r8, r8)
1000ae4c:	1000b728 	.word	0x1000b728
1000ae50:	1000b770 	.word	0x1000b770

1000ae54 <__mcmp>:
1000ae54:	6902      	ldr	r2, [r0, #16]
1000ae56:	690b      	ldr	r3, [r1, #16]
1000ae58:	b530      	push	{r4, r5, lr}
1000ae5a:	0005      	movs	r5, r0
1000ae5c:	1ad0      	subs	r0, r2, r3
1000ae5e:	429a      	cmp	r2, r3
1000ae60:	d114      	bne.n	1000ae8c <__mcmp+0x38>
1000ae62:	009b      	lsls	r3, r3, #2
1000ae64:	3514      	adds	r5, #20
1000ae66:	3114      	adds	r1, #20
1000ae68:	18ea      	adds	r2, r5, r3
1000ae6a:	18cb      	adds	r3, r1, r3
1000ae6c:	e001      	b.n	1000ae72 <__mcmp+0x1e>
1000ae6e:	4295      	cmp	r5, r2
1000ae70:	d20c      	bcs.n	1000ae8c <__mcmp+0x38>
1000ae72:	3a04      	subs	r2, #4
1000ae74:	3b04      	subs	r3, #4
1000ae76:	6814      	ldr	r4, [r2, #0]
1000ae78:	6819      	ldr	r1, [r3, #0]
1000ae7a:	428c      	cmp	r4, r1
1000ae7c:	d0f7      	beq.n	1000ae6e <__mcmp+0x1a>
1000ae7e:	2300      	movs	r3, #0
1000ae80:	428c      	cmp	r4, r1
1000ae82:	415b      	adcs	r3, r3
1000ae84:	2002      	movs	r0, #2
1000ae86:	425b      	negs	r3, r3
1000ae88:	4018      	ands	r0, r3
1000ae8a:	3801      	subs	r0, #1
1000ae8c:	bd30      	pop	{r4, r5, pc}
1000ae8e:	46c0      	nop			@ (mov r8, r8)

1000ae90 <__mdiff>:
1000ae90:	b5f0      	push	{r4, r5, r6, r7, lr}
1000ae92:	4645      	mov	r5, r8
1000ae94:	4690      	mov	r8, r2
1000ae96:	4657      	mov	r7, sl
1000ae98:	46de      	mov	lr, fp
1000ae9a:	464e      	mov	r6, r9
1000ae9c:	4643      	mov	r3, r8
1000ae9e:	b5e0      	push	{r5, r6, r7, lr}
1000aea0:	690a      	ldr	r2, [r1, #16]
1000aea2:	691b      	ldr	r3, [r3, #16]
1000aea4:	000f      	movs	r7, r1
1000aea6:	b083      	sub	sp, #12
1000aea8:	1ad1      	subs	r1, r2, r3
1000aeaa:	429a      	cmp	r2, r3
1000aeac:	d000      	beq.n	1000aeb0 <__mdiff+0x20>
1000aeae:	e098      	b.n	1000afe2 <__mdiff+0x152>
1000aeb0:	003d      	movs	r5, r7
1000aeb2:	4642      	mov	r2, r8
1000aeb4:	0099      	lsls	r1, r3, #2
1000aeb6:	3514      	adds	r5, #20
1000aeb8:	3214      	adds	r2, #20
1000aeba:	186b      	adds	r3, r5, r1
1000aebc:	1852      	adds	r2, r2, r1
1000aebe:	e002      	b.n	1000aec6 <__mdiff+0x36>
1000aec0:	429d      	cmp	r5, r3
1000aec2:	d300      	bcc.n	1000aec6 <__mdiff+0x36>
1000aec4:	e095      	b.n	1000aff2 <__mdiff+0x162>
1000aec6:	3b04      	subs	r3, #4
1000aec8:	3a04      	subs	r2, #4
1000aeca:	681c      	ldr	r4, [r3, #0]
1000aecc:	6811      	ldr	r1, [r2, #0]
1000aece:	428c      	cmp	r4, r1
1000aed0:	d0f6      	beq.n	1000aec0 <__mdiff+0x30>
1000aed2:	2501      	movs	r5, #1
1000aed4:	428c      	cmp	r4, r1
1000aed6:	d303      	bcc.n	1000aee0 <__mdiff+0x50>
1000aed8:	4643      	mov	r3, r8
1000aeda:	2500      	movs	r5, #0
1000aedc:	46b8      	mov	r8, r7
1000aede:	001f      	movs	r7, r3
1000aee0:	4643      	mov	r3, r8
1000aee2:	6859      	ldr	r1, [r3, #4]
1000aee4:	f7ff fc98 	bl	1000a818 <_Balloc>
1000aee8:	4684      	mov	ip, r0
1000aeea:	2800      	cmp	r0, #0
1000aeec:	d100      	bne.n	1000aef0 <__mdiff+0x60>
1000aeee:	e094      	b.n	1000b01a <__mdiff+0x18a>
1000aef0:	2214      	movs	r2, #20
1000aef2:	4442      	add	r2, r8
1000aef4:	4691      	mov	r9, r2
1000aef6:	2214      	movs	r2, #20
1000aef8:	4643      	mov	r3, r8
1000aefa:	0039      	movs	r1, r7
1000aefc:	4462      	add	r2, ip
1000aefe:	4692      	mov	sl, r2
1000af00:	2200      	movs	r2, #0
1000af02:	60c5      	str	r5, [r0, #12]
1000af04:	6938      	ldr	r0, [r7, #16]
1000af06:	691b      	ldr	r3, [r3, #16]
1000af08:	3114      	adds	r1, #20
1000af0a:	0080      	lsls	r0, r0, #2
1000af0c:	464d      	mov	r5, r9
1000af0e:	1808      	adds	r0, r1, r0
1000af10:	009c      	lsls	r4, r3, #2
1000af12:	444c      	add	r4, r9
1000af14:	46bb      	mov	fp, r7
1000af16:	2614      	movs	r6, #20
1000af18:	0007      	movs	r7, r0
1000af1a:	4699      	mov	r9, r3
1000af1c:	0010      	movs	r0, r2
1000af1e:	000a      	movs	r2, r1
1000af20:	9500      	str	r5, [sp, #0]
1000af22:	9401      	str	r4, [sp, #4]
1000af24:	4643      	mov	r3, r8
1000af26:	ca02      	ldmia	r2!, {r1}
1000af28:	599d      	ldr	r5, [r3, r6]
1000af2a:	040b      	lsls	r3, r1, #16
1000af2c:	042c      	lsls	r4, r5, #16
1000af2e:	0c1b      	lsrs	r3, r3, #16
1000af30:	0c24      	lsrs	r4, r4, #16
1000af32:	1ae4      	subs	r4, r4, r3
1000af34:	4663      	mov	r3, ip
1000af36:	1824      	adds	r4, r4, r0
1000af38:	0c09      	lsrs	r1, r1, #16
1000af3a:	0c2d      	lsrs	r5, r5, #16
1000af3c:	1a6d      	subs	r5, r5, r1
1000af3e:	1421      	asrs	r1, r4, #16
1000af40:	1869      	adds	r1, r5, r1
1000af42:	0424      	lsls	r4, r4, #16
1000af44:	1408      	asrs	r0, r1, #16
1000af46:	0c24      	lsrs	r4, r4, #16
1000af48:	0409      	lsls	r1, r1, #16
1000af4a:	430c      	orrs	r4, r1
1000af4c:	519c      	str	r4, [r3, r6]
1000af4e:	3604      	adds	r6, #4
1000af50:	4297      	cmp	r7, r2
1000af52:	d8e7      	bhi.n	1000af24 <__mdiff+0x94>
1000af54:	0002      	movs	r2, r0
1000af56:	0038      	movs	r0, r7
1000af58:	465f      	mov	r7, fp
1000af5a:	9900      	ldr	r1, [sp, #0]
1000af5c:	464b      	mov	r3, r9
1000af5e:	4689      	mov	r9, r1
1000af60:	0039      	movs	r1, r7
1000af62:	2600      	movs	r6, #0
1000af64:	3115      	adds	r1, #21
1000af66:	4288      	cmp	r0, r1
1000af68:	4176      	adcs	r6, r6
1000af6a:	1bc0      	subs	r0, r0, r7
1000af6c:	3815      	subs	r0, #21
1000af6e:	0880      	lsrs	r0, r0, #2
1000af70:	0025      	movs	r5, r4
1000af72:	4683      	mov	fp, r0
1000af74:	2704      	movs	r7, #4
1000af76:	9c01      	ldr	r4, [sp, #4]
1000af78:	b2f1      	uxtb	r1, r6
1000af7a:	2e00      	cmp	r6, #0
1000af7c:	d136      	bne.n	1000afec <__mdiff+0x15c>
1000af7e:	4648      	mov	r0, r9
1000af80:	19c0      	adds	r0, r0, r7
1000af82:	4457      	add	r7, sl
1000af84:	46b8      	mov	r8, r7
1000af86:	003e      	movs	r6, r7
1000af88:	4699      	mov	r9, r3
1000af8a:	0007      	movs	r7, r0
1000af8c:	4284      	cmp	r4, r0
1000af8e:	d93b      	bls.n	1000b008 <__mdiff+0x178>
1000af90:	0013      	movs	r3, r2
1000af92:	cf20      	ldmia	r7!, {r5}
1000af94:	0429      	lsls	r1, r5, #16
1000af96:	0c09      	lsrs	r1, r1, #16
1000af98:	1889      	adds	r1, r1, r2
1000af9a:	1409      	asrs	r1, r1, #16
1000af9c:	0c2a      	lsrs	r2, r5, #16
1000af9e:	18ed      	adds	r5, r5, r3
1000afa0:	1889      	adds	r1, r1, r2
1000afa2:	042d      	lsls	r5, r5, #16
1000afa4:	140a      	asrs	r2, r1, #16
1000afa6:	0c2d      	lsrs	r5, r5, #16
1000afa8:	0409      	lsls	r1, r1, #16
1000afaa:	430d      	orrs	r5, r1
1000afac:	c620      	stmia	r6!, {r5}
1000afae:	42bc      	cmp	r4, r7
1000afb0:	d8ee      	bhi.n	1000af90 <__mdiff+0x100>
1000afb2:	3c01      	subs	r4, #1
1000afb4:	1a22      	subs	r2, r4, r0
1000afb6:	0892      	lsrs	r2, r2, #2
1000afb8:	0092      	lsls	r2, r2, #2
1000afba:	4442      	add	r2, r8
1000afbc:	464b      	mov	r3, r9
1000afbe:	0016      	movs	r6, r2
1000afc0:	2d00      	cmp	r5, #0
1000afc2:	d104      	bne.n	1000afce <__mdiff+0x13e>
1000afc4:	3e04      	subs	r6, #4
1000afc6:	6832      	ldr	r2, [r6, #0]
1000afc8:	3b01      	subs	r3, #1
1000afca:	2a00      	cmp	r2, #0
1000afcc:	d0fa      	beq.n	1000afc4 <__mdiff+0x134>
1000afce:	4662      	mov	r2, ip
1000afd0:	6113      	str	r3, [r2, #16]
1000afd2:	4660      	mov	r0, ip
1000afd4:	b003      	add	sp, #12
1000afd6:	bcf0      	pop	{r4, r5, r6, r7}
1000afd8:	46bb      	mov	fp, r7
1000afda:	46b2      	mov	sl, r6
1000afdc:	46a9      	mov	r9, r5
1000afde:	46a0      	mov	r8, r4
1000afe0:	bdf0      	pop	{r4, r5, r6, r7, pc}
1000afe2:	2501      	movs	r5, #1
1000afe4:	2900      	cmp	r1, #0
1000afe6:	db00      	blt.n	1000afea <__mdiff+0x15a>
1000afe8:	e776      	b.n	1000aed8 <__mdiff+0x48>
1000afea:	e779      	b.n	1000aee0 <__mdiff+0x50>
1000afec:	1c47      	adds	r7, r0, #1
1000afee:	00bf      	lsls	r7, r7, #2
1000aff0:	e7c5      	b.n	1000af7e <__mdiff+0xee>
1000aff2:	2100      	movs	r1, #0
1000aff4:	f7ff fc10 	bl	1000a818 <_Balloc>
1000aff8:	4684      	mov	ip, r0
1000affa:	2800      	cmp	r0, #0
1000affc:	d013      	beq.n	1000b026 <__mdiff+0x196>
1000affe:	2301      	movs	r3, #1
1000b000:	6103      	str	r3, [r0, #16]
1000b002:	2300      	movs	r3, #0
1000b004:	6143      	str	r3, [r0, #20]
1000b006:	e7e4      	b.n	1000afd2 <__mdiff+0x142>
1000b008:	2600      	movs	r6, #0
1000b00a:	2900      	cmp	r1, #0
1000b00c:	d101      	bne.n	1000b012 <__mdiff+0x182>
1000b00e:	4456      	add	r6, sl
1000b010:	e7d6      	b.n	1000afc0 <__mdiff+0x130>
1000b012:	465a      	mov	r2, fp
1000b014:	0096      	lsls	r6, r2, #2
1000b016:	4456      	add	r6, sl
1000b018:	e7d2      	b.n	1000afc0 <__mdiff+0x130>
1000b01a:	2200      	movs	r2, #0
1000b01c:	4b05      	ldr	r3, [pc, #20]	@ (1000b034 <__mdiff+0x1a4>)
1000b01e:	4806      	ldr	r0, [pc, #24]	@ (1000b038 <__mdiff+0x1a8>)
1000b020:	4906      	ldr	r1, [pc, #24]	@ (1000b03c <__mdiff+0x1ac>)
1000b022:	f7f9 fe97 	bl	10004d54 <__assert_func>
1000b026:	2200      	movs	r2, #0
1000b028:	4b02      	ldr	r3, [pc, #8]	@ (1000b034 <__mdiff+0x1a4>)
1000b02a:	4803      	ldr	r0, [pc, #12]	@ (1000b038 <__mdiff+0x1a8>)
1000b02c:	4904      	ldr	r1, [pc, #16]	@ (1000b040 <__mdiff+0x1b0>)
1000b02e:	f7f9 fe91 	bl	10004d54 <__assert_func>
1000b032:	46c0      	nop			@ (mov r8, r8)
1000b034:	1000b728 	.word	0x1000b728
1000b038:	1000b770 	.word	0x1000b770
1000b03c:	00000245 	.word	0x00000245
1000b040:	00000237 	.word	0x00000237

1000b044 <__ulp>:
1000b044:	4a0d      	ldr	r2, [pc, #52]	@ (1000b07c <__ulp+0x38>)
1000b046:	4b0e      	ldr	r3, [pc, #56]	@ (1000b080 <__ulp+0x3c>)
1000b048:	4694      	mov	ip, r2
1000b04a:	400b      	ands	r3, r1
1000b04c:	4463      	add	r3, ip
1000b04e:	2200      	movs	r2, #0
1000b050:	2b00      	cmp	r3, #0
1000b052:	dd02      	ble.n	1000b05a <__ulp+0x16>
1000b054:	0019      	movs	r1, r3
1000b056:	0010      	movs	r0, r2
1000b058:	4770      	bx	lr
1000b05a:	425b      	negs	r3, r3
1000b05c:	1519      	asrs	r1, r3, #20
1000b05e:	2913      	cmp	r1, #19
1000b060:	dc03      	bgt.n	1000b06a <__ulp+0x26>
1000b062:	2380      	movs	r3, #128	@ 0x80
1000b064:	031b      	lsls	r3, r3, #12
1000b066:	410b      	asrs	r3, r1
1000b068:	e7f4      	b.n	1000b054 <__ulp+0x10>
1000b06a:	3914      	subs	r1, #20
1000b06c:	2201      	movs	r2, #1
1000b06e:	291e      	cmp	r1, #30
1000b070:	dc02      	bgt.n	1000b078 <__ulp+0x34>
1000b072:	2280      	movs	r2, #128	@ 0x80
1000b074:	0612      	lsls	r2, r2, #24
1000b076:	40ca      	lsrs	r2, r1
1000b078:	2300      	movs	r3, #0
1000b07a:	e7eb      	b.n	1000b054 <__ulp+0x10>
1000b07c:	fcc00000 	.word	0xfcc00000
1000b080:	7ff00000 	.word	0x7ff00000

1000b084 <__b2d>:
1000b084:	b5f8      	push	{r3, r4, r5, r6, r7, lr}
1000b086:	0006      	movs	r6, r0
1000b088:	4647      	mov	r7, r8
1000b08a:	46ce      	mov	lr, r9
1000b08c:	6904      	ldr	r4, [r0, #16]
1000b08e:	3614      	adds	r6, #20
1000b090:	00a4      	lsls	r4, r4, #2
1000b092:	1934      	adds	r4, r6, r4
1000b094:	1f23      	subs	r3, r4, #4
1000b096:	681d      	ldr	r5, [r3, #0]
1000b098:	b580      	push	{r7, lr}
1000b09a:	0028      	movs	r0, r5
1000b09c:	000f      	movs	r7, r1
1000b09e:	4698      	mov	r8, r3
1000b0a0:	f7ff fc98 	bl	1000a9d4 <__hi0bits>
1000b0a4:	2220      	movs	r2, #32
1000b0a6:	1a11      	subs	r1, r2, r0
1000b0a8:	0003      	movs	r3, r0
1000b0aa:	6039      	str	r1, [r7, #0]
1000b0ac:	280a      	cmp	r0, #10
1000b0ae:	dd2e      	ble.n	1000b10e <__b2d+0x8a>
1000b0b0:	0007      	movs	r7, r0
1000b0b2:	3f0b      	subs	r7, #11
1000b0b4:	4546      	cmp	r6, r8
1000b0b6:	d219      	bcs.n	1000b0ec <__b2d+0x68>
1000b0b8:	2308      	movs	r3, #8
1000b0ba:	425b      	negs	r3, r3
1000b0bc:	469c      	mov	ip, r3
1000b0be:	44a4      	add	ip, r4
1000b0c0:	4663      	mov	r3, ip
1000b0c2:	681b      	ldr	r3, [r3, #0]
1000b0c4:	2f00      	cmp	r7, #0
1000b0c6:	d01a      	beq.n	1000b0fe <__b2d+0x7a>
1000b0c8:	0019      	movs	r1, r3
1000b0ca:	1bd2      	subs	r2, r2, r7
1000b0cc:	40d1      	lsrs	r1, r2
1000b0ce:	40bd      	lsls	r5, r7
1000b0d0:	4691      	mov	r9, r2
1000b0d2:	4a19      	ldr	r2, [pc, #100]	@ (1000b138 <__b2d+0xb4>)
1000b0d4:	430d      	orrs	r5, r1
1000b0d6:	432a      	orrs	r2, r5
1000b0d8:	0011      	movs	r1, r2
1000b0da:	40bb      	lsls	r3, r7
1000b0dc:	4566      	cmp	r6, ip
1000b0de:	d211      	bcs.n	1000b104 <__b2d+0x80>
1000b0e0:	464a      	mov	r2, r9
1000b0e2:	3c0c      	subs	r4, #12
1000b0e4:	6824      	ldr	r4, [r4, #0]
1000b0e6:	40d4      	lsrs	r4, r2
1000b0e8:	4323      	orrs	r3, r4
1000b0ea:	e00b      	b.n	1000b104 <__b2d+0x80>
1000b0ec:	280b      	cmp	r0, #11
1000b0ee:	d005      	beq.n	1000b0fc <__b2d+0x78>
1000b0f0:	40bd      	lsls	r5, r7
1000b0f2:	4b11      	ldr	r3, [pc, #68]	@ (1000b138 <__b2d+0xb4>)
1000b0f4:	432b      	orrs	r3, r5
1000b0f6:	0019      	movs	r1, r3
1000b0f8:	2300      	movs	r3, #0
1000b0fa:	e003      	b.n	1000b104 <__b2d+0x80>
1000b0fc:	2300      	movs	r3, #0
1000b0fe:	4a0e      	ldr	r2, [pc, #56]	@ (1000b138 <__b2d+0xb4>)
1000b100:	432a      	orrs	r2, r5
1000b102:	0011      	movs	r1, r2
1000b104:	0018      	movs	r0, r3
1000b106:	bcc0      	pop	{r6, r7}
1000b108:	46b9      	mov	r9, r7
1000b10a:	46b0      	mov	r8, r6
1000b10c:	bdf8      	pop	{r3, r4, r5, r6, r7, pc}
1000b10e:	002f      	movs	r7, r5
1000b110:	3a15      	subs	r2, #21
1000b112:	1a12      	subs	r2, r2, r0
1000b114:	40d7      	lsrs	r7, r2
1000b116:	4691      	mov	r9, r2
1000b118:	4a07      	ldr	r2, [pc, #28]	@ (1000b138 <__b2d+0xb4>)
1000b11a:	433a      	orrs	r2, r7
1000b11c:	0011      	movs	r1, r2
1000b11e:	2700      	movs	r7, #0
1000b120:	4546      	cmp	r6, r8
1000b122:	d203      	bcs.n	1000b12c <__b2d+0xa8>
1000b124:	464a      	mov	r2, r9
1000b126:	3c08      	subs	r4, #8
1000b128:	6827      	ldr	r7, [r4, #0]
1000b12a:	40d7      	lsrs	r7, r2
1000b12c:	3315      	adds	r3, #21
1000b12e:	409d      	lsls	r5, r3
1000b130:	002b      	movs	r3, r5
1000b132:	433b      	orrs	r3, r7
1000b134:	e7e6      	b.n	1000b104 <__b2d+0x80>
1000b136:	46c0      	nop			@ (mov r8, r8)
1000b138:	3ff00000 	.word	0x3ff00000

1000b13c <__d2b>:
1000b13c:	b5f0      	push	{r4, r5, r6, r7, lr}
1000b13e:	2101      	movs	r1, #1
1000b140:	b083      	sub	sp, #12
1000b142:	0014      	movs	r4, r2
1000b144:	001d      	movs	r5, r3
1000b146:	f7ff fb67 	bl	1000a818 <_Balloc>
1000b14a:	1e06      	subs	r6, r0, #0
1000b14c:	d04a      	beq.n	1000b1e4 <__d2b+0xa8>
1000b14e:	032b      	lsls	r3, r5, #12
1000b150:	006f      	lsls	r7, r5, #1
1000b152:	0b1b      	lsrs	r3, r3, #12
1000b154:	0d7f      	lsrs	r7, r7, #21
1000b156:	d002      	beq.n	1000b15e <__d2b+0x22>
1000b158:	2280      	movs	r2, #128	@ 0x80
1000b15a:	0352      	lsls	r2, r2, #13
1000b15c:	4313      	orrs	r3, r2
1000b15e:	9301      	str	r3, [sp, #4]
1000b160:	2c00      	cmp	r4, #0
1000b162:	d116      	bne.n	1000b192 <__d2b+0x56>
1000b164:	a801      	add	r0, sp, #4
1000b166:	f7ff fc5b 	bl	1000aa20 <__lo0bits>
1000b16a:	2401      	movs	r4, #1
1000b16c:	9b01      	ldr	r3, [sp, #4]
1000b16e:	3020      	adds	r0, #32
1000b170:	6173      	str	r3, [r6, #20]
1000b172:	6134      	str	r4, [r6, #16]
1000b174:	2f00      	cmp	r7, #0
1000b176:	d024      	beq.n	1000b1c2 <__d2b+0x86>
1000b178:	4b1d      	ldr	r3, [pc, #116]	@ (1000b1f0 <__d2b+0xb4>)
1000b17a:	2435      	movs	r4, #53	@ 0x35
1000b17c:	469c      	mov	ip, r3
1000b17e:	9b08      	ldr	r3, [sp, #32]
1000b180:	4467      	add	r7, ip
1000b182:	183f      	adds	r7, r7, r0
1000b184:	601f      	str	r7, [r3, #0]
1000b186:	1a24      	subs	r4, r4, r0
1000b188:	0030      	movs	r0, r6
1000b18a:	9b09      	ldr	r3, [sp, #36]	@ 0x24
1000b18c:	601c      	str	r4, [r3, #0]
1000b18e:	b003      	add	sp, #12
1000b190:	bdf0      	pop	{r4, r5, r6, r7, pc}
1000b192:	4668      	mov	r0, sp
1000b194:	9400      	str	r4, [sp, #0]
1000b196:	f7ff fc43 	bl	1000aa20 <__lo0bits>
1000b19a:	9c01      	ldr	r4, [sp, #4]
1000b19c:	2800      	cmp	r0, #0
1000b19e:	d01f      	beq.n	1000b1e0 <__d2b+0xa4>
1000b1a0:	2320      	movs	r3, #32
1000b1a2:	0022      	movs	r2, r4
1000b1a4:	1a1b      	subs	r3, r3, r0
1000b1a6:	409a      	lsls	r2, r3
1000b1a8:	40c4      	lsrs	r4, r0
1000b1aa:	0013      	movs	r3, r2
1000b1ac:	9a00      	ldr	r2, [sp, #0]
1000b1ae:	9401      	str	r4, [sp, #4]
1000b1b0:	4313      	orrs	r3, r2
1000b1b2:	6173      	str	r3, [r6, #20]
1000b1b4:	61b4      	str	r4, [r6, #24]
1000b1b6:	1e63      	subs	r3, r4, #1
1000b1b8:	419c      	sbcs	r4, r3
1000b1ba:	3401      	adds	r4, #1
1000b1bc:	6134      	str	r4, [r6, #16]
1000b1be:	2f00      	cmp	r7, #0
1000b1c0:	d1da      	bne.n	1000b178 <__d2b+0x3c>
1000b1c2:	4b0c      	ldr	r3, [pc, #48]	@ (1000b1f4 <__d2b+0xb8>)
1000b1c4:	469c      	mov	ip, r3
1000b1c6:	9b08      	ldr	r3, [sp, #32]
1000b1c8:	4460      	add	r0, ip
1000b1ca:	6018      	str	r0, [r3, #0]
1000b1cc:	4b0a      	ldr	r3, [pc, #40]	@ (1000b1f8 <__d2b+0xbc>)
1000b1ce:	18e3      	adds	r3, r4, r3
1000b1d0:	009b      	lsls	r3, r3, #2
1000b1d2:	18f3      	adds	r3, r6, r3
1000b1d4:	6958      	ldr	r0, [r3, #20]
1000b1d6:	f7ff fbfd 	bl	1000a9d4 <__hi0bits>
1000b1da:	0164      	lsls	r4, r4, #5
1000b1dc:	1a24      	subs	r4, r4, r0
1000b1de:	e7d3      	b.n	1000b188 <__d2b+0x4c>
1000b1e0:	9b00      	ldr	r3, [sp, #0]
1000b1e2:	e7e6      	b.n	1000b1b2 <__d2b+0x76>
1000b1e4:	2200      	movs	r2, #0
1000b1e6:	4b05      	ldr	r3, [pc, #20]	@ (1000b1fc <__d2b+0xc0>)
1000b1e8:	4805      	ldr	r0, [pc, #20]	@ (1000b200 <__d2b+0xc4>)
1000b1ea:	4906      	ldr	r1, [pc, #24]	@ (1000b204 <__d2b+0xc8>)
1000b1ec:	f7f9 fdb2 	bl	10004d54 <__assert_func>
1000b1f0:	fffffbcd 	.word	0xfffffbcd
1000b1f4:	fffffbce 	.word	0xfffffbce
1000b1f8:	3fffffff 	.word	0x3fffffff
1000b1fc:	1000b728 	.word	0x1000b728
1000b200:	1000b770 	.word	0x1000b770
1000b204:	0000030f 	.word	0x0000030f

1000b208 <__ratio>:
1000b208:	b5f0      	push	{r4, r5, r6, r7, lr}
1000b20a:	46ce      	mov	lr, r9
1000b20c:	4647      	mov	r7, r8
1000b20e:	b580      	push	{r7, lr}
1000b210:	b085      	sub	sp, #20
1000b212:	4688      	mov	r8, r1
1000b214:	a902      	add	r1, sp, #8
1000b216:	4681      	mov	r9, r0
1000b218:	f7ff ff34 	bl	1000b084 <__b2d>
1000b21c:	0004      	movs	r4, r0
1000b21e:	000d      	movs	r5, r1
1000b220:	4640      	mov	r0, r8
1000b222:	a903      	add	r1, sp, #12
1000b224:	f7ff ff2e 	bl	1000b084 <__b2d>
1000b228:	0002      	movs	r2, r0
1000b22a:	000b      	movs	r3, r1
1000b22c:	4640      	mov	r0, r8
1000b22e:	4649      	mov	r1, r9
1000b230:	6900      	ldr	r0, [r0, #16]
1000b232:	6909      	ldr	r1, [r1, #16]
1000b234:	9200      	str	r2, [sp, #0]
1000b236:	9301      	str	r3, [sp, #4]
1000b238:	1a09      	subs	r1, r1, r0
1000b23a:	0149      	lsls	r1, r1, #5
1000b23c:	4688      	mov	r8, r1
1000b23e:	9802      	ldr	r0, [sp, #8]
1000b240:	9903      	ldr	r1, [sp, #12]
1000b242:	1a40      	subs	r0, r0, r1
1000b244:	0001      	movs	r1, r0
1000b246:	4441      	add	r1, r8
1000b248:	2900      	cmp	r1, #0
1000b24a:	dd0b      	ble.n	1000b264 <__ratio+0x5c>
1000b24c:	0509      	lsls	r1, r1, #20
1000b24e:	194f      	adds	r7, r1, r5
1000b250:	003d      	movs	r5, r7
1000b252:	0020      	movs	r0, r4
1000b254:	0029      	movs	r1, r5
1000b256:	f7f7 fb9c 	bl	10002992 <__wrap___aeabi_ddiv>
1000b25a:	b005      	add	sp, #20
1000b25c:	bcc0      	pop	{r6, r7}
1000b25e:	46b9      	mov	r9, r7
1000b260:	46b0      	mov	r8, r6
1000b262:	bdf0      	pop	{r4, r5, r6, r7, pc}
1000b264:	0509      	lsls	r1, r1, #20
1000b266:	1a5b      	subs	r3, r3, r1
1000b268:	9301      	str	r3, [sp, #4]
1000b26a:	9a00      	ldr	r2, [sp, #0]
1000b26c:	9b01      	ldr	r3, [sp, #4]
1000b26e:	e7f0      	b.n	1000b252 <__ratio+0x4a>

1000b270 <_mprec_log10>:
1000b270:	b510      	push	{r4, lr}
1000b272:	0004      	movs	r4, r0
1000b274:	2817      	cmp	r0, #23
1000b276:	dd09      	ble.n	1000b28c <_mprec_log10+0x1c>
1000b278:	2000      	movs	r0, #0
1000b27a:	4907      	ldr	r1, [pc, #28]	@ (1000b298 <_mprec_log10+0x28>)
1000b27c:	2200      	movs	r2, #0
1000b27e:	4b07      	ldr	r3, [pc, #28]	@ (1000b29c <_mprec_log10+0x2c>)
1000b280:	3c01      	subs	r4, #1
1000b282:	f7f7 fba4 	bl	100029ce <__wrap___aeabi_dmul>
1000b286:	2c00      	cmp	r4, #0
1000b288:	d1f8      	bne.n	1000b27c <_mprec_log10+0xc>
1000b28a:	bd10      	pop	{r4, pc}
1000b28c:	4b04      	ldr	r3, [pc, #16]	@ (1000b2a0 <_mprec_log10+0x30>)
1000b28e:	00c4      	lsls	r4, r0, #3
1000b290:	191b      	adds	r3, r3, r4
1000b292:	6818      	ldr	r0, [r3, #0]
1000b294:	6859      	ldr	r1, [r3, #4]
1000b296:	e7f8      	b.n	1000b28a <_mprec_log10+0x1a>
1000b298:	3ff00000 	.word	0x3ff00000
1000b29c:	40240000 	.word	0x40240000
1000b2a0:	1000bfd0 	.word	0x1000bfd0

1000b2a4 <__copybits>:
1000b2a4:	0013      	movs	r3, r2
1000b2a6:	3901      	subs	r1, #1
1000b2a8:	b570      	push	{r4, r5, r6, lr}
1000b2aa:	114c      	asrs	r4, r1, #5
1000b2ac:	6911      	ldr	r1, [r2, #16]
1000b2ae:	3401      	adds	r4, #1
1000b2b0:	3314      	adds	r3, #20
1000b2b2:	0089      	lsls	r1, r1, #2
1000b2b4:	00a4      	lsls	r4, r4, #2
1000b2b6:	1859      	adds	r1, r3, r1
1000b2b8:	1904      	adds	r4, r0, r4
1000b2ba:	428b      	cmp	r3, r1
1000b2bc:	d20a      	bcs.n	1000b2d4 <__copybits+0x30>
1000b2be:	0005      	movs	r5, r0
1000b2c0:	cb40      	ldmia	r3!, {r6}
1000b2c2:	c540      	stmia	r5!, {r6}
1000b2c4:	4299      	cmp	r1, r3
1000b2c6:	d8fb      	bhi.n	1000b2c0 <__copybits+0x1c>
1000b2c8:	1a8b      	subs	r3, r1, r2
1000b2ca:	3b15      	subs	r3, #21
1000b2cc:	089b      	lsrs	r3, r3, #2
1000b2ce:	3301      	adds	r3, #1
1000b2d0:	009b      	lsls	r3, r3, #2
1000b2d2:	18c0      	adds	r0, r0, r3
1000b2d4:	4284      	cmp	r4, r0
1000b2d6:	d903      	bls.n	1000b2e0 <__copybits+0x3c>
1000b2d8:	2300      	movs	r3, #0
1000b2da:	c008      	stmia	r0!, {r3}
1000b2dc:	4284      	cmp	r4, r0
1000b2de:	d8fc      	bhi.n	1000b2da <__copybits+0x36>
1000b2e0:	bd70      	pop	{r4, r5, r6, pc}
1000b2e2:	46c0      	nop			@ (mov r8, r8)

1000b2e4 <__any_on>:
1000b2e4:	b510      	push	{r4, lr}
1000b2e6:	0004      	movs	r4, r0
1000b2e8:	6902      	ldr	r2, [r0, #16]
1000b2ea:	3414      	adds	r4, #20
1000b2ec:	1148      	asrs	r0, r1, #5
1000b2ee:	4282      	cmp	r2, r0
1000b2f0:	da0a      	bge.n	1000b308 <__any_on+0x24>
1000b2f2:	0092      	lsls	r2, r2, #2
1000b2f4:	18a3      	adds	r3, r4, r2
1000b2f6:	e003      	b.n	1000b300 <__any_on+0x1c>
1000b2f8:	3b04      	subs	r3, #4
1000b2fa:	681a      	ldr	r2, [r3, #0]
1000b2fc:	2a00      	cmp	r2, #0
1000b2fe:	d114      	bne.n	1000b32a <__any_on+0x46>
1000b300:	42a3      	cmp	r3, r4
1000b302:	d8f9      	bhi.n	1000b2f8 <__any_on+0x14>
1000b304:	2000      	movs	r0, #0
1000b306:	bd10      	pop	{r4, pc}
1000b308:	0083      	lsls	r3, r0, #2
1000b30a:	18e3      	adds	r3, r4, r3
1000b30c:	4282      	cmp	r2, r0
1000b30e:	ddf7      	ble.n	1000b300 <__any_on+0x1c>
1000b310:	221f      	movs	r2, #31
1000b312:	0010      	movs	r0, r2
1000b314:	4008      	ands	r0, r1
1000b316:	420a      	tst	r2, r1
1000b318:	d0f2      	beq.n	1000b300 <__any_on+0x1c>
1000b31a:	6819      	ldr	r1, [r3, #0]
1000b31c:	000a      	movs	r2, r1
1000b31e:	40c2      	lsrs	r2, r0
1000b320:	4082      	lsls	r2, r0
1000b322:	2001      	movs	r0, #1
1000b324:	4291      	cmp	r1, r2
1000b326:	d1ee      	bne.n	1000b306 <__any_on+0x22>
1000b328:	e7ea      	b.n	1000b300 <__any_on+0x1c>
1000b32a:	2001      	movs	r0, #1
1000b32c:	e7eb      	b.n	1000b306 <__any_on+0x22>
1000b32e:	46c0      	nop			@ (mov r8, r8)

1000b330 <__register_exitproc>:
1000b330:	b5f0      	push	{r4, r5, r6, r7, lr}
1000b332:	46c6      	mov	lr, r8
1000b334:	4c1a      	ldr	r4, [pc, #104]	@ (1000b3a0 <__register_exitproc+0x70>)
1000b336:	b500      	push	{lr}
1000b338:	6825      	ldr	r5, [r4, #0]
1000b33a:	2d00      	cmp	r5, #0
1000b33c:	d02a      	beq.n	1000b394 <__register_exitproc+0x64>
1000b33e:	686c      	ldr	r4, [r5, #4]
1000b340:	2c1f      	cmp	r4, #31
1000b342:	dc2a      	bgt.n	1000b39a <__register_exitproc+0x6a>
1000b344:	2800      	cmp	r0, #0
1000b346:	d108      	bne.n	1000b35a <__register_exitproc+0x2a>
1000b348:	2000      	movs	r0, #0
1000b34a:	1c63      	adds	r3, r4, #1
1000b34c:	3402      	adds	r4, #2
1000b34e:	00a4      	lsls	r4, r4, #2
1000b350:	606b      	str	r3, [r5, #4]
1000b352:	5161      	str	r1, [r4, r5]
1000b354:	bc80      	pop	{r7}
1000b356:	46b8      	mov	r8, r7
1000b358:	bdf0      	pop	{r4, r5, r6, r7, pc}
1000b35a:	2788      	movs	r7, #136	@ 0x88
1000b35c:	00a6      	lsls	r6, r4, #2
1000b35e:	19ae      	adds	r6, r5, r6
1000b360:	51f2      	str	r2, [r6, r7]
1000b362:	3701      	adds	r7, #1
1000b364:	37ff      	adds	r7, #255	@ 0xff
1000b366:	46bc      	mov	ip, r7
1000b368:	2201      	movs	r2, #1
1000b36a:	44ac      	add	ip, r5
1000b36c:	4667      	mov	r7, ip
1000b36e:	40a2      	lsls	r2, r4
1000b370:	683f      	ldr	r7, [r7, #0]
1000b372:	4690      	mov	r8, r2
1000b374:	4317      	orrs	r7, r2
1000b376:	4662      	mov	r2, ip
1000b378:	6017      	str	r7, [r2, #0]
1000b37a:	2784      	movs	r7, #132	@ 0x84
1000b37c:	007f      	lsls	r7, r7, #1
1000b37e:	51f3      	str	r3, [r6, r7]
1000b380:	2802      	cmp	r0, #2
1000b382:	d1e1      	bne.n	1000b348 <__register_exitproc+0x18>
1000b384:	0028      	movs	r0, r5
1000b386:	4642      	mov	r2, r8
1000b388:	308d      	adds	r0, #141	@ 0x8d
1000b38a:	30ff      	adds	r0, #255	@ 0xff
1000b38c:	6803      	ldr	r3, [r0, #0]
1000b38e:	4313      	orrs	r3, r2
1000b390:	6003      	str	r3, [r0, #0]
1000b392:	e7d9      	b.n	1000b348 <__register_exitproc+0x18>
1000b394:	4d03      	ldr	r5, [pc, #12]	@ (1000b3a4 <__register_exitproc+0x74>)
1000b396:	6025      	str	r5, [r4, #0]
1000b398:	e7d1      	b.n	1000b33e <__register_exitproc+0xe>
1000b39a:	2001      	movs	r0, #1
1000b39c:	4240      	negs	r0, r0
1000b39e:	e7d9      	b.n	1000b354 <__register_exitproc+0x24>
1000b3a0:	20001d7c 	.word	0x20001d7c
1000b3a4:	20001bec 	.word	0x20001bec

1000b3a8 <register_fini>:
1000b3a8:	4b03      	ldr	r3, [pc, #12]	@ (1000b3b8 <register_fini+0x10>)
1000b3aa:	b510      	push	{r4, lr}
1000b3ac:	2b00      	cmp	r3, #0
1000b3ae:	d002      	beq.n	1000b3b6 <register_fini+0xe>
1000b3b0:	4802      	ldr	r0, [pc, #8]	@ (1000b3bc <register_fini+0x14>)
1000b3b2:	f7ff f8af 	bl	1000a514 <atexit>
1000b3b6:	bd10      	pop	{r4, pc}
1000b3b8:	00000000 	.word	0x00000000
1000b3bc:	1000a7d5 	.word	0x1000a7d5

1000b3c0 <_fini>:
1000b3c0:	b5f8      	push	{r3, r4, r5, r6, r7, lr}
1000b3c2:	46c0      	nop			@ (mov r8, r8)
1000b3c4:	0000      	movs	r0, r0
	...

1000b3c8 <__reset_non_control_endpoints_veneer>:
1000b3c8:	b401      	push	{r0}
1000b3ca:	4802      	ldr	r0, [pc, #8]	@ (1000b3d4 <__reset_non_control_endpoints_veneer+0xc>)
1000b3cc:	4684      	mov	ip, r0
1000b3ce:	bc01      	pop	{r0}
1000b3d0:	4760      	bx	ip
1000b3d2:	bf00      	nop
1000b3d4:	20000389 	.word	0x20000389

1000b3d8 <__flash_do_cmd_veneer>:
1000b3d8:	b401      	push	{r0}
1000b3da:	4802      	ldr	r0, [pc, #8]	@ (1000b3e4 <__flash_do_cmd_veneer+0xc>)
1000b3dc:	4684      	mov	ip, r0
1000b3de:	bc01      	pop	{r0}
1000b3e0:	4760      	bx	ip
1000b3e2:	bf00      	nop
1000b3e4:	200002c9 	.word	0x200002c9

1000b3e8 <__mutex_exit_veneer>:
1000b3e8:	b401      	push	{r0}
1000b3ea:	4802      	ldr	r0, [pc, #8]	@ (1000b3f4 <__mutex_exit_veneer+0xc>)
1000b3ec:	4684      	mov	ip, r0
1000b3ee:	bc01      	pop	{r0}
1000b3f0:	4760      	bx	ip
1000b3f2:	bf00      	nop
1000b3f4:	2000022d 	.word	0x2000022d

1000b3f8 <____aeabi_ldiv0_veneer>:
1000b3f8:	b401      	push	{r0}
1000b3fa:	4802      	ldr	r0, [pc, #8]	@ (1000b404 <____aeabi_ldiv0_veneer+0xc>)
1000b3fc:	4684      	mov	ip, r0
1000b3fe:	bc01      	pop	{r0}
1000b400:	4760      	bx	ip
1000b402:	bf00      	nop
1000b404:	20000ecd 	.word	0x20000ecd

1000b408 <____aeabi_idiv0_veneer>:
1000b408:	b401      	push	{r0}
1000b40a:	4802      	ldr	r0, [pc, #8]	@ (1000b414 <____aeabi_idiv0_veneer+0xc>)
1000b40c:	4684      	mov	ip, r0
1000b40e:	bc01      	pop	{r0}
1000b410:	4760      	bx	ip
1000b412:	bf00      	nop
1000b414:	20000ecd 	.word	0x20000ecd

1000b418 <__mutex_try_enter_veneer>:
1000b418:	b401      	push	{r0}
1000b41a:	4802      	ldr	r0, [pc, #8]	@ (1000b424 <__mutex_try_enter_veneer+0xc>)
1000b41c:	4684      	mov	ip, r0
1000b41e:	bc01      	pop	{r0}
1000b420:	4760      	bx	ip
1000b422:	bf00      	nop
1000b424:	200000c1 	.word	0x200000c1

1000b428 <__mutex_enter_timeout_ms_veneer>:
1000b428:	b401      	push	{r0}
1000b42a:	4802      	ldr	r0, [pc, #8]	@ (1000b434 <__mutex_enter_timeout_ms_veneer+0xc>)
1000b42c:	4684      	mov	ip, r0
1000b42e:	bc01      	pop	{r0}
1000b430:	4760      	bx	ip
1000b432:	bf00      	nop
1000b434:	2000019d 	.word	0x2000019d

1000b438 <__mutex_try_enter_block_until_veneer>:
1000b438:	b401      	push	{r0}
1000b43a:	4802      	ldr	r0, [pc, #8]	@ (1000b444 <__mutex_try_enter_block_until_veneer+0xc>)
1000b43c:	4684      	mov	ip, r0
1000b43e:	bc01      	pop	{r0}
1000b440:	4760      	bx	ip
1000b442:	bf00      	nop
1000b444:	20000101 	.word	0x20000101

1000b448 <__hw_endpoint_start_next_buffer_veneer>:
1000b448:	b401      	push	{r0}
1000b44a:	4802      	ldr	r0, [pc, #8]	@ (1000b454 <__hw_endpoint_start_next_buffer_veneer+0xc>)
1000b44c:	4684      	mov	ip, r0
1000b44e:	bc01      	pop	{r0}
1000b450:	4760      	bx	ip
1000b452:	bf00      	nop
1000b454:	20000c3d 	.word	0x20000c3d

1000b458 <__e15_is_critical_frame_period_veneer>:
1000b458:	b401      	push	{r0}
1000b45a:	4802      	ldr	r0, [pc, #8]	@ (1000b464 <__e15_is_critical_frame_period_veneer+0xc>)
1000b45c:	4684      	mov	ip, r0
1000b45e:	bc01      	pop	{r0}
1000b460:	4760      	bx	ip
1000b462:	bf00      	nop
1000b464:	20000bad 	.word	0x20000bad

1000b468 <___hw_endpoint_buffer_control_update32_veneer>:
1000b468:	b401      	push	{r0}
1000b46a:	4802      	ldr	r0, [pc, #8]	@ (1000b474 <___hw_endpoint_buffer_control_update32_veneer+0xc>)
1000b46c:	4684      	mov	ip, r0
1000b46e:	bc01      	pop	{r0}
1000b470:	4760      	bx	ip
1000b472:	bf00      	nop
1000b474:	20000bed 	.word	0x20000bed

1000b478 <__e15_is_bulkin_ep_veneer>:
1000b478:	b401      	push	{r0}
1000b47a:	4802      	ldr	r0, [pc, #8]	@ (1000b484 <__e15_is_bulkin_ep_veneer+0xc>)
1000b47c:	4684      	mov	ip, r0
1000b47e:	bc01      	pop	{r0}
1000b480:	4760      	bx	ip
1000b482:	bf00      	nop
1000b484:	20000b85 	.word	0x20000b85

1000b488 <__pre_init_runtime_init_early_resets>:
1000b488:	10002321                                !#..

1000b48c <__pre_init_runtime_init_usb_power_down>:
1000b48c:	1000234d 10002499 10003541 10002bd5     M#...$..A5...+..
1000b49c:	10003455                                U4..

1000b4a0 <__pre_init_runtime_init_clocks>:
1000b4a0:	100023c1                                .#..

1000b4a4 <__pre_init_runtime_init_post_clock_resets>:
1000b4a4:	10002369                                i#..

1000b4a8 <__pre_init_runtime_init_rp2040_gpio_ie_disable>:
1000b4a8:	10002389                                .#..

1000b4ac <__pre_init_runtime_init_spin_locks_reset>:
1000b4ac:	1000239d                                .#..

1000b4b0 <__pre_init_runtime_init_mutex>:
1000b4b0:	100013e9                                ....

1000b4b4 <__pre_init_runtime_init_install_ram_vector_table>:
1000b4b4:	100023a5                                .#..

1000b4b8 <__pre_init_runtime_init_default_alarm_pool>:
1000b4b8:	100017b1                                ....

1000b4bc <__pre_init_first_per_core_initializer>:
1000b4bc:	100022e9                                ."..

1000b4c0 <__pre_init_runtime_init_per_core_irq_priorities>:
1000b4c0:	1000101d                                ....

1000b4c4 <__init_array_start>:
1000b4c4:	1000b3a9 	.word	0x1000b3a9

1000b4c8 <__frame_dummy_init_array_entry>:
1000b4c8:	100002fd 10005809 10007c51              .....X..Q|..

Disassembly of section .data:

200000c0 <mutex_try_enter>:
200000c0:	0003      	movs	r3, r0
200000c2:	6800      	ldr	r0, [r0, #0]
200000c4:	f3ef 8c10 	mrs	ip, PRIMASK
200000c8:	b672      	cpsid	i
200000ca:	6802      	ldr	r2, [r0, #0]
200000cc:	2a00      	cmp	r2, #0
200000ce:	d0fc      	beq.n	200000ca <mutex_try_enter+0xa>
200000d0:	f3bf 8f5f 	dmb	sy
200000d4:	2204      	movs	r2, #4
200000d6:	569a      	ldrsb	r2, [r3, r2]
200000d8:	2a00      	cmp	r2, #0
200000da:	db04      	blt.n	200000e6 <mutex_try_enter+0x26>
200000dc:	2900      	cmp	r1, #0
200000de:	d000      	beq.n	200000e2 <mutex_try_enter+0x22>
200000e0:	600a      	str	r2, [r1, #0]
200000e2:	2000      	movs	r0, #0
200000e4:	e004      	b.n	200000f0 <mutex_try_enter+0x30>
200000e6:	22d0      	movs	r2, #208	@ 0xd0
200000e8:	2001      	movs	r0, #1
200000ea:	0612      	lsls	r2, r2, #24
200000ec:	6812      	ldr	r2, [r2, #0]
200000ee:	711a      	strb	r2, [r3, #4]
200000f0:	681b      	ldr	r3, [r3, #0]
200000f2:	f3bf 8f5f 	dmb	sy
200000f6:	2200      	movs	r2, #0
200000f8:	601a      	str	r2, [r3, #0]
200000fa:	f38c 8810 	msr	PRIMASK, ip
200000fe:	4770      	bx	lr

20000100 <mutex_try_enter_block_until>:
20000100:	b5f0      	push	{r4, r5, r6, r7, lr}
20000102:	46c6      	mov	lr, r8
20000104:	0015      	movs	r5, r2
20000106:	b500      	push	{lr}
20000108:	0004      	movs	r4, r0
2000010a:	001e      	movs	r6, r3
2000010c:	6802      	ldr	r2, [r0, #0]
2000010e:	f3ef 8110 	mrs	r1, PRIMASK
20000112:	b672      	cpsid	i
20000114:	6813      	ldr	r3, [r2, #0]
20000116:	2b00      	cmp	r3, #0
20000118:	d0fc      	beq.n	20000114 <mutex_try_enter_block_until+0x14>
2000011a:	f3bf 8f5f 	dmb	sy
2000011e:	2304      	movs	r3, #4
20000120:	56e3      	ldrsb	r3, [r4, r3]
20000122:	2b00      	cmp	r3, #0
20000124:	db2d      	blt.n	20000182 <mutex_try_enter_block_until+0x82>
20000126:	6822      	ldr	r2, [r4, #0]
20000128:	f3bf 8f5f 	dmb	sy
2000012c:	2000      	movs	r0, #0
2000012e:	6010      	str	r0, [r2, #0]
20000130:	f381 8810 	msr	PRIMASK, r1
20000134:	22d0      	movs	r2, #208	@ 0xd0
20000136:	0612      	lsls	r2, r2, #24
20000138:	7812      	ldrb	r2, [r2, #0]
2000013a:	b252      	sxtb	r2, r2
2000013c:	4690      	mov	r8, r2
2000013e:	429a      	cmp	r2, r3
20000140:	d103      	bne.n	2000014a <mutex_try_enter_block_until+0x4a>
20000142:	2000      	movs	r0, #0
20000144:	bc80      	pop	{r7}
20000146:	46b8      	mov	r8, r7
20000148:	bdf0      	pop	{r4, r5, r6, r7, pc}
2000014a:	2700      	movs	r7, #0
2000014c:	e00b      	b.n	20000166 <mutex_try_enter_block_until+0x66>
2000014e:	6823      	ldr	r3, [r4, #0]
20000150:	f3bf 8f5f 	dmb	sy
20000154:	601f      	str	r7, [r3, #0]
20000156:	f381 8810 	msr	PRIMASK, r1
2000015a:	0028      	movs	r0, r5
2000015c:	0031      	movs	r1, r6
2000015e:	f000 feef 	bl	20000f40 <__best_effort_wfe_or_timeout_veneer>
20000162:	2800      	cmp	r0, #0
20000164:	d1ed      	bne.n	20000142 <mutex_try_enter_block_until+0x42>
20000166:	6822      	ldr	r2, [r4, #0]
20000168:	f3ef 8110 	mrs	r1, PRIMASK
2000016c:	b672      	cpsid	i
2000016e:	6813      	ldr	r3, [r2, #0]
20000170:	2b00      	cmp	r3, #0
20000172:	d0fc      	beq.n	2000016e <mutex_try_enter_block_until+0x6e>
20000174:	f3bf 8f5f 	dmb	sy
20000178:	7923      	ldrb	r3, [r4, #4]
2000017a:	2b7f      	cmp	r3, #127	@ 0x7f
2000017c:	d9e7      	bls.n	2000014e <mutex_try_enter_block_until+0x4e>
2000017e:	4643      	mov	r3, r8
20000180:	e002      	b.n	20000188 <mutex_try_enter_block_until+0x88>
20000182:	23d0      	movs	r3, #208	@ 0xd0
20000184:	061b      	lsls	r3, r3, #24
20000186:	681b      	ldr	r3, [r3, #0]
20000188:	7123      	strb	r3, [r4, #4]
2000018a:	6823      	ldr	r3, [r4, #0]
2000018c:	f3bf 8f5f 	dmb	sy
20000190:	2200      	movs	r2, #0
20000192:	601a      	str	r2, [r3, #0]
20000194:	f381 8810 	msr	PRIMASK, r1
20000198:	2001      	movs	r0, #1
2000019a:	e7d3      	b.n	20000144 <mutex_try_enter_block_until+0x44>

2000019c <mutex_enter_timeout_ms>:
2000019c:	b5f0      	push	{r4, r5, r6, r7, lr}
2000019e:	46c6      	mov	lr, r8
200001a0:	b500      	push	{lr}
200001a2:	000d      	movs	r5, r1
200001a4:	0004      	movs	r4, r0
200001a6:	f000 feab 	bl	20000f00 <__time_us_64_veneer>
200001aa:	22fa      	movs	r2, #250	@ 0xfa
200001ac:	0006      	movs	r6, r0
200001ae:	000f      	movs	r7, r1
200001b0:	2300      	movs	r3, #0
200001b2:	0028      	movs	r0, r5
200001b4:	2100      	movs	r1, #0
200001b6:	0092      	lsls	r2, r2, #2
200001b8:	f000 feaa 	bl	20000f10 <____wrap___aeabi_lmul_veneer>
200001bc:	2380      	movs	r3, #128	@ 0x80
200001be:	1836      	adds	r6, r6, r0
200001c0:	414f      	adcs	r7, r1
200001c2:	061b      	lsls	r3, r3, #24
200001c4:	429f      	cmp	r7, r3
200001c6:	d302      	bcc.n	200001ce <mutex_enter_timeout_ms+0x32>
200001c8:	2601      	movs	r6, #1
200001ca:	4f17      	ldr	r7, [pc, #92]	@ (20000228 <mutex_enter_timeout_ms+0x8c>)
200001cc:	4276      	negs	r6, r6
200001ce:	23d0      	movs	r3, #208	@ 0xd0
200001d0:	061b      	lsls	r3, r3, #24
200001d2:	681b      	ldr	r3, [r3, #0]
200001d4:	2500      	movs	r5, #0
200001d6:	4698      	mov	r8, r3
200001d8:	e00b      	b.n	200001f2 <mutex_enter_timeout_ms+0x56>
200001da:	6823      	ldr	r3, [r4, #0]
200001dc:	f3bf 8f5f 	dmb	sy
200001e0:	601d      	str	r5, [r3, #0]
200001e2:	f381 8810 	msr	PRIMASK, r1
200001e6:	0030      	movs	r0, r6
200001e8:	0039      	movs	r1, r7
200001ea:	f000 fea9 	bl	20000f40 <__best_effort_wfe_or_timeout_veneer>
200001ee:	2800      	cmp	r0, #0
200001f0:	d118      	bne.n	20000224 <mutex_enter_timeout_ms+0x88>
200001f2:	6822      	ldr	r2, [r4, #0]
200001f4:	f3ef 8110 	mrs	r1, PRIMASK
200001f8:	b672      	cpsid	i
200001fa:	6813      	ldr	r3, [r2, #0]
200001fc:	2b00      	cmp	r3, #0
200001fe:	d0fc      	beq.n	200001fa <mutex_enter_timeout_ms+0x5e>
20000200:	f3bf 8f5f 	dmb	sy
20000204:	7923      	ldrb	r3, [r4, #4]
20000206:	2b7f      	cmp	r3, #127	@ 0x7f
20000208:	d9e7      	bls.n	200001da <mutex_enter_timeout_ms+0x3e>
2000020a:	4643      	mov	r3, r8
2000020c:	7123      	strb	r3, [r4, #4]
2000020e:	6823      	ldr	r3, [r4, #0]
20000210:	f3bf 8f5f 	dmb	sy
20000214:	2200      	movs	r2, #0
20000216:	601a      	str	r2, [r3, #0]
20000218:	f381 8810 	msr	PRIMASK, r1
2000021c:	2001      	movs	r0, #1
2000021e:	bc80      	pop	{r7}
20000220:	46b8      	mov	r8, r7
20000222:	bdf0      	pop	{r4, r5, r6, r7, pc}
20000224:	2000      	movs	r0, #0
20000226:	e7fa      	b.n	2000021e <mutex_enter_timeout_ms+0x82>
20000228:	7fffffff 	.word	0x7fffffff

2000022c <mutex_exit>:
2000022c:	6802      	ldr	r2, [r0, #0]
2000022e:	f3ef 8110 	mrs	r1, PRIMASK
20000232:	b672      	cpsid	i
20000234:	6813      	ldr	r3, [r2, #0]
20000236:	2b00      	cmp	r3, #0
20000238:	d0fc      	beq.n	20000234 <mutex_exit+0x8>
2000023a:	f3bf 8f5f 	dmb	sy
2000023e:	23ff      	movs	r3, #255	@ 0xff
20000240:	7103      	strb	r3, [r0, #4]
20000242:	6803      	ldr	r3, [r0, #0]
20000244:	f3bf 8f5f 	dmb	sy
20000248:	2200      	movs	r2, #0
2000024a:	601a      	str	r2, [r3, #0]
2000024c:	f381 8810 	msr	PRIMASK, r1
20000250:	bf40      	sev
20000252:	4770      	bx	lr

20000254 <flash_init_boot2_copyout>:
20000254:	b510      	push	{r4, lr}
20000256:	4c08      	ldr	r4, [pc, #32]	@ (20000278 <flash_init_boot2_copyout+0x24>)
20000258:	7823      	ldrb	r3, [r4, #0]
2000025a:	2b00      	cmp	r3, #0
2000025c:	d10a      	bne.n	20000274 <flash_init_boot2_copyout+0x20>
2000025e:	2380      	movs	r3, #128	@ 0x80
20000260:	4806      	ldr	r0, [pc, #24]	@ (2000027c <flash_init_boot2_copyout+0x28>)
20000262:	4907      	ldr	r1, [pc, #28]	@ (20000280 <flash_init_boot2_copyout+0x2c>)
20000264:	055b      	lsls	r3, r3, #21
20000266:	681a      	ldr	r2, [r3, #0]
20000268:	50c2      	str	r2, [r0, r3]
2000026a:	3304      	adds	r3, #4
2000026c:	428b      	cmp	r3, r1
2000026e:	d1fa      	bne.n	20000266 <flash_init_boot2_copyout+0x12>
20000270:	2301      	movs	r3, #1
20000272:	7023      	strb	r3, [r4, #0]
20000274:	bd10      	pop	{r4, pc}
20000276:	46c0      	nop			@ (mov r8, r8)
20000278:	20002cf0 	.word	0x20002cf0
2000027c:	10002328 	.word	0x10002328
20000280:	10000100 	.word	0x10000100

20000284 <flash_enable_xip_via_boot2>:
20000284:	b510      	push	{r4, lr}
20000286:	4b01      	ldr	r3, [pc, #4]	@ (2000028c <flash_enable_xip_via_boot2+0x8>)
20000288:	4798      	blx	r3
2000028a:	bd10      	pop	{r4, pc}
2000028c:	20002329 	.word	0x20002329

20000290 <flash_cs_force.constprop.0>:
20000290:	4b03      	ldr	r3, [pc, #12]	@ (200002a0 <flash_cs_force.constprop.0+0x10>)
20000292:	681a      	ldr	r2, [r3, #0]
20000294:	23c0      	movs	r3, #192	@ 0xc0
20000296:	009b      	lsls	r3, r3, #2
20000298:	4393      	bics	r3, r2
2000029a:	4a02      	ldr	r2, [pc, #8]	@ (200002a4 <flash_cs_force.constprop.0+0x14>)
2000029c:	6013      	str	r3, [r2, #0]
2000029e:	4770      	bx	lr
200002a0:	4001800c 	.word	0x4001800c
200002a4:	4001900c 	.word	0x4001900c

200002a8 <flash_cs_force.constprop.1>:
200002a8:	4b05      	ldr	r3, [pc, #20]	@ (200002c0 <flash_cs_force.constprop.1+0x18>)
200002aa:	681a      	ldr	r2, [r3, #0]
200002ac:	2380      	movs	r3, #128	@ 0x80
200002ae:	009b      	lsls	r3, r3, #2
200002b0:	4053      	eors	r3, r2
200002b2:	22c0      	movs	r2, #192	@ 0xc0
200002b4:	0092      	lsls	r2, r2, #2
200002b6:	4013      	ands	r3, r2
200002b8:	4a02      	ldr	r2, [pc, #8]	@ (200002c4 <flash_cs_force.constprop.1+0x1c>)
200002ba:	6013      	str	r3, [r2, #0]
200002bc:	4770      	bx	lr
200002be:	46c0      	nop			@ (mov r8, r8)
200002c0:	4001800c 	.word	0x4001800c
200002c4:	4001900c 	.word	0x4001900c

200002c8 <flash_do_cmd>:
200002c8:	2314      	movs	r3, #20
200002ca:	b5f0      	push	{r4, r5, r6, r7, lr}
200002cc:	46d6      	mov	lr, sl
200002ce:	464f      	mov	r7, r9
200002d0:	4646      	mov	r6, r8
200002d2:	469a      	mov	sl, r3
200002d4:	4681      	mov	r9, r0
200002d6:	8818      	ldrh	r0, [r3, #0]
200002d8:	3304      	adds	r3, #4
200002da:	b5c0      	push	{r6, r7, lr}
200002dc:	4698      	mov	r8, r3
200002de:	000e      	movs	r6, r1
200002e0:	881b      	ldrh	r3, [r3, #0]
200002e2:	4926      	ldr	r1, [pc, #152]	@ (2000037c <flash_do_cmd+0xb4>)
200002e4:	0014      	movs	r4, r2
200002e6:	4798      	blx	r3
200002e8:	4653      	mov	r3, sl
200002ea:	0007      	movs	r7, r0
200002ec:	8818      	ldrh	r0, [r3, #0]
200002ee:	4643      	mov	r3, r8
200002f0:	4923      	ldr	r1, [pc, #140]	@ (20000380 <flash_do_cmd+0xb8>)
200002f2:	881b      	ldrh	r3, [r3, #0]
200002f4:	4798      	blx	r3
200002f6:	4653      	mov	r3, sl
200002f8:	0005      	movs	r5, r0
200002fa:	8818      	ldrh	r0, [r3, #0]
200002fc:	4643      	mov	r3, r8
200002fe:	4921      	ldr	r1, [pc, #132]	@ (20000384 <flash_do_cmd+0xbc>)
20000300:	881b      	ldrh	r3, [r3, #0]
20000302:	4798      	blx	r3
20000304:	4680      	mov	r8, r0
20000306:	f7ff ffa5 	bl	20000254 <flash_init_boot2_copyout>
2000030a:	47b8      	blx	r7
2000030c:	47a8      	blx	r5
2000030e:	f7ff ffcb 	bl	200002a8 <flash_cs_force.constprop.1>
20000312:	1e22      	subs	r2, r4, #0
20000314:	d020      	beq.n	20000358 <flash_do_cmd+0x90>
20000316:	21c0      	movs	r1, #192	@ 0xc0
20000318:	2708      	movs	r7, #8
2000031a:	2002      	movs	r0, #2
2000031c:	0549      	lsls	r1, r1, #21
2000031e:	e011      	b.n	20000344 <flash_do_cmd+0x7c>
20000320:	2c00      	cmp	r4, #0
20000322:	d014      	beq.n	2000034e <flash_do_cmd+0x86>
20000324:	1b13      	subs	r3, r2, r4
20000326:	2b0d      	cmp	r3, #13
20000328:	d920      	bls.n	2000036c <flash_do_cmd+0xa4>
2000032a:	2d00      	cmp	r5, #0
2000032c:	d00a      	beq.n	20000344 <flash_do_cmd+0x7c>
2000032e:	0023      	movs	r3, r4
20000330:	2a00      	cmp	r2, #0
20000332:	d005      	beq.n	20000340 <flash_do_cmd+0x78>
20000334:	6e0b      	ldr	r3, [r1, #96]	@ 0x60
20000336:	3a01      	subs	r2, #1
20000338:	7033      	strb	r3, [r6, #0]
2000033a:	0013      	movs	r3, r2
2000033c:	3601      	adds	r6, #1
2000033e:	4323      	orrs	r3, r4
20000340:	2b00      	cmp	r3, #0
20000342:	d009      	beq.n	20000358 <flash_do_cmd+0x90>
20000344:	003d      	movs	r5, r7
20000346:	6a8b      	ldr	r3, [r1, #40]	@ 0x28
20000348:	401d      	ands	r5, r3
2000034a:	4218      	tst	r0, r3
2000034c:	d1e8      	bne.n	20000320 <flash_do_cmd+0x58>
2000034e:	2d00      	cmp	r5, #0
20000350:	d1ed      	bne.n	2000032e <flash_do_cmd+0x66>
20000352:	0023      	movs	r3, r4
20000354:	4313      	orrs	r3, r2
20000356:	d1f5      	bne.n	20000344 <flash_do_cmd+0x7c>
20000358:	f7ff ff9a 	bl	20000290 <flash_cs_force.constprop.0>
2000035c:	47c0      	blx	r8
2000035e:	f7ff ff91 	bl	20000284 <flash_enable_xip_via_boot2>
20000362:	bce0      	pop	{r5, r6, r7}
20000364:	46ba      	mov	sl, r7
20000366:	46b1      	mov	r9, r6
20000368:	46a8      	mov	r8, r5
2000036a:	bdf0      	pop	{r4, r5, r6, r7, pc}
2000036c:	464b      	mov	r3, r9
2000036e:	781b      	ldrb	r3, [r3, #0]
20000370:	3c01      	subs	r4, #1
20000372:	660b      	str	r3, [r1, #96]	@ 0x60
20000374:	2301      	movs	r3, #1
20000376:	469c      	mov	ip, r3
20000378:	44e1      	add	r9, ip
2000037a:	e7e8      	b.n	2000034e <flash_do_cmd+0x86>
2000037c:	00004649 	.word	0x00004649
20000380:	00005845 	.word	0x00005845
20000384:	00004346 	.word	0x00004346

20000388 <reset_non_control_endpoints>:
20000388:	2200      	movs	r2, #0
2000038a:	4b15      	ldr	r3, [pc, #84]	@ (200003e0 <reset_non_control_endpoints+0x58>)
2000038c:	b510      	push	{r4, lr}
2000038e:	609a      	str	r2, [r3, #8]
20000390:	60da      	str	r2, [r3, #12]
20000392:	611a      	str	r2, [r3, #16]
20000394:	615a      	str	r2, [r3, #20]
20000396:	619a      	str	r2, [r3, #24]
20000398:	61da      	str	r2, [r3, #28]
2000039a:	621a      	str	r2, [r3, #32]
2000039c:	625a      	str	r2, [r3, #36]	@ 0x24
2000039e:	629a      	str	r2, [r3, #40]	@ 0x28
200003a0:	62da      	str	r2, [r3, #44]	@ 0x2c
200003a2:	631a      	str	r2, [r3, #48]	@ 0x30
200003a4:	635a      	str	r2, [r3, #52]	@ 0x34
200003a6:	639a      	str	r2, [r3, #56]	@ 0x38
200003a8:	63da      	str	r2, [r3, #60]	@ 0x3c
200003aa:	641a      	str	r2, [r3, #64]	@ 0x40
200003ac:	645a      	str	r2, [r3, #68]	@ 0x44
200003ae:	649a      	str	r2, [r3, #72]	@ 0x48
200003b0:	64da      	str	r2, [r3, #76]	@ 0x4c
200003b2:	651a      	str	r2, [r3, #80]	@ 0x50
200003b4:	655a      	str	r2, [r3, #84]	@ 0x54
200003b6:	659a      	str	r2, [r3, #88]	@ 0x58
200003b8:	65da      	str	r2, [r3, #92]	@ 0x5c
200003ba:	661a      	str	r2, [r3, #96]	@ 0x60
200003bc:	665a      	str	r2, [r3, #100]	@ 0x64
200003be:	669a      	str	r2, [r3, #104]	@ 0x68
200003c0:	66da      	str	r2, [r3, #108]	@ 0x6c
200003c2:	671a      	str	r2, [r3, #112]	@ 0x70
200003c4:	675a      	str	r2, [r3, #116]	@ 0x74
200003c6:	679a      	str	r2, [r3, #120]	@ 0x78
200003c8:	67da      	str	r2, [r3, #124]	@ 0x7c
200003ca:	32f0      	adds	r2, #240	@ 0xf0
200003cc:	0092      	lsls	r2, r2, #2
200003ce:	2100      	movs	r1, #0
200003d0:	4804      	ldr	r0, [pc, #16]	@ (200003e4 <reset_non_control_endpoints+0x5c>)
200003d2:	f000 fda5 	bl	20000f20 <____wrap_memset_veneer>
200003d6:	4b04      	ldr	r3, [pc, #16]	@ (200003e8 <reset_non_control_endpoints+0x60>)
200003d8:	4a04      	ldr	r2, [pc, #16]	@ (200003ec <reset_non_control_endpoints+0x64>)
200003da:	601a      	str	r2, [r3, #0]
200003dc:	bd10      	pop	{r4, pc}
200003de:	46c0      	nop			@ (mov r8, r8)
200003e0:	50100000 	.word	0x50100000
200003e4:	200028dc 	.word	0x200028dc
200003e8:	20002ca4 	.word	0x20002ca4
200003ec:	50100180 	.word	0x50100180

200003f0 <hw_handle_buff_status>:
200003f0:	b5f0      	push	{r4, r5, r6, r7, lr}
200003f2:	464e      	mov	r6, r9
200003f4:	4645      	mov	r5, r8
200003f6:	46de      	mov	lr, fp
200003f8:	4657      	mov	r7, sl
200003fa:	b5e0      	push	{r5, r6, r7, lr}
200003fc:	4b21      	ldr	r3, [pc, #132]	@ (20000484 <hw_handle_buff_status+0x94>)
200003fe:	2400      	movs	r4, #0
20000400:	6d9e      	ldr	r6, [r3, #88]	@ 0x58
20000402:	2501      	movs	r5, #1
20000404:	b085      	sub	sp, #20
20000406:	2e00      	cmp	r6, #0
20000408:	d022      	beq.n	20000450 <hw_handle_buff_status+0x60>
2000040a:	4b1f      	ldr	r3, [pc, #124]	@ (20000488 <hw_handle_buff_status+0x98>)
2000040c:	469a      	mov	sl, r3
2000040e:	2301      	movs	r3, #1
20000410:	4699      	mov	r9, r3
20000412:	4b1e      	ldr	r3, [pc, #120]	@ (2000048c <hw_handle_buff_status+0x9c>)
20000414:	4698      	mov	r8, r3
20000416:	e001      	b.n	2000041c <hw_handle_buff_status+0x2c>
20000418:	2c20      	cmp	r4, #32
2000041a:	d019      	beq.n	20000450 <hw_handle_buff_status+0x60>
2000041c:	002a      	movs	r2, r5
2000041e:	0023      	movs	r3, r4
20000420:	3401      	adds	r4, #1
20000422:	002f      	movs	r7, r5
20000424:	4032      	ands	r2, r6
20000426:	b2e4      	uxtb	r4, r4
20000428:	006d      	lsls	r5, r5, #1
2000042a:	2a00      	cmp	r2, #0
2000042c:	d0f4      	beq.n	20000418 <hw_handle_buff_status+0x28>
2000042e:	4652      	mov	r2, sl
20000430:	6597      	str	r7, [r2, #88]	@ 0x58
20000432:	464a      	mov	r2, r9
20000434:	085b      	lsrs	r3, r3, #1
20000436:	005b      	lsls	r3, r3, #1
20000438:	4022      	ands	r2, r4
2000043a:	189b      	adds	r3, r3, r2
2000043c:	015b      	lsls	r3, r3, #5
2000043e:	4443      	add	r3, r8
20000440:	0018      	movs	r0, r3
20000442:	469b      	mov	fp, r3
20000444:	f000 fc30 	bl	20000ca8 <hw_endpoint_xfer_continue>
20000448:	2800      	cmp	r0, #0
2000044a:	d108      	bne.n	2000045e <hw_handle_buff_status+0x6e>
2000044c:	43be      	bics	r6, r7
2000044e:	d1e3      	bne.n	20000418 <hw_handle_buff_status+0x28>
20000450:	b005      	add	sp, #20
20000452:	bcf0      	pop	{r4, r5, r6, r7}
20000454:	46bb      	mov	fp, r7
20000456:	46b2      	mov	sl, r6
20000458:	46a9      	mov	r9, r5
2000045a:	46a0      	mov	r8, r4
2000045c:	bdf0      	pop	{r4, r5, r6, r7, pc}
2000045e:	465b      	mov	r3, fp
20000460:	21e0      	movs	r1, #224	@ 0xe0
20000462:	789a      	ldrb	r2, [r3, #2]
20000464:	8adb      	ldrh	r3, [r3, #22]
20000466:	a801      	add	r0, sp, #4
20000468:	6083      	str	r3, [r0, #8]
2000046a:	2300      	movs	r3, #0
2000046c:	00c9      	lsls	r1, r1, #3
2000046e:	8001      	strh	r1, [r0, #0]
20000470:	2101      	movs	r1, #1
20000472:	7102      	strb	r2, [r0, #4]
20000474:	7143      	strb	r3, [r0, #5]
20000476:	f000 fc37 	bl	20000ce8 <dcd_event_handler>
2000047a:	4658      	mov	r0, fp
2000047c:	f000 fbb0 	bl	20000be0 <hw_endpoint_reset_transfer>
20000480:	e7e4      	b.n	2000044c <hw_handle_buff_status+0x5c>
20000482:	46c0      	nop			@ (mov r8, r8)
20000484:	50110000 	.word	0x50110000
20000488:	50113000 	.word	0x50113000
2000048c:	2000289c 	.word	0x2000289c

20000490 <dcd_rp2040_irq>:
20000490:	2398      	movs	r3, #152	@ 0x98
20000492:	b5f0      	push	{r4, r5, r6, r7, lr}
20000494:	46c6      	mov	lr, r8
20000496:	4ac6      	ldr	r2, [pc, #792]	@ (200007b0 <dcd_rp2040_irq+0x320>)
20000498:	b500      	push	{lr}
2000049a:	58d5      	ldr	r5, [r2, r3]
2000049c:	2380      	movs	r3, #128	@ 0x80
2000049e:	002e      	movs	r6, r5
200004a0:	029b      	lsls	r3, r3, #10
200004a2:	2410      	movs	r4, #16
200004a4:	b084      	sub	sp, #16
200004a6:	401e      	ands	r6, r3
200004a8:	421d      	tst	r5, r3
200004aa:	d073      	beq.n	20000594 <dcd_rp2040_irq+0x104>
200004ac:	4bc1      	ldr	r3, [pc, #772]	@ (200007b4 <dcd_rp2040_irq+0x324>)
200004ae:	4cc2      	ldr	r4, [pc, #776]	@ (200007b8 <dcd_rp2040_irq+0x328>)
200004b0:	6a9a      	ldr	r2, [r3, #40]	@ 0x28
200004b2:	4bc2      	ldr	r3, [pc, #776]	@ (200007bc <dcd_rp2040_irq+0x32c>)
200004b4:	2600      	movs	r6, #0
200004b6:	601a      	str	r2, [r3, #0]
200004b8:	233b      	movs	r3, #59	@ 0x3b
200004ba:	5ce3      	ldrb	r3, [r4, r3]
200004bc:	2b02      	cmp	r3, #2
200004be:	d100      	bne.n	200004c2 <dcd_rp2040_irq+0x32>
200004c0:	e0f4      	b.n	200006ac <dcd_rp2040_irq+0x21c>
200004c2:	237b      	movs	r3, #123	@ 0x7b
200004c4:	5ce3      	ldrb	r3, [r4, r3]
200004c6:	2b02      	cmp	r3, #2
200004c8:	d100      	bne.n	200004cc <dcd_rp2040_irq+0x3c>
200004ca:	e10c      	b.n	200006e6 <dcd_rp2040_irq+0x256>
200004cc:	23bb      	movs	r3, #187	@ 0xbb
200004ce:	5ce3      	ldrb	r3, [r4, r3]
200004d0:	2b02      	cmp	r3, #2
200004d2:	d100      	bne.n	200004d6 <dcd_rp2040_irq+0x46>
200004d4:	e0fb      	b.n	200006ce <dcd_rp2040_irq+0x23e>
200004d6:	23fb      	movs	r3, #251	@ 0xfb
200004d8:	5ce3      	ldrb	r3, [r4, r3]
200004da:	2b02      	cmp	r3, #2
200004dc:	d100      	bne.n	200004e0 <dcd_rp2040_irq+0x50>
200004de:	e135      	b.n	2000074c <dcd_rp2040_irq+0x2bc>
200004e0:	233c      	movs	r3, #60	@ 0x3c
200004e2:	33ff      	adds	r3, #255	@ 0xff
200004e4:	5ce3      	ldrb	r3, [r4, r3]
200004e6:	2b02      	cmp	r3, #2
200004e8:	d100      	bne.n	200004ec <dcd_rp2040_irq+0x5c>
200004ea:	e122      	b.n	20000732 <dcd_rp2040_irq+0x2a2>
200004ec:	237c      	movs	r3, #124	@ 0x7c
200004ee:	33ff      	adds	r3, #255	@ 0xff
200004f0:	5ce3      	ldrb	r3, [r4, r3]
200004f2:	2b02      	cmp	r3, #2
200004f4:	d100      	bne.n	200004f8 <dcd_rp2040_irq+0x68>
200004f6:	e10f      	b.n	20000718 <dcd_rp2040_irq+0x288>
200004f8:	23bc      	movs	r3, #188	@ 0xbc
200004fa:	33ff      	adds	r3, #255	@ 0xff
200004fc:	5ce3      	ldrb	r3, [r4, r3]
200004fe:	2b02      	cmp	r3, #2
20000500:	d100      	bne.n	20000504 <dcd_rp2040_irq+0x74>
20000502:	e0fc      	b.n	200006fe <dcd_rp2040_irq+0x26e>
20000504:	23fc      	movs	r3, #252	@ 0xfc
20000506:	33ff      	adds	r3, #255	@ 0xff
20000508:	5ce3      	ldrb	r3, [r4, r3]
2000050a:	2b02      	cmp	r3, #2
2000050c:	d100      	bne.n	20000510 <dcd_rp2040_irq+0x80>
2000050e:	e1a6      	b.n	2000085e <dcd_rp2040_irq+0x3ce>
20000510:	4bab      	ldr	r3, [pc, #684]	@ (200007c0 <dcd_rp2040_irq+0x330>)
20000512:	5ce3      	ldrb	r3, [r4, r3]
20000514:	2b02      	cmp	r3, #2
20000516:	d100      	bne.n	2000051a <dcd_rp2040_irq+0x8a>
20000518:	e196      	b.n	20000848 <dcd_rp2040_irq+0x3b8>
2000051a:	4baa      	ldr	r3, [pc, #680]	@ (200007c4 <dcd_rp2040_irq+0x334>)
2000051c:	5ce3      	ldrb	r3, [r4, r3]
2000051e:	2b02      	cmp	r3, #2
20000520:	d100      	bne.n	20000524 <dcd_rp2040_irq+0x94>
20000522:	e185      	b.n	20000830 <dcd_rp2040_irq+0x3a0>
20000524:	4ba8      	ldr	r3, [pc, #672]	@ (200007c8 <dcd_rp2040_irq+0x338>)
20000526:	5ce3      	ldrb	r3, [r4, r3]
20000528:	2b02      	cmp	r3, #2
2000052a:	d100      	bne.n	2000052e <dcd_rp2040_irq+0x9e>
2000052c:	e174      	b.n	20000818 <dcd_rp2040_irq+0x388>
2000052e:	4ba7      	ldr	r3, [pc, #668]	@ (200007cc <dcd_rp2040_irq+0x33c>)
20000530:	5ce3      	ldrb	r3, [r4, r3]
20000532:	2b02      	cmp	r3, #2
20000534:	d100      	bne.n	20000538 <dcd_rp2040_irq+0xa8>
20000536:	e163      	b.n	20000800 <dcd_rp2040_irq+0x370>
20000538:	4ba5      	ldr	r3, [pc, #660]	@ (200007d0 <dcd_rp2040_irq+0x340>)
2000053a:	5ce3      	ldrb	r3, [r4, r3]
2000053c:	2b02      	cmp	r3, #2
2000053e:	d100      	bne.n	20000542 <dcd_rp2040_irq+0xb2>
20000540:	e12a      	b.n	20000798 <dcd_rp2040_irq+0x308>
20000542:	4ba4      	ldr	r3, [pc, #656]	@ (200007d4 <dcd_rp2040_irq+0x344>)
20000544:	5ce3      	ldrb	r3, [r4, r3]
20000546:	2b02      	cmp	r3, #2
20000548:	d100      	bne.n	2000054c <dcd_rp2040_irq+0xbc>
2000054a:	e10b      	b.n	20000764 <dcd_rp2040_irq+0x2d4>
2000054c:	4ba2      	ldr	r3, [pc, #648]	@ (200007d8 <dcd_rp2040_irq+0x348>)
2000054e:	5ce3      	ldrb	r3, [r4, r3]
20000550:	2b02      	cmp	r3, #2
20000552:	d100      	bne.n	20000556 <dcd_rp2040_irq+0xc6>
20000554:	e18f      	b.n	20000876 <dcd_rp2040_irq+0x3e6>
20000556:	4ba1      	ldr	r3, [pc, #644]	@ (200007dc <dcd_rp2040_irq+0x34c>)
20000558:	5ce3      	ldrb	r3, [r4, r3]
2000055a:	2b02      	cmp	r3, #2
2000055c:	d100      	bne.n	20000560 <dcd_rp2040_irq+0xd0>
2000055e:	e1a6      	b.n	200008ae <dcd_rp2040_irq+0x41e>
20000560:	2e00      	cmp	r6, #0
20000562:	d108      	bne.n	20000576 <dcd_rp2040_irq+0xe6>
20000564:	4b9e      	ldr	r3, [pc, #632]	@ (200007e0 <dcd_rp2040_irq+0x350>)
20000566:	781b      	ldrb	r3, [r3, #0]
20000568:	2b00      	cmp	r3, #0
2000056a:	d104      	bne.n	20000576 <dcd_rp2040_irq+0xe6>
2000056c:	2180      	movs	r1, #128	@ 0x80
2000056e:	4a9d      	ldr	r2, [pc, #628]	@ (200007e4 <dcd_rp2040_irq+0x354>)
20000570:	3390      	adds	r3, #144	@ 0x90
20000572:	0289      	lsls	r1, r1, #10
20000574:	50d1      	str	r1, [r2, r3]
20000576:	22c0      	movs	r2, #192	@ 0xc0
20000578:	4b8d      	ldr	r3, [pc, #564]	@ (200007b0 <dcd_rp2040_irq+0x320>)
2000057a:	a801      	add	r0, sp, #4
2000057c:	6c9b      	ldr	r3, [r3, #72]	@ 0x48
2000057e:	0092      	lsls	r2, r2, #2
20000580:	055b      	lsls	r3, r3, #21
20000582:	0d5b      	lsrs	r3, r3, #21
20000584:	2101      	movs	r1, #1
20000586:	2680      	movs	r6, #128	@ 0x80
20000588:	8002      	strh	r2, [r0, #0]
2000058a:	6043      	str	r3, [r0, #4]
2000058c:	f000 fbac 	bl	20000ce8 <dcd_event_handler>
20000590:	4c95      	ldr	r4, [pc, #596]	@ (200007e8 <dcd_rp2040_irq+0x358>)
20000592:	02b6      	lsls	r6, r6, #10
20000594:	06eb      	lsls	r3, r5, #27
20000596:	d500      	bpl.n	2000059a <dcd_rp2040_irq+0x10a>
20000598:	e07c      	b.n	20000694 <dcd_rp2040_irq+0x204>
2000059a:	2380      	movs	r3, #128	@ 0x80
2000059c:	025b      	lsls	r3, r3, #9
2000059e:	421d      	tst	r5, r3
200005a0:	d032      	beq.n	20000608 <dcd_rp2040_irq+0x178>
200005a2:	431e      	orrs	r6, r3
200005a4:	2301      	movs	r3, #1
200005a6:	2402      	movs	r4, #2
200005a8:	4698      	mov	r8, r3
200005aa:	4f83      	ldr	r7, [pc, #524]	@ (200007b8 <dcd_rp2040_irq+0x328>)
200005ac:	7ebb      	ldrb	r3, [r7, #26]
200005ae:	2b00      	cmp	r3, #0
200005b0:	d014      	beq.n	200005dc <dcd_rp2040_irq+0x14c>
200005b2:	f000 fc8d 	bl	20000ed0 <__rp2040_chip_version_veneer>
200005b6:	2801      	cmp	r0, #1
200005b8:	d900      	bls.n	200005bc <dcd_rp2040_irq+0x12c>
200005ba:	e06f      	b.n	2000069c <dcd_rp2040_irq+0x20c>
200005bc:	22c0      	movs	r2, #192	@ 0xc0
200005be:	2100      	movs	r1, #0
200005c0:	0038      	movs	r0, r7
200005c2:	0192      	lsls	r2, r2, #6
200005c4:	f000 fb12 	bl	20000bec <_hw_endpoint_buffer_control_update32>
200005c8:	0038      	movs	r0, r7
200005ca:	f000 fb09 	bl	20000be0 <hw_endpoint_reset_transfer>
200005ce:	f000 fc7f 	bl	20000ed0 <__rp2040_chip_version_veneer>
200005d2:	2801      	cmp	r0, #1
200005d4:	d902      	bls.n	200005dc <dcd_rp2040_irq+0x14c>
200005d6:	4b83      	ldr	r3, [pc, #524]	@ (200007e4 <dcd_rp2040_irq+0x354>)
200005d8:	665c      	str	r4, [r3, #100]	@ 0x64
200005da:	661c      	str	r4, [r3, #96]	@ 0x60
200005dc:	4643      	mov	r3, r8
200005de:	70fb      	strb	r3, [r7, #3]
200005e0:	3720      	adds	r7, #32
200005e2:	2c01      	cmp	r4, #1
200005e4:	d001      	beq.n	200005ea <dcd_rp2040_irq+0x15a>
200005e6:	2401      	movs	r4, #1
200005e8:	e7e0      	b.n	200005ac <dcd_rp2040_irq+0x11c>
200005ea:	23c0      	movs	r3, #192	@ 0xc0
200005ec:	a801      	add	r0, sp, #4
200005ee:	00db      	lsls	r3, r3, #3
200005f0:	4a7e      	ldr	r2, [pc, #504]	@ (200007ec <dcd_rp2040_irq+0x35c>)
200005f2:	8003      	strh	r3, [r0, #0]
200005f4:	ab02      	add	r3, sp, #8
200005f6:	ca12      	ldmia	r2!, {r1, r4}
200005f8:	c312      	stmia	r3!, {r1, r4}
200005fa:	2101      	movs	r1, #1
200005fc:	f000 fb74 	bl	20000ce8 <dcd_event_handler>
20000600:	2280      	movs	r2, #128	@ 0x80
20000602:	4b78      	ldr	r3, [pc, #480]	@ (200007e4 <dcd_rp2040_irq+0x354>)
20000604:	0292      	lsls	r2, r2, #10
20000606:	651a      	str	r2, [r3, #80]	@ 0x50
20000608:	2380      	movs	r3, #128	@ 0x80
2000060a:	015b      	lsls	r3, r3, #5
2000060c:	421d      	tst	r5, r3
2000060e:	d10e      	bne.n	2000062e <dcd_rp2040_irq+0x19e>
20000610:	2380      	movs	r3, #128	@ 0x80
20000612:	01db      	lsls	r3, r3, #7
20000614:	421d      	tst	r5, r3
20000616:	d121      	bne.n	2000065c <dcd_rp2040_irq+0x1cc>
20000618:	2380      	movs	r3, #128	@ 0x80
2000061a:	021b      	lsls	r3, r3, #8
2000061c:	421d      	tst	r5, r3
2000061e:	d12c      	bne.n	2000067a <dcd_rp2040_irq+0x1ea>
20000620:	42ae      	cmp	r6, r5
20000622:	d000      	beq.n	20000626 <dcd_rp2040_irq+0x196>
20000624:	e1c0      	b.n	200009a8 <dcd_rp2040_irq+0x518>
20000626:	b004      	add	sp, #16
20000628:	bc80      	pop	{r7}
2000062a:	46b8      	mov	r8, r7
2000062c:	bdf0      	pop	{r4, r5, r6, r7, pc}
2000062e:	2400      	movs	r4, #0
20000630:	431e      	orrs	r6, r3
20000632:	4b5f      	ldr	r3, [pc, #380]	@ (200007b0 <dcd_rp2040_irq+0x320>)
20000634:	601c      	str	r4, [r3, #0]
20000636:	f7ff fea7 	bl	20000388 <reset_non_control_endpoints>
2000063a:	2380      	movs	r3, #128	@ 0x80
2000063c:	466a      	mov	r2, sp
2000063e:	005b      	lsls	r3, r3, #1
20000640:	8093      	strh	r3, [r2, #4]
20000642:	7214      	strb	r4, [r2, #8]
20000644:	2101      	movs	r1, #1
20000646:	a801      	add	r0, sp, #4
20000648:	f000 fb4e 	bl	20000ce8 <dcd_event_handler>
2000064c:	2280      	movs	r2, #128	@ 0x80
2000064e:	4b65      	ldr	r3, [pc, #404]	@ (200007e4 <dcd_rp2040_irq+0x354>)
20000650:	0312      	lsls	r2, r2, #12
20000652:	651a      	str	r2, [r3, #80]	@ 0x50
20000654:	2380      	movs	r3, #128	@ 0x80
20000656:	01db      	lsls	r3, r3, #7
20000658:	421d      	tst	r5, r3
2000065a:	d0dd      	beq.n	20000618 <dcd_rp2040_irq+0x188>
2000065c:	431e      	orrs	r6, r3
2000065e:	2380      	movs	r3, #128	@ 0x80
20000660:	a801      	add	r0, sp, #4
20000662:	00db      	lsls	r3, r3, #3
20000664:	8003      	strh	r3, [r0, #0]
20000666:	2101      	movs	r1, #1
20000668:	f000 fb3e 	bl	20000ce8 <dcd_event_handler>
2000066c:	2210      	movs	r2, #16
2000066e:	4b5d      	ldr	r3, [pc, #372]	@ (200007e4 <dcd_rp2040_irq+0x354>)
20000670:	651a      	str	r2, [r3, #80]	@ 0x50
20000672:	2380      	movs	r3, #128	@ 0x80
20000674:	021b      	lsls	r3, r3, #8
20000676:	421d      	tst	r5, r3
20000678:	d0d2      	beq.n	20000620 <dcd_rp2040_irq+0x190>
2000067a:	431e      	orrs	r6, r3
2000067c:	23a0      	movs	r3, #160	@ 0xa0
2000067e:	a801      	add	r0, sp, #4
20000680:	00db      	lsls	r3, r3, #3
20000682:	8003      	strh	r3, [r0, #0]
20000684:	2101      	movs	r1, #1
20000686:	f000 fb2f 	bl	20000ce8 <dcd_event_handler>
2000068a:	2280      	movs	r2, #128	@ 0x80
2000068c:	4b55      	ldr	r3, [pc, #340]	@ (200007e4 <dcd_rp2040_irq+0x354>)
2000068e:	0112      	lsls	r2, r2, #4
20000690:	651a      	str	r2, [r3, #80]	@ 0x50
20000692:	e7c5      	b.n	20000620 <dcd_rp2040_irq+0x190>
20000694:	f7ff feac 	bl	200003f0 <hw_handle_buff_status>
20000698:	0026      	movs	r6, r4
2000069a:	e77e      	b.n	2000059a <dcd_rp2040_irq+0x10a>
2000069c:	4b54      	ldr	r3, [pc, #336]	@ (200007f0 <dcd_rp2040_irq+0x360>)
2000069e:	4a44      	ldr	r2, [pc, #272]	@ (200007b0 <dcd_rp2040_irq+0x320>)
200006a0:	661c      	str	r4, [r3, #96]	@ 0x60
200006a2:	6e53      	ldr	r3, [r2, #100]	@ 0x64
200006a4:	4023      	ands	r3, r4
200006a6:	42a3      	cmp	r3, r4
200006a8:	d1fb      	bne.n	200006a2 <dcd_rp2040_irq+0x212>
200006aa:	e787      	b.n	200005bc <dcd_rp2040_irq+0x12c>
200006ac:	3338      	adds	r3, #56	@ 0x38
200006ae:	5ce6      	ldrb	r6, [r4, r3]
200006b0:	2e00      	cmp	r6, #0
200006b2:	d100      	bne.n	200006b6 <dcd_rp2040_irq+0x226>
200006b4:	e705      	b.n	200004c2 <dcd_rp2040_irq+0x32>
200006b6:	3302      	adds	r3, #2
200006b8:	5ce2      	ldrb	r2, [r4, r3]
200006ba:	2a00      	cmp	r2, #0
200006bc:	d100      	bne.n	200006c0 <dcd_rp2040_irq+0x230>
200006be:	e700      	b.n	200004c2 <dcd_rp2040_irq+0x32>
200006c0:	0020      	movs	r0, r4
200006c2:	2200      	movs	r2, #0
200006c4:	3020      	adds	r0, #32
200006c6:	54e2      	strb	r2, [r4, r3]
200006c8:	f000 fab8 	bl	20000c3c <hw_endpoint_start_next_buffer>
200006cc:	e6f9      	b.n	200004c2 <dcd_rp2040_irq+0x32>
200006ce:	33b8      	adds	r3, #184	@ 0xb8
200006d0:	5ce7      	ldrb	r7, [r4, r3]
200006d2:	2f00      	cmp	r7, #0
200006d4:	d100      	bne.n	200006d8 <dcd_rp2040_irq+0x248>
200006d6:	e6fe      	b.n	200004d6 <dcd_rp2040_irq+0x46>
200006d8:	3302      	adds	r3, #2
200006da:	5ce2      	ldrb	r2, [r4, r3]
200006dc:	2a00      	cmp	r2, #0
200006de:	d000      	beq.n	200006e2 <dcd_rp2040_irq+0x252>
200006e0:	e122      	b.n	20000928 <dcd_rp2040_irq+0x498>
200006e2:	003e      	movs	r6, r7
200006e4:	e6f7      	b.n	200004d6 <dcd_rp2040_irq+0x46>
200006e6:	3378      	adds	r3, #120	@ 0x78
200006e8:	5ce7      	ldrb	r7, [r4, r3]
200006ea:	2f00      	cmp	r7, #0
200006ec:	d100      	bne.n	200006f0 <dcd_rp2040_irq+0x260>
200006ee:	e6ed      	b.n	200004cc <dcd_rp2040_irq+0x3c>
200006f0:	3302      	adds	r3, #2
200006f2:	5ce2      	ldrb	r2, [r4, r3]
200006f4:	2a00      	cmp	r2, #0
200006f6:	d000      	beq.n	200006fa <dcd_rp2040_irq+0x26a>
200006f8:	e10e      	b.n	20000918 <dcd_rp2040_irq+0x488>
200006fa:	003e      	movs	r6, r7
200006fc:	e6e6      	b.n	200004cc <dcd_rp2040_irq+0x3c>
200006fe:	33b9      	adds	r3, #185	@ 0xb9
20000700:	33ff      	adds	r3, #255	@ 0xff
20000702:	5ce7      	ldrb	r7, [r4, r3]
20000704:	2f00      	cmp	r7, #0
20000706:	d100      	bne.n	2000070a <dcd_rp2040_irq+0x27a>
20000708:	e6fc      	b.n	20000504 <dcd_rp2040_irq+0x74>
2000070a:	3302      	adds	r3, #2
2000070c:	5ce2      	ldrb	r2, [r4, r3]
2000070e:	2a00      	cmp	r2, #0
20000710:	d000      	beq.n	20000714 <dcd_rp2040_irq+0x284>
20000712:	e0f8      	b.n	20000906 <dcd_rp2040_irq+0x476>
20000714:	003e      	movs	r6, r7
20000716:	e6f5      	b.n	20000504 <dcd_rp2040_irq+0x74>
20000718:	3379      	adds	r3, #121	@ 0x79
2000071a:	33ff      	adds	r3, #255	@ 0xff
2000071c:	5ce7      	ldrb	r7, [r4, r3]
2000071e:	2f00      	cmp	r7, #0
20000720:	d100      	bne.n	20000724 <dcd_rp2040_irq+0x294>
20000722:	e6e9      	b.n	200004f8 <dcd_rp2040_irq+0x68>
20000724:	3302      	adds	r3, #2
20000726:	5ce2      	ldrb	r2, [r4, r3]
20000728:	2a00      	cmp	r2, #0
2000072a:	d000      	beq.n	2000072e <dcd_rp2040_irq+0x29e>
2000072c:	e0e2      	b.n	200008f4 <dcd_rp2040_irq+0x464>
2000072e:	003e      	movs	r6, r7
20000730:	e6e2      	b.n	200004f8 <dcd_rp2040_irq+0x68>
20000732:	3339      	adds	r3, #57	@ 0x39
20000734:	33ff      	adds	r3, #255	@ 0xff
20000736:	5ce7      	ldrb	r7, [r4, r3]
20000738:	2f00      	cmp	r7, #0
2000073a:	d100      	bne.n	2000073e <dcd_rp2040_irq+0x2ae>
2000073c:	e6d6      	b.n	200004ec <dcd_rp2040_irq+0x5c>
2000073e:	3302      	adds	r3, #2
20000740:	5ce2      	ldrb	r2, [r4, r3]
20000742:	2a00      	cmp	r2, #0
20000744:	d000      	beq.n	20000748 <dcd_rp2040_irq+0x2b8>
20000746:	e0cc      	b.n	200008e2 <dcd_rp2040_irq+0x452>
20000748:	003e      	movs	r6, r7
2000074a:	e6cf      	b.n	200004ec <dcd_rp2040_irq+0x5c>
2000074c:	33f8      	adds	r3, #248	@ 0xf8
2000074e:	5ce7      	ldrb	r7, [r4, r3]
20000750:	2f00      	cmp	r7, #0
20000752:	d100      	bne.n	20000756 <dcd_rp2040_irq+0x2c6>
20000754:	e6c4      	b.n	200004e0 <dcd_rp2040_irq+0x50>
20000756:	3302      	adds	r3, #2
20000758:	5ce2      	ldrb	r2, [r4, r3]
2000075a:	2a00      	cmp	r2, #0
2000075c:	d000      	beq.n	20000760 <dcd_rp2040_irq+0x2d0>
2000075e:	e0b8      	b.n	200008d2 <dcd_rp2040_irq+0x442>
20000760:	003e      	movs	r6, r7
20000762:	e6bd      	b.n	200004e0 <dcd_rp2040_irq+0x50>
20000764:	4b23      	ldr	r3, [pc, #140]	@ (200007f4 <dcd_rp2040_irq+0x364>)
20000766:	5ce7      	ldrb	r7, [r4, r3]
20000768:	2f00      	cmp	r7, #0
2000076a:	d100      	bne.n	2000076e <dcd_rp2040_irq+0x2de>
2000076c:	e6ee      	b.n	2000054c <dcd_rp2040_irq+0xbc>
2000076e:	3302      	adds	r3, #2
20000770:	5ce2      	ldrb	r2, [r4, r3]
20000772:	2a00      	cmp	r2, #0
20000774:	d000      	beq.n	20000778 <dcd_rp2040_irq+0x2e8>
20000776:	e110      	b.n	2000099a <dcd_rp2040_irq+0x50a>
20000778:	4b17      	ldr	r3, [pc, #92]	@ (200007d8 <dcd_rp2040_irq+0x348>)
2000077a:	5ce3      	ldrb	r3, [r4, r3]
2000077c:	2b02      	cmp	r3, #2
2000077e:	d100      	bne.n	20000782 <dcd_rp2040_irq+0x2f2>
20000780:	e08b      	b.n	2000089a <dcd_rp2040_irq+0x40a>
20000782:	4b16      	ldr	r3, [pc, #88]	@ (200007dc <dcd_rp2040_irq+0x34c>)
20000784:	5ce3      	ldrb	r3, [r4, r3]
20000786:	2b02      	cmp	r3, #2
20000788:	d000      	beq.n	2000078c <dcd_rp2040_irq+0x2fc>
2000078a:	e6f4      	b.n	20000576 <dcd_rp2040_irq+0xe6>
2000078c:	4b1a      	ldr	r3, [pc, #104]	@ (200007f8 <dcd_rp2040_irq+0x368>)
2000078e:	5ce3      	ldrb	r3, [r4, r3]
20000790:	2b00      	cmp	r3, #0
20000792:	d000      	beq.n	20000796 <dcd_rp2040_irq+0x306>
20000794:	e090      	b.n	200008b8 <dcd_rp2040_irq+0x428>
20000796:	e6ee      	b.n	20000576 <dcd_rp2040_irq+0xe6>
20000798:	4b18      	ldr	r3, [pc, #96]	@ (200007fc <dcd_rp2040_irq+0x36c>)
2000079a:	5ce7      	ldrb	r7, [r4, r3]
2000079c:	2f00      	cmp	r7, #0
2000079e:	d100      	bne.n	200007a2 <dcd_rp2040_irq+0x312>
200007a0:	e6cf      	b.n	20000542 <dcd_rp2040_irq+0xb2>
200007a2:	3302      	adds	r3, #2
200007a4:	5ce2      	ldrb	r2, [r4, r3]
200007a6:	2a00      	cmp	r2, #0
200007a8:	d000      	beq.n	200007ac <dcd_rp2040_irq+0x31c>
200007aa:	e0ee      	b.n	2000098a <dcd_rp2040_irq+0x4fa>
200007ac:	003e      	movs	r6, r7
200007ae:	e6c8      	b.n	20000542 <dcd_rp2040_irq+0xb2>
200007b0:	50110000 	.word	0x50110000
200007b4:	40054000 	.word	0x40054000
200007b8:	2000289c 	.word	0x2000289c
200007bc:	20002890 	.word	0x20002890
200007c0:	0000023b 	.word	0x0000023b
200007c4:	0000027b 	.word	0x0000027b
200007c8:	000002bb 	.word	0x000002bb
200007cc:	000002fb 	.word	0x000002fb
200007d0:	0000033b 	.word	0x0000033b
200007d4:	0000037b 	.word	0x0000037b
200007d8:	000003bb 	.word	0x000003bb
200007dc:	000003fb 	.word	0x000003fb
200007e0:	20002cee 	.word	0x20002cee
200007e4:	50113000 	.word	0x50113000
200007e8:	00020010 	.word	0x00020010
200007ec:	50100000 	.word	0x50100000
200007f0:	50112000 	.word	0x50112000
200007f4:	0000037a 	.word	0x0000037a
200007f8:	000003fa 	.word	0x000003fa
200007fc:	0000033a 	.word	0x0000033a
20000800:	4b6c      	ldr	r3, [pc, #432]	@ (200009b4 <dcd_rp2040_irq+0x524>)
20000802:	5ce7      	ldrb	r7, [r4, r3]
20000804:	2f00      	cmp	r7, #0
20000806:	d100      	bne.n	2000080a <dcd_rp2040_irq+0x37a>
20000808:	e696      	b.n	20000538 <dcd_rp2040_irq+0xa8>
2000080a:	3302      	adds	r3, #2
2000080c:	5ce2      	ldrb	r2, [r4, r3]
2000080e:	2a00      	cmp	r2, #0
20000810:	d000      	beq.n	20000814 <dcd_rp2040_irq+0x384>
20000812:	e0b2      	b.n	2000097a <dcd_rp2040_irq+0x4ea>
20000814:	003e      	movs	r6, r7
20000816:	e68f      	b.n	20000538 <dcd_rp2040_irq+0xa8>
20000818:	4b67      	ldr	r3, [pc, #412]	@ (200009b8 <dcd_rp2040_irq+0x528>)
2000081a:	5ce7      	ldrb	r7, [r4, r3]
2000081c:	2f00      	cmp	r7, #0
2000081e:	d100      	bne.n	20000822 <dcd_rp2040_irq+0x392>
20000820:	e685      	b.n	2000052e <dcd_rp2040_irq+0x9e>
20000822:	3302      	adds	r3, #2
20000824:	5ce2      	ldrb	r2, [r4, r3]
20000826:	2a00      	cmp	r2, #0
20000828:	d000      	beq.n	2000082c <dcd_rp2040_irq+0x39c>
2000082a:	e09e      	b.n	2000096a <dcd_rp2040_irq+0x4da>
2000082c:	003e      	movs	r6, r7
2000082e:	e67e      	b.n	2000052e <dcd_rp2040_irq+0x9e>
20000830:	4b62      	ldr	r3, [pc, #392]	@ (200009bc <dcd_rp2040_irq+0x52c>)
20000832:	5ce7      	ldrb	r7, [r4, r3]
20000834:	2f00      	cmp	r7, #0
20000836:	d100      	bne.n	2000083a <dcd_rp2040_irq+0x3aa>
20000838:	e674      	b.n	20000524 <dcd_rp2040_irq+0x94>
2000083a:	3302      	adds	r3, #2
2000083c:	5ce2      	ldrb	r2, [r4, r3]
2000083e:	2a00      	cmp	r2, #0
20000840:	d000      	beq.n	20000844 <dcd_rp2040_irq+0x3b4>
20000842:	e08a      	b.n	2000095a <dcd_rp2040_irq+0x4ca>
20000844:	003e      	movs	r6, r7
20000846:	e66d      	b.n	20000524 <dcd_rp2040_irq+0x94>
20000848:	4b5d      	ldr	r3, [pc, #372]	@ (200009c0 <dcd_rp2040_irq+0x530>)
2000084a:	5ce7      	ldrb	r7, [r4, r3]
2000084c:	2f00      	cmp	r7, #0
2000084e:	d100      	bne.n	20000852 <dcd_rp2040_irq+0x3c2>
20000850:	e663      	b.n	2000051a <dcd_rp2040_irq+0x8a>
20000852:	3302      	adds	r3, #2
20000854:	5ce2      	ldrb	r2, [r4, r3]
20000856:	2a00      	cmp	r2, #0
20000858:	d177      	bne.n	2000094a <dcd_rp2040_irq+0x4ba>
2000085a:	003e      	movs	r6, r7
2000085c:	e65d      	b.n	2000051a <dcd_rp2040_irq+0x8a>
2000085e:	33f9      	adds	r3, #249	@ 0xf9
20000860:	33ff      	adds	r3, #255	@ 0xff
20000862:	5ce7      	ldrb	r7, [r4, r3]
20000864:	2f00      	cmp	r7, #0
20000866:	d100      	bne.n	2000086a <dcd_rp2040_irq+0x3da>
20000868:	e652      	b.n	20000510 <dcd_rp2040_irq+0x80>
2000086a:	3302      	adds	r3, #2
2000086c:	5ce2      	ldrb	r2, [r4, r3]
2000086e:	2a00      	cmp	r2, #0
20000870:	d162      	bne.n	20000938 <dcd_rp2040_irq+0x4a8>
20000872:	003e      	movs	r6, r7
20000874:	e64c      	b.n	20000510 <dcd_rp2040_irq+0x80>
20000876:	4b53      	ldr	r3, [pc, #332]	@ (200009c4 <dcd_rp2040_irq+0x534>)
20000878:	5ce3      	ldrb	r3, [r4, r3]
2000087a:	2b00      	cmp	r3, #0
2000087c:	d100      	bne.n	20000880 <dcd_rp2040_irq+0x3f0>
2000087e:	e66a      	b.n	20000556 <dcd_rp2040_irq+0xc6>
20000880:	23ef      	movs	r3, #239	@ 0xef
20000882:	009b      	lsls	r3, r3, #2
20000884:	5ce2      	ldrb	r2, [r4, r3]
20000886:	2a00      	cmp	r2, #0
20000888:	d100      	bne.n	2000088c <dcd_rp2040_irq+0x3fc>
2000088a:	e77a      	b.n	20000782 <dcd_rp2040_irq+0x2f2>
2000088c:	2200      	movs	r2, #0
2000088e:	54e2      	strb	r2, [r4, r3]
20000890:	3b1c      	subs	r3, #28
20000892:	18e0      	adds	r0, r4, r3
20000894:	f000 f9d2 	bl	20000c3c <hw_endpoint_start_next_buffer>
20000898:	e773      	b.n	20000782 <dcd_rp2040_irq+0x2f2>
2000089a:	4b4a      	ldr	r3, [pc, #296]	@ (200009c4 <dcd_rp2040_irq+0x534>)
2000089c:	5ce3      	ldrb	r3, [r4, r3]
2000089e:	2b00      	cmp	r3, #0
200008a0:	d1ee      	bne.n	20000880 <dcd_rp2040_irq+0x3f0>
200008a2:	4b49      	ldr	r3, [pc, #292]	@ (200009c8 <dcd_rp2040_irq+0x538>)
200008a4:	5ce3      	ldrb	r3, [r4, r3]
200008a6:	2b02      	cmp	r3, #2
200008a8:	d000      	beq.n	200008ac <dcd_rp2040_irq+0x41c>
200008aa:	e664      	b.n	20000576 <dcd_rp2040_irq+0xe6>
200008ac:	003e      	movs	r6, r7
200008ae:	4b47      	ldr	r3, [pc, #284]	@ (200009cc <dcd_rp2040_irq+0x53c>)
200008b0:	5ce3      	ldrb	r3, [r4, r3]
200008b2:	2b00      	cmp	r3, #0
200008b4:	d100      	bne.n	200008b8 <dcd_rp2040_irq+0x428>
200008b6:	e653      	b.n	20000560 <dcd_rp2040_irq+0xd0>
200008b8:	23ff      	movs	r3, #255	@ 0xff
200008ba:	009b      	lsls	r3, r3, #2
200008bc:	5ce2      	ldrb	r2, [r4, r3]
200008be:	2a00      	cmp	r2, #0
200008c0:	d100      	bne.n	200008c4 <dcd_rp2040_irq+0x434>
200008c2:	e658      	b.n	20000576 <dcd_rp2040_irq+0xe6>
200008c4:	2200      	movs	r2, #0
200008c6:	54e2      	strb	r2, [r4, r3]
200008c8:	3b1c      	subs	r3, #28
200008ca:	18e0      	adds	r0, r4, r3
200008cc:	f000 f9b6 	bl	20000c3c <hw_endpoint_start_next_buffer>
200008d0:	e651      	b.n	20000576 <dcd_rp2040_irq+0xe6>
200008d2:	0020      	movs	r0, r4
200008d4:	2200      	movs	r2, #0
200008d6:	30e0      	adds	r0, #224	@ 0xe0
200008d8:	54e2      	strb	r2, [r4, r3]
200008da:	003e      	movs	r6, r7
200008dc:	f000 f9ae 	bl	20000c3c <hw_endpoint_start_next_buffer>
200008e0:	e5fe      	b.n	200004e0 <dcd_rp2040_irq+0x50>
200008e2:	0020      	movs	r0, r4
200008e4:	2200      	movs	r2, #0
200008e6:	3021      	adds	r0, #33	@ 0x21
200008e8:	30ff      	adds	r0, #255	@ 0xff
200008ea:	54e2      	strb	r2, [r4, r3]
200008ec:	003e      	movs	r6, r7
200008ee:	f000 f9a5 	bl	20000c3c <hw_endpoint_start_next_buffer>
200008f2:	e5fb      	b.n	200004ec <dcd_rp2040_irq+0x5c>
200008f4:	0020      	movs	r0, r4
200008f6:	2200      	movs	r2, #0
200008f8:	3061      	adds	r0, #97	@ 0x61
200008fa:	30ff      	adds	r0, #255	@ 0xff
200008fc:	54e2      	strb	r2, [r4, r3]
200008fe:	003e      	movs	r6, r7
20000900:	f000 f99c 	bl	20000c3c <hw_endpoint_start_next_buffer>
20000904:	e5f8      	b.n	200004f8 <dcd_rp2040_irq+0x68>
20000906:	0020      	movs	r0, r4
20000908:	2200      	movs	r2, #0
2000090a:	30a1      	adds	r0, #161	@ 0xa1
2000090c:	30ff      	adds	r0, #255	@ 0xff
2000090e:	54e2      	strb	r2, [r4, r3]
20000910:	003e      	movs	r6, r7
20000912:	f000 f993 	bl	20000c3c <hw_endpoint_start_next_buffer>
20000916:	e5f5      	b.n	20000504 <dcd_rp2040_irq+0x74>
20000918:	0020      	movs	r0, r4
2000091a:	2200      	movs	r2, #0
2000091c:	3060      	adds	r0, #96	@ 0x60
2000091e:	54e2      	strb	r2, [r4, r3]
20000920:	003e      	movs	r6, r7
20000922:	f000 f98b 	bl	20000c3c <hw_endpoint_start_next_buffer>
20000926:	e5d1      	b.n	200004cc <dcd_rp2040_irq+0x3c>
20000928:	0020      	movs	r0, r4
2000092a:	2200      	movs	r2, #0
2000092c:	30a0      	adds	r0, #160	@ 0xa0
2000092e:	54e2      	strb	r2, [r4, r3]
20000930:	003e      	movs	r6, r7
20000932:	f000 f983 	bl	20000c3c <hw_endpoint_start_next_buffer>
20000936:	e5ce      	b.n	200004d6 <dcd_rp2040_irq+0x46>
20000938:	0020      	movs	r0, r4
2000093a:	2200      	movs	r2, #0
2000093c:	30e1      	adds	r0, #225	@ 0xe1
2000093e:	30ff      	adds	r0, #255	@ 0xff
20000940:	54e2      	strb	r2, [r4, r3]
20000942:	003e      	movs	r6, r7
20000944:	f000 f97a 	bl	20000c3c <hw_endpoint_start_next_buffer>
20000948:	e5e2      	b.n	20000510 <dcd_rp2040_irq+0x80>
2000094a:	2200      	movs	r2, #0
2000094c:	54e2      	strb	r2, [r4, r3]
2000094e:	3b1c      	subs	r3, #28
20000950:	18e0      	adds	r0, r4, r3
20000952:	f000 f973 	bl	20000c3c <hw_endpoint_start_next_buffer>
20000956:	003e      	movs	r6, r7
20000958:	e5df      	b.n	2000051a <dcd_rp2040_irq+0x8a>
2000095a:	2200      	movs	r2, #0
2000095c:	54e2      	strb	r2, [r4, r3]
2000095e:	3b1c      	subs	r3, #28
20000960:	18e0      	adds	r0, r4, r3
20000962:	f000 f96b 	bl	20000c3c <hw_endpoint_start_next_buffer>
20000966:	003e      	movs	r6, r7
20000968:	e5dc      	b.n	20000524 <dcd_rp2040_irq+0x94>
2000096a:	2200      	movs	r2, #0
2000096c:	54e2      	strb	r2, [r4, r3]
2000096e:	3b1c      	subs	r3, #28
20000970:	18e0      	adds	r0, r4, r3
20000972:	f000 f963 	bl	20000c3c <hw_endpoint_start_next_buffer>
20000976:	003e      	movs	r6, r7
20000978:	e5d9      	b.n	2000052e <dcd_rp2040_irq+0x9e>
2000097a:	2200      	movs	r2, #0
2000097c:	54e2      	strb	r2, [r4, r3]
2000097e:	3b1c      	subs	r3, #28
20000980:	18e0      	adds	r0, r4, r3
20000982:	f000 f95b 	bl	20000c3c <hw_endpoint_start_next_buffer>
20000986:	003e      	movs	r6, r7
20000988:	e5d6      	b.n	20000538 <dcd_rp2040_irq+0xa8>
2000098a:	2200      	movs	r2, #0
2000098c:	54e2      	strb	r2, [r4, r3]
2000098e:	3b1c      	subs	r3, #28
20000990:	18e0      	adds	r0, r4, r3
20000992:	f000 f953 	bl	20000c3c <hw_endpoint_start_next_buffer>
20000996:	003e      	movs	r6, r7
20000998:	e5d3      	b.n	20000542 <dcd_rp2040_irq+0xb2>
2000099a:	2200      	movs	r2, #0
2000099c:	54e2      	strb	r2, [r4, r3]
2000099e:	3b1c      	subs	r3, #28
200009a0:	18e0      	adds	r0, r4, r3
200009a2:	f000 f94b 	bl	20000c3c <hw_endpoint_start_next_buffer>
200009a6:	e6e7      	b.n	20000778 <dcd_rp2040_irq+0x2e8>
200009a8:	0031      	movs	r1, r6
200009aa:	4809      	ldr	r0, [pc, #36]	@ (200009d0 <dcd_rp2040_irq+0x540>)
200009ac:	4069      	eors	r1, r5
200009ae:	f000 fabf 	bl	20000f30 <__panic_veneer>
200009b2:	46c0      	nop			@ (mov r8, r8)
200009b4:	000002fa 	.word	0x000002fa
200009b8:	000002ba 	.word	0x000002ba
200009bc:	0000027a 	.word	0x0000027a
200009c0:	0000023a 	.word	0x0000023a
200009c4:	000003ba 	.word	0x000003ba
200009c8:	000003fb 	.word	0x000003fb
200009cc:	000003fa 	.word	0x000003fa
200009d0:	1000b674 	.word	0x1000b674

200009d4 <prepare_ep_buffer>:
200009d4:	b5f0      	push	{r4, r5, r6, r7, lr}
200009d6:	46d6      	mov	lr, sl
200009d8:	464f      	mov	r7, r9
200009da:	4646      	mov	r6, r8
200009dc:	b5c0      	push	{r6, r7, lr}
200009de:	0002      	movs	r2, r0
200009e0:	8a83      	ldrh	r3, [r0, #20]
200009e2:	8b00      	ldrh	r0, [r0, #24]
200009e4:	468a      	mov	sl, r1
200009e6:	1c04      	adds	r4, r0, #0
200009e8:	4298      	cmp	r0, r3
200009ea:	d900      	bls.n	200009ee <prepare_ep_buffer+0x1a>
200009ec:	1c1c      	adds	r4, r3, #0
200009ee:	78d5      	ldrb	r5, [r2, #3]
200009f0:	2680      	movs	r6, #128	@ 0x80
200009f2:	0028      	movs	r0, r5
200009f4:	1e47      	subs	r7, r0, #1
200009f6:	41b8      	sbcs	r0, r7
200009f8:	b2a4      	uxth	r4, r4
200009fa:	00f6      	lsls	r6, r6, #3
200009fc:	4326      	orrs	r6, r4
200009fe:	0340      	lsls	r0, r0, #13
20000a00:	4330      	orrs	r0, r6
20000a02:	2601      	movs	r6, #1
20000a04:	4075      	eors	r5, r6
20000a06:	1b1b      	subs	r3, r3, r4
20000a08:	70d5      	strb	r5, [r2, #3]
20000a0a:	7855      	ldrb	r5, [r2, #1]
20000a0c:	b29b      	uxth	r3, r3
20000a0e:	8293      	strh	r3, [r2, #20]
20000a10:	2d00      	cmp	r5, #0
20000a12:	d137      	bne.n	20000a84 <prepare_ep_buffer+0xb0>
20000a14:	4651      	mov	r1, sl
20000a16:	68d6      	ldr	r6, [r2, #12]
20000a18:	018d      	lsls	r5, r1, #6
20000a1a:	1e61      	subs	r1, r4, #1
20000a1c:	1976      	adds	r6, r6, r5
20000a1e:	4688      	mov	r8, r1
20000a20:	6915      	ldr	r5, [r2, #16]
20000a22:	2c00      	cmp	r4, #0
20000a24:	d029      	beq.n	20000a7a <prepare_ep_buffer+0xa6>
20000a26:	2906      	cmp	r1, #6
20000a28:	d93a      	bls.n	20000aa0 <prepare_ep_buffer+0xcc>
20000a2a:	0033      	movs	r3, r6
20000a2c:	432b      	orrs	r3, r5
20000a2e:	079b      	lsls	r3, r3, #30
20000a30:	d136      	bne.n	20000aa0 <prepare_ep_buffer+0xcc>
20000a32:	1c6b      	adds	r3, r5, #1
20000a34:	1af3      	subs	r3, r6, r3
20000a36:	2b02      	cmp	r3, #2
20000a38:	d932      	bls.n	20000aa0 <prepare_ep_buffer+0xcc>
20000a3a:	1f23      	subs	r3, r4, #4
20000a3c:	089b      	lsrs	r3, r3, #2
20000a3e:	3301      	adds	r3, #1
20000a40:	469c      	mov	ip, r3
20000a42:	2700      	movs	r7, #0
20000a44:	2300      	movs	r3, #0
20000a46:	58e9      	ldr	r1, [r5, r3]
20000a48:	3701      	adds	r7, #1
20000a4a:	50f1      	str	r1, [r6, r3]
20000a4c:	3304      	adds	r3, #4
20000a4e:	45bc      	cmp	ip, r7
20000a50:	d8f9      	bhi.n	20000a46 <prepare_ep_buffer+0x72>
20000a52:	4663      	mov	r3, ip
20000a54:	4641      	mov	r1, r8
20000a56:	009b      	lsls	r3, r3, #2
20000a58:	18ed      	adds	r5, r5, r3
20000a5a:	18f6      	adds	r6, r6, r3
20000a5c:	1acf      	subs	r7, r1, r3
20000a5e:	429c      	cmp	r4, r3
20000a60:	d009      	beq.n	20000a76 <prepare_ep_buffer+0xa2>
20000a62:	782b      	ldrb	r3, [r5, #0]
20000a64:	7033      	strb	r3, [r6, #0]
20000a66:	2f00      	cmp	r7, #0
20000a68:	d005      	beq.n	20000a76 <prepare_ep_buffer+0xa2>
20000a6a:	786b      	ldrb	r3, [r5, #1]
20000a6c:	7073      	strb	r3, [r6, #1]
20000a6e:	2f01      	cmp	r7, #1
20000a70:	d001      	beq.n	20000a76 <prepare_ep_buffer+0xa2>
20000a72:	78ab      	ldrb	r3, [r5, #2]
20000a74:	70b3      	strb	r3, [r6, #2]
20000a76:	6915      	ldr	r5, [r2, #16]
20000a78:	8a93      	ldrh	r3, [r2, #20]
20000a7a:	192d      	adds	r5, r5, r4
20000a7c:	6115      	str	r5, [r2, #16]
20000a7e:	2280      	movs	r2, #128	@ 0x80
20000a80:	0212      	lsls	r2, r2, #8
20000a82:	4310      	orrs	r0, r2
20000a84:	2b00      	cmp	r3, #0
20000a86:	d102      	bne.n	20000a8e <prepare_ep_buffer+0xba>
20000a88:	2380      	movs	r3, #128	@ 0x80
20000a8a:	01db      	lsls	r3, r3, #7
20000a8c:	4318      	orrs	r0, r3
20000a8e:	4653      	mov	r3, sl
20000a90:	2b00      	cmp	r3, #0
20000a92:	d000      	beq.n	20000a96 <prepare_ep_buffer+0xc2>
20000a94:	0400      	lsls	r0, r0, #16
20000a96:	bce0      	pop	{r5, r6, r7}
20000a98:	46ba      	mov	sl, r7
20000a9a:	46b1      	mov	r9, r6
20000a9c:	46a8      	mov	r8, r5
20000a9e:	bdf0      	pop	{r4, r5, r6, r7, pc}
20000aa0:	2300      	movs	r3, #0
20000aa2:	5cef      	ldrb	r7, [r5, r3]
20000aa4:	54f7      	strb	r7, [r6, r3]
20000aa6:	3301      	adds	r3, #1
20000aa8:	429c      	cmp	r4, r3
20000aaa:	d1fa      	bne.n	20000aa2 <prepare_ep_buffer+0xce>
20000aac:	6915      	ldr	r5, [r2, #16]
20000aae:	8a93      	ldrh	r3, [r2, #20]
20000ab0:	e7e3      	b.n	20000a7a <prepare_ep_buffer+0xa6>
20000ab2:	46c0      	nop			@ (mov r8, r8)

20000ab4 <sync_ep_buffer>:
20000ab4:	6883      	ldr	r3, [r0, #8]
20000ab6:	b5f0      	push	{r4, r5, r6, r7, lr}
20000ab8:	681b      	ldr	r3, [r3, #0]
20000aba:	0005      	movs	r5, r0
20000abc:	2900      	cmp	r1, #0
20000abe:	d000      	beq.n	20000ac2 <sync_ep_buffer+0xe>
20000ac0:	0c1b      	lsrs	r3, r3, #16
20000ac2:	059b      	lsls	r3, r3, #22
20000ac4:	0d98      	lsrs	r0, r3, #22
20000ac6:	786b      	ldrb	r3, [r5, #1]
20000ac8:	2b00      	cmp	r3, #0
20000aca:	d108      	bne.n	20000ade <sync_ep_buffer+0x2a>
20000acc:	8aeb      	ldrh	r3, [r5, #22]
20000ace:	18c3      	adds	r3, r0, r3
20000ad0:	82eb      	strh	r3, [r5, #22]
20000ad2:	8b2b      	ldrh	r3, [r5, #24]
20000ad4:	4283      	cmp	r3, r0
20000ad6:	d901      	bls.n	20000adc <sync_ep_buffer+0x28>
20000ad8:	2300      	movs	r3, #0
20000ada:	82ab      	strh	r3, [r5, #20]
20000adc:	bdf0      	pop	{r4, r5, r6, r7, pc}
20000ade:	68eb      	ldr	r3, [r5, #12]
20000ae0:	0189      	lsls	r1, r1, #6
20000ae2:	1e46      	subs	r6, r0, #1
20000ae4:	46b4      	mov	ip, r6
20000ae6:	692a      	ldr	r2, [r5, #16]
20000ae8:	185c      	adds	r4, r3, r1
20000aea:	2800      	cmp	r0, #0
20000aec:	d027      	beq.n	20000b3e <sync_ep_buffer+0x8a>
20000aee:	2e06      	cmp	r6, #6
20000af0:	d92b      	bls.n	20000b4a <sync_ep_buffer+0x96>
20000af2:	3101      	adds	r1, #1
20000af4:	185b      	adds	r3, r3, r1
20000af6:	1ad3      	subs	r3, r2, r3
20000af8:	2b02      	cmp	r3, #2
20000afa:	d926      	bls.n	20000b4a <sync_ep_buffer+0x96>
20000afc:	0013      	movs	r3, r2
20000afe:	4323      	orrs	r3, r4
20000b00:	079b      	lsls	r3, r3, #30
20000b02:	d122      	bne.n	20000b4a <sync_ep_buffer+0x96>
20000b04:	2300      	movs	r3, #0
20000b06:	2100      	movs	r1, #0
20000b08:	1f06      	subs	r6, r0, #4
20000b0a:	08b6      	lsrs	r6, r6, #2
20000b0c:	3601      	adds	r6, #1
20000b0e:	58e7      	ldr	r7, [r4, r3]
20000b10:	3101      	adds	r1, #1
20000b12:	50d7      	str	r7, [r2, r3]
20000b14:	3304      	adds	r3, #4
20000b16:	428e      	cmp	r6, r1
20000b18:	d8f9      	bhi.n	20000b0e <sync_ep_buffer+0x5a>
20000b1a:	4663      	mov	r3, ip
20000b1c:	00b6      	lsls	r6, r6, #2
20000b1e:	19a4      	adds	r4, r4, r6
20000b20:	1992      	adds	r2, r2, r6
20000b22:	1b9f      	subs	r7, r3, r6
20000b24:	42b0      	cmp	r0, r6
20000b26:	d009      	beq.n	20000b3c <sync_ep_buffer+0x88>
20000b28:	7823      	ldrb	r3, [r4, #0]
20000b2a:	7013      	strb	r3, [r2, #0]
20000b2c:	2f00      	cmp	r7, #0
20000b2e:	d005      	beq.n	20000b3c <sync_ep_buffer+0x88>
20000b30:	7863      	ldrb	r3, [r4, #1]
20000b32:	7053      	strb	r3, [r2, #1]
20000b34:	2f01      	cmp	r7, #1
20000b36:	d001      	beq.n	20000b3c <sync_ep_buffer+0x88>
20000b38:	78a3      	ldrb	r3, [r4, #2]
20000b3a:	7093      	strb	r3, [r2, #2]
20000b3c:	692a      	ldr	r2, [r5, #16]
20000b3e:	8aeb      	ldrh	r3, [r5, #22]
20000b40:	1812      	adds	r2, r2, r0
20000b42:	18c3      	adds	r3, r0, r3
20000b44:	82eb      	strh	r3, [r5, #22]
20000b46:	612a      	str	r2, [r5, #16]
20000b48:	e7c3      	b.n	20000ad2 <sync_ep_buffer+0x1e>
20000b4a:	2300      	movs	r3, #0
20000b4c:	5ce1      	ldrb	r1, [r4, r3]
20000b4e:	54d1      	strb	r1, [r2, r3]
20000b50:	3301      	adds	r3, #1
20000b52:	4298      	cmp	r0, r3
20000b54:	d1fa      	bne.n	20000b4c <sync_ep_buffer+0x98>
20000b56:	692a      	ldr	r2, [r5, #16]
20000b58:	e7f1      	b.n	20000b3e <sync_ep_buffer+0x8a>
20000b5a:	46c0      	nop			@ (mov r8, r8)

20000b5c <_hw_endpoint_xfer_sync>:
20000b5c:	b510      	push	{r4, lr}
20000b5e:	0004      	movs	r4, r0
20000b60:	6883      	ldr	r3, [r0, #8]
20000b62:	2100      	movs	r1, #0
20000b64:	681b      	ldr	r3, [r3, #0]
20000b66:	f7ff ffa5 	bl	20000ab4 <sync_ep_buffer>
20000b6a:	6863      	ldr	r3, [r4, #4]
20000b6c:	681b      	ldr	r3, [r3, #0]
20000b6e:	005b      	lsls	r3, r3, #1
20000b70:	d502      	bpl.n	20000b78 <_hw_endpoint_xfer_sync+0x1c>
20000b72:	8b23      	ldrh	r3, [r4, #24]
20000b74:	4283      	cmp	r3, r0
20000b76:	d000      	beq.n	20000b7a <_hw_endpoint_xfer_sync+0x1e>
20000b78:	bd10      	pop	{r4, pc}
20000b7a:	2101      	movs	r1, #1
20000b7c:	0020      	movs	r0, r4
20000b7e:	f7ff ff99 	bl	20000ab4 <sync_ep_buffer>
20000b82:	e7f9      	b.n	20000b78 <_hw_endpoint_xfer_sync+0x1c>

20000b84 <e15_is_bulkin_ep>:
20000b84:	4a08      	ldr	r2, [pc, #32]	@ (20000ba8 <e15_is_bulkin_ep+0x24>)
20000b86:	0003      	movs	r3, r0
20000b88:	6c12      	ldr	r2, [r2, #64]	@ 0x40
20000b8a:	2000      	movs	r0, #0
20000b8c:	0792      	lsls	r2, r2, #30
20000b8e:	d403      	bmi.n	20000b98 <e15_is_bulkin_ep+0x14>
20000b90:	789a      	ldrb	r2, [r3, #2]
20000b92:	09d2      	lsrs	r2, r2, #7
20000b94:	2a01      	cmp	r2, #1
20000b96:	d000      	beq.n	20000b9a <e15_is_bulkin_ep+0x16>
20000b98:	4770      	bx	lr
20000b9a:	7ed8      	ldrb	r0, [r3, #27]
20000b9c:	3802      	subs	r0, #2
20000b9e:	4243      	negs	r3, r0
20000ba0:	4158      	adcs	r0, r3
20000ba2:	b2c0      	uxtb	r0, r0
20000ba4:	e7f8      	b.n	20000b98 <e15_is_bulkin_ep+0x14>
20000ba6:	46c0      	nop			@ (mov r8, r8)
20000ba8:	50110000 	.word	0x50110000

20000bac <e15_is_critical_frame_period>:
20000bac:	b510      	push	{r4, lr}
20000bae:	f7ff ffe9 	bl	20000b84 <e15_is_bulkin_ep>
20000bb2:	2800      	cmp	r0, #0
20000bb4:	d00c      	beq.n	20000bd0 <e15_is_critical_frame_period+0x24>
20000bb6:	4907      	ldr	r1, [pc, #28]	@ (20000bd4 <e15_is_critical_frame_period+0x28>)
20000bb8:	4b07      	ldr	r3, [pc, #28]	@ (20000bd8 <e15_is_critical_frame_period+0x2c>)
20000bba:	468c      	mov	ip, r1
20000bbc:	4a07      	ldr	r2, [pc, #28]	@ (20000bdc <e15_is_critical_frame_period+0x30>)
20000bbe:	6a9b      	ldr	r3, [r3, #40]	@ 0x28
20000bc0:	6812      	ldr	r2, [r2, #0]
20000bc2:	4463      	add	r3, ip
20000bc4:	1a9b      	subs	r3, r3, r2
20000bc6:	2000      	movs	r0, #0
20000bc8:	22c6      	movs	r2, #198	@ 0xc6
20000bca:	429a      	cmp	r2, r3
20000bcc:	4140      	adcs	r0, r0
20000bce:	b2c0      	uxtb	r0, r0
20000bd0:	bd10      	pop	{r4, pc}
20000bd2:	46c0      	nop			@ (mov r8, r8)
20000bd4:	fffffce0 	.word	0xfffffce0
20000bd8:	40054000 	.word	0x40054000
20000bdc:	20002890 	.word	0x20002890

20000be0 <hw_endpoint_reset_transfer>:
20000be0:	2300      	movs	r3, #0
20000be2:	7683      	strb	r3, [r0, #26]
20000be4:	6143      	str	r3, [r0, #20]
20000be6:	6103      	str	r3, [r0, #16]
20000be8:	4770      	bx	lr
20000bea:	46c0      	nop			@ (mov r8, r8)

20000bec <_hw_endpoint_buffer_control_update32>:
20000bec:	b510      	push	{r4, lr}
20000bee:	6883      	ldr	r3, [r0, #8]
20000bf0:	2900      	cmp	r1, #0
20000bf2:	d001      	beq.n	20000bf8 <_hw_endpoint_buffer_control_update32+0xc>
20000bf4:	681c      	ldr	r4, [r3, #0]
20000bf6:	4021      	ands	r1, r4
20000bf8:	2a00      	cmp	r2, #0
20000bfa:	d012      	beq.n	20000c22 <_hw_endpoint_buffer_control_update32+0x36>
20000bfc:	2480      	movs	r4, #128	@ 0x80
20000bfe:	00e4      	lsls	r4, r4, #3
20000c00:	4311      	orrs	r1, r2
20000c02:	4222      	tst	r2, r4
20000c04:	d00d      	beq.n	20000c22 <_hw_endpoint_buffer_control_update32+0x36>
20000c06:	681a      	ldr	r2, [r3, #0]
20000c08:	4222      	tst	r2, r4
20000c0a:	d10c      	bne.n	20000c26 <_hw_endpoint_buffer_control_update32+0x3a>
20000c0c:	4a08      	ldr	r2, [pc, #32]	@ (20000c30 <_hw_endpoint_buffer_control_update32+0x44>)
20000c0e:	400a      	ands	r2, r1
20000c10:	601a      	str	r2, [r3, #0]
20000c12:	4a08      	ldr	r2, [pc, #32]	@ (20000c34 <_hw_endpoint_buffer_control_update32+0x48>)
20000c14:	6c12      	ldr	r2, [r2, #64]	@ 0x40
20000c16:	0792      	lsls	r2, r2, #30
20000c18:	d403      	bmi.n	20000c22 <_hw_endpoint_buffer_control_update32+0x36>
20000c1a:	230c      	movs	r3, #12
20000c1c:	3b03      	subs	r3, #3
20000c1e:	d2fd      	bcs.n	20000c1c <_hw_endpoint_buffer_control_update32+0x30>
20000c20:	6883      	ldr	r3, [r0, #8]
20000c22:	6019      	str	r1, [r3, #0]
20000c24:	bd10      	pop	{r4, pc}
20000c26:	7881      	ldrb	r1, [r0, #2]
20000c28:	4803      	ldr	r0, [pc, #12]	@ (20000c38 <_hw_endpoint_buffer_control_update32+0x4c>)
20000c2a:	f000 f981 	bl	20000f30 <__panic_veneer>
20000c2e:	46c0      	nop			@ (mov r8, r8)
20000c30:	fffffbff 	.word	0xfffffbff
20000c34:	50110000 	.word	0x50110000
20000c38:	1000b688 	.word	0x1000b688

20000c3c <hw_endpoint_start_next_buffer>:
20000c3c:	6843      	ldr	r3, [r0, #4]
20000c3e:	b570      	push	{r4, r5, r6, lr}
20000c40:	2100      	movs	r1, #0
20000c42:	2580      	movs	r5, #128	@ 0x80
20000c44:	681e      	ldr	r6, [r3, #0]
20000c46:	0004      	movs	r4, r0
20000c48:	f7ff fec4 	bl	200009d4 <prepare_ep_buffer>
20000c4c:	4b13      	ldr	r3, [pc, #76]	@ (20000c9c <hw_endpoint_start_next_buffer+0x60>)
20000c4e:	016d      	lsls	r5, r5, #5
20000c50:	6c1b      	ldr	r3, [r3, #64]	@ 0x40
20000c52:	4305      	orrs	r5, r0
20000c54:	079b      	lsls	r3, r3, #30
20000c56:	d50f      	bpl.n	20000c78 <hw_endpoint_start_next_buffer+0x3c>
20000c58:	78a3      	ldrb	r3, [r4, #2]
20000c5a:	065b      	lsls	r3, r3, #25
20000c5c:	d00f      	beq.n	20000c7e <hw_endpoint_start_next_buffer+0x42>
20000c5e:	4b10      	ldr	r3, [pc, #64]	@ (20000ca0 <hw_endpoint_start_next_buffer+0x64>)
20000c60:	401e      	ands	r6, r3
20000c62:	2380      	movs	r3, #128	@ 0x80
20000c64:	059b      	lsls	r3, r3, #22
20000c66:	4333      	orrs	r3, r6
20000c68:	6862      	ldr	r2, [r4, #4]
20000c6a:	2100      	movs	r1, #0
20000c6c:	6013      	str	r3, [r2, #0]
20000c6e:	0020      	movs	r0, r4
20000c70:	002a      	movs	r2, r5
20000c72:	f7ff ffbb 	bl	20000bec <_hw_endpoint_buffer_control_update32>
20000c76:	bd70      	pop	{r4, r5, r6, pc}
20000c78:	78a3      	ldrb	r3, [r4, #2]
20000c7a:	09db      	lsrs	r3, r3, #7
20000c7c:	d0ef      	beq.n	20000c5e <hw_endpoint_start_next_buffer+0x22>
20000c7e:	8aa3      	ldrh	r3, [r4, #20]
20000c80:	2b00      	cmp	r3, #0
20000c82:	d0ec      	beq.n	20000c5e <hw_endpoint_start_next_buffer+0x22>
20000c84:	2101      	movs	r1, #1
20000c86:	0020      	movs	r0, r4
20000c88:	f7ff fea4 	bl	200009d4 <prepare_ep_buffer>
20000c8c:	23a0      	movs	r3, #160	@ 0xa0
20000c8e:	4a05      	ldr	r2, [pc, #20]	@ (20000ca4 <hw_endpoint_start_next_buffer+0x68>)
20000c90:	05db      	lsls	r3, r3, #23
20000c92:	4032      	ands	r2, r6
20000c94:	4305      	orrs	r5, r0
20000c96:	4313      	orrs	r3, r2
20000c98:	e7e6      	b.n	20000c68 <hw_endpoint_start_next_buffer+0x2c>
20000c9a:	46c0      	nop			@ (mov r8, r8)
20000c9c:	50110000 	.word	0x50110000
20000ca0:	afffffff 	.word	0xafffffff
20000ca4:	dfffffff 	.word	0xdfffffff

20000ca8 <hw_endpoint_xfer_continue>:
20000ca8:	b570      	push	{r4, r5, r6, lr}
20000caa:	7e85      	ldrb	r5, [r0, #26]
20000cac:	0004      	movs	r4, r0
20000cae:	2d00      	cmp	r5, #0
20000cb0:	d014      	beq.n	20000cdc <hw_endpoint_xfer_continue+0x34>
20000cb2:	f7ff ff53 	bl	20000b5c <_hw_endpoint_xfer_sync>
20000cb6:	8aa3      	ldrh	r3, [r4, #20]
20000cb8:	2b00      	cmp	r3, #0
20000cba:	d101      	bne.n	20000cc0 <hw_endpoint_xfer_continue+0x18>
20000cbc:	0028      	movs	r0, r5
20000cbe:	bd70      	pop	{r4, r5, r6, pc}
20000cc0:	0020      	movs	r0, r4
20000cc2:	f7ff ff73 	bl	20000bac <e15_is_critical_frame_period>
20000cc6:	2800      	cmp	r0, #0
20000cc8:	d003      	beq.n	20000cd2 <hw_endpoint_xfer_continue+0x2a>
20000cca:	2301      	movs	r3, #1
20000ccc:	2500      	movs	r5, #0
20000cce:	7723      	strb	r3, [r4, #28]
20000cd0:	e7f4      	b.n	20000cbc <hw_endpoint_xfer_continue+0x14>
20000cd2:	0020      	movs	r0, r4
20000cd4:	f7ff ffb2 	bl	20000c3c <hw_endpoint_start_next_buffer>
20000cd8:	2500      	movs	r5, #0
20000cda:	e7ef      	b.n	20000cbc <hw_endpoint_xfer_continue+0x14>
20000cdc:	7881      	ldrb	r1, [r0, #2]
20000cde:	4801      	ldr	r0, [pc, #4]	@ (20000ce4 <hw_endpoint_xfer_continue+0x3c>)
20000ce0:	f000 f926 	bl	20000f30 <__panic_veneer>
20000ce4:	1000b6a8 	.word	0x1000b6a8

20000ce8 <dcd_event_handler>:
20000ce8:	b5f0      	push	{r4, r5, r6, r7, lr}
20000cea:	46ce      	mov	lr, r9
20000cec:	4647      	mov	r7, r8
20000cee:	b580      	push	{r7, lr}
20000cf0:	7843      	ldrb	r3, [r0, #1]
20000cf2:	0005      	movs	r5, r0
20000cf4:	000e      	movs	r6, r1
20000cf6:	b085      	sub	sp, #20
20000cf8:	2b06      	cmp	r3, #6
20000cfa:	d808      	bhi.n	20000d0e <dcd_event_handler+0x26>
20000cfc:	4a6c      	ldr	r2, [pc, #432]	@ (20000eb0 <dcd_event_handler+0x1c8>)
20000cfe:	009b      	lsls	r3, r3, #2
20000d00:	58d3      	ldr	r3, [r2, r3]
20000d02:	469f      	mov	pc, r3
20000d04:	4a6b      	ldr	r2, [pc, #428]	@ (20000eb4 <dcd_event_handler+0x1cc>)
20000d06:	7813      	ldrb	r3, [r2, #0]
20000d08:	3301      	adds	r3, #1
20000d0a:	b2db      	uxtb	r3, r3
20000d0c:	7013      	strb	r3, [r2, #0]
20000d0e:	4b6a      	ldr	r3, [pc, #424]	@ (20000eb8 <dcd_event_handler+0x1d0>)
20000d10:	681c      	ldr	r4, [r3, #0]
20000d12:	6962      	ldr	r2, [r4, #20]
20000d14:	f3ef 8110 	mrs	r1, PRIMASK
20000d18:	b672      	cpsid	i
20000d1a:	6813      	ldr	r3, [r2, #0]
20000d1c:	2b00      	cmp	r3, #0
20000d1e:	d0fc      	beq.n	20000d1a <dcd_event_handler+0x32>
20000d20:	f3bf 8f5f 	dmb	sy
20000d24:	61a1      	str	r1, [r4, #24]
20000d26:	0020      	movs	r0, r4
20000d28:	0029      	movs	r1, r5
20000d2a:	f000 f8d9 	bl	20000ee0 <__tu_fifo_write_veneer>
20000d2e:	6962      	ldr	r2, [r4, #20]
20000d30:	69a3      	ldr	r3, [r4, #24]
20000d32:	f3bf 8f5f 	dmb	sy
20000d36:	2100      	movs	r1, #0
20000d38:	6011      	str	r1, [r2, #0]
20000d3a:	f383 8810 	msr	PRIMASK, r3
20000d3e:	2800      	cmp	r0, #0
20000d40:	d104      	bne.n	20000d4c <dcd_event_handler+0x64>
20000d42:	b005      	add	sp, #20
20000d44:	bcc0      	pop	{r6, r7}
20000d46:	46b9      	mov	r9, r7
20000d48:	46b0      	mov	r8, r6
20000d4a:	bdf0      	pop	{r4, r5, r6, r7, pc}
20000d4c:	0032      	movs	r2, r6
20000d4e:	7869      	ldrb	r1, [r5, #1]
20000d50:	7828      	ldrb	r0, [r5, #0]
20000d52:	f000 f8cd 	bl	20000ef0 <__tud_event_hook_cb_veneer>
20000d56:	e7f4      	b.n	20000d42 <dcd_event_handler+0x5a>
20000d58:	2101      	movs	r1, #1
20000d5a:	4b58      	ldr	r3, [pc, #352]	@ (20000ebc <dcd_event_handler+0x1d4>)
20000d5c:	781a      	ldrb	r2, [r3, #0]
20000d5e:	438a      	bics	r2, r1
20000d60:	701a      	strb	r2, [r3, #0]
20000d62:	781a      	ldrb	r2, [r3, #0]
20000d64:	3101      	adds	r1, #1
20000d66:	438a      	bics	r2, r1
20000d68:	701a      	strb	r2, [r3, #0]
20000d6a:	2200      	movs	r2, #0
20000d6c:	705a      	strb	r2, [r3, #1]
20000d6e:	781a      	ldrb	r2, [r3, #0]
20000d70:	3102      	adds	r1, #2
20000d72:	438a      	bics	r2, r1
20000d74:	701a      	strb	r2, [r3, #0]
20000d76:	e7ca      	b.n	20000d0e <dcd_event_handler+0x26>
20000d78:	4951      	ldr	r1, [pc, #324]	@ (20000ec0 <dcd_event_handler+0x1d8>)
20000d7a:	4f52      	ldr	r7, [pc, #328]	@ (20000ec4 <dcd_event_handler+0x1dc>)
20000d7c:	4689      	mov	r9, r1
20000d7e:	4952      	ldr	r1, [pc, #328]	@ (20000ec8 <dcd_event_handler+0x1e0>)
20000d80:	2400      	movs	r4, #0
20000d82:	2300      	movs	r3, #0
20000d84:	4688      	mov	r8, r1
20000d86:	783a      	ldrb	r2, [r7, #0]
20000d88:	e012      	b.n	20000db0 <dcd_event_handler+0xc8>
20000d8a:	4643      	mov	r3, r8
20000d8c:	681b      	ldr	r3, [r3, #0]
20000d8e:	0161      	lsls	r1, r4, #5
20000d90:	185b      	adds	r3, r3, r1
20000d92:	2b00      	cmp	r3, #0
20000d94:	d006      	beq.n	20000da4 <dcd_event_handler+0xbc>
20000d96:	69db      	ldr	r3, [r3, #28]
20000d98:	2b00      	cmp	r3, #0
20000d9a:	d003      	beq.n	20000da4 <dcd_event_handler+0xbc>
20000d9c:	6869      	ldr	r1, [r5, #4]
20000d9e:	7828      	ldrb	r0, [r5, #0]
20000da0:	4798      	blx	r3
20000da2:	783a      	ldrb	r2, [r7, #0]
20000da4:	3401      	adds	r4, #1
20000da6:	b2e4      	uxtb	r4, r4
20000da8:	1c51      	adds	r1, r2, #1
20000daa:	0023      	movs	r3, r4
20000dac:	42a1      	cmp	r1, r4
20000dae:	db17      	blt.n	20000de0 <dcd_event_handler+0xf8>
20000db0:	42a2      	cmp	r2, r4
20000db2:	d8ea      	bhi.n	20000d8a <dcd_event_handler+0xa2>
20000db4:	1a9b      	subs	r3, r3, r2
20000db6:	015b      	lsls	r3, r3, #5
20000db8:	444b      	add	r3, r9
20000dba:	e7ec      	b.n	20000d96 <dcd_event_handler+0xae>
20000dbc:	4b3f      	ldr	r3, [pc, #252]	@ (20000ebc <dcd_event_handler+0x1d4>)
20000dbe:	781a      	ldrb	r2, [r3, #0]
20000dc0:	07d2      	lsls	r2, r2, #31
20000dc2:	d5be      	bpl.n	20000d42 <dcd_event_handler+0x5a>
20000dc4:	2104      	movs	r1, #4
20000dc6:	781a      	ldrb	r2, [r3, #0]
20000dc8:	430a      	orrs	r2, r1
20000dca:	701a      	strb	r2, [r3, #0]
20000dcc:	e79f      	b.n	20000d0e <dcd_event_handler+0x26>
20000dce:	4b3b      	ldr	r3, [pc, #236]	@ (20000ebc <dcd_event_handler+0x1d4>)
20000dd0:	781a      	ldrb	r2, [r3, #0]
20000dd2:	07d2      	lsls	r2, r2, #31
20000dd4:	d5b5      	bpl.n	20000d42 <dcd_event_handler+0x5a>
20000dd6:	2104      	movs	r1, #4
20000dd8:	781a      	ldrb	r2, [r3, #0]
20000dda:	438a      	bics	r2, r1
20000ddc:	701a      	strb	r2, [r3, #0]
20000dde:	e796      	b.n	20000d0e <dcd_event_handler+0x26>
20000de0:	4f36      	ldr	r7, [pc, #216]	@ (20000ebc <dcd_event_handler+0x1d4>)
20000de2:	783b      	ldrb	r3, [r7, #0]
20000de4:	075b      	lsls	r3, r3, #29
20000de6:	d52b      	bpl.n	20000e40 <dcd_event_handler+0x158>
20000de8:	2204      	movs	r2, #4
20000dea:	783b      	ldrb	r3, [r7, #0]
20000dec:	2100      	movs	r1, #0
20000dee:	4393      	bics	r3, r2
20000df0:	703b      	strb	r3, [r7, #0]
20000df2:	466b      	mov	r3, sp
20000df4:	3206      	adds	r2, #6
20000df6:	1d98      	adds	r0, r3, #6
20000df8:	f000 f892 	bl	20000f20 <____wrap_memset_veneer>
20000dfc:	782b      	ldrb	r3, [r5, #0]
20000dfe:	ac01      	add	r4, sp, #4
20000e00:	7023      	strb	r3, [r4, #0]
20000e02:	2305      	movs	r3, #5
20000e04:	7063      	strb	r3, [r4, #1]
20000e06:	4b2c      	ldr	r3, [pc, #176]	@ (20000eb8 <dcd_event_handler+0x1d0>)
20000e08:	681b      	ldr	r3, [r3, #0]
20000e0a:	4698      	mov	r8, r3
20000e0c:	695a      	ldr	r2, [r3, #20]
20000e0e:	f3ef 8110 	mrs	r1, PRIMASK
20000e12:	b672      	cpsid	i
20000e14:	6813      	ldr	r3, [r2, #0]
20000e16:	2b00      	cmp	r3, #0
20000e18:	d0fc      	beq.n	20000e14 <dcd_event_handler+0x12c>
20000e1a:	f3bf 8f5f 	dmb	sy
20000e1e:	4643      	mov	r3, r8
20000e20:	4640      	mov	r0, r8
20000e22:	6199      	str	r1, [r3, #24]
20000e24:	0021      	movs	r1, r4
20000e26:	f000 f85b 	bl	20000ee0 <__tu_fifo_write_veneer>
20000e2a:	4643      	mov	r3, r8
20000e2c:	695a      	ldr	r2, [r3, #20]
20000e2e:	699b      	ldr	r3, [r3, #24]
20000e30:	f3bf 8f5f 	dmb	sy
20000e34:	2100      	movs	r1, #0
20000e36:	6011      	str	r1, [r2, #0]
20000e38:	f383 8810 	msr	PRIMASK, r3
20000e3c:	2800      	cmp	r0, #0
20000e3e:	d131      	bne.n	20000ea4 <dcd_event_handler+0x1bc>
20000e40:	78fb      	ldrb	r3, [r7, #3]
20000e42:	07db      	lsls	r3, r3, #31
20000e44:	d400      	bmi.n	20000e48 <dcd_event_handler+0x160>
20000e46:	e77c      	b.n	20000d42 <dcd_event_handler+0x5a>
20000e48:	466b      	mov	r3, sp
20000e4a:	220a      	movs	r2, #10
20000e4c:	2100      	movs	r1, #0
20000e4e:	1d98      	adds	r0, r3, #6
20000e50:	f000 f866 	bl	20000f20 <____wrap_memset_veneer>
20000e54:	782b      	ldrb	r3, [r5, #0]
20000e56:	ac01      	add	r4, sp, #4
20000e58:	7023      	strb	r3, [r4, #0]
20000e5a:	2303      	movs	r3, #3
20000e5c:	7063      	strb	r3, [r4, #1]
20000e5e:	686b      	ldr	r3, [r5, #4]
20000e60:	6063      	str	r3, [r4, #4]
20000e62:	4b15      	ldr	r3, [pc, #84]	@ (20000eb8 <dcd_event_handler+0x1d0>)
20000e64:	681d      	ldr	r5, [r3, #0]
20000e66:	696a      	ldr	r2, [r5, #20]
20000e68:	f3ef 8110 	mrs	r1, PRIMASK
20000e6c:	b672      	cpsid	i
20000e6e:	6813      	ldr	r3, [r2, #0]
20000e70:	2b00      	cmp	r3, #0
20000e72:	d0fc      	beq.n	20000e6e <dcd_event_handler+0x186>
20000e74:	f3bf 8f5f 	dmb	sy
20000e78:	61a9      	str	r1, [r5, #24]
20000e7a:	0028      	movs	r0, r5
20000e7c:	0021      	movs	r1, r4
20000e7e:	f000 f82f 	bl	20000ee0 <__tu_fifo_write_veneer>
20000e82:	696a      	ldr	r2, [r5, #20]
20000e84:	69ab      	ldr	r3, [r5, #24]
20000e86:	f3bf 8f5f 	dmb	sy
20000e8a:	2100      	movs	r1, #0
20000e8c:	6011      	str	r1, [r2, #0]
20000e8e:	f383 8810 	msr	PRIMASK, r3
20000e92:	2800      	cmp	r0, #0
20000e94:	d100      	bne.n	20000e98 <dcd_event_handler+0x1b0>
20000e96:	e754      	b.n	20000d42 <dcd_event_handler+0x5a>
20000e98:	0032      	movs	r2, r6
20000e9a:	7861      	ldrb	r1, [r4, #1]
20000e9c:	7820      	ldrb	r0, [r4, #0]
20000e9e:	f000 f827 	bl	20000ef0 <__tud_event_hook_cb_veneer>
20000ea2:	e74e      	b.n	20000d42 <dcd_event_handler+0x5a>
20000ea4:	0032      	movs	r2, r6
20000ea6:	7861      	ldrb	r1, [r4, #1]
20000ea8:	7820      	ldrb	r0, [r4, #0]
20000eaa:	f000 f821 	bl	20000ef0 <__tud_event_hook_cb_veneer>
20000eae:	e7c7      	b.n	20000e40 <dcd_event_handler+0x158>
20000eb0:	1000bbe8 	.word	0x1000bbe8
20000eb4:	20002cef 	.word	0x20002cef
20000eb8:	20001f98 	.word	0x20001f98
20000ebc:	20001f40 	.word	0x20001f40
20000ec0:	1000bc04 	.word	0x1000bc04
20000ec4:	20002ced 	.word	0x20002ced
20000ec8:	20001d90 	.word	0x20001d90

20000ecc <__aeabi_idiv0>:
20000ecc:	4770      	bx	lr
20000ece:	46c0      	nop			@ (mov r8, r8)

20000ed0 <__rp2040_chip_version_veneer>:
20000ed0:	b401      	push	{r0}
20000ed2:	4802      	ldr	r0, [pc, #8]	@ (20000edc <__rp2040_chip_version_veneer+0xc>)
20000ed4:	4684      	mov	ip, r0
20000ed6:	bc01      	pop	{r0}
20000ed8:	4760      	bx	ip
20000eda:	bf00      	nop
20000edc:	10000ea9 	.word	0x10000ea9

20000ee0 <__tu_fifo_write_veneer>:
20000ee0:	b401      	push	{r0}
20000ee2:	4802      	ldr	r0, [pc, #8]	@ (20000eec <__tu_fifo_write_veneer+0xc>)
20000ee4:	4684      	mov	ip, r0
20000ee6:	bc01      	pop	{r0}
20000ee8:	4760      	bx	ip
20000eea:	bf00      	nop
20000eec:	1000778d 	.word	0x1000778d

20000ef0 <__tud_event_hook_cb_veneer>:
20000ef0:	b401      	push	{r0}
20000ef2:	4802      	ldr	r0, [pc, #8]	@ (20000efc <__tud_event_hook_cb_veneer+0xc>)
20000ef4:	4684      	mov	ip, r0
20000ef6:	bc01      	pop	{r0}
20000ef8:	4760      	bx	ip
20000efa:	bf00      	nop
20000efc:	10005d09 	.word	0x10005d09

20000f00 <__time_us_64_veneer>:
20000f00:	b401      	push	{r0}
20000f02:	4802      	ldr	r0, [pc, #8]	@ (20000f0c <__time_us_64_veneer+0xc>)
20000f04:	4684      	mov	ip, r0
20000f06:	bc01      	pop	{r0}
20000f08:	4760      	bx	ip
20000f0a:	bf00      	nop
20000f0c:	10001ce5 	.word	0x10001ce5

20000f10 <____wrap___aeabi_lmul_veneer>:
20000f10:	b401      	push	{r0}
20000f12:	4802      	ldr	r0, [pc, #8]	@ (20000f1c <____wrap___aeabi_lmul_veneer+0xc>)
20000f14:	4684      	mov	ip, r0
20000f16:	bc01      	pop	{r0}
20000f18:	4760      	bx	ip
20000f1a:	bf00      	nop
20000f1c:	100032dd 	.word	0x100032dd

20000f20 <____wrap_memset_veneer>:
20000f20:	b401      	push	{r0}
20000f22:	4802      	ldr	r0, [pc, #8]	@ (20000f2c <____wrap_memset_veneer+0xc>)
20000f24:	4684      	mov	ip, r0
20000f26:	bc01      	pop	{r0}
20000f28:	4760      	bx	ip
20000f2a:	bf00      	nop
20000f2c:	10003551 	.word	0x10003551

20000f30 <__panic_veneer>:
20000f30:	b401      	push	{r0}
20000f32:	4802      	ldr	r0, [pc, #8]	@ (20000f3c <__panic_veneer+0xc>)
20000f34:	4684      	mov	ip, r0
20000f36:	bc01      	pop	{r0}
20000f38:	4760      	bx	ip
20000f3a:	bf00      	nop
20000f3c:	10000eb5 	.word	0x10000eb5

20000f40 <__best_effort_wfe_or_timeout_veneer>:
20000f40:	b401      	push	{r0}
20000f42:	4802      	ldr	r0, [pc, #8]	@ (20000f4c <__best_effort_wfe_or_timeout_veneer+0xc>)
20000f44:	4684      	mov	ip, r0
20000f46:	bc01      	pop	{r0}
20000f48:	4760      	bx	ip
20000f4a:	bf00      	nop
20000f4c:	10001bc9 	.word	0x10001bc9

20000f50 <striped_spin_lock_num>:
20000f50:	00000010                                ....

20000f54 <irq_handler_chain_slots>:
20000f54:	00000000 	.word	0x00000000
20000f58:	00010000 	.word	0x00010000
	...
20000f64:	00020000 	.word	0x00020000
	...
20000f70:	00030000 	.word	0x00030000
	...
20000f7c:	00ff0000 	.word	0x00ff0000
20000f80:	00000000 	.word	0x00000000

20000f84 <irq_handler_chain_first_slot>:
20000f84:	b501      	push	{r0, lr}
20000f86:	6848      	ldr	r0, [r1, #4]
20000f88:	3101      	adds	r1, #1
20000f8a:	468e      	mov	lr, r1
20000f8c:	4700      	bx	r0

20000f8e <irq_handler_chain_remove_tail>:
20000f8e:	4670      	mov	r0, lr
20000f90:	3809      	subs	r0, #9
20000f92:	4901      	ldr	r1, [pc, #4]	@ (20000f98 <irq_handler_chain_remove_tail+0xa>)
20000f94:	4788      	blx	r1
20000f96:	bd01      	pop	{r0, pc}
20000f98:	100012f9 	.word	0x100012f9

20000f9c <default_alarm_pool>:
	...
20000fb0:	200016d0 00000000 00000000 00000000     ... ............

20000fc0 <aeabi_bits_funcs>:
20000fc0:	00003350 	.word	0x00003350
20000fc4:	0000334c 	.word	0x0000334c
20000fc8:	00003354 	.word	0x00003354
20000fcc:	00003352 	.word	0x00003352

20000fd0 <aeabi_bits_funcs_end>:
20000fd0:	0000534d 	.word	0x0000534d
20000fd4:	0000434d 	.word	0x0000434d
20000fd8:	00003453 	.word	0x00003453
20000fdc:	00003443 	.word	0x00003443

20000fe0 <stdio_usb>:
20000fe0:	100054c5 10005475 100053e5 1000535d     .T..uT...S..]S..
20000ff0:	00000000 00000100                       ........

20000ff8 <_usbd_qdef>:
20000ff8:	20001f9c 000c0010 00000000 00000000     ... ............
	...

20001014 <_usbd_rhport>:
20001014:	000000ff                                ....

20001018 <__global_locale>:
20001018:	00000043 00000000 00000000 00000000     C...............
	...
20001038:	00000043 00000000 00000000 00000000     C...............
	...
20001058:	00000043 00000000 00000000 00000000     C...............
	...
20001078:	00000043 00000000 00000000 00000000     C...............
	...
20001098:	00000043 00000000 00000000 00000000     C...............
	...
200010b8:	00000043 00000000 00000000 00000000     C...............
	...
200010d8:	00000043 00000000 00000000 00000000     C...............
	...
200010f8:	1000a411 10009761 00000000 1000be68     ....a.......h...
20001108:	1000b70c 1000b600 1000b600 1000b600     ................
20001118:	1000b600 1000b600 1000b600 1000b600     ................
20001128:	1000b600 1000b600 ffffffff ffffffff     ................
20001138:	ffffffff 0000ffff 53410001 00494943     ..........ASCII.
	...
20001160:	53410000 00494943 00000000 00000000     ..ASCII.........
	...

20001188 <_impure_ptr>:
20001188:	20001190 00000000                       ... ....

20001190 <_impure_data>:
20001190:	00000000 20001aac 20001b14 20001b7c     ....... ... |.. 
	...
20001228:	00000001 00000000 abcd330e e66d1234     .........3..4.m.
20001238:	0005deec 0000000b 00000000 00000000     ................
	...

200012b0 <__malloc_sbrk_base>:
200012b0:	ffffffff                                ....

200012b4 <__malloc_trim_threshold>:
200012b4:	00020000                                ....

200012b8 <__malloc_av_>:
	...
200012c0:	200012b8 200012b8 200012c0 200012c0     ... ... ... ... 
200012d0:	200012c8 200012c8 200012d0 200012d0     ... ... ... ... 
200012e0:	200012d8 200012d8 200012e0 200012e0     ... ... ... ... 
200012f0:	200012e8 200012e8 200012f0 200012f0     ... ... ... ... 
20001300:	200012f8 200012f8 20001300 20001300     ... ... ... ... 
20001310:	20001308 20001308 20001310 20001310     ... ... ... ... 
20001320:	20001318 20001318 20001320 20001320     ... ...  ..  .. 
20001330:	20001328 20001328 20001330 20001330     (.. (.. 0.. 0.. 
20001340:	20001338 20001338 20001340 20001340     8.. 8.. @.. @.. 
20001350:	20001348 20001348 20001350 20001350     H.. H.. P.. P.. 
20001360:	20001358 20001358 20001360 20001360     X.. X.. `.. `.. 
20001370:	20001368 20001368 20001370 20001370     h.. h.. p.. p.. 
20001380:	20001378 20001378 20001380 20001380     x.. x.. ... ... 
20001390:	20001388 20001388 20001390 20001390     ... ... ... ... 
200013a0:	20001398 20001398 200013a0 200013a0     ... ... ... ... 
200013b0:	200013a8 200013a8 200013b0 200013b0     ... ... ... ... 
200013c0:	200013b8 200013b8 200013c0 200013c0     ... ... ... ... 
200013d0:	200013c8 200013c8 200013d0 200013d0     ... ... ... ... 
200013e0:	200013d8 200013d8 200013e0 200013e0     ... ... ... ... 
200013f0:	200013e8 200013e8 200013f0 200013f0     ... ... ... ... 
20001400:	200013f8 200013f8 20001400 20001400     ... ... ... ... 
20001410:	20001408 20001408 20001410 20001410     ... ... ... ... 
20001420:	20001418 20001418 20001420 20001420     ... ...  ..  .. 
20001430:	20001428 20001428 20001430 20001430     (.. (.. 0.. 0.. 
20001440:	20001438 20001438 20001440 20001440     8.. 8.. @.. @.. 
20001450:	20001448 20001448 20001450 20001450     H.. H.. P.. P.. 
20001460:	20001458 20001458 20001460 20001460     X.. X.. `.. `.. 
20001470:	20001468 20001468 20001470 20001470     h.. h.. p.. p.. 
20001480:	20001478 20001478 20001480 20001480     x.. x.. ... ... 
20001490:	20001488 20001488 20001490 20001490     ... ... ... ... 
200014a0:	20001498 20001498 200014a0 200014a0     ... ... ... ... 
200014b0:	200014a8 200014a8 200014b0 200014b0     ... ... ... ... 
200014c0:	200014b8 200014b8 200014c0 200014c0     ... ... ... ... 
200014d0:	200014c8 200014c8 200014d0 200014d0     ... ... ... ... 
200014e0:	200014d8 200014d8 200014e0 200014e0     ... ... ... ... 
200014f0:	200014e8 200014e8 200014f0 200014f0     ... ... ... ... 
20001500:	200014f8 200014f8 20001500 20001500     ... ... ... ... 
20001510:	20001508 20001508 20001510 20001510     ... ... ... ... 
20001520:	20001518 20001518 20001520 20001520     ... ...  ..  .. 
20001530:	20001528 20001528 20001530 20001530     (.. (.. 0.. 0.. 
20001540:	20001538 20001538 20001540 20001540     8.. 8.. @.. @.. 
20001550:	20001548 20001548 20001550 20001550     H.. H.. P.. P.. 
20001560:	20001558 20001558 20001560 20001560     X.. X.. `.. `.. 
20001570:	20001568 20001568 20001570 20001570     h.. h.. p.. p.. 
20001580:	20001578 20001578 20001580 20001580     x.. x.. ... ... 
20001590:	20001588 20001588 20001590 20001590     ... ... ... ... 
200015a0:	20001598 20001598 200015a0 200015a0     ... ... ... ... 
200015b0:	200015a8 200015a8 200015b0 200015b0     ... ... ... ... 
200015c0:	200015b8 200015b8 200015c0 200015c0     ... ... ... ... 
200015d0:	200015c8 200015c8 200015d0 200015d0     ... ... ... ... 
200015e0:	200015d8 200015d8 200015e0 200015e0     ... ... ... ... 
200015f0:	200015e8 200015e8 200015f0 200015f0     ... ... ... ... 
20001600:	200015f8 200015f8 20001600 20001600     ... ... ... ... 
20001610:	20001608 20001608 20001610 20001610     ... ... ... ... 
20001620:	20001618 20001618 20001620 20001620     ... ...  ..  .. 
20001630:	20001628 20001628 20001630 20001630     (.. (.. 0.. 0.. 
20001640:	20001638 20001638 20001640 20001640     8.. 8.. @.. @.. 
20001650:	20001648 20001648 20001650 20001650     H.. H.. P.. P.. 
20001660:	20001658 20001658 20001660 20001660     X.. X.. `.. `.. 
20001670:	20001668 20001668 20001670 20001670     h.. h.. p.. p.. 
20001680:	20001678 20001678 20001680 20001680     x.. x.. ... ... 
20001690:	20001688 20001688 20001690 20001690     ... ... ... ... 
200016a0:	20001698 20001698 200016a0 200016a0     ... ... ... ... 
200016b0:	200016a8 200016a8 200016b0 200016b0     ... ... ... ... 

200016c0 <environ>:
200016c0:	20001be4                                ... 

200016c4 <print_mutex>:
	...
