:020000041000EA
:1000000000B5324B212058609868022188439860DF
:10001000D860186158612E4B002199600221596106
:100020000121F02299502B49196001219960352056
:1000300000F044F80222904214D00621196600F024
:1000400034F8196E01211966002018661A6600F04E
:100050002CF8196E196E196E052000F02FF8012189
:100060000842F9D1002199601B49196000215960AB
:100070001A491B48016001219960EB211966A021F2
:10008000196600F012F800219960164914480160C1
:100090000121996001BC002800D000471248134993
:1000A000086003C880F30888084703B5996A0420EC
:1000B0000142FBD001200142F8D103BD02B5186610
:1000C0001866FFF7F2FF186E186E02BD00000240BE
:1000D000000000180000070000035F00212200005C
:1000E000F4000018222000A00001001008ED00E03C
:1000F00000000000000000000000000074B24E7A12
:1001000000200420F7010010C3010010C5010010F9
:10011000C1010010C1010010C1010010C101001097
:10012000C1010010C1010010C1010010C701001081
:10013000C1010010C1010010C9010010CB01001065
:10014000CD010010CD010010CD010010CD01001037
:10015000CD010010CD010010CD010010CD01001027
:10016000CD010010CD010010CD010010CD01001017
:10017000CD010010CD010010CD010010CD01001007
:10018000CD010010CD010010CD010010CD010010F7
:10019000CD010010CD010010CD010010CD010010E7
:1001A000CD010010CD010010CD010010CD010010D7
:1001B000CD010010CD010010CD010010CD010010C7
:1001C00000BE00BE00BE00BE00BE00BEEFF3058054
:1001D000103800BEF2EB887130E8001050E80010D3
:1001E0003802001090A31AE71E481F49086006C88D
:1001F00081F3088810471D480068002801D019487D
:10020000F3E70DA40ECC002902D000F012F8F9E7B4
:100210001749184A002000E001C19142FCD116495B
:100220008847164988471649884700BEFDE701C937
:1002300001C29A42FBD3704750E80010C000002072
:1002400084260020140E0110000004200000042069
:10025000140E011000100420001004200000000003
:10026000704700000000000008ED00E0000000D032
:1002700084260020CC3C0020CD530010DD06001069
:100280008D530010F8B5C0460448054B10B58342A5
:1002900003D0044B002B00D0984710BD84260020CB
:1002A000842600200000000006480749091A8B1028
:1002B000C90FC91810B5491003D0044B002B00D04A
:1002C000984710BD842600208426002000000000EE
:1002D00010B5074C2378002B09D1FFF7D5FF054B4C
:1002E000002B02D0044800E000BF0123237010BDA2
:1002F000102A002000000000D4D30010054B10B5D8
:10030000002B03D00449054800E000BFFFF7CCFFF5
:1003100010BDC04600000000142A0020D4D30010F5
:10032000F8B51E4D2B782C00002B2FD001221C4934
:10033000093BDBB2172B07D80800D840024203D094
:1003400063780134002BF3D120000BF0B3FE0138A9
:100350002018A0420FD90122002611490378093B39
:10036000DBB2172B07D80F00DF403A4203D00670EC
:100370000138A042F2D8AC4207D020000BF09AFE20
:100380002100421C28000AF0FBFFF8BD28000BF0FA
:1003900091FE01382818A842DDD8F6E70C34002079
:1003A00013008000F0B5DE4657464E464546E0B5A0
:1003B00083B00190002876D0019BDB689946002B22
:1003C00068D04B46DB689A46002B59D05346DB6811
:1003D0009B46002B4AD05B46DC68002C32D0E56897
:1003E000002D1DD0EB689846002B22D04346DE68D6
:1003F000002E31D0F768002F09D0F868FFF7D2FF40
:100400003800BF68182103F0CDFB002FF5D1B76885
:100410001821300003F0C6FB002F1DD03E00E9E795
:10042000A5681821200003F0BDFB002D0AD02C0088
:10043000D5E7AE681821280003F0B4FB002EEFD0FA
:100440003500CFE75B469C681821584603F0AAFBAD
:10045000002C0BD0A346BEE743469E6818214046B9
:1004600003F0A0FB002EE4D0B046BFE753469C68E3
:100470001821504603F096FB002C01D0A246A5E7B8
:100480004B469C681821484603F08CFB002C01D099
:10049000A14696E701981821846803F083FB002C9D
:1004A00001D0019488E703B0F0BCBB46B246A94630
:1004B000A046F0BDF0B54E464546DE465746E0B58F
:1004C0000026824C051DA544067104008660C560A7
:1004D00005614661002902D00B78002B08D120006D
:1004E0007B4B9D44F0BCBB46B246A946A046F0BD3E
:1004F000784B04AF98461A00380009F0ABF9434630
:10050000FE54754B3800190003AA98460BF042FCC4
:10051000061EE4D00023994606E04146002003AAC7
:100520000BF038FC061EDAD03D2130000AF03CFA10
:10053000071EF2D04B4603703378002BEDD0437882
:10054000002BEAD030000BF04FFC0600781C09F0BD
:10055000C9F902F0C1FEA3688246002B44D02F00E7
:1005600003E01F009B68002B05D01A699642F8DD56
:10057000DB68002BF9D1BD4236D03B699E4220DAC0
:10058000182003F007FB0023066143613B698346A3
:100590009E4219DB46DD2369BB4277D0380007F065
:1005A00069FD036902009E4273DAFB68002B6DD07F
:1005B0005F4601202B00594607F0A8FD636901330F
:1005C000636153467B61A8E7E3680193BB4209D0AE
:1005D000380007F07FFD036902009E4236DDC368E4
:1005E000002B0FD03A00E3E7182003F0D3FA0023E2
:1005F0004361636983460661002B18D02269136941
:100600009E4214DD5F4601209542D3D0136901203C
:100610009E4200DB0020C0B2CCE73A00002824D183
:100620008E42EFDC1821584603F0BCFAC9E7A768F0
:10063000002F05D13CE00120BB68002BEDD01F004E
:1006400039698E42F7DB0020FB68F6E7A768002FC8
:1006500005D135E00120BB68002B10D01F0039699F
:100660008E42F7DB0020FB68F6E7E3689F42C9D0C3
:10067000380007F02FFD3A0001690700D0E73A0083
:100680000028CDD0019BBB42F2D1BBE73A005F46C8
:10069000BCE7A768002F05D10AE00120BB68002B4A
:1006A000BBD01F0039698E42F7DB0020FB68F6E7FC
:1006B000E3682F00AB42DBD15F462A00012079E7D7
:1006C000019B2F009D42D3D1F6E7C046ECFBFFFF14
:1006D00014040000FF030000D8D30010F0B5DE467C
:1006E00057464E464546E0B5A5B004F0A1FFFA20B6
:1006F000800001F093FD192000F0FCFED023802241
:10070000E1211B0692045A6249029A61774801F07E
:100710007DFE0221042000F0D3FE0221052000F01E
:10072000CFFE0121714801F03DFFE1231B02009340
:10073000002201236E490EA800F0ECF80EA800F08C
:10074000F5F8002800D1CDE001210EA800F0F2F864
:1007500002210EA800F0EEF803210EA800F0EAF83E
:1007600004210EA800F0E6F8624B0F220E2105A826
:1007700000F02AFE604804F0F7FF002303935F4B6C
:100780005F4D98465F4B604E9946584CA3691022C6
:10079000DB0613D41100A36919401A42FAD1236869
:1007A0002A68DBB20A2B42D058498A42EED8B354A9
:1007B000A369511C29601022DB06EBD5002004F050
:1007C0003BFF831C0AD02B680A2839D00D2837D06C
:1007D0004E4A934202D85A1C2A60F05401F0C8FDD8
:1007E00000290FD0FA220023920002F045FA824637
:1007F0005346039A9B1A632B0ED80A20002101F05E
:10080000F9FCC3E7FA21890002F0F8F98246534661
:10081000039A9B1A632BF0D905A800F041FE011E34
:1008200036DB404605F028F853460393E5E7B1541C
:10083000FFF776FD2B68002B0CD100232B60A5E77A
:100840000022F254FFF76CFD2B68002B24D100230B
:100850002B60C3E78023D0279B049B463F067B6128
:10086000310008A8FFF726FE08A90EA800F07CF8C2
:100870005B46BB610A9F002FDFD0F868FFF792FD4F
:100880003800BF68182103F08DF9002FF5D1D4E7A7
:10089000484604F069FFC7E7D0231B069A46802329
:1008A0009B049B4653465A4631005A6108A8FFF7FD
:1008B00001FE08A90EA800F057F853465A469A615F
:1008C0000A9B9A46002BC2D05346D868FFF76AFDB0
:1008D0005046836818219A4603F064F95346002B6A
:1008E000F2D1B4E70A4804F03FFF2DE7008003404F
:1008F000004003403075000004D400101CD40010E8
:100900000C38002020D400100C340020FE0300001E
:10091000DCD3001010B5040082B0049800902000D1
:1009200000F036FC200002B010BDC04610B500F04B
:1009300041FC10BD30B587B000236A4602AD00957A
:100940000193137200F042FC04000098A84203D007
:100950000299013103F026F9002C03D00121200077
:1009600000F0E2FB07B030BDF8B50E00CC680436ED
:100970000700A64212D03800217C00F00BFD051EB6
:100980000DD0606903F08EF80100280000F0E6FB4E
:10099000200007F087FB04008642ECD1F8BD200060
:1009A00007F080FB04008642E5D1F7E78360084B3F
:1009B000426003610022002301608261C361002163
:1009C000026243628262C36230230173C154704782
:1009D00040420F0070B5040005690068290001F06D
:1009E00015FD6068022100F06BFDA068022100F097
:1009F00067FD012200232068082101F097FD20688F
:100A0000012101F0CFFD01232800237302F0D4FB64
:100A100002000B000020054902F03DFB0022044BC0
:100A200002F057FBA062E162012070BD00408F40E0
:100A30000000244002689369DB0607D41021936903
:100A40001942FCD1136893691942F8D07047C04627
:100A500070B50400016100680D0001F0D7FC60680A
:100A6000022100F02DFDA068022100F029FD0122E5
:100A700000232068082101F059FD2068012101F0C0
:100A800091FD01232800237302F096FB02000B0066
:100A90000020054902F0FFFA0022044B02F019FB86
:100AA000A062E162012070BD00408F400000244040
:100AB00070B506000025100010244A1E00280BD037
:100AC00031688B691C4208D18B691C42FCD10B68D0
:100AD00001355355A842F3D170BD2800FCE7C0464C
:100AE00070B50468002A0AD00D008E182021A36971
:100AF0001942FCD12B7801352360B542F7D108218A
:100B0000A3691942FCD1100070BDC04670B5040045
:100B10000D0001F02DFC02F0A7FB00220B4B02F0B0
:100B2000BAFAA061E161280002F046FBA26AE36A1A
:100B300002F0CFFA0022064B02F0A4FA8023002232
:100B4000DB0502F09FFA2062616270BD00408F40B9
:100B500000004040D0B5040001F00AFC02F084FB24
:100B60000022164B02F097FAA269E36902F081FABB
:100B70000022002306000F0002F0F6FA00280FD131
:100B8000206A616A32003B0002F0EEFA002801D1CF
:100B90000020D0BD00220023012022626362F8E71A
:100BA00001F0E6FB02F060FB0022044B02F073FA56
:100BB00000260027A061E161E2E7C04600408F40C7
:100BC000F0B5CE4647468D7948792D0205439146CA
:100BD00080B54B1DAA1E022D33D005267642A846AD
:100BE0000720761A05E001330C54F4180130A242B4
:100BF00013D99C78FD2CF6D1DF78FD2FF3D15F78E7
:100C0000FF2FF0D11F78FF2FEDD14446013CA4B255
:100C10000133A046F418A242EBD8431C9C4643463D
:100C2000DE1D1F0ADBB262464D196C790C54A8799F
:100C300088544B714B468F711E60C0BCB946B0469C
:100C4000F0BD082202230027092694460720EAE780
:100C5000F0B5C64614003023012200B5CA54A57968
:100C600062792D02154380220735ADB28846D20045
:100C7000954239D8FF2323706370023BA370002391
:100C8000AF1EE370022D25D00221012F25D00122B5
:100C9000174B184EA05C1B0248404000315A9BB2D3
:100CA0004B400132190A9742F4D8DBB26219901E08
:100CB000013A037011704046FFF7BCFE2A00210084
:100CC0004046FFF70DFF030000209D4207D180BC86
:100CD000B846F0BD00230021E8E7054BE5E73023E7
:100CE0004246D0540448F2E700220448CA54EEE7D2
:100CF0000202000028D8001017FCFFFF30F8FFFFA9
:100D0000F0B557464E464546DE469B46E0B50023C5
:100D100016005A4613600B33984683B0731C019338
:100D2000731D89460A2700219A468346150009E06B
:100D30004846FFF70FFF002800D088E0013F002F52
:100D40006ED02968434648465A1A7118FFF7B0FE1C
:100D50002968411829604145EAD3C81E032918D0E3
:100D60008C4633000024010002E00133A14262D02E
:100D70001A7820000134FF2AF7D15A78FF2AF4D1DB
:100D80009A78FD2AF1D1DA78FD2AEED06146002862
:100D90006ED1F378002B38D13379FC2B35D85346FC
:100DA0001A785B781B0213438022D20093422CD81E
:100DB000F279552A29D1DA1D424546D1591D4346BB
:100DC0002A00F318013B1B785D469346725C1B02B8
:100DD0001A43002000239446264C325C1F0A5740D9
:100DE0007F00E75B1B029BB201307B408142F4D85D
:100DF000634537D13023002249462800CA545A4659
:100E00003100FFF7DDFE00200EE04A1E30000199A0
:100E10000AF0B6FA2B68013F013B2B60002F90D1FE
:100E200030234A461448D75403B0F0BCBB46B24600
:100E3000A946A046F0BD61460A1B300031190AF0F0
:100E40009FFA2B681B1B2B6078E7904676E7286893
:100E5000002243425841094B49469C463023604496
:100E6000CA54E1E73023002249460448CA54DBE76C
:100E70000400E1E728D8001017FCFFFF46F4FFFF4D
:100E8000F0B5C64616001C00002300B5079A804640
:100E9000137032000F00FFF7DBFE051E19D1337906
:100EA000FE2B1AD0F379052B17D0022B1DD00B2166
:100EB0003800FFF72BFE03E0327923799A4210D0F5
:100EC000220039004046069BFFF71AFF0028F3D0A6
:100ED0000500280080BCB846F0BD30230022FA543B
:100EE000F7E7237A079A1370F3E7F17AB37A0902E6
:100EF000194338000B31FFF709FEE1E7F0B5D6469C
:100F00004F464646C0B51F008323214C1B01A54414
:100F10006B441B8804AC98468023DB009A4605008E
:100F20000E00914600211A00200002F027FEFFA8C3
:100F300052460021143002F021FE002303934B4659
:100F4000237143465A1D03231A20E371114B92B2B9
:100F50006B446271120A1968A27168444246278183
:100F600002F012FE0C4B22006B441B68310001930F
:100F700003AB0093FFAB28001433FFF781FF8123FD
:100F80001B019D44E0BCBA46B146A846F0BDC04630
:100F9000F0F7FFFF340800003808000030B587B0D4
:100FA0000AAC257805AC2570019401240B9D0094B2
:100FB0000295FFF7A3FF07B030BDC04610B586B05D
:100FC000089C0594099C029405AC019404240094A7
:100FD000FFF794FF06B010BDF0B54646D6464F4623
:100FE000C0B51E00BCB0449B04005D680160426057
:100FF0000672002D54D103AB984605AB35009946D7
:101000002D220393092E00D883E0632E6AD9032191
:10101000404607F05BF909AB1800C92240499A46DF
:10102000039F02F0B1FD3000642101F0E7FD2800CC
:101030004E00642101F0E2FD53469B195B780500E8
:10104000BB7053469B5D7B703035EDB206223D7020
:10105000344B009200210022404607F01BFA0500A5
:1010600020002E001430E0602B680836B3424AD0CE
:10107000E360AB6863616B682E60236100230398B3
:101080006B602B72484504D043469968013102F0E9
:1010900089FD20003CB0E0BCBA46B146A846F0BD90
:1010A00007001430E0601E680C3709950F2D07D833
:1010B000012D0DD133782561237500234355E8E7D1
:1010C0000022380009A907F0E3F8099BE06063619A
:1010D0002A00310002F058FD0023099DE0682561D7
:1010E0004355D6E709AD0221404607F0EFF87600F8
:1010F0002800C9220A49039F02F046FDAB195B781C
:101100007B70AD5DA2E76A683100013202F03CFD00
:10111000B1E70121404607F0D9F8039F94E7C046A4
:1011200038D4001030D4001010B50F2400220B006A
:1011300084B06C442270027A016840680093019484
:101140004023FFF72BFF0023002803D123785A42C6
:101150005341DBB2180004B010BDC04610B50F24D7
:1011600000220B0084B06C442270027A016840684F
:10117000009301947423FFF721FF0023002803D17B
:1011800023785A425341DBB2180004B010BDC04668
:1011900010B50400FFF70AFC029B4422E36300231E
:1011A000A354220044322000A364E26422656365F4
:1011B00010BDC04610B50400FFF70CFC002803D09A
:1011C0002000E16BFFF744FC10BDC046F0B5D646E9
:1011D0004F464646C0B5070082B0242014000D00DB
:1011E00002F0D8FC3A002B000094390038328046D7
:1011F000FFF7F2FE44239A46BC6CBA44002C6AD036
:10120000564603E02600A468002C05D0237CAB42A0
:10121000F8D2E468002CF9D1B2455CD0337CAB4203
:1012200020D9182002F0B6FC05744461337C814655
:10123000AB4230D9FC6CB4420AD0300006F04AFF11
:10124000037C0200AB4200D371E0C368002B65D081
:1012500032004E4601205346494606F057FF7B6D4B
:1012600001337B65434674697361002C0CD0230005
:10127000E0681433984203D06169013102F092FCB6
:101280002421200002F08EFC404602B0E0BCBA46A9
:10129000B146A846F0BDAB4218D23B6DB34269D00F
:1012A000300006F0E7FE037C0200AB425ED8BE6C65
:1012B000002E05D161E00120B368002B29D01E006B
:1012C000317CA942F7D80020F368F6E71821484698
:1012D00002F068FCC6E7182002F05CFC00234361C2
:1012E0007B6D81460574002B03D03A6D137CAB42B5
:1012F00014D3BE6C002E05D13FE0B3680120002B53
:1013000007D01E00317CA942F7D8F3680020002BDB
:10131000F7D13200002819D18D42D7D94E4601208D
:10132000924598D0107C85428041404293E7BE6C44
:10133000002E05D129E00120B368002B10D01E003B
:10134000317CA942F7D80020F368F6E7FB6C9E4297
:10135000E4D0300006F0BEFE3200017C0600DBE780
:1013600032000028D8D0B442F3D1D7E7F368002B7D
:1013700000D06EE732004E46D4E7FB6C564653452C
:10138000E7D14E465246012065E75646A245E0D1D8
:10139000F7E7C0460200806C10B54432002810D038
:1013A000140003E004008068002805D0037C8B4211
:1013B000F8D2C0680028F9D1A24202D0237C8B4227
:1013C00000D910BD6069FCE770B504000125080074
:1013D00021606260A36000F08DF82A002368D026A7
:1013E0009A40360672626068B26100F083F8636802
:1013F00020009D40B56270BDF0B501242200036855
:10140000D027C6469A4006003F0600B505200021B9
:10141000BA6100F0EFFE220033680A209A400021F2
:101420007A6100F0E7FE33689C40BC6100F0A0FFE9
:10143000012304000D009846414673687A6899407C
:101440000A420DD100F094FF001BA941B3680029A6
:1014500001D19842F0D90120404280BCB846F0BD8D
:1014600000F086FFD0231B0604000D0098460127DC
:10147000434639005A68736899400A420AD000F01E
:1014800077FF001BA941B368002901D19842EFD929
:101490000248E2E700F06CFF001BDEE7D6380000F0
:1014A00010B5FFF7A9FF002805DB64230349584363
:1014B00001F07CFB10BD01204042FBE7460200002A
:1014C000094A83009A1810B51468402254408032AB
:1014D0002240064CC000A44663441A60044B9C465C
:1014E0006044416010BDC04604C0014004D00140CA
:1014F000004001400123D022834012069362936191
:10150000094A83009A1811684022514080320A40EB
:101510000649C0008C4663441A60054B9C4605236F
:10152000604443607047C04604C0014004D001409D
:10153000004001408023DB051868000F7047C0465B
:101540000FB400B5084883B004F00EF9049B002BDB
:1015500007D005A91800019103F0DEFE034804F04E
:1015600003F9012003F0F0FE04D5001014D500109B
:1015700070B5EFF3108C72B60D4D2B68002BFCD0BC
:10158000BFF35F8F0724CB08C618C05C01230C4053
:10159000A3401C000440034207D118433070BFF33E
:1015A0005F8F2C608CF3108870BD1000FFF7C8FFB0
:1015B0002C0100D0F8B54746CE46884680B5EFF3FB
:1015C000108C72B6214D2C68002CFCD0BFF35F8FBD
:1015D0009A422CD8D4080727055D06190124174024
:1015E000BC402C421FD007210127894609E0D408BE
:1015F000055D06194C4639001440A1400C002942F3
:1016000011D001329342F2D201204042BFF35F8FEA
:1016100000220E4B1A608CF3108800280FDBC0BC30
:10162000B946B046F8BD254310003570EEE7BFF36C
:101630005F8F00232B608CF31088012040424346CB
:10164000002BECD00898FFF77BFFC0462C0100D0A0
:10165000044A1078431CDBB2172B00D910231370F7
:101660007047C046041F002010B5064B064C82B0E0
:101670000100009318221F232000FFF79BFF02B0F8
:1016800010BDC04618D50010043400200021044BC2
:10169000044ABFF35F8F02C39342FAD17047C0463A
:1016A000000100D0800100D0054B064A1360064AB5
:1016B000136053609360D36013615361936170470B
:1016C0008080808000E400E004E400E01F231840F4
:1016D0001E3B8340002905D0C021044A49005350D5
:1016E00013607047802201498B50FAE700E100E067
:1016F00001228240034B1B6813405A1E9341D8B20B
:101700007047C04600E100E001238340014A1360B6
:101710007047C04600E200E0064B10309B68800036
:10172000C358054A00209B1A2F229A424041C0B25A
:101730007047C04600ED00E0081F002070B50D00A6
:10174000EFF3108672B60F4A1368002BFCD0BFF37C
:101750005F8F0D4B10309B6884001B590B4A9342DE
:1017600003D09D4201D001F043F9074B9B681D5106
:10177000BFF35F8FBFF35F8F0022024B1A6086F3C7
:10178000108870BD240100D000ED00E0CD010010F4
:10179000F0B557464E46DE464546E0B585B00600F4
:1017A00000911700EFF3108B72B66A4A1368002B92
:1017B000FCD0BFF35F8F0025674B5D579A46002D25
:1017C00000DAA9E06B00654C01935B199B00984619
:1017D000A146C1444B4652469B7910361370604B6C
:1017E000B6009B6899590B1B2F2B33D95D4B99423F
:1017F00000D0ACE0019B42469C465B4B6544AD008B
:1018000063535A4B0232A218043B9B1A1B05584AD9
:101810005B0D651913436B80564B0121AB80FF2391
:10182000AB71009BEF71AB604B460B4319004C4B07
:101830009B689951BFF35F8FBFF35F8F0022454BC9
:101840001A608BF3108805B0F0BCBB46B246A946BF
:10185000A046F0BD01200A008243D3798C46BB42EA
:1018600031D84546130044491B1B5B415943090DC0
:101870003D4B63533D4B02356519043B5B1B1B0518
:101880003B4D5B0D2B43AA464D466B800425AC4671
:101890005546E044131F44441B1B1B055B0D1D43B1
:1018A0004B46997100999D8099604946DF71334B91
:1018B00001431360BBE75800C01880002018C179AD
:1018C000B9422FD902000623D356002BF3DA029334
:1018D0002B4B61460393131D9A4604235B429C469F
:1018E000E14450464B461B1A1B055B0D9C46204BA2
:1018F000957198466346404603439380019B5A196D
:101900009200039BA418A380029B1C4AA371009B16
:101910002260E771A3608AE701F06AF80025534668
:101920005D574FE7908802934005131D9A460315B3
:1019300061469C464046D444634604302018181A39
:10194000E0230005400D1B0218430390C5E701F09A
:101950004FF84FE7240100D0C53C0020081F0020AD
:1019600000ED00E0CD01001000A1FFFF381F0020B6
:1019700000E0FFFF01BDFFFFAAAA00000148804769
:1019800001BD000070B501240443EFF30581EFF3BE
:10199000108C72B6214A1368002BFCD0BFF35F8F06
:1019A0001F4B05001F4AED1A6D416A43120D1E4D73
:1019B0008900AE6852B27658A6421CD0062159560C
:1019C00091421CD012215956914222D01E215956C3
:1019D000914220D02A2159560324914210D0134B12
:1019E00019781A708171BFF35F8F00220B4B1A6058
:1019F0008CF3108870BDAB680D4C5C50EFE7002491
:101A00006100091989005B18FF21997109499980C2
:101A1000E5E70124F4E70224F2E7C046240100D000
:101A2000081F0020AAAA000000ED00E0C53C00202D
:101A3000CD01001001BDFFFF10B5084B084C82B06E
:101A400001000093002205232000FFF7B3FD0028CA
:101A500001DB1F23181A02B010BDC04634D5001098
:101A6000C93C0020024B9C466144890001607047DC
:101A70004000003470B5114C114DAC420FD2FF261E
:101A80002368002B0CD0FFF7E3FD01002000FFF7D7
:101A9000E9FFA680BFF35F8F0834AC42F0D370BD7E
:101AA000FFF7D6FD01002000FFF7DCFF2671BFF332
:101AB0005F8F0834AC42E3D3F1E7C0467C260020B8
:101AC0008426002010B50400FFF7C2FD01002000AD
:101AD000FFF7C8FFFF232371BFF35F8F10BDC04620
:101AE00010B504000120FFF7BFFD034BC3189B0096
:101AF0002360BFF35F8F10BD40000034034B9C4652
:101B0000614489000160BFF35F8F7047400000347B
:101B10000A4B1968EFF3108072B60A68002AFCD0ED
:101B2000BFF35F8F1B68BFF35F8F00221A6080F3E3
:101B3000108840BF002000217047C046A03C002014
:101B4000F0B5DE4657464E464546E0B583B0EFF366
:101B5000058203231340B54A9900525800919046DC
:101B600001229A409346B24B1A60B24B01935B46F6
:101B7000B1484363434608229B5E9946002B3ADAFC
:101B800043469B881BB2002B00DB9DE043469B79BC
:101B9000002B00D0E1E0434608241C5F002C20DB32
:101BA00043465A6963001B19DB00D3189D68DC6843
:101BB0006B1C00D103E1A048009984466144826A0D
:101BC0000B69AE1A9B1A9E4213D35A46036A1A42F5
:101BD0000FD0994800F0C4FB8C4202DCC7D185428B
:101BE000C5D940BF03B0F0BCBB46B246A946A0462B
:101BF000F0BD0D61EDE7424652695B0092464B44F1
:101C0000DB009A4453469E68DF6800F0A9FB8F42D0
:101C1000B6DC00D1F8E0002F00DAD9E05246534696
:101C200054691B69019A934200D1CCE04146524667
:101C30000820085E528800042100104398470400E1
:101C40000D0023002B4300D1C2E0002D00DBDFE0BC
:101C500030003900001BA94153469860D96000222A
:101C60009A5E002A00DA8BE743465D6953009C18B0
:101C7000E4002C19A768E4688C4200DD80E702D1FB
:101C8000874200D97CE74646328108360DE08C4217
:101C900000D1C6E01E000023F25E002A0ADB5300DA
:101CA0009C18E4002C19A768E4689B18DB00EB186B
:101CB0008C42ECDD53461A804B46338043469B886A
:101CC0001BB2002B00DA61E743461A69EFF310817B
:101CD00072B61368002BFCD0BFF35F8F43469E881B
:101CE000012342465B42938036B21369BFF35F8F94
:101CF00000221A6081F31088002E00DA46E743467E
:101D00005D69083342469C467700BF19FF00EF1912
:101D1000BB68604698460823D15E9246FC6800295D
:101D200007DA0EE0A24246D018000023C15E002967
:101D300006DB4B005B18DB00EB18DA68A242F1DD32
:101D4000524606800023FE5E3980002EDCDA904683
:101D500043469B79002B00D11DE700234246937137
:101D6000434646460821595E08364B1C00D138E7E9
:101D700047468946556902E006004B1C18D04B00C7
:101D80005B18DB00E8180A008C46E95E43881BB24A
:101D9000002BF1DA01235B42DC178360C4604A4503
:101DA00003D031803B8903803A81E1464B1CE6D168
:101DB000B8464C46F2E69A684245B5D9C0E7631C7E
:101DC00000D0F8E605E7200023699847002825D1D0
:101DD000534642461B8813811269EFF3108372B693
:101DE00011680029FCD0BFF35F8F424651465288EC
:101DF0000A804246494651801269BFF35F8F002135
:101E0000116083F31088BBE6864200D803E7B7E68B
:101E1000094800F0A5FA001969411DE765682468C2
:101E20000FE7874200D835E744E7C046843C0020EE
:101E30003C700540411B00100040054070B52E4C21
:101E40002569002D04D00A212C48FFF70BFE70BD38
:101E50002B4E0321300000F079FAE660FFF7F8FB23
:101E6000284B03229C46D02322701B061B680121AD
:101E70006370254B6044A3600F2380002061022023
:101E8000638063694942A180198002311986473114
:101E90001D83585218315A5275325C399952183292
:101EA0000131995218320131995218320131995247
:101EB000083518329D5202311832995218320131C8
:101EC000995218320131995218320131995218320F
:101ED000013199521832013199520C4B0C49DC6096
:101EE00001303562FFF72AFC01210320FFF7EEFBEA
:101EF000084B1D60A7E7C046501F0020A03C0020F3
:101F00000040054040000034FFFF1000843C0020EA
:101F1000411B00103860054000487047501F0020EA
:101F2000F8B51F0008AB1B7804001600002B08D181
:101F300000F01EFA32003B00121A8B41002B00DA2F
:101F400053E02269EFF3108072B61368002BFCD0C7
:101F5000BFF35F8F0223E15E63694A005218D2002B
:101F60009B18002937DB1A8862802269BFF35F8FD4
:101F70000025156080F31088069A9E60DF601A6164
:101F8000079A5A615A8801325204520C101C002AD6
:101F90001FD082B25880080410432669EFF31087DF
:101FA00072B63268002AFCD0BFF35F8FA2881A8015
:101FB000A1802369BFF35F8F00221A6087F3108826
:101FC0000B4923788C4601329A40E36863441A60D7
:101FD000F8BD0120DDE72369BFF35F8F00221A609F
:101FE00080F3108801204042F2E70020F0E7C0466D
:101FF0003C20000070B501000469EFF3108C72B64C
:1020000020680028FCD0BFF35F8F02200D5E4C6972
:1020100068004019C0002418002D37DB2088488054
:102020000869BFF35F8F002606608CF31088E360B9
:1020300063880498013320615B0405985B0CA260FF
:1020400060611A1C002B1FD093B2280462801843D1
:102050000A69EFF3108C72B61368002BFCD0BFF343
:102060005F8F8B8823808D800B69BFF35F8F002289
:102070001A608CF310880B7801329A40CB680849BB
:102080008C4663441A6070BD0122DDE70B69BFF323
:102090005F8F00221A608CF3108801204042F2E723
:1020A0003C20000010B543890A1493421ADD530006
:1020B0009B184269DB00D3180469EFF3108C72B6E9
:1020C0002268002AFCD0BFF35F8F5A88090494B2BB
:1020D000090C8A4208D00369BFF35F8F00221A609F
:1020E0008CF31088002010BD8022120214435C8003
:1020F000012302698371BFF35F8F002111608CF3AC
:102100001088044902788C469340C26801206244DA
:102110001360E8E73C20000040787047F0B5040009
:102120000D0006267642F717C64636196F4100B5F0
:1021300082B08F4214D811D000F01AF932003B005F
:10214000121A8B41002B17DC002B47D020002900EE
:1021500000F04CF902B080BCB846F0BD8642EBD925
:102160000022002316001F0000F002F932003B009D
:10217000121A8B41002BE7DD00F0FAF832003B0029
:10218000121A8B41002B0ADB00230193154B3200FE
:10219000009315483B00FFF72DFF0028D6DB0023F6
:1021A0009C46B046114A124E736A9F4204D8B16AE7
:1021B0008845CBD99F42C9D11168EFF3108072B620
:1021C0000B68002BFCD0BFF35F8F1368BFF35F8FEA
:1021D0006146196080F3108820BFE5E7002AB5D07A
:1021E000CAE7C046111B0010501F0020A03C002071
:1021F0000040054070B504000D0000F0B9F88023E0
:10220000001969411B06994202D30120024940424C
:10221000FFF784FF70BDC046FFFFFF7F70B506006B
:1022200000F0A6F8FA2204000D000023300000217F
:10223000920001F0E1FB8023001969411B069942DD
:1022400002D3012002494042FFF768FF70BDC0463B
:10225000FFFFFF7FF0B5D6464F464646C0B50400A7
:102260000D0082B0EFF305878946002F0ED0344968
:1022700000204B6AAB4203D38A6A0130A24226D3C4
:1022800002B0E0BCBA46B146A846F0BD2D4B984618
:10229000DB689A46434650461E7800F061F80B0012
:1022A000514602000436B600715820008E1A2900EB
:1022B000801A99418F4211DC0ED020BF204A0020A5
:1022C000536A4B45DCD3926A0130A242D8D25B1BE1
:1022D0005A1E9341D8B2D3E78642EED900F048F8AF
:1022E00022002B00121A8B41002B1ADB00230193D2
:1022F000154B2200009340462B00FFF77BFE011E8A
:102300000FDD0F4B5A6A4A4517D39B6AA34212D37B
:102310004046FFF7C7FE0A4A0020536A4B45AFD339
:10232000D1E7074A0020536A4B45A9D3926A01209E
:10233000A242A5D2CBE74A45EAD120BFE8E7C04692
:1023400000400540501F0020111B001010B5024A2C
:102350000248FFF70DF910BD50D5001008340020D9
:102360000300416A0A00986A596A8A42FAD17047A2
:10237000034B596A0A00986A596A9142FAD1704728
:102380000040054070B504000D00174A536A19005B
:10239000966A536A8B42FAD13000190024184D41D5
:1023A000AB4216D813D0104A2B00526A954203D97B
:1023B0000D494A6A9A42FCD39A4207D10A4A02E07E
:1023C000516A994202D1916AA142F9D370BDA642E5
:1023D000E9D9054B5B6A1C005A1CEFD0012301248C
:1023E0006442E5175B42E3E700400540064A536A52
:1023F0009942FCD807D1044B02E05A6A914202D1BB
:102400009A6A8242F9D3704700400540F8B504004B
:1024100006200D0000F0E2F9002844D0374B38497F
:10242000E3185A1E93418022120494465B429B0D8E
:10243000344A9B0563441360334A136018000A68EA
:102440009043FBD12D4B314AE31859424B41802137
:102450005B0049000620995200F0C0F92900C00035
:1024600000F0CCFB0130C3091ED14027012262627B
:10247000A362266BF30722D4E36A254B0620E518F6
:1024800000232B60266300F0A9F93900800000F0DA
:10249000B5FB7023E26A5A400E3313402B601D4B8C
:1024A00023630323A364F8BD1B4A93421ED9002370
:1024B0001A4A1B4F6262A362266BF307DCD5194BE5
:1024C000144AE3181A60656AA36A0620AD01ED1884
:1024D00000F084F9144900F091FBAD0201002800DE
:1024E00000F08CFB0021FFF74DFFC5E74006800E92
:1024F0009F011A003F180300B9E7C0460080FCBFE7
:1025000008C0004000E0004000F00040AC3C00206B
:102510002C10000001030000FEFF0000FFFF000080
:10252000C0FF3F00303000004E0E00000539013A78
:10253000F8B5D2004C0105001443002B06D0013B36
:102540005A4253419B00234302241C432E6BF30742
:1025500008D46E23EA6A624013400E4AAA18136038
:102560002E63F8BD0C4B0D4AEB181A606F6AAB6A0C
:102570000620BF01FF1800F031F9094900F03EFBC9
:10258000BF020100380000F039FB0021FFF7FAFE1E
:10259000DFE7C0462C1000003030000001030000CF
:1025A0004E0E0000F8B5066B04000D01F30708D4C9
:1025B000E36A5D4010231D400D4BE3181D60266348
:1025C000F8BD0C4B0C4AC3181A60476A836ABF01F6
:1025D0000620FF1800F002F9084900F00FFBBF02C7
:1025E0000100380000F00AFB0021FFF7CBFEDFE717
:1025F0002C10000030300000010300004E0E0000DF
:10260000F8B5DE464E4657464546E0B58B460500D2
:102610000A991800160000F0F1FA0A9B6C001F02DC
:10262000324B64199C46A4006444636881469F420F
:1026300000D967602B1FDBB29846012B30D9C0232D
:1026400080229B01E31812011A60294BAD005959F1
:102650009A4600291BD17301E026226853401E4090
:10266000802342465B01E3181E60012A30D9802393
:1026700080229B01E31812011A6053464A466760A4
:102680005A51F0BCBB46B246A946A046F8BD5869AF
:1026900000F0B4FA013043001B18033BFDD2DAE727
:1026A0005B46012BCBD1C02303229B01E3181A60A8
:1026B000023AA3681A42FCD07301E0262268AD00FA
:1026C00053401E4080230A4A5B019246E3181E6075
:1026D0005A462168514003220A401A6001225B4693
:1026E0009A40A3681A42FCD0C1E7C046008000406F
:1026F00010380020F0B546464F46D646C0B51F00FC
:10270000344B44009C462418A40064446368884603
:102710001600FF2B02D880235B006360031FDBB22F
:102720009A46012B30D9C02380229B01E318120165
:102730001A60294B85005959994600291BD173010C
:10274000E026226853401E40802352465B01E31876
:102750001E60012A30D9802380229B01E3181201D8
:102760001A6080235B0063604B465F51E0BCBA4651
:10277000B146A846F0BD586900F040FA0130430068
:102780001B18033BFDD2DAE74346012BCBD1C02314
:1027900003229B01E3181A60023AA3681A42FCD094
:1027A0007301E0262268850053401E4080230A4AB8
:1027B0005B019146E3181E604246216851400322A6
:1027C0000A401A60012342469340A2681342FCD09B
:1027D000C1E7C0460080004010380020014B800057
:1027E000C058704710380020F8B5040021481E007A
:1027F00017000D0000F002FA0100380000F0FEF9A9
:10280000069B36041B031E432368002B20DB1A4B58
:102810001A49E3185A1E93418022920194465B4262
:102820001B0B174A1B0363441360164A13601F00F7
:102830000A689743FBD1144B2560E2182123A0605E
:1028400013602368002BFCDA0823E6601360F8BDF0
:102850003F2322681340AB42D9D1A3681B051B0D4F
:102860008342D4D1EE22E368D2021340B342CED1E8
:10287000EDE7C046001BB7000040FDBF08C00040A8
:1028800000E0004000F000400430000010B580245B
:102890001C4BE4051C6000281AD001231A4C184375
:1028A0001A4BDC611A4C44401C62596298628021C8
:1028B000144BC9051960174817490860E021C9047D
:1028C0001960002A07D18022144B12061A6010BD2D
:1028D0000E4BD861EBE753019B1A9B009A1880239B
:1028E00012015B049A4209D213000D490B60074B99
:1028F0005A608022094BD2051A60E8E7094B1A009A
:10290000F3E7C04600B00540D3C007B000800540E3
:102910002D3FF84FFCFF01000820014000A00540BA
:10292000743C0020FFFFFF008023024A9B000B4302
:10293000D362704700800540142310B50100188849
:1029400004331B88984710BD162310B50100188862
:1029500002331B88984710BDF8B54746CE4680B570
:102960000F1E19D0142399460433040000250126B4
:1029700098464B461888434621681B88984701C4EF
:10298000431E9841013540420640AF42F1D130002C
:10299000C0BCB946B046F8BD0126F8E7142370B5AF
:1029A0000400188804331B880D000549984703006C
:1029B0000020002C01DB0130A04029009847C046D0
:1029C00055420000AA23064A1B0113608D235B00B9
:1029D000D3600449044B19605368002BFCDA70473C
:1029E0000040024000B0FA00006002407047C0465C
:1029F00010B50148FEF7A4FD74D5001070B5074D61
:102A0000074EB54209D20024013E761BB60808CD18
:102A1000984723000134B342F9D170BD88D3001028
:102A2000C4D30010054B064A06491A60064A074BF4
:102A30001A6010000B689843FBD1704700E000401B
:102A4000BFCDFBFE08C00040FE7F3C0000F0004010
:102A5000044BDB6C002B03D18022034BD2021A60A3
:102A60007047C046000011504C201150044A054BDD
:102A70001A60054A1368DB018033FBD17047C046FA
:102A8000FFFFFF0100F0004008C000404022034B60
:102A90009A675A671A67DA667047C04600F00140C5
:102AA00010B5FEF7F3FD10BD70B5044D044CA968D8
:102AB000C022200001F068F8AC6070BD00ED00E0BD
:102AC00000000020002310B5294C82B0A367FFF757
:102AD00079FF0122274B1A60636C012BFCD1032282
:102AE000254B1A60224A936B012BFCD101330093D2
:102AF0000121224A22480433FFF776FE05230121F3
:102B00000093204A2048FFF76FFE00220221042094
:102B10001E4BFFF7EFFD0022012105201C4BFFF7A4
:102B2000E9FD0022002107201A4BFFF7E3FD0022F8
:102B300000210820174BFFF7DDFD8023DB00009309
:102B4000002200210920134BFFF75AFD0022104BF1
:102B500000210620FFF7CEFD0420FFF73FFE0E49BF
:102B600000F04CF801000020FFF7DEFE02B010BDBF
:102B7000008000403CB0004030B00040002F685959
:102B800000800240008C864700C00240001BB70056
:102B900040597307006CDC0240420F0001480421D9
:102BA000014B1847701F002059290010124A936FDB
:102BB0009B0815D29066D166002905D0FFE7FFE794
:102BC000FFE7516F106F704704B580210906C217E7
:102BD0005140002800D0C8430AF05EFB002104BD2C
:102BE000F0B5146E556E576F166FFFF7E3FF14665E
:102BF000556657671667F0BD000000D0114A936F05
:102C00009B0813D210665166002905D0FFE7FFE745
:102C1000FFE7516F106F704704B5002801D0002006
:102C2000C0430AF039FB002104BDC046F0B5146E64
:102C3000556E576F166FFFF7E5FF146655665767B9
:102C40001667F0BD000000D094464A4A926F920881
:102C5000624601D228E0C046F0B5464E346E756E2D
:102C6000776F366F00F020F89446424A1466556636
:102C7000576716676246F0BD94463E4A926F9208C7
:102C8000624601D254E0C046F0B53A4E346E756EDD
:102C9000776F366F00F04CF89446364A14665566E6
:102CA000576716676246F0BD002B24DB11D0002960
:102CB0003EDA00B5C943404200D1013100F038F896
:102CC000C943404200D10131DB43524200D10133BC
:102CD00000BD002AEBD1002801D1002905D0002039
:102CE000C90FC90701D1C043410800B50AF0ACFAC9
:102CF0000022002300BD00B500290ADBDB4352425D
:102D000000D1013300F014F8C943404200D1013131
:102D100000BDC943404200D10131DB43524200D1E2
:102D2000013300F005F8DB43524200D1013300BD0E
:102D3000002923D1002B18D1002A0CD0BC460D4FFE
:102D400038667A6600210023FFE7FFE7FFE77A6F26
:102D5000386F67467047002801D00748010000B56A
:102D60000AF072FA0022002300BD02000B000020CE
:102D700000217047000000D0FFFFFFFF002B00D0B4
:102D8000BFE0130C28D1002AE7D080B4114F396678
:102D90007A66FFE7FFE730B4040C7B6F396F1B04E2
:102DA00023433B667A66FFE7FFE7FFE7C04684B24E
:102DB0007B6F3D6F1B0423433B667A66FFE7FFE7AB
:102DC000C04600232C042D0C7A6F386F001969411E
:102DD000B0BC7047000000D0F0B594460025140E3A
:102DE00001D112020835140F01D112010435940FDC
:102DF00001D192000235D40F01D152000135D40B1C
:102E00000134254F7C66254C3C660E0C93B2FFE7DF
:102E1000FFE7FFE73C6F6643360C7703BE4673431C
:102E2000DF0B5B04C01AB941130C7343DB18C91ADA
:102E3000CE086643360CB64493B273431F0F1B0192
:102E4000C01AB941130C73431F0B1B05C01AB941BB
:102E5000860D8F023E436643360C092D24DB520A51
:102E60007243801A7703460A6643360C16235B1BAF
:102E7000DE40DF40BF1964466643821B704604355E
:102E800006330100D940A840C01900D30131A24245
:102E900006D20023F0BD0000000000D0FFFFFFFFBE
:102EA000121B0130F3D3F1E709277F1BFE40644674
:102EB000A2B27243801A00D20139220C7243130C61
:102EC0001204821A99410B00704604351337010031
:102ED000F940A840801900D30131002B02D1A24251
:102EE0000AD2F0BD013000D30131121BFAD2013BEE
:102EF000F8D1A24200D2F0BD013000D30131121B43
:102F0000F7E7F0B51C0C00D080E00CB400251C0ADB
:102F100004D11B02160E3343120208351C0B04D1D8
:102F20001B01160F3343120104359C0B04D19B0087
:102F3000960F334392000235DC0B02D192185B41AD
:102F400001351C00971864410134464F7C66464C9D
:102F50003C660E0CFFE7FFE7FFE7C0463C6F6643A9
:102F6000360C7703BE4697B27743C01B00D20139B7
:102F7000C01B00D201399FB27743C91BC91B170C74
:102F800077437E04FF0B801BB941CE086643360CA5
:102F90000C2D33DBB644120B1F053A431B0B97B2C3
:102FA0007743C01B00D201399FB27743C91B170C6E
:102FB00077433E043F0C801BB941860D8F023E4390
:102FC000664329277F1BFE400C3D7746AF40BF1963
:102FD00030BCA2B2ABB272437343801A9941220C47
:102FE0007243130C1204801A994102000B0001373E
:102FF000001BA941F9D2781E0021F0BD0C277F1BD0
:10300000FE4077467F0BAF40FF19E0E700245D1CD0
:1030100007D0144F7D663966FFE7FFE7FFE7FFE75C
:103020003C6F95B29EB265436643401BB141150C9F
:103030001E0C6543664336042F0C3E432D04401B93
:10304000B141994204D202000B0020000021F0BDE2
:1030500001D19042F7D3801A994101349942F2D3B9
:10306000F6E70000000000D0FFFFFFFF48404140AE
:10307000484018B41B4B5B68FC46019308BD04DF55
:10308000C733001018B4174B1B68FC46019308BDEA
:1030900000DFD13300109446134A926F920809D290
:1030A000624618B40F4BDB68FC46019308BD0CDF89
:1030B000893600100C4AF0B5146E556E576F166FB6
:1030C0006246FFF7EEFF084A1466556657671667B3
:1030D000F0BD18B4034B9B68FC46019308BD08DFA4
:1030E0002D35001010280020000000D0FFB5504002
:1030F0004240504059404B40594000E0FFB5154F09
:103100004C00640D03D0BC4204D10C0314D8002041
:10311000090D09055C00640D03D0BC4204D11C03F9
:103120000AD800221B0D1B0501264B4009D44B4039
:1031300003D58B4200D18242FFBD9942FCD190421F
:10314000FFBD0B43DB1803431343F5D0C9434918B4
:10315000FFBD0000FF07000000B5FFF7CFFF01D063
:10316000002000BD012000BD00B5FFF7C7FF804172
:1031700000BDC04600B5FFF7C1FF01D9002000BD6A
:10318000012000BD00B5FFF7B1FF01D9002000BD4F
:10319000012000BD00B5FFF7A9FF804100BD01205F
:1031A00040054A00121804D85A00121801D800200D
:1031B00070470120704700000021002805D17047AA
:1031C000C1174840401AFAD0C90713B5064B1B680F
:1031D00098470CBC441CA2401005120B0349091B64
:1031E00009051943114310BD9C3C00201F04000039
:1031F00010B54C00620D8023D218DB00D21A5B059B
:103200007E2A10DD9E3A13DACC17090349081943C8
:103210005242D140640001341532202A05DAD040F0
:103220000843604310BD002010BD0846604310BD38
:10323000C80FC018013810BD18B4044B5B6AFC46B7
:10324000019308BD24DF3938001000001028002049
:1032500018B4044BDB6DFC46019308BD5CDF4539B7
:10326000001000001028002018B4044B5B6EFC46D0
:10327000019308BD64DF3D390010000010280020D4
:10328000C94211D300B549004908002200F018F8DE
:10329000002904D4002240428A41114600BD802109
:1032A0000906002000BD000018B4044BDB6EFC468C
:1032B000019308BD6CDF4738001000001028002083
:1032C00018B4044B9B6FFC46019308BD78DF63384C
:1032D000001000001028002018B4044BDB6FFC46DF
:1032E000019308BD7CDFD1380010000010280020B9
:1032F000132370B51D78012D19D014DD1F48FFF779
:1033000023FB06001E48FFF71FFB1E4C80223100E6
:10331000200000F039FC022D2DD01B48FFF70CFBDC
:103320001A4B186070BD1A4B164CA364F5E7184B86
:10333000144C23606360A360E36023616361A36155
:10334000E36123626362A362E36223636363A36353
:10335000E36323646364A364E36423656365A36533
:10336000E36523666366A366E36623676367A36713
:10337000E367A364D1E7064BA364CEE753440000A0
:1033800053460000102800204C3300009C3C0020D5
:103390009533001007B5604601880A0A0230DF2A1B
:1033A000FAD1C9B2820804D30288408800041043CD
:1033B00000E00068014A5050039007BD102800202B
:1033C0000FB403BC0CBCF0B50124E407634000E07B
:1033D000F0B50C0DCF0F661E3605891B640503D3AF
:1033E000C943404200D30131640D03D0661CF60A84
:1033F00007D0E41B00207F00791C89078912803CDC
:1034000024031D0DDF0F6E1E36059B1B6D0503D3B8
:10341000DB43524200D301336D0D03D06E1CF60A1C
:1034200007D0ED1B00227F007B1C9B079B12803D79
:103430002D032F1B661B58D4A446202E46DA2037B6
:103440001400BC401D00BD40F24033412A438018A7
:103450005941CB0F05D0C943C043002264425041BB
:10346000514162464D0D28D10D0D07D100281FD0C6
:10347000241940414941013A0D0DF9D0640006D3A9
:10348000013000D30131002C01D140084000013A45
:103490000BD4941CE40A04D112051144DB0719442F
:1034A000F0BDD907204B194300E0D9070020F0BD3B
:1034B0000029DDD1002CDBD1F0BD0132C607400868
:1034C000CD0728434908002EE1D0D9E73C2E29DA60
:1034D000203E40371400BC4000D00124F240144389
:1034E0001A00BB401C43D317ACE7AC46202F08DAC8
:1034F00020360400B4400D00B540F840394128435F
:10350000A5E73C2F0CDA203F40360400B44000D041
:103510000124F84004430800B1400C43C117EAE716
:1035200010001900002494E70000F07FF0B50C0DA6
:10353000661E3605891BE60A6405640D02D0651C0B
:10354000ED0A04D0002001210905803C2403A44693
:103550001C0D671E3F05DB1BE70A6405640D02D0E6
:10356000651CED0A04D0002201231B05803C2403C6
:103570007740644497B484B296B27443070C7E4398
:10358000150C6F4380B26843361802D30120000443
:103590003F183004350C00197D41844688B29AB238
:1035A00050430C0C62431F0C7C438EB27E43921935
:1035B00002D301263604A4191604170C36186741E5
:1035C00001BC81B29AB25143040C62431B0C5C43B0
:1035D00080B25843121802D30120000424181004AA
:1035E000130C401863412D185E410020474106BC72
:1035F00088B293B258430C0C6343120C544389B203
:1036000051435B1802D301210904641819041A0CF0
:10361000091862416D1856410020474118BCF90253
:10362000720D1143F0026A0D1043ED020A0D03D131
:103630006D1940414941013B124E9B1B7600B3423C
:103640000ED26D0007D30130002671416646354326
:1036500001D1400840001B05C918E4072144F0BD12
:103660000BDA013306D1013004D101314F0D01D005
:103670004908F2E7E1070020F0BD013631050020DE
:10368000EBE70000FF030000F0B51C0D671E3F05CF
:10369000DB1BE70A6405640D02D0661CF60A04D041
:1036A000002201231B05803C2403D0252D06002683
:1036B000F6432E661E096E66CE0FF619B446490013
:1036C0004F0D02D07E1CF60A03D000200021403F9F
:1036D0003F033E1BB600B444013F7F05C91B4908A8
:1036E0002E6F013676089C02950D25437543ED1328
:1036F0007543AD1301356D10F603761B0CB4CC0287
:10370000450D2C43A2B2B3B25A43270C7B43350C70
:103710006F43A4B26C431B1902D3012424043F1944
:103720001C041D0CA4187D4124196D41009A91B20E
:10373000ACB26143170C7C432B0C5F4392B25A43EB
:10374000A41802D301221204BF182204230C521819
:103750007B41019C6C431B19520ED9010A43440161
:10376000A01A81B2B2B2514303145A43360C7343C8
:1037700087B27743D617D21900277E4136049B19AA
:103780001704160C7F185E417316ED18F30100261E
:1037900080337541A90F06D16400690AE8055B0A08
:1037A000184309D22FE00422944480337541A90ABA
:1037B000A8059B0A184326D3404149412404009A96
:1037C000019B0D005543641B4343E41A95B286B236
:1037D0007543170C7E43030C5F4392B25A43B618ED
:1037E00002D301221204BF183204330C52197B4158
:1037F00052429C41002C02D4002201305141400829
:10380000CA071043490802B06246D7079210084B16
:10381000D218084B9A4203D212058918C919F0BD73
:103820000020002A01DC3900F0BD01331905F5E75D
:10383000FD030000FE070000002200B5203200F06A
:1038400010F8080000BD002200B500F00CF8CA17FF
:103850009A4200D100BDD8430121C907414000BDB3
:1038600000220B150AD410B5944600F0A7F81414E2
:10387000013400DA0021CB17144C2047002000212E
:1038800070476244343A0CD40C2A07DA04009140A1
:10389000904052422032D440214310BDD843D943F6
:1038A00010BD203207D40C469440524220321141C0
:1038B000D040204310BD0800C917203203D4524223
:1038C0002032104110BD1800190010BD83380010BF
:1038D0004A00520D144BD21A13DDFF2A1EDAD2050C
:1038E000CB0FDB071A43C300400F0903490A084303
:1038F00010435B0001D301D0013070474308FBD275
:10390000704702D0C80FC00770470A031213013274
:10391000F8D1420F072AF5D1012200E0FF22C80F9B
:1039200000028018C00570478003000000210A00D3
:10393000002104E000210A00C11704E00022002356
:1039400006E0C0460022CB1758405940C01A9941A2
:1039500030B5184CA21A002903D1010010D0002064
:10396000203A4C1512D104D2013A001849414C0DAD
:10397000FAD3114CA24204D212058918DB07C918E8
:1039800030BDD243520D00200021F5E703D4013AA7
:1039900000184941FBD50B324405C00A4D052843A8
:1039A000C90A640003D0002460416141E1E7E0D32B
:1039B0004408F8E732040000FE0700000A0DCC0FAF
:1039C000531E1B05C91A520503D3C943404200D3F5
:1039D0000131520D03D0531CDB0A07D0121B00200B
:1039E0006400611C89078912803A1203014BD21AC4
:1039F00070470000FF03000051434343C9188C4641
:103A0000110C83B24B4310B4040C614392B280B2E8
:103A1000504362431C041B0C001910BC5941130491
:103A2000120CC018514161447047000007B548406E
:103A30004140484001E0C04607B54200120E03D0A5
:103A4000FF2A03D1420218D8C00DC0054A00120E49
:103A500003D0FF2A03D14A020FD8C90DC90501229C
:103A6000414005D4414001D5814207BD884207BD90
:103A70000143491801D0C043001807BD00B5FFF746
:103A8000DBFF01D9002000BD012000BD01231B0682
:103A90004200D21804D84A00D21801D8002070473A
:103AA00001207047014B5B6A184700001029002075
:103AB000132310B512481C78FEF746FF0100012CB5
:103AC0000AD003DD80220F4800F05EF80E48FEF7B2
:103AD00033FF0E4B186010BD0A4C5422200000F03A
:103AE00053F80B4B6365A365E36523666366A366C2
:103AF000E36623676367A367E3672362E361E5E740
:103B000053460000102900204C3300009C3C00204C
:103B1000153B001007B5604601880A0A0230DF2A0B
:103B2000FAD1C9B2820804D3028840880004104345
:103B300000E00068014A5050039007BD10290020A2
:103B400010B5040008F03AFA002804D0034B041919
:103B50009C4200D810BD0248FDF7F2FC0000042092
:103B600080D5001010B508F033FA10BD01480421CB
:103B7000014B1847801F002059290010014B1B687A
:103B800018470000801F0020014B5B6818470000A9
:103B9000801F002010B5FFF7D3FF10BD10B5FFF751
:103BA000E1FF10BD10B5FFF7DDFF10BD7047C04647
:103BB000F8B55746DE464E464546E0B599460A9B5F
:103BC00007009A460D9B884693460B9C9B073BD16A
:103BD0000C9B9C423DD21E1B0B9415000C005E44B6
:103BE0002A004B46013521002020B847B542F7D1C5
:103BF000A0460B9C002C20D0454636195346321B5C
:103C0000013C185D29004B46B847002CF6D12B002B
:103C1000350098460D9B9B070FD55B46EC1A0C9B15
:103C2000A3420AD9464698462A004B463100202036
:103C30000134B84701354445F6D32800F0BCBB46F3
:103C4000B246A946A046F8BD16001500002CD3D1F7
:103C5000E0E71600002CCFD11500EEE7F0B54F4697
:103C60004646D646C0B584B098460EAB1B789446FF
:103C70009946129B0D9C109F119E9A0725D4002EE9
:103C800065D1BC4221D201221A409246202C00D19B
:103C9000E9E00C9A551E302202E0202C00D17BE096
:103CA00001342A55A742F8D85246002A0DD0B44212
:103CB0000BD20C9A551E3022202C02D171E0202C00
:103CC0002DD001342A55B442F9D1DA063CD55A0533
:103CD0002ED4002C28D10F9A102A00D1B6E0022A47
:103CE00000D1BCE030220C9C227001244A46002AFC
:103CF00065D15A0700D499E02B220C9D2A55013436
:103D000003930C9B62460093029643460194FFF78F
:103D10004FFF04B0E0BCBA46B146A846F0BD20242F
:103D2000DA06EDD55A0503D4A74266D0B44264D072
:103D30000F9A102A71D0022A57D0202CE0D02200EE
:103D4000013430250C9FBD54202CD9D0CEE7012260
:103D500015001D40AA461A4236D04A46002A4AD1CA
:103D60000C321A4247D1BC42A1D2202C91D1202E34
:103D700017D82024DA06C3D55A051BD4202F01D02A
:103D8000202ED5D11F220F9D102D6FD0022DD8D1FE
:103D900062250C9FBD54D0E75246002A79D0202ED0
:103DA000BDD92024DA06ABD55A0503D4202FE9D09B
:103DB000202EE7D00F9A102AA2D12024A0E72D228E
:103DC0000C9D2A5501349BE7BC4200D37DE7202C93
:103DD00000D05EE7DA06F0D55A05EED4202F62D087
:103DE000202EEAD134001F22CDE7202C00D187E716
:103DF00022000134CCE7013EB5E7621E012CC2D19E
:103E00000F9A102A00D06AE79A063BD558220C9CDC
:103E10002270283A6270022468E79A060ED4202C99
:103E2000CBD078220C9D2A55013486E71A0700D49E
:103E300066E720220C9D2A55013461E7202CBCD076
:103E400058250C9A12191570013476E79A0608D590
:103E500058220C9C227030226270022446E76032A5
:103E6000F7E77822F5E7002A83D1B3E7A21E013CE9
:103E70009D0603D478250C9FBD5460E758250C9F00
:103E8000BD545CE778220C9C2270483A6270022490
:103E90002CE7DA0600D433E75A058BD4202F00D064
:103EA00044E71F226FE73C001F226CE710B5002893
:103EB00000D110BD01F00CFCFBE7C0460B0010B5B3
:103EC000002802D049681B68984710BDF0B55746D6
:103ED0004E464546DE46E0B599B082468946904654
:103EE0000893229A239B10001900FFF758F9002825
:103EF00000D0CDE0229823990122D94B5242FFF7FE
:103F000049F9002800D0C3E0229823990122D54B1B
:103F10005242FFF729F9002800D0B9E022982399EE
:103F200000220023FFF720F9002800D0F1E1229EB3
:103F3000239F8023269ADB001A400D92269A1A426C
:103F400001D1062324938023269A1B011A403B00AB
:103F500093460996334300D0B3E0002A00D0C2E173
:103F6000002300240A930B94002304250993259B26
:103F70000024AB4200D95C1B0223269A1A400C9203
:103F8000269A134203D06B426B415B421C40099B53
:103F9000002B07D00A9A0B9B30003900FFF77BF803
:103FA00006000F002298239900220023FFF7DCF877
:103FB000002803D0802109067B181F00269AAA4BEF
:103FC000009601971340089E0493249B0394029348
:103FD000424633004946504600F0AAF90400002D3D
:103FE00067D02020269A4946024013005A42534186
:103FF0005B42621C18400A92330022004530D047D1
:10400000099A6F1ED317D4185C40D30F9B46002526
:1040100001E0202D13D008AA94461F2320006344FA
:104020000A2101355E19FEF7E9FD303131702000BB
:104030000A21FEF7E3FD26000400092EE9D8052336
:104040000693002304930A3303935B46089E02936E
:1040500010AB0A9A009349463300504605970195E4
:10406000FFF7FCFD0C9A0400002A22D04246851A74
:10407000259AAA421DD9B04657461600220043464B
:10408000494620200135B8470134AE42F6D810E049
:10409000269B42460493259B49460393249B504606
:1040A0000293229B239C00930194089B00F040F90B
:1040B0000400200019B0F0BCBB46B246A946A04699
:1040C000F0BD6A4B78009C46400D6044FFF778F8DD
:1040D000674A684BFEF7FDFF674A684BFEF7D2FF61
:1040E000674A3B031B0B1A4304000D00099811009B
:1040F000644B0022FEF7BDFF634A644BFEF7E9FF05
:1041000002000B0020002900FEF7BCFFFFF770F84B
:104110000990FFF755F85E4A5E4B04000D00FEF76C
:10412000D8FF00225C4BFEF7ADFFFFF761F85B4A5A
:104130005B4B29000C902000FEF7CBFF04000C988D
:104140000D00FFF73DF8574A574BFEF7C2FF02003C
:104150000B0020002900FEF78CFF04000D00020078
:104160000B000A940B95FEF7B4FF04000D000A98AB
:104170000B9902000B00FEF785FF00220E900F91B5
:104180004A4B20002900FEF786FF0022484BFEF72D
:1041900079FF02000B0020002900FEF77CFF0022BF
:1041A000444BFEF76FFF02000B0020002900FEF7D2
:1041B00072FF0A9A0B9B0D0080210400C9050020A4
:1041C000FEF757FF02000B0020002900FEF75AFF00
:1041D00002000B000E980F99FEF75DFF0022284B9E
:1041E000FEF750FF344B0C9C9C4664442305002290
:1041F000FEF76FFF04000D0002000B0030003900D5
:104200000A940B95FEF7B0FF00285DD123002A0029
:10421000C625099963318D42AD4159466D42043539
:10422000002900D1A3E6134363D030003900234AAC
:10423000234BFEF7A7FF002807D0002230003900EB
:10424000204BFEF791FF002853D1249B002B00D177
:104250008DE60D9B5A1E9341249AD31A249386E629
:10426000FFFFEF7FFFFFEFFFFFF7FFFF01FCFFFF07
:10427000FB799F501344D33FB3C8608B288AC63F55
:104280000000F03F0000F83F61436F63A787D23F13
:1042900071A379094F930A400000E03F1655B5BB62
:1042A000B16B0240EF39FAFE422EE63F00002C408F
:1042B0000000244000001840FF0300002D431CEBC9
:1042C000E2361A3F80842E41099B0022013B09936C
:1042D0002000164B2900FEF7DEFE0A000100030055
:1042E0000A910B9294E7002300240A930B94002375
:1042F0000993249A099B9A4214DDD31A013B249313
:104300008023269ADB001A43002300252692099376
:104310002DE6802212069446229B1E00239B6344B6
:104320001F0006E600232493EAE7C046000024406D
:10433000F0B54546DE464E465746E0B595B08B464D
:10434000904699461E9A1F9B0A9019001000209DC6
:10435000FEF725FF002800D0B0E11E981F9901222A
:10436000C74B5242FEF700FF002800D037E11E98ED
:104370001F990122C34B5242FEF70CFF002800D0C8
:10438000A7E01E981F990022BF4BFEF703FF0028ED
:1043900000D088E01E981F990022BC4BFEF7E4FE77
:1043A000002800D07FE01E981F9900220023FEF70E
:1043B000DBFE002800D0FAE000230B938023229C30
:1043C000229ADB001C401A4200D102E1092D00D8DC
:1043D0007CE106A98C462C00172200233021093CE1
:1043E00062440133D154EF1A202B00D132E1A342B1
:1043F000F7D10022A44B069207931E981F99FEF74F
:10440000F7FE0500FEF7DCFE02000B001E981F9968
:10441000FEF72FFE069A079BFEF75BFE08900991B8
:10442000FEF70AFF0600FEF7C7FE02000B00089821
:104430000999FEF71EFE0022954B08900991FEF7A0
:10444000A9FE002800D1D2E001363000FEF7B4FE0C
:10445000069A079BFEF796FE002801D0002601353C
:10446000AA46002F00D098E02800FEF7A9FE02001F
:104470000B001E981F99FEF7FCFD854B00220600DD
:104480000F00FEF771FE0CAB9A46002845D10022C2
:10449000300039007E4BFEF77DFE00283DD1EB0752
:1044A0003BD5013539E0229B42460493219B594676
:1044B00003930A981E9B1F9C0295009301944B4600
:1044C000FFF704FD15B0F0BCBB46B246A946A046B6
:1044D000F0BD229B5B0767D403226E4B22990192A9
:1044E000039121990291009342464B4659460A98FE
:1044F000FFF75EFBE6E706AA94461723280063440D
:104500000A2101341E19FEF751FB303128003170A9
:104510000A21FEF74BFB051E76D0202CEBD103239E
:10452000229A1340012B1DD1219B002B1AD00B9BEB
:10453000002B00D0BBE0229A0C33134200D0B6E02F
:10454000219BA34200D887E006AB9C46172230236C
:10455000624404E02199013413558C4259D0202C37
:10456000F8D12024229B01940393219B029353466C
:10457000B9E706AA944617230A21634430000134A0
:104580001D19FEF73BFB3031297030000A21013F35
:10459000FEF734FB092E46D90600202CE9D15546FA
:1045A0000CAB20249A46B8E704223B4B96E71E9AB0
:1045B0001F9B00200021FEF75CFD01230B9380234D
:1045C000229C229ADB001E901F911C401A4200D0B0
:1045D000FCE60022314B0627069207930DE7229B4B
:1045E0000393219B0293042301932D4B7BE700222D
:1045F00008980999264BFEF7B7FD002800D02FE751
:10460000002E4FD101362BE70323229A1340012BB2
:1046100066D0202CA6D00B9B002B1FD02D235246FA
:10462000135501349EE75546202CB9D030233A1952
:10463000002F08D0172006A9013409180B55202C8B
:10464000AED09442F6D10CAB9A462E235246135567
:10465000013462E72024CCE6202C83D0229B5B0728
:1046600008D4229B1B0700D47CE720235246135515
:10467000013477E72B2352461355013472E7C046C5
:10468000FFFFEFFFFFFFEF7F65CDCD4165CDCDC1D2
:104690000000E03FE0D50010D8D5001080842E4106
:1046A000E8D50010F30700D4DAE60136D8E6219BFE
:1046B000013B2193A34200D946E7AAE7229B03933B
:1046C000219B029303230193074B0CE7074BEA005E
:1046D0009B185C681B682F000693079400248CE6E7
:1046E000219B002B95D022E7E4D5001018DC0010A8
:1046F000F0B55746DE464E464546E0B5A5B01F002C
:104700002E9B91460D93CA4ACA4B82468B461A602D
:10471000002900D129E2002338789846002800D1EA
:104720002BE2C54B44460C93C44B55464E460E9364
:104730000AE0631C9846220033005946A8474446C5
:104740003878002800D187E001372528F1D10823E7
:104750009A46043B9946023B9846013B00229C4600
:104760000B943878791C0300203BDBB2102B03D864
:104770000C9C9B00E3589F460300303B0B9C0B9224
:10478000092B3AD9002398462A2800D1DDE00023DE
:104790009A462E284BD00300683BDBB2122B1ED862
:1047A0000E9A9B00D3589F4663460F001A43D8E7E2
:1047B00043460F001A43D4E74B460F001A43D0E795
:1047C00010230F001A43CCE753460F001A43C8E7E3
:1047D00080235B000B9A78781A430B9201310F000B
:1047E00067284FD82428A4D90300253BDBB2422BED
:1047F0009FD893499B00CB589F46002398460B9B1C
:1048000047469C4600E00131BB00DB195B001F18E6
:104810000878303F0300303B092BF4D963460B93F3
:104820000023B8469A460F0001312E28B3D18020CC
:104830000B9AC00002430B92302252429446787881
:104840000B0084446246092A00D8AAE12A2800D134
:10485000B9E10F0001319EE7A046AA46B146C8451E
:1048600003D301235B424B4498464B46424659468C
:104870000020D047200025B0F0BCBB46B246A94678
:10488000A046F0BD01006939C9B20F2900D950E72F
:1048900001238B409C466B4B994663464A46134026
:1048A0000F9362464B461A4200D068E10A2956D05F
:1048B000072900D03DE70D9B02CB9846002900D088
:1048C00092E10B9B10211A008A431000113108431A
:1048D000814680201A00C0000240110003421CD112
:1048E00014AB9C461F220F2362440D959C46150075
:1048F0000F9B0B9402E0202B0CD0110064460C405F
:1049000020003730092C00D807380133E8540A0951
:104910000F29F0D80B9C0D9D0F934B460822069350
:104920005346059208320392002204930F9B029291
:1049300001931CAB22000093594633002800FFF777
:104940008DF9434604000D93FAE60D9B04CB904687
:10495000002A79DB78780D930F00013117E70D9B62
:1049600002CB14930B789C4618005346002B00D1C1
:1049700034E1002815D05346013B013399460D948C
:104980000B9C89444A460B00A14601E0934203D0A8
:104990005C780133002CF9D14A465B1A0D9C0B92CE
:1049A0000F938023DB0099460B9A13400D934B46DF
:1049B0001A4204D00F9B534501D953460F9302234B
:1049C00099460B9A13400B934B46134200D1F5E1E5
:1049D0006346002B00D1D6E10D9B002B00D182E174
:1049E0000B1BD14631009A463B00A1442E005F4686
:1049F0004D4622009B46894609E04B463900541C2F
:104A0000B0475346185D002800D192E1220095423C
:104A1000F3D14B465A46A946BB46350017001E0047
:104A20004C460B9B002B00D0ADE1149B0D9387E609
:104A3000F1460010703C00207CDA0010C0DA001053
:104A40000CDB0010419000000B9A283802430B92B7
:104A500042465242787890460F000D93013196E617
:104A600078786C2800D15DE180230B9A5B001A43B3
:104A70000B920131B3E680239B00ABE6787868287F
:104A800000D148E180230B9A01311A430B92A6E62C
:104A9000672800D1B2E0472800D11AE1452800D1AB
:104AA0001CE10B9A0721049242460D9B03920733A7
:104AB00052468B43190002920CC9280000920193C0
:104AC0000D91220033005946FFF700FA040037E643
:104AD000462800D18DE00B9A0721049242460D9B97
:104AE0000392073352468B43190002920CC92800E7
:104AF000009201930D91220033005946FFF718FCF4
:104B000004001DE6631C9846220033005946252008
:104B1000A847444614E60D9B04330F93631C994643
:104B20000B9B9A0700D40AE10D9B22001878594686
:104B30003300A84743464444012B00D86FE1B046F8
:104B40002E0025004C46B9465F46220043460134FC
:104B500039002020B047AC42F7D12C00BB463500CD
:104B60004F4646460F9B0D93EAE5D64B38789A465A
:104B700000239846002800D0D3E500246FE66F2874
:104B800042D000D8FDE11023782800D19BE00B9A99
:104B90009A430B920A239C46002314930A330F93E3
:104BA00038E057460B9AB900C919490001330F186C
:104BB0001878303F010030390929F4D9BA460B92F0
:104BC0001F00591CE7E50D9BB87804CB0237D14391
:104BD000C9170A4092460D93791CDCE5002800D1E4
:104BE000DFE602235B42C8E621200B9A024391468E
:104BF00076E620230B9A1A430B926CE780230B9ADC
:104C00001B011A430B924CE708239C460023149384
:104C100008330F930B9880230200DB001A40110029
:104C20000200184200D080E00C239A431000802339
:104C300002009B001A400B92184200D0F1E0802342
:104C400002005B001A4091460D9A043214921842F9
:104C500000D0C3E2430600D5D7E0030600D421E329
:104C60000D9B1B880993002B00D02DE11033984336
:104C7000002900D128E10023994643460593534675
:104C800004930F9B06900393002302934B460193DA
:104C90001CAB22000093594633002800FEF7DEFFCC
:104CA0000400C2E6582809D0622800D0E3E20223BB
:104CB0009C460023149302330F93ABE720230B9AF7
:104CC0001A430B92103B9C460023149310330F930E
:104CD000A0E780230B9A1B011A430B9220230B9A07
:104CE0001A430B92DDE60B1B9A460F9B99463B003D
:104CF00037005E469B4622003B003100A8475346E2
:104D00000134185D0028F6D14B460F935B46B3463D
:104D10003E001F0085E6C0230B9AB8781A430B9219
:104D2000F91C5CE5C0239B00F6E70D239A431000B5
:104D30007DE75B463500BB464E461F0071E64346A5
:104D4000012B66D9631E434432002E001D003B0038
:104D5000A2465F4691469B4622004B4601343900ED
:104D60002020B047AC42F7D15B463500BB464E46EB
:104D7000A14654461F000D9B4A46187859463300F9
:104D80004444A847EEE60F9BA146984500D84CE660
:104D90004444E41AB0462E0025004C46B9465F460E
:104DA00022004346013439002020B047AC42F7D1FD
:104DB0002C00BB4635004F46464636E60F988045E8
:104DC00000D873E24346E218131A32002E001D0089
:104DD0003B0091465F469B460F9122004B460134B3
:104DE00039002020B047AC42F7D15B46BB461F00DC
:104DF00043460F9901330F930B7835009C464E467E
:104E00006046002800D0E7E50FE60D9B1B7809936C
:104E100029E70D9B2200187859463300A8474C46D5
:104E2000A0E60D9AFA3BFF3B07329A4301339946BD
:104E300091444B460D931368526815921A4306D15C
:104E40001032904300220992002900D083E06122B1
:104E5000810600D54122D2B20A9214AA91460A9A3A
:104E600000210A3A0B9242461792524618925A462D
:104E7000B24609911E001F31149B4944BB4616944B
:104E80001A950024674698468946159D19901B92ED
:104E90000AE03032D2B24B4601341A55A8454CD004
:104EA000202C4CD006000D003A00002330002900D1
:104EB000FDF7E2FED2B2092AEBD90B9B9C46624475
:104EC000D2B2E8E7AD3B00106123820600D5412352
:104ED000DBB20A3B0B93434614A91F228C46159361
:104EE00053466244B2460D9417974C468046A946F5
:104EF0001700099D0F9E169308E03033DBB2013492
:104F00003B55B5420ED3202C0CD0050031002800B3
:104F1000FDF774FECBB20929EFD90B9A944663448E
:104F2000DBB2ECE7159B40469846169B4D4656462D
:104F3000A1469A460D9C179F9FE6B742B0D9179B92
:104F400056469846189B5F469A461B9B09949B467B
:104F5000169C19981A9D43460593534604930F9B3C
:104F60000690039300230293099B01931CAB22003C
:104F70000093594633002800FEF770FE0400FFF747
:104F8000DFFB10230B9A9A430F92692800D091E11E
:104F90000B9980230A00DB001A4010000A00194216
:104FA00003D0112118008A430F920F9A8023110019
:104FB0009B0019408C461A425BD1802311005B0094
:104FC000194089460D9904310B911A4200D0B2E084
:104FD00013005B0600D4EDE00D9B1B781A00D90F7F
:104FE0000D91002B00D1A3E0100014AA9446424674
:104FF0001F23159252466344A846BA464D46149460
:10500000B14604001F00169201E0202D0FD02000B1
:105010000A21FDF7F3FD01357E1930313170200092
:105020000A21FDF7EBFD26000400092EEDD8159BA3
:105030004E46A94645469846169B57469A46149CA6
:105040000F9B069343460593534604930A23039309
:105050000D9B02934B4601931CAB220000935946D3
:1050600033002800FEF7FAFD0B9B04000D93FFF7B9
:1050700067FB07220D9B07339343013294469C4400
:1050800062460D920CCBD90F0B911100194300D140
:105090009BE0D917139112915140109113995940E7
:1050A000119110981199129A139B801A994110909E
:1050B000119114AA944642460023159252469946ED
:1050C000169232001F336344A8464E46BA461494E3
:1050D0001F00109C119D914601E0202E10D0200051
:1050E00029000A220023FDF7C7FD013630322B00CC
:1050F000BA550D0022000400002BEED1092AECD88D
:10510000159B10941195454698464B46169AB14604
:1051100057461E009246149C0F9B069343460593E8
:10512000534604930A2303930B9B02934B461CE7BD
:10513000002885D159E70D9B1B68DA0F1100002B61
:1051400000D1A6E0DA179818504014AA91461F2300
:1051500042464B44A8460D94169704006546B14656
:105160001F001491159201E0202D0FD020000A217C
:10517000FDF744FD01357E193031317020000A21E0
:10518000FDF73CFD26000400092EEDD8159BAC462A
:1051900045469846149B4E4619000D9C169F0F9B42
:1051A0000291069343460593534604930A230393BF
:1051B000634650E713001B066ED50D9B00229B5ED5
:1051C000D9175A184A4092B209E700239946002895
:1051D000A2D100220023109211936AE70D9B1B6855
:1051E0009946002B03D110339843002938D161230D
:1051F000820600D54123DBB20A3B0D93434616934A
:10520000534614A91F228C4617932B0062444D4627
:10521000B246159418978046170099460B9C0F9E2E
:1052200008E03033DBB201343B55B5420ED3202CBD
:105230000CD0050031002800FDF7E0FCCBB20929B5
:10524000EFD90D9A94466344DBB2ECE7169B4046D7
:105250009846179B56464D469A460B94189F159CA8
:1052600043460593534604930F9B069003930023F4
:1052700002930B9B0BE50B9980230A00DB001A407D
:1052800010000A00194200D08BE610239A430F92B7
:105290008BE6002883D158E70D9B1B68D9175A1855
:1052A0004A409CE60D9B1B680993DCE40300013334
:1052B0000F93A5E50B926DE400B585B00391012134
:1052C00002900093034813004A4202A9FFF710FA24
:1052D00005B000BDBD3E00100FB430B50C4985B01F
:1052E00008AA08CA0D680392002D0CD00092012272
:1052F000084C5242200002A9A847012005B030BC4A
:1053000008BC04B01847180000F02EFA0020F5E79A
:10531000703C0020AD3E001010B5094A030014682F
:1053200084B0002C08D0012200910648524203A903
:10533000A047012004B010BD00F016FA0020F9E7E4
:10534000703C0020AD3E001000BEFDE7094A03009E
:105350001068002805D00849C3188B4207D813608D
:10536000704706480449C31810608B42F7D90120E2
:105370004042F5E76C38002000000420CC3C0020BF
:1053800000207047012040427047C04610B5FFF72B
:10539000DBFFC04630B50D0083B01900002A0BD0EA
:1053A000074B084C0192009302002B002000FFF7EE
:1053B00093FF0120FFF7C8FF034B1A00F1E7C04637
:1053C000F0D5001000D60010FCD5001070B5FDF728
:1053D00015FB074D074EB54209D20024013E761B4E
:1053E000B60808CD984723000134B342F9D170BD07
:1053F000C4D30010D4D30010030010B5080011006E
:105400001B68984710BDC046F0B5C64600B5437D41
:1054100007000D001600002B38D0002A2EDD0021D9
:105420006A1E90466A5C037D4C1C00200A2A0CD040
:10543000A64216D043461B5D21000D3B5A42534104
:105440006A5CDBB24C1C0A2AF2D1002BF0D18842F4
:1054500017DB022110483B689847A64207D020007E
:10546000E8E7864203DD311A3B6828189847AD19F2
:10547000013D2B780D3B5A4253413B7580BCB846E9
:10548000F0BD091A3B6828189847E2E70368110045
:1054900028009847F2E7C04668DC0010F0B5C64621
:1054A0000B6806000C0000B5802B06D05A1C226049
:1054B000E418267180BCB846F0BD0F4B1D68002D66
:1054C00016D00B1D98460D4F02E02D69002D0FD010
:1054D0002B68002BF9D03B68002B01D0AB42F4D1F4
:1054E000280041462268FFF78FFF2D69002DEFD17C
:1054F00001220023DBE7C046603800206838002026
:10550000F0B5DE4657464E464546E0B585B0170035
:105510001C0006000D00FCF72BFF0023314A121877
:105520004B41802109068B4202D301222E4B52426D
:105530002E4908008A4607F0DFFE01906B1C03D15C
:10554000300006F0B7FD0500002C26D0284B984609
:10555000284B1C68002C15D0002F21D1264F02E0CB
:105560002469002C0ED02368002BF9D03B68002B57
:1055700001D09C42F4D120002A003100C0472469A8
:10558000002CF0D1019B002B28D1280005B0F0BCE5
:10559000BB46B246A946A046F0BD184B9846D7E791
:1055A000154B994602ABDF1D0A239B4602E0246996
:1055B000002CE7D02368002BF9D04B461B68002B4A
:1055C00001D0A342F3D12A0031002000C0475B463E
:1055D0000122390020003B70C047E8E7504607F041
:1055E0002BFED2E740420F00FFFFFF7F7C2600200A
:1055F000095400106038002068380020F95300106A
:105600000A4A1368002B05D10CE01A001B691032FE
:10561000002B07D09842F8D1002902D1036913600A
:10562000016170470029FCD01060FAE76038002063
:1056300010B500F04FFB10BDF0B5CE464746040054
:1056400080B583B0FCF794FE26000027802336182F
:105650004F411B069F4202D30126194F7642194B38
:10566000B9469846184D43461C68002C03D116E0F5
:105670002469002C13D02B68002B01D09C42F7D159
:10568000A368002BF4D0012101A898470028EFDD82
:105690006B46187903B0C0BCB946B046F0BD0B4BA1
:1056A0005A6A914507D89B6AB34202D3022040420E
:1056B000F0E79145FAD101200021FCF763FED2E723
:1056C000FFFFFF7F60380020683800200040054061
:1056D000F0B5CE46474680B583B06B460600DD1D6B
:1056E0002870FCF745FE00231A4A12184B4180210E
:1056F00009068B4202D30122174B52421749080078
:10570000884607F0F9FD164B81461C68002C14D022
:10571000144F02E02469002C0FD02368002BF9D02D
:105720003B68002B01D09C42F4D1200001222900CB
:10573000FFF76AFE2469002CEFD14B46002B05D100
:10574000300003B0C0BCB946B046F0BD404607F0DB
:1057500073FDF5E740420F00FFFFFF7F7C2600202E
:10576000603800206838002070B5040006F0A2FC04
:1057700001230100050001222000FFF7C1FE084BB4
:105780001C68002C06D06368002B05D0984724695C
:10579000002CF8D1280070BD2469002CF3D1F9E762
:1057A00060380020F0B5CE46474680B5A3B004006F
:1057B0000D00FCF7DDFD0023294A12184B41802122
:1057C00009068B4202D30122264B5242264F380053
:1057D00007F092FD00230600019322002B002348CE
:1057E00001A9FFF769FD019B8046002B14D1204BD6
:1057F0001C68002C06D06368002B0BD098472469E6
:10580000002CF8D1002E25D1404623B0C0BCB946AB
:10581000B046F0BD2469ECE7154B1D689946002D94
:105820001CD0144C02E02D69002D0FD02B68002BEA
:10583000F9D02368002B01D0AB42F4D12800019AA3
:1058400002A9FFF7E1FD2D69002DEFD14B4601952F
:105850001C68CEE7380007F0EFFCD5E70195D1E7EB
:1058600040420F00FFFFFF7F7C2600209D54001068
:1058700060380020683800200FB400B583B004A958
:1058800001C90191FFF78EFF03B008BC04B01847AF
:105890007047C0460022014B1A707047C63C00207A
:1058A0004B790020FF2B0BD18B79002B08D1CB79C2
:1058B000012B05D1082A03D9024B8A7809301A70C6
:1058C0007047C046C63C00200120704710B5012932
:1058D00001D0012010BD13495379107909781B02BA
:1058E000034300209942F5D15378012B08D0022BB5
:1058F000F0D1002064220021FCF7C8FF0120E9E775
:10590000D37891781B021943DB0507D54A0A1000AA
:1059100001231A407E331940FDF740F801204A0A5E
:105920004042F5E7C63C00200048704734DD0010D7
:1059300070B5050014000120012909D15378002019
:10594000012B05D1637912791B021343072B00D079
:1059500070BD21002800024A9F3301F05FFAF7E78B
:105960008CDC001001230370004870476CDC0010D1
:105970004B780A781B0213438A7810B512041A4335
:10598000CB781B0613439622D200934200D010BD61
:105990000022012011004042FDF700F8024B186080
:1059A000024B19607047C046FC33002000340020D1
:1059B00010B5024B1878FBF7A7FE10BDC73C0020BE
:1059C000154B70B51A68002A22D0EFF3108172B619
:1059D00010680028FCD0BFF35F8F00200F4A596089
:1059E00010701B68BFF35F8F186081F3108800246C
:1059F00000250B4E3078FBF77BFE002804D10024F5
:105A000000252900200070BD3078FBF77DFEF8E707
:105A1000FA240025A400ECE77C3C0020C83C0020D0
:105A2000C73C002070B5040000200E0001F016FBFA
:105A3000002836D0002001F027FB002831D0FCF7E9
:105A400097FC0023184A12184B41802109068B420B
:105A500016D2164D280007F04FFC002821D0002058
:105A600001F0FCFA00280FD101200021404200F093
:105A700009FD03246442280007F0DEFB200070BD0E
:105A800001220B4B5242E4E7002001F0FDFA00280E
:105A9000EAD021003200002001F000FB041EEAD110
:105AA000E7E703246442E9E740420F00A43C0020FA
:105AB000FFFFFF7F10B5FCF75BFC00230E4A1218B6
:105AC0004B41802109068B4202D301220B4B5242EB
:105AD0000B4C200007F010FC00280CD00120002106
:105AE000404200F0CFFC002001F022FB0028F5D15D
:105AF000200007F0A1FB10BD40420F00FFFFFF7F19
:105B0000A43C0020F8B5DE46574680B505000C00E1
:105B1000FCF72EFC0023374A12184B41802109065E
:105B20008B4202D30122344B5242344908008A4648
:105B300007F0E2FB002803D1C0BCBB46B246F8BD6B
:105B4000002001F08BFA00284AD00026002C43DD0B
:105B50002B4B9B4614E0A919002001F023FB070002
:105B600001200021404200F08DFC002001F0E0FA0D
:105B7000FCF7FEFB224BF61918605960B4422BDD8E
:105B8000002001F02FFBA71B0200B84200DD3A0005
:105B9000002AE0D101200021404200F073FC0020E7
:105BA00001F0C6FA002001F059FA002814D00020B4
:105BB00001F018FB0028E1D1FCF7DAFB5B460F008F
:105BC0001A685B68002184460E4812184B419F42B8
:105BD00002D8D3D19445D1D9504607F02DFBABE77D
:105BE00000200021064B18605960504607F024FB46
:105BF000A2E7C04640420F00FFFFFF7FA43C002009
:105C00000828002020A1070030B52B4C85B00021CA
:105C1000200007F051FB00281CD1284B1A68002AED
:105C200016D0EFF3108172B610680028FCD0BFF3D5
:105C30005F8F01242248596002781B68D2B2047039
:105C4000BFF35F8F0020186081F31088002A17D0FF
:105C500005B030BD01200021404200F013FC0020BF
:105C600001F012FA0500200007F0E6FA002DEFD04F
:105C7000144B1B68002BEBD0134A10689847E7E7DA
:105C8000FCF74AF90400FCF773FBFA2200239200A8
:105C900012184B41802109068B4202D301220B4B83
:105CA00052420121029100210191094920000091F5
:105CB000FCF736F9CCE7C046A43C00207C3C002031
:105CC000C83C0020FC33002000340020FFFFFF7F91
:105CD000C1590010D02310B51B0684B01C68FCF716
:105CE0001BF9FCF719FAA04202D0002004B010BD45
:105CF0002A4B002100201B7801F070FD2848036822
:105D0000002B47D00120FBF797FEFF23254C2649A7
:105D100020701840FBF712FD20780121FBF7D6FC1C
:105D20000520FBF7F9FC002826D1082200211F4896
:105D3000FDF724FFFCF7F0F80400FCF719FBFA224A
:105D40000023920012184B41802109068B4202D396
:105D50000122174B52420121029100210191154964
:105D600020000091FCF7DCF80028BEDB124801217E
:105D7000FFF746FC0120B9E70120FBF775FC0B4B50
:105D800001001800FBF7BAFE002205200B49FBF7C3
:105D9000FFFCEBE7FBF796FEB4E7C0464CE80010CB
:105DA000A43C0020C73C0020095C00107C3C002083
:105DB000FFFFFF7FC1590010901F0020B159001054
:105DC00000487047D0DD0010004870477CDD0010AF
:105DD00010B5040017480378002B20D0002C06D102
:105DE000154B16484380063BFF3B038010BD052C36
:105DF00019D8134BA400E05812490123013804E0DC
:105E000001330A800231142B0FD0C25C002AF7D173
:105E1000C022DBB25B00920008481343E5E7112182
:105E200000F01AF8DAE70020E0E7CA2303489B00F5
:105E3000DBE7C046B03C00200904000038380020F1
:105E400064DD00103A38002010B5024800F0D8F8A0
:105E500010BDC046943C002030B54B1E012900D136
:105E6000A7E0664A11780D092C0030349F2900D92B
:105E7000A2E00470012B00D1BEE00F211478214074
:105E80000C003034092900D998E04470022B00D16D
:105E9000B2E054782509290030319F2C00D990E0D8
:105EA0008170032B00D1A7E00F2121400C0030347A
:105EB000092900D987E0C470042B00D19CE09478B4
:105EC0002509290030319F2C00D97FE00171052B75
:105ED00000D191E00F2121400C003034092900D974
:105EE00076E04471062B00D186E0D478250929009C
:105EF00030319F2C00D96EE08171072B00D17BE0FF
:105F00000F2121400C003034092966D8C471082BB8
:105F100000D171E014792509290030319F2C5FD818
:105F20000172092B68D00F2121400C00303409295F
:105F300058D844720A2B5FD0547925092900303192
:105F40009F2C52D881720B2B56D00F2121400C0070
:105F5000303409294BD8C4720C2B4DD094792509C3
:105F6000290030319F2C00D9073101730D2B43D00C
:105F70000F2121400C003034092901D937310C00A0
:105F800044730E2B38D0D1790C09220030329F296E
:105F900000D9073282730F2B2ED00F220A40110036
:105FA0003731092A01D830321100C173102B23D0A8
:105FB00010300023037030BD07345AE737310C002E
:105FC00063E707316CE737310C0074E707317DE791
:105FD00037310C0085E707318EE737310C0095E744
:105FE00007319DE737310C00A3E70731AAE73731C6
:105FF0000C00C4720C2BB1D1C018DAE7943C00201D
:1060000010B588B004000D2200216846FDF7B6FDEA
:106010000D22002104A8FDF7B1FD4B236A46684616
:10602000137004A90D2207F0FFF8152108222000A3
:106030006944FDF7A9FD08B010BDC046F8B500F0F1
:1060400043F90C23194DFF22AB6705201849FBF7D4
:106050009FFB184C402200212000FDF78FFD4027B8
:10606000002301262121144A66702783A260136051
:1060700063545F31618445396354104A1049636049
:10608000E2602787A1620B606362E26207F0C4F8F6
:1060900080239B052E64EB6490230A4A0120EA507A
:1060A0008022094B5202DA64F8BDC046000011504C
:1060B000910400207038002084001050000110501E
:1060C0008000105010D001000020115010B50121A7
:1060D0000520FBF7FBFA10BD10B500220021024895
:1060E00000F012F910BDC04690380020044B197022
:1060F000002904D080219023024A8902D1507047A0
:10610000C23C0020002011500B785B0602D14B7876
:10611000052B00D070478A78014B1A60FAE7C04619
:1061200000001150F0B5C646C87800B58007830F4F
:106130001800012B60D08F780A794B797F21394084
:10614000FC091B024E001343334D32195201AA18A9
:10615000977001276740577000275B055B0DD7706C
:106160001383D076B846CA00012C32D02B4FBC46E0
:106170008F016244BC46AC446746BA60474617602C
:10618000002932D0264AC9009046624641445160F7
:106190003F223F339343022837D0224937190A68F8
:1061A0007F01D3180B602049EF19FA608B422ED87B
:1061B00036197601AD19EB7E1C499B064A40134304
:1061C0008022120613436A681360012080BCB8461F
:1061D000F0BD174FBC468F016244BC46AC446746D5
:1061E000BA6247461760002908D1002364012C19C0
:1061F0006360104BE360E8E70020E7E70B4AC90063
:106200009046624641445162C2E75B00C5E7FCF735
:10621000EFFBFA68CCE7C0467038002084001050CD
:1062200004001050783C0020FF0F10500000105068
:10623000800010500001105010B506F0EDFF10BDA9
:1062400010B57F200C0020404000E4091100001927
:106250001A00034B4001C01800F056F8012010BD91
:10626000703800207F23180010B50840CA090B427F
:1062700003D107497D3B9B1A8B6640008018802222
:10628000044B40010021C018120107F065F810BD51
:1062900000201150703800207F22130010B50B40F1
:1062A0000A4200D110BDC9095B005B1804485B01BC
:1062B000C018002300220349C37007F04DF8F1E72E
:1062C00070380020FFF7FFFF80220A4B520410B500
:1062D0001A60094B09491A6010000B689843FBD1FA
:1062E0008022002152010648FDF748FC0922054B97
:1062F0005A6710BD00E0004000F0004008C00040B8
:106300000000105000001150002310B5C38201336B
:10631000828283760161040007F026F8002804D009
:1063200080219023074A8902D150200007F004F809
:10633000002802D00123237710BD200006F0E4FFDF
:10634000FAE7C046002011507047C0467047C0466B
:1063500000207047002070477047C0467047C04615
:106360007047C0467047C046024B5878431E98415C
:10637000C0B27047142F0020024B18784007C00F9E
:106380007047C046142F0020F0B5D6464F4646460B
:10639000C0B5314B07009A461B780E00FF2B01D089
:1063A000012044E0002941D0002154222B48FDF770
:1063B000E5FB00222A4C2B4B20001A70FBF782FBD6
:1063C000294B1C60294C2000143CFBF789FB200062
:1063D00001F00CFE264B274D1C60274B002B2BD0C9
:1063E0002800FFF7BFFA254B2A78186024490024BB
:1063F000894622490023884610E043461B68620113
:106400009B18002B12D05B68002B0FD098472A787E
:106410000134E4B2511C2300A1420FDBA242ECD8AC
:106420009B1A5B014B445B68002BEFD10020E0BC62
:10643000BA46B146A846F0BD2A78D7E753463100A0
:1064400038001F70FFF7FAFD0028EFD03800FFF783
:106450003DFE0120EBE7C046C41F0020142F0020A2
:106460000C2F0020C33C0020682F0020BC1F002000
:106470006C2F0020C13C002065590010642D0020C5
:106480008CDE0010F0B5DE4657464E464546E0B578
:10649000C84B91B002931B78FF2B00D13EE1C64B55
:1064A000C64E9B465F46C64B0DAC0193C54B009351
:1064B00035686A69EFF3108172B61368002BFCD05F
:1064C000BFF35F8FA9612800210001F0BDFB6A695D
:1064D000AB69BFF35F8F0021116083F31088002840
:1064E00000D11BE16378082BE2D89B00FB589F4644
:1064F0006368002BDCD0A0689847D9E77F22217918
:10650000AF4D0A405300EB189846C80980444046F6
:106510000123303005799D430571057903339D438F
:106520000571002A00D100E14346A74A1B7D12787D
:10653000934200D3EFE0A54A5B011568ED18002DEA
:1065400000D1EBE0A36862792078AD69A847AFE796
:106550009F4A1378002B00D1E0E01378013BDBB2B7
:1065600013701378002BA3D10122954D01212B78B4
:10657000042013432B703423EA5C8A43EA54EA5C18
:106580008243EA540133EA5C8A43EA54EA5C824378
:10659000EA54237800209B4600F0A0FC6022237977
:1065A0001A40602A00D1EFE0402A00D1F5E0DB0676
:1065B000DB0E012B00D113E1022B00D1C7E0002B31
:1065C00000D0E1E0202A00D11CE2002A00D0DBE06C
:1065D0006379092B00D9D7E07E4A9B00D3589F46A8
:1065E000774D2B78DB0700D462E7FFF7BBFE5FE750
:1065F000019BDB78DB0700D45AE76068FFF7A6FE53
:1066000056E76F4D2B78DB0700D451E72878000759
:10661000C00FFFF7A5FE4BE723786A4999468B46E2
:10662000694B6A4998468A4639001A7847460023DA
:10663000B04600254E46894610E053461B686A0165
:106640009B18002B00D176E0DB68300098473A7841
:106650000135EDB2511C2B008D4244DC9542ECD348
:106660009B1A5B015B44EFE7237858499946564BE8
:106670008A4698463100BB464E461A7800250023CC
:10668000474689460FE053461B686A019B18002B5A
:1066900055D0DB68300098473A780135EDB2511C8F
:1066A0002B008D4207DC9542EDD39B1A009A5B01CB
:1066B00094466344EDE7019D542200212800FDF734
:1066C0005DFA1022FF214448FDF758FA28002022E5
:1066D000FF2114304E465F46FDF750FA00F0F4FB00
:1066E000FFF73CFEE4E6364D542200212800FDF77A
:1066F00045FA1022FF21281DFDF740FA280020222C
:10670000FF21143046464F46FDF738FA00F0DCFB17
:106710002379AB70CCE6501C984213DA11B0F0BC70
:10672000BB46B246A946A046F0BDA3686279207870
:1067300000F0E8FBBCE646464F46214DE6E74E46F4
:106740005F46CBE71F4D9B1A5B015D19FAE670238C
:10675000217A0B4218D1C80982460F330B405B00E7
:1067600098461948EB1853441B7D0078994683429C
:1067700066D216485B01006881469944002A00D120
:106780005FE14B46002B68D120780021FFF76AFDBE
:1067900080212078FFF766FD8AE6104800F09EFB16
:1067A000012158460EAAFFF7C3F8002800D07FE663
:1067B000EAE7C046C41F0020E4DD00106C2F002073
:1067C000142F00208CDE0010C13C0020642D00201E
:1067D000C33C002008DE0010182F002031590010A3
:1067E000237A0F2BD0D8CF4AEB181B791578AB4200
:1067F0003ED3691C9942C7DB5D1BCB4B6D01ED1885
:10680000686900F06BFB012158466B690EAA984736
:10681000002800D04CE66022150023791D401A4262
:10682000B2D163790A3B012BAED800F057FB6379F4
:106830000A2B00D199E158460EA900F0D9FA37E6A3
:10684000431C4B4500DAF7E04B461B1A5B019946A7
:10685000B5488144002A00D1F3E04B46586900F066
:106860003DFB4B46012158465B690EAA98479CE7C1
:10687000AE4A5B011568ED18002DC1D184E7A379FC
:1068800099466B789945D6D06B78002B00D033E1D0
:106890004B466B70002B00D12BE148460138C0B24B
:1068A000FFF792FA002800D17EE143780793022B8C
:1068B00000D079E10122C179B1468B114911134011
:1068C0000A40302112015B0113432A78A8468A430B
:1068D00013432B7009239A4682445646BA46C3781E
:1068E00082781B021343C31805938E4B04938E4B7F
:1068F00008938E4B09938E4B0A93059BB34200D8A5
:1069000055E1737801220B2B03D13378F278F61816
:106910007378042B00D044E1059B00279B1B9BB29E
:106920000693049B0B921D78002303931BE0099AA6
:106930007B011568ED18002D00D132E13100584679
:106940002B69069A98478446082803D9069A8242FA
:1069500000D313E1049B01371D78FFB26B1C039732
:106960009F4200DD1DE1BD42E1D8039B5D1B089BFA
:106970006D019C466544E1E76B780CAA0232137006
:10698000584601230EA900F049FA91E5E3881A0A56
:10699000D8B20F2A00D9F7E666499300CB589F4634
:1069A0000EA800F0A1FA5846A179FFF795FB022244
:1069B0002B7813432B707BE5E388012B00D0E3E6B3
:1069C00008222B78584693430EA92B7000F010FA3A
:1069D0006EE5022029780CAB9A1C8B068908DB0F28
:1069E00001400B431380584602230EA900F016FA0B
:1069F0005EE5E388012B00D0C6E608222B7813431E
:106A00002B7018E7237A0F2B00D9BDE6EB181D7900
:106A1000444B1B789D4228D2444B6D011B685D1985
:106A2000002D00D1B0E6686900F058FA01215846FF
:106A30006B690EAA9847B8E6002A00D0A4E60023A6
:106A4000994662790220130003928343012B15D0EB
:106A5000002A00D098E62B004344534430331B797E
:106A60000CAA9B07DB0F0232BCE75A1CAA4200DAD1
:106A70008AE6ED1A2C4B6D01ED18D4E7E388002B64
:106A800012D1029B1878039B012B23D0FFF7EAFB5E
:106A900043460221EB18534430331A790A4301214B
:106AA0001A711A790A431A714B46002B00D1FFE480
:106AB000586900F013FA4B4601215B690EAA58464B
:106AC0009847002000F00AFA3523EB5CDB0700D57D
:106AD000EEE4B0E6FFF7E0FB43460221EB18534437
:106AE00030331A798A431A711A7903998A431A71D1
:106AF000DAE7FFF733FC9EE600215846FFF7F6FA87
:106B00005846FFF799FBAB78074903930491054B6F
:106B1000064998461A780591002329001D008A46E7
:106B20001BE0C046C13C00208CDE0010642D00201C
:106B3000282F002030DE0010059B6A011B689B187F
:106B4000002B4DD0DB685846984743461A780135EC
:106B5000EDB2511C2B008D422EDC9542ECD39B1ADA
:106B6000049A5B0194466344ECE70CAB9A1C5846CC
:106B700001230EA9157000F051F999E40B9A012A2E
:106B80004FD0002A3CD00023B07804E00133DBB2C0
:106B90000F71934234D2C118C9B241440D79FF2D0F
:106BA000F4D04E464546574600236B70ECE54E4602
:106BB0005746FFF7D1FB3EE65546542200212800F8
:106BC000FCF7DCFF1022FF21281DFCF7D7FF28006F
:106BD0002022FF211430FCF7D1FF039BAB7057E656
:106BE0005546FAE7FEF7A0FE021E00D1CCE5D378A9
:106BF00091781B020B4358460EA900F00FF9D4E51B
:106C000065463B002A0031000A9800F08DFEAC4634
:106C1000049B039A1B7866440133934200DB6CE6C5
:106C2000BFE7174B29699942ADD1079AABE7FFF748
:106C30008FFB021E00D1A7E5584613780EA900F07D
:106C4000EDF8B2E52189FFF7C3F8021EF4D19BE508
:106C5000022A0FD0FFF77EFB021EC8D194E5FFF792
:106C6000AFF8021E00D18FE5122358460EA900F09E
:106C7000D5F89AE5FFF7A8F8021EB8D184E5C0461A
:106C8000E9720010F8B557464E46DE4645460C0000
:106C9000E0B516001F00002A3CD01F4B00259A4685
:106CA000702399461D4B9B4617E05B462000997860
:106CB00000F0FCFD00281FD021004046FFF732FA0B
:106CC000002819D0A378DA09012A1CD00A9A0135C4
:106CD00013702378E418B5421CDA6378052B0BD1C6
:106CE000E3789B079B0FBB4206D153464A461B786D
:106CF0009846A3781A42D8D00020F0BCBB46B246D2
:106D0000A946A046F8BD0B9A013513702378E41804
:106D1000B542E2DB0120F0E7C41F0020142F002061
:106D2000702270B5094B0C001D788B781A4201D087
:106D3000002070BD064B2000997800F0B7FD0028B8
:106D4000F6D021002800FFF7EDF9F2E7C41F00207C
:106D5000142F00200B007F2010B51840DB093433BE
:106D60004000044AC018044B1168C01800F05AFDD6
:106D700010BDC046682F0020142F00200B007F207C
:106D800010B51840DB0934334000044AC018044BE6
:106D90001168C01800F06EFD10BDC046682F0020BD
:106DA000142F002070B57F240F480C406400041994
:106DB000CD09641930342079C00701D5002070BD99
:106DC000012625790948354300782571FFF738FAFF
:106DD0000028F4D1012223799343237123790332CC
:106DE00093432371EAE7C046142F0020C41F0020FC
:106DF00070B5094C0600082220000D00FCF7C4FE07
:106E000000238021E360A3602B78300099430022A7
:106E10000023FFF7C7FF70BDF42E0020F8B5CE4663
:106E200047469046264E80B58146082230000D0028
:106E30001F00FCF7A9FE4346B3600023F381EC7901
:106E4000AB7924021C43231CBC4200D93B1C9FB2DB
:106E5000B381002C0ED0002F18D04346002B2CD02D
:106E60003B1C402F1BD89FB233787F2B1CD80021AE
:106E7000144A0FE080212B780022994348460023D2
:106E8000FFF790FFC0BCB946B046F8BD7F23002293
:106E9000317899433B004846FFF784FFF2E74023EF
:106EA0009FB233787F2BE2D9064C3A00414620004E
:106EB000FCF76AFE80212200ECE70020E2E7C046F2
:106EC000F42E0020B42E002010B514220021024818
:106ED000FCF754FE10BDC046F42E0020014B186193
:106EE0007047C046F42E002010B5054C0100082262
:106EF0002000FCF749FE0023A360E36010BDC046FC
:106F0000F42E002070B5384C1D0023780600DA09F5
:106F1000C9098A4210D00020002D00D070BD210088
:106F20003000FFF7F1F82369002B03D02200032182
:106F3000300098470120F1E7A0687F2B05D8002892
:106F400034D02A002949FCF71FFEE289A1685219B2
:106F5000E38892B24919E281A160934214D03F2D97
:106F600012D9A389981A051C80B240282AD8207803
:106F7000ADB27F2828D800219A4232D01B4A2B007C
:106F80003000FFF70FFFC9E72369002B05D022006F
:106F900002213000984700280AD08021237800225F
:106FA000994330000023FFF7FDFEB7E70020B5E767
:106FB00000213000FFF756F930008021FFF752F929
:106FC0000120ABE74025D2E79A4207D0074C2A00C0
:106FD0002000FCF7D9FD80212200D0E7802100228B
:106FE000CDE70022CBE7C046F42E0020B42E0020CF
:106FF00070B50500FFF7B8F9002800D170BDFFF7A4
:10700000BBF90028FAD1C8236B43124CE618F1787B
:107010000029F3D010331C19200000F0FFFD3F2899
:10702000ECD90020F178FFF795FE0028E6D020008B
:1070300000F0F4FD3F2808D9074BEA01D218F17897
:1070400040230020FFF7AEFED8E7F1780020FFF7DD
:1070500095FED3E7EC2D0020682D002010B504002C
:10706000FFF782F9002801D1002010BDFFF784F955
:107070000028F9D1C8226243024B01309B181B79CA
:107080001840F2E7EC2D0020C82310B54343024816
:10709000181800F0A5FD10BDFC2D0020F0B5C82487
:1070A000C646802344431F4F1034050000B53C19E9
:1070B0005B029A4200D31C4A200092B200F012FEFA
:1070C0008046FFF751F9002803D1404680BCB846FE
:1070D000F0BDFFF751F90028F7D1C8266E43BE195D
:1070E000F378002BF1D0200000F098FD3F28ECD978
:1070F0000020F178FFF72EFE0028E6D0200000F0F7
:107100008DFD3F2808D9094BEA01D218F1784023B8
:107110000020FFF747FED8E7F1780020FFF72EFEAA
:10712000D3E7C046EC2D0020FFFF0000682D0020B3
:10713000F8B50600FFF718F9002801D10020F8BDC6
:10714000FFF71AF90028F9D1C82474432500134F1A
:107150002435ED19280000F043FD0028EED03F193A
:107160000020B978FFF7F6FD0028E7D00C4BF401BA
:10717000E41821002800402200F0B4FDB978051E73
:1071800008D0030022000020FFF70CFE0028D5D015
:107190002800D4E70020FFF7F1FDCFE7EC2D002019
:1071A000A82D002070B5C82444430C4B0500E418FA
:1071B00080235B029A4200D3094A200092B200F079
:1071C00059FE0600200000F00BFD3F2801D83000DA
:1071D00070BD2800FFF7ACFFF9E7C046102E002075
:1071E000FFFF0000C82310B543430248181800F001
:1071F00015FD10BD102E0020F0B50025184C83B0F1
:10720000C82200212000FCF7B9FC164B21001D709C
:10721000FF236371E1235B02A36020000823402267
:10722000A37338310095073B103000F0A3FC270012
:107230000123210020002600402278310093B83736
:10724000243000F097FCC0363800FAF73BFC3000E1
:10725000FAF738FCE56127622663656303B0F0BD89
:10726000EC2D0020E82D00200B4B196B00290AD0D3
:107270001A6A002A0DD000221A621A63DA6100220B
:107280005A63012070471A6A002AFAD0D96119623C
:10729000F7E71A63F3E7C046EC2D002070B50F4CFA
:1072A000052200212000FCF769FC0D4D2B78DA0740
:1072B00007D50C4C9B070CD50121200000F0B6FE31
:1072C00070BD2000103000F091FE2B78054C9B071C
:1072D000F2D4200000F08AFEEEE7C046EC2D00203C
:1072E000E82D0020102E0020F0B54B79060083B069
:1072F000022B02D18B79022B03D00025280003B08A
:10730000F0BD214FBB78002BF7D18B7809253B705E
:107310000C780C196378242B0BD1082A02D80FE0C3
:10732000AA420DD32378E4185D196378ADB2242BFB
:10733000F6D0052B08D0042B02D163790A2B11D08B
:107340000020FFF755FED9E721003000FFF7E8FCE9
:107350000028D2D0A3787B7023785D19E418637875
:10736000ADB2E8E7094B277801930133009302227D
:1073700002233000E119FFF785FC0028BDD00E354F
:10738000ED19ADB2DCE7C046EC2D0020EE2D00205B
:10739000F8B5602314001278050013400020202B5C
:1073A00007D1304A6379277916781B023B439E4206
:1073B00000D0F8BD6378222B1AD007D8202B34D008
:1073C000212BF6D101293ED00120F2E7232BF0D169
:1073D000012940D00329F7D1234B002BF4D0E178C9
:1073E000A37809020020194300E000BF0120E0E774
:1073F000012930D00329E7D101252E00A378E478B4
:10740000023924021C4314712640243210007140BA
:1074100000F00CFE154B002BD6D062080020310086
:107420002A4000E000BF0120C3E701290BD0032957
:10743000CAD10F4B002BC7D0083200201100FEF735
:1074400097FA0120B5E7072321002800094AFFF732
:10745000E5FC0120ADE721002800FFF7C9FC012071
:10746000A7E7C046EC2D002000000000000000004F
:1074700071590010F42D0020F0B54F464646D6460F
:10748000364DC0B5EA781F0080460C00AB788A42C2
:107490003BD08B4210D00020E0BCBA46B146A84693
:1074A000F0BD2F4B002B04D02E4800F0AFFB00287E
:1074B00051D00020FFF79CFDAB78A34201D0012002
:1074C000EAE7294B002B02D0002000E000BF00209B
:1074D000FFF72EFE0028F2D1244C200000F080FBA4
:1074E0000028ECD1002FEAD0BF06E8D1243C40466A
:1074F000A178FFF72FFC0028E1D0002300224046AE
:10750000A178FFF74FFC0120C6E710239A46184EDA
:10751000AA4431005046BAB200F0ACFC154B002B27
:10752000BFD06B79FF2BBCD0002FBAD0F219914697
:1075300003E00136B145B4D06B7932789A42F8D184
:10754000504600F063FB0028F3D15346103B5979B5
:1075500000E000BFEDE700E000BFAAE7EC2D00204F
:1075600000000000FC2D002000000000102E002074
:10757000682D0020000000009322F0B5134C85B068
:10758000002120009200FCF7F9FA23002000802659
:1075900040270F4D4D337600FF332930029500937D
:1075A00000220023002103970196FF3000F0D6F956
:1075B0004035201D28340023012200210397029525
:1075C0000196009400F0CAF905B0F0BDB03000207B
:1075D0003030002010B5054C200000F0F5F92000F7
:1075E0002538FF3800F0F0F9012010BDD831002017
:1075F00070B5084C002520003130FF30257000F0B8
:10760000F5FC20000C3000F0F1FC2A23FF33E55498
:10761000657170BDB0300020F8B557464546DE466E
:107620004E46E0B54B7980460F00FF2B27D1424BE9
:107630000C7899462A234946FF33CB5C002B1ED198
:107640004E79002E1BD1BB783C190B703B79002B77
:1076500012D098235B004B449A460C234B449B4624
:10766000A5186378052B05D110E02378E41863781A
:10767000052B0BD0A542F8D8E01B80B200E000201B
:10768000F0BCBB46B246A946A046F8BDA542F3D918
:1076900021004046FFF744FB0028F0D0A3780136D4
:1076A000F6B2DB09012B29D0504600F09FFC2A23BB
:1076B0004946A278FF33CA54637922791B021343E7
:1076C0001E4A5B0594465B0D942163445A42534124
:1076D0004A4602204900525C5B00824313434A46FB
:1076E000535451464046083900F0D6F90028C6D018
:1076F0002378E4183B79B342B3D8BDE7584600F08D
:1077000075FC5A46A3780C3A5371637921791B02B0
:107710000B430A495B058C465B0D634459424B4160
:10772000022011795B0081430B4359460020083940
:10773000137100F07FF9DBE7B030002000FEFFFF9F
:1077400070B505002A201F4CFF30205C1E006379B5
:10775000884203D000208B421DD070BD9A235B006D
:10776000E35A002B0DD1184B002B04D000201749F1
:10777000B2B200E000BF2800154900F08DF90120E9
:10778000EBE72000962331305B00E158B2B2FF30C6
:1077900000F070FBE7E70F4B002B04D03104002012
:1077A000090C00E000BF0C4C2800210000F042F959
:1077B0000028E4D132002100280000F007F9012060
:1077C000CBE7C046B0300020000000003030002081
:1077D000D831002000000000B430002000B50300C4
:1077E00083B0002910D00020012B07D80A78002A86
:1077F00004D00B48C2540120012A01D003B000BDBF
:107800001800FEF7C1FDF9E7012301A900200B8054
:10781000FEF7BAFD0028F1D00122014B1A70EDE706
:10782000082F0020037870B5DB0704000E00DD0F81
:10783000002B17D103785B0701D5280070BD01210B
:107840003000494205F048FD2378DB07DD0F002BAF
:107850000AD123785B0708D4042223780125134337
:10786000237002E00025E8E70025300005F0E4FC85
:10787000E3E7C04670B50C00012106004942200034
:1078800005F02AFD33785B07DD0F002B04DB2000B9
:1078900005F0D2FC280070BD3378DB0704D4042245
:1078A000337893433370F2E70025F0E743790279A8
:1078B0001B021343C2785B0592075B0D920F022AED
:1078C0001DD0032A0CD00020012A08D102394A42D7
:1078D0005141124A9446614499424041C0B27047B6
:1078E00002394A1E91410E4A494211408022D2007B
:1078F00094460020614499424041C0B2EFE702291A
:1079000005D0002040229A424041C0B2E7E7054A34
:10791000981843425841C0B2E1E7C046FF03000057
:1079200040FCFFFF00FEFFFF8A1870B5914207D2AE
:107930007F264C78052C04D00C7809198A42F8D897
:1079400070BD34008D782C4064000419ED09635536
:107950000C7809198A42ECD8F2E7C046F0B5C64661
:1079600000B582B0150008AA40CA040017880BAA07
:107970001288012090460A002178024081432000AD
:10798000114321703A00009331000123083000F0C8
:10799000F1F8002E01D0002F08D10A9B012063606E
:1079A0004346638002B080BCB846F0BD26001C365A
:1079B0003000FAF787F80023002D01D033000026AD
:1079C0006361A661E9E7C04601207047F8B502246B
:1079D0000B7807001C4063425C41144B64421C401E
:1079E000134B08009C4608300D001600644400F05C
:1079F000F7F8002807D1002E05D0344203D1012426
:107A00002B781C4201D00020F8BD38006978FFF7C0
:107A1000A1F90028F7D02B781C42F4D100230022D2
:107A200038006978FFF7BEF9EEE7C04640FEFFFF79
:107A3000FF010000F8B50D000835060028000C0015
:107A400000F0CEF8002803D0012723781F4201D090
:107A50000020F8BD30006178FFF77CF90028F7D0EE
:107A600028006288616800F03DF92378051E0BD07C
:107A70001F42EDD10300626830006178FFF792F990
:107A80000028E5D02800E4E71F42E1D1300061780A
:107A9000FFF774F9DCE7C046F8B5CE46474680B537
:107AA0008A8905000C000B78002A07D101261E42A6
:107AB0003FD00020C0BCB946B046F8BD9B0734D5C6
:107AC000FE2380261B029946B6002700083738009F
:107AD00000F0A4F88642ECD80122237890461A429E
:107AE000E7D128006178FFF735F90028E1D03800A8
:107AF00000F094F8864231D84146237862881942D2
:107B0000D7D14B461840061C904200D9161CB6B27D
:107B100000226178002E00D0626833002800FFF751
:107B200041F90028C5D03000C4E7114B40269946E2
:107B3000CBE74978FFF70EF90028BAD0227863889E
:107B40001642B6D100226178002B00D0626828006E
:107B5000FFF728F90028ACD06088ABE742462378CD
:107B60001A42A6D128006178FFF708F9A1E7C046BC
:107B7000C0FF0000F0B5C64600B5040006A80578B1
:107B80008020884617001E000002824226D8E06846
:107B9000002803D00121494205F09EFB20690028FE
:107BA00003D00121494205F097FB4346236073044B
:107BB0005B0CED031D430023E0686381A780E58033
:107BC0002381002801D005F037FB2069002801D06F
:107BD00005F032FB012080BCB846F0BD0020FAE77A
:107BE00010B5048941898288A3B288B28C4207D338
:107BF0001B1A9BB2101C9A4200D9181C80B210BDEF
:107C00005100091A5B189BB2F4E7C046038940890A
:107C1000181A43425841C0B27047C04610B5048993
:107C200041898288A3B288B28C4207D31B1A9BB2C7
:107C300000209A4201D9D21A90B210BD5100091AFF
:107C40005B189BB2F4E7C04670B5040000690E00F3
:107C5000002803D00121494205F03EFB25896089B7
:107C6000A288A9B283B285422CD3CD1AADB2002D21
:107C70002ED0AA4208D2914230D3891A8BB26381A6
:107C80009A4203D89B1A9BB29A42FBD9E288216898
:107C90005204520C53433000C918FBF775FF638937
:107CA0000125591C89B2A2888B4213D900215200A8
:107CB000891A89B220696181002801D005F0BCFAD7
:107CC000280070BD5500ED1A4D19ADB2002DD0D170
:107CD000618989B252009142ECDBE9E789188BB2E5
:107CE0006381CDE7F0B546464F46D646C0B506009F
:107CF000006989469046002803D00121494205F0D9
:107D0000EBFA31897289B5888BB294B2914254D31F
:107D10001F1BBFB2002F4AD0BD4205D2AB4251D289
:107D20005B199CB22F0074814346B8453DD89FB281
:107D3000A54203D8641BA4B2A542FBD9F2883168DE
:107D40005204520C904662432B1B9BB28918424648
:107D50009F4225D953439BB21A0048469A46FBF7E7
:107D600013FF434648467D1B64195C433168504409
:107D7000A2B2FBF709FF7189B588CB199BB26A00E3
:107D8000994216D99B1A9BB230697381002801D0A1
:107D900005F052FA3800E0BCBA46B146A846F0BD3C
:107DA00048467A43FBF7F0FEE5E73B1CBFE77389E3
:107DB0009BB26A009342E7DBE4E76F003F1BDF19E9
:107DC000BFB2A7E75B1B9CB2ACE7C046F8B50400A6
:107DD000C0680E00002803D00121494205F07CFA5A
:107DE000258920896189A288ADB283B28FB2884289
:107DF00029D3DB1B9BB29A4209D8E779FF0906D148
:107E0000E068002801D005F017FA3800F8BD954267
:107E10001ED32B009B1A9BB29342FBD2E2882068B0
:107E20005204520C53433100C018FBF7ADFE6B1CDB
:107E30009BB2A2889D4218D9002352009B1A9BB284
:107E400001272381DCE75100C91B5B189BB2D2E7F5
:107E50002B00E28820685204520C53433100C018B2
:107E6000FBF792FE0135A288ABB252009342E7DBEA
:107E7000E4E7C046F0B557464546DE464E46E0B517
:107E8000140005000F0083B0002A75D0C0680028D8
:107E900003D00121494205F01FFA2E89E9796A8948
:107EA000AB88B6B292B2C90945D1964200D36DE013
:107EB00059008A1AB21892B2002189469A4234D2E5
:107EC0009A1A111C92B2A24200D9211C8AB2914680
:107ED000EA885204520C90464A46B21892B2924630
:107EE0004A46D21A92B2934634009E4203D3E41A11
:107EF000A4B29C42FBD24246624328681B1B9BB241
:107F0000801842464B4554D34B4639005A43FBF741
:107F10003BFEAB885B00564501D89A4503DB5246D1
:107F2000D31A9BB29A4653462B81E868002825D085
:107F300005F082F922E0E9884904490C88469C4210
:107F400027D2964247D3B11A89B28C465800E11A1B
:107F500089B28B4661460919814208DBD11889B282
:107F60000E1BB6B28A46B2423BD9361AB6B2A21935
:107F700092B29246A146B7E700239946484603B01D
:107F8000F0BCBB46B246A946A046F0BDB21A92B2BA
:107F900092E700218946002BC7D04146E41A4C43A2
:107FA0001600D118002289B28A46994693463F1995
:107FB0009AE753439BB21A0039005C440193FBF7E4
:107FC000E3FD414622004A43019B286892B2F9181A
:107FD000FBF7DAFD9DE75800811A711889B28C46CB
:107FE000B5E7A146B04200DD7EE7BEE710B504006C
:107FF000C068002803D00121494205F06DF92069CD
:10800000002803D00121494205F066F90023E06809
:1080100063812381002801D005F00EF92069002832
:1080200001D005F009F9012010BDC04670B504006B
:10803000C0680D00002803D00121494205F04CF929
:108040002069002803D00121494205F045F97F212C
:10805000E379ED011940E0682943E171002801D07E
:1080600005F0EAF82069002801D005F0E5F80120C4
:1080700070BDC046C3680200002B04D018009B6886
:10808000002BFBD170474068C3689A42FAD10300C5
:108090004068C2689A42FAD0DA689042F2D1180079
:1080A000F0E7C046C3680200002B04D018009B68AC
:1080B000002BFBD170474068C3689A42FAD1030095
:1080C0004068C2689A42FAD0DA689042F2D1180049
:1080D000F0E7C04603780200002B03D143685B68D9
:1080E000984211D09368002B04D01800DB68002B55
:1080F000FBD17047506883689A42FAD10300406808
:1081000082689A42FAD0F4E7C068F2E7F0B500243A
:10811000CE46474680B54A608C60CC600C70002823
:108120000AD09160934200D1A3E05D6898682C006A
:10813000904208D1996006E0D160D868904200D1A1
:1081400095E05D682C00002201269146A9420DD1E0
:108150003BE0002C1ED02778002F1BD10670267024
:108160004946117011002C008D422ED048680278CB
:10817000002A2AD1426894688442EAD1D768BC4672
:10818000002F28D03F78002F25D101216046217093
:108190000170E5E784688C4239D00670484610705B
:1081A000D0688468D460002C00D062605468446059
:1081B0005D68AA4227D0A568AA4226D0E060826006
:1081C00050605D682C008D42D0D101232370C0BC6B
:1081D000B946B046F0BDC5688D4231D006704846FC
:1081E0001070E0689060002800D0426050686060C5
:1081F0005D68AA4220D0C568AA421FD08460E260B0
:1082000054605D68AFE75860D9E7A060D7E7CD68F4
:1082100014008560002D01D0686044684C605D6882
:10822000A84222D0E568A8422ED0A1600C00C86008
:10823000416001002000B0E75C60E0E7C460DEE779
:108240008C68C460002C18D0606044684C605D6825
:10825000A8421BD0A568A84214D0E1600D00886038
:108260009468416001002800B8E75960DEE7D960F2
:1082700067E70C005960D960A7E74A605C68A042D4
:1082800004D01400A160E9E7E160CFE75960E5E7B9
:1082900010B580240B68E405A34210D2581C934209
:1082A00007D95200934204D2A24205D32000054BC5
:1082B0000B60FBF76FFC10BD0A60501CF9E7024829
:1082C00000F076FFFFFFFF3FCCD6001030B583B043
:1082D000150004000A0001910F290ED80068002A39
:1082E00006D0012A11D02900FBF748FC019A20682A
:1082F00000236260835403B030BD002201A9FFF760
:10830000C7FF019A2060A260E9E70570019A206822
:10831000EEE7C046F0B54F464646DE46C0B51F0004
:1083200043680E00891882B08946591A88460A990E
:1083300004008A1AD21808239B46036883440192DA
:108340009B453BD08268200001A9FFF7A1FF0500F3
:10835000002E05D02168012E2DD03200FBF714FC31
:10836000002F09D00A9B002B06D0A819012B27D07B
:1083700039000A9AFBF708FC4346002B0AD00A9BF7
:108380002168F018434628184944012B10D0424672
:10839000FBF7FAFB2068834501D0FBF7FFFB019B4D
:1083A0002560A36002B0E0BCBB46B146A846F0BD64
:1083B0000B780370EEE70B780370D1E70F22C2E76A
:1083C0003B780370D8E7C046F0B5C64600B5069FB7
:1083D0000E0090461C00079D002F0BD0974253D8EB
:1083E000012F02D11B780B7004E03A001900300015
:1083F00002F0C6FF002D4AD0474548D04346F01949
:10840000F118012D02D10B78037002E02A0002F06E
:10841000B7FF47453BD94346F518E3199D420AD3B8
:10842000012F02D12378337031E03A00210030006F
:1084300002F0A6FF2BE0A5420ED84346A41BE21A89
:10844000D219B118012F02D10B7833701FE03A0016
:108450003000FBF799FB1AE02D1B012D02D1237888
:10846000337004E02A002100300002F089FF701907
:10847000F1197A1B012A02D10B78037007E0002A58
:1084800005D0FBF781FB02E0002DB7D1C3E780BC2C
:10849000B846F0BDF0B5CE46474680B51F0083B064
:1084A0002E4B04000A9D4068D31889461B1A9D4232
:1084B00050D808218C462368AE1AA4443618634568
:1084C00041D0A1688C46664533D84946591888463C
:1084D00049465118411ABB4220D900290BD0AA4263
:1084E00009D04346581913004344012928D00A00F3
:1084F000190002F045FF002D06D0012D26D02A00DC
:1085000039004046FBF740FB0022200023686660EC
:108510009A5503B0C0BCB946B046F0BD1B189F4287
:10852000DBD801913B00414620000095FFF74CFF4E
:10853000EAE73B00494620000095FFF7EBFEE3E742
:108540001B780370D7E70F218C46BCE742463B7887
:108550001370D9E7024800F02BFEC046FFFFFF3F33
:10856000E4D600101EB400F093F81EBC04F09CFE8C
:10857000F0B5C64600B51E0003780C0082B0472B4C
:108580001FD00020284D2B6801909B682800984739
:1085900001239846002804D0019B1B680193022305
:1085A0009846236829001F692000012301AAB847C3
:1085B000002826D100239846404602B080BCB84629
:1085C000F0BD43784E2BDCD18378552BD9D1C378BD
:1085D000432BD6D10379462B1BD0432BD1D14379E2
:1085E0002B2BCED183792B2BCBD1C279012AC8D8A2
:1085F000002301930300203B1D68012A04D058305A
:10860000C1E7019B3360D7E72B00783B28001D684A
:10861000B9E743794F2BB4D18379522BB1D1C079CB
:10862000024D0028AFD0ACE750DF001024DF00106F
:1086300010B5040000F0FAF822002378203A472B06
:1086400005D08368002B20D18260012010BD6378A3
:108650004E2BF6D1A378552BF3D1E378432BF0D1F1
:108660002379432BEDD163792B2BEAD1A3792B2BE3
:10867000E7D1E379012BE4D8D3690133D361012B2E
:10868000E3D1836893618260DFE700F021FCC0469C
:1086900010B500F0CBF80300806800282DD0202210
:1086A000825C472A03D000229A60203010BD263A0F
:1086B000825C4E2AF7D12C3A825C552AF3D1323AA9
:1086C000825C432AEFD11F3A825C432AEBD11E3AE7
:1086D000825C2B2AE7D1053A825C2B2AE3D1043A4B
:1086E000825C012ADFD8C269013AC261002ADCD16A
:1086F00082699A6000238361D7E700F0E9FBC046F6
:1087000070B5040000F092F8220023780568203A42
:10871000472B04D0002D2BD10260280070BD637858
:108720004E2BF7D1A378552BF4D1E378432BF1D11D
:108730002379432BEED163792B2BEBD1A3792B2B10
:10874000E8D1E379012BE5D85369002B0DDB013328
:1087500053614368013B4360954201D0156102605B
:108760002000656A04F0B0FDD7E70121CB1AEFE7DE
:1087700000F0AEFB10B500F055F80368002B09D0EF
:1087800020229A5C472A06D000222033026018007B
:1087900004F072FD10BD263A9A5C4E2AF4D12C3AB0
:1087A0009A5C552AF0D1323A9A5C432AECD11F3AAE
:1087B0009A5C432AE8D11E3A9A5C2B2AE4D1053A06
:1087C0009A5C2B2AE0D1043A9A5C012ADCD85A69D7
:1087D000002A08DB511E012A0CD04A1C01D0596125
:1087E000D8E700F075FB511C0132F8D11A6902601C
:1087F0005961CFE71A6920330260180004F03CFD8C
:10880000C8E7C0467047C0467047C046004870473A
:1088100000D7001010B504000421FBF7C3F92000B5
:1088200010BDC04600487047382D002000487047F2
:10883000382D0020F0B5D64646464F468A46C0B58C
:108840000600502824D00F2404400C2C00D96FE0DF
:108850003848A4000059874654781078240204430D
:10886000907800042043D47824060443101D002C83
:1088700008D070253540102D00D1924676B2544470
:10888000002E0ADB1C60E0BCBA46B146A846F0BD2B
:10889000D01C0322904310C8F4E72468F2E7547810
:1088A000107824020443907800042043D4782406EE
:1088B000044310000830DAE75478107824020443A7
:1088C000901CD4E754781078240204432404241420
:1088D000901CCCE77F2115000024002788464046E5
:1088E000297801350840B840044348B207370028CA
:1088F000F5DB28001F2FBAD84D06B8D50125BD409D
:108900006D422C43B5E700218C467F3115000024D1
:108910008846474661462878013507408F40072141
:10892000894640B23C43CC440028F2DB28009EE755
:1089300002F084FD6CDF0010030010B50800FF2B6F
:1089400010D070221340302B13D004D8202B07D125
:1089500004F05AFC07E0402B06D104F0C5FC02E00D
:10896000202B04D8002010BD0020502BFBD002F09B
:1089700065FD04F089FCF6E7F8B505000E0014006B
:108980000020002D02D0280004F0AEFC2060771CEF
:108990003678FF2E28D160603B78781CFF2B32D0D0
:1089A0001023002500217F26237532000378013033
:1089B0001A408A405BB215430731002BF5DB45199D
:1089C000E560002200257F260378013063753100C1
:1089D00003780130194091405BB20D430732002B00
:1089E000F5DB45192561F8BD29003000FFF7A4FF2C
:1089F0003A000100231D3000FFF71CFF07003B7801
:108A0000781CFF2BCCD100252375D9E7F0B557464C
:108A10004546DE464E460023E0B597B00C9303333F
:108A20000F0090460340012B00D1AEE0022B0ED187
:108A30004146380004F018FC002800D0A3E00820CC
:108A400017B0F0BCBB46B246A946A046F0BD002B0D
:108A500000D033E208331C0004400342E8D1012572
:108A600010AB0393039B0C2200210093404600238C
:108A7000109704F0F1FB404604F07EFC04900028BF
:108A8000D6D02C43039D04992A0040460594FFF755
:108A900073FF2B7D4146040018000693FFF74CFF3F
:108AA0000FABA8600F22079000939B460021002384
:108AB000404604F031FC01220F9B9343013B994651
:108AC0002B699A469C4242D2109B6E7D02933B00DA
:108AD0007F2527004C46994600213000FFF72CFFE8
:108AE0003A0001000DAB3000FFF7A4FE00210700A3
:108AF0003000FFF721FF3A0001000EAB3000FFF716
:108B000099FE002107003000FFF716FF3A00010030
:108B10005B463000FFF78EFE002100222F00037815
:108B200001301F4097405BB239430732002BF5DB21
:108B3000029A0D9B94466344A34207D80E9A9B1851
:108B4000A34200D985E007008245C5D84F460023DF
:108B500000259A460133059AD20771D50C9B0B93D9
:108B60005B460D22009300210023404604F0D4FB15
:108B70000F9B06203B620B9B3D637B625346BB62AF
:108B8000049BFB625CE709205AE708231C0010AA3B
:108B900004400392034201D0022563E70D6A0023DB
:108BA000009200210D22404604F0B6FB109B9D422E
:108BB000F2D1039B0C220093002100234046109722
:108BC00004F04AFB3D6BBC6AFB6A002D3ED0049367
:108BD0000FABA2469B465346002B00DAB8E00326B3
:108BE0005B46002200210093404600230F9704F0CB
:108BF00033FB5B46012200210093404600230F9483
:108C000004F02AFB5B460F2200210093404600231C
:108C100004F082FB01230F9A002113402B430F9392
:108C20005B460F2200934046002304F015FB022E02
:108C300001D0072004E73800FFF7FAFC0720FFE621
:108C4000082205990A426DD1012B7FD1380000F02E
:108C50006DFC0F9B4F46002B00D1E9E6039A556847
:108C60005D19002900D10AE14C1E5444002D00D1A9
:108C7000DEE6059A0823110019400A91134200D13B
:108C800000E13F333B7007337B700733BB70123B0F
:108C9000FB7003333B7109337B710333BB710023DA
:108CA000FB710023069A994607331A4043460993FD
:108CB000039BBA46984602920895002300217F251F
:108CC0002A002078013402408A40134342B207311F
:108CD000002AF5DB1F2905D8400603D501228A406A
:108CE000524213431E002000002500227F279C468D
:108CF000390003780130194091400D4359B20732D1
:108D00000029F5DB190063461F2A3ED849063CD5E9
:108D1000012191404A421543002B4BD10123994632
:108D20006419CAE7012B00D1C6E05346002B00DAD4
:108D3000BEE05446032653E7099BAB469846059B85
:108D4000B2462700089DDB0700D507E7544642E7F7
:108D5000039E049932004046FFF70EFE4146307DE7
:108D6000FFF7EAFDE343F1689B00C9180B68002B8D
:108D700005D0002301339A008A58002AFAD1BB6239
:108D80000423F8623B63796329E7002B12D10123A6
:108D90009946002DC4D1099B574698464B46089DDD
:108DA000002B00D144E6059BDB0700D540E60024FC
:108DB000022615E7002B14DC4246DB43D7689B00F4
:108DC000FF1853463968002B02D00A9B002B2CD089
:108DD0000029DED1099B57469846B2460323089DD9
:108DE000B9E6069AFF2A48D0029A022A42D03CD914
:108DF000029A032A3BD0042A60D1DB005B42424640
:108E0000D2680799D21806985B46FFF713FD0F99B1
:108E10000029DFD05346002BBBD0002250460CABBC
:108E2000FFF7A6FB0028B4D0D4E70C9B0B930F935D
:108E3000002932D053465A46A246AB461C001500C4
:108E400004E079680437002900D175E72B0000227F
:108E500020007918FFF78CFB0028F2D022002B00AD
:108E600054465D4692469B4693E7002A26D19B00D6
:108E70005B42C4E75B005B42C1E70023BFE7002D14
:108E800091D1D5E53B00FA795833012A01D00C93F2
:108E900007E7783B1B680C9303E7099B5746984606
:108EA000059BB246089DDB0700D559E6544692E67D
:108EB00000F01AF8FFF724FC00F00AF802F0BEFAFE
:108EC00010B5804702F0BAFAFFF71AFC02F0B6FAC2
:108ED000024B10B51868FFF7F3FFC046CC1F002007
:108EE00010B58047FFF7F4FF024B10B51868FFF785
:108EF000F7FFC046C81F0020014B18687047C046E6
:108F0000CC1F0020014B18687047C046C81F0020C6
:108F100010B5012812D80B00283B1A68501E1860A3
:108F2000012A00D010BDDB6858310C00002B01D0A5
:108F300008009847200000F043FAF3E72839486911
:108F4000FFF7BEFF70B505000026803DEA602E6089
:108F5000A9600400FFF7D6FF2861FFF7CDFF2300CB
:108F60004722583B68611A7007325A7007329A706C
:108F700022004323553A13705370183B9370D370FB
:108F8000024B513C280026702B6370BD118F0010DE
:108F900070B504000D001600FFF748FC436832006E
:108FA0000133290043602000FFF7CCFF04000123B8
:108FB00028340360200004F0C7F92000FFF7A0FB6D
:108FC000FFF786FF10B5FFF731FC436804680133F3
:108FD0004360002C0CD02023E35C472B0AD00023F5
:108FE00003602034200004F09FF92000FFF788FB85
:108FF000FFF76EFF263BE35C4E2BF0D12C3BE35C8E
:10900000552BECD1323BE35C432BE8D11F3BE35CB7
:10901000432BE4D11E3BE35C2B2BE0D1053BE35C0F
:109020002B2BDCD1043BE35C012BD8D863695B427A
:109030006361D6E710B50400024B036000F0F4F85A
:10904000200010BDDCDF001010B50400044B0360ED
:1090500000F0EAF820000C21FAF7A4FD200010BD72
:10906000DCDF0010F0B583B01E00089B05000F0088
:10907000140093420AD0A868089A036800921D6AF7
:10908000220033003900A84703B0F0BD310000F0E2
:109090005FF80028EFD00620F6E7C046F0B50E00D6
:1090A00085B01900040017001D0000F051F80028D9
:1090B00014D10A9B0C9A93422AD0A0680D9A036897
:1090C00003920C9A310002920B9A01920A9A009232
:1090D000DC693A002B00A04705B0F0BD0D9B0A9A51
:1090E0001F711A60002E0CDB93190C9AD31A5A1EAA
:1090F000934104225B4293430D9A063393710020FF
:10910000EAE70236FBD101230D9A00209371E3E7D1
:1091100020000B9900F01CF80028CED00D9B0020F9
:109120005F71D9E7F8B507000C0015001E0000F0CC
:10913000B3F8002806D1B8682A00036821009F69A7
:109140003300B847F8BDC0467047C046002070479E
:1091500010B5814211D0406803782A2B0BD04968A2
:109160000B782A3B5A425341C91801F07FFC434215
:109170005841C0B210BD0020FCE70120FAE7C0460C
:1091800070B50500082000F005F92900040000F082
:10919000E1FA2000044A0549FFF7FAFE200000F03A
:1091A0000FF9FFF7DFF9C0464D96001084E000107C
:1091B00070B50500082000F0EDF82900040000F06B
:1091C0000DFB2000044A0549FFF7E2FE200000F0F5
:1091D000F7F8FFF7C7F9C0468D960010A4E000101D
:1091E000002330B51400102285B00093019303933F
:1091F000036802929D6922686B46A8476B461A79FC
:10920000062300201340062B02D1009B013023606F
:1092100005B030BD009B05209A1A53425A41524274
:10922000104001307047C04610B50400024B036087
:10923000FFF78AFF200010BD50E0001010B50400B9
:10924000044B0360FFF780FF20000821FAF7AAFC17
:10925000200010BD50E0001070B516001D00069AE9
:10926000049B040093420ED029002000FFF770FFFA
:10927000002806D0079B049A1E711A600123079AE2
:109280009371002070BD0599FFF762FF0028EBD0B5
:10929000079B5E71F5E7C04670B515001C00FFF72F
:1092A00057FF002804D00823E360023B25602371A8
:1092B00070BDC046F8B505000C0017001E00FFF792
:1092C00047FF002807D1032E05D823683A0029005C
:1092D00020005B699847F8BD70B5194C0838636881
:1092E0000668002B20D08519AB421DD85A6821D0C2
:1092F0000434002A06D10DE051681C1D130000291A
:1093000007D00A009542F7D803D12A68B6186A68D0
:109310005A6023681A689918884208D05B6806600A
:1093200043602368586001E04360606070BD92193B
:109330001A60FBE71B6842609B1903606060F5E7F9
:10934000442D0020020030B50832083000D3082236
:1093500007230F49073248689A430431002804D193
:109360000EE0011D406800280AD003689A42F8D830
:1093700045689C1A072C04D803602B000B6008304A
:1093800030BD83185D6008681C600260F6E7C04667
:10939000442D002070B580300500FAF7D1FB041E83
:1093A00007D0802200212000FAF7E8FB200080305F
:1093B00070BD2800FFF7C6FF041EF2D1FFF788FD3D
:1093C000074B80389A68DB6810B5D318984201D2F1
:1093D000824202D3FAF7C6FB10BDFFF77DFFFBE721
:1093E000442D0020F0B5CE464746002580B53B4EC3
:1093F00089B03B487560B560F56000F067FA0823F6
:109400000293384B0400039309230593364B0495CC
:1094100006930423079300283FD0344D2378280077
:109420003A3B5A425341E4180F22210002F0B8FCA3
:10943000002802D1E37B2E2B16D020003A2101F028
:10944000B3FA041EEAD1079C402C24DC049B002BB9
:1094500000D106333E335C43A400F46020D109B050
:10946000C0BCB946B046F0BD08AB9946103402AF57
:109470003B6878689846002B05D01A00210002F05E
:109480008FFC002803D14346E35C3D2B13D00C37FF
:10949000B945EDD1D1E74024D8E78824E400F46051
:1094A0002000FAF74DFBB060002815D00023706053
:1094B00004604360D3E7404601302018002201A930
:1094C00001F0F6FE019C23783A2B01D0002BB4D199
:1094D0000028B2DBB860B0E7F060C0E7442D0020A0
:1094E00014D7001028D7001034D7001040D7001030
:1094F000027803000020472A00D070475A784E2A8D
:10950000FBD19A78552AF8D1DA78432AF5D11A791D
:10951000432AF2D15A792B2AEFD19A792B2AECD10E
:10952000DB792A3A9A424041C0B2E6E710B5041E00
:1095300006D0FFF7E5F82000FFF7DAFF002801D199
:10954000FFF7C6FC203CE068FFF7BAFCF0B5DE464A
:1095500057464E464546E0B585B00700FFF7C8FFC1
:10956000041E0BD03B00203B9A68DC68BB6A914626
:109570009A467B6B002698463D6B04E081460126A7
:109580008046050082463800FFF7BAF8002E01D069
:10959000FFF7AAFC4846FFF7A3FCFFF7B1F8002E3F
:1095A00001D0FFF795FCFFF73DF927220368995C8E
:1095B0001A007832012900D11A68AD080292AA0077
:1095C000019200222033454691469846CA4521DD46
:1095D0002F68002F00D07F1900223900404602ABCF
:1095E000FEF7C6FF002801D0FFF7ECFC3B680390B4
:1095F0001B6938009B461149012303AAD84700285C
:1096000000D1300001239C46019BE1449C460600AA
:109610006544DBE7002E08D00420FFF7BBFE084BB3
:10962000084A06490360FFF7B3FC2000FFF748FC37
:10963000FFF7A0F8FFF79EF8FEF794FFF8DE0010A2
:1096400060DF001009880010406870470D4B10B5AE
:1096500003604368040018000B4A0C3882B0904243
:1096600005D12000FFF7CEF8200002B010BD043B6A
:109670001A68511E1960002AF3DC01A900F0E6F80F
:10968000EFE7C046B8E00010542D00200D4B10B598
:1096900003604368040018000B4A0C3882B0904203
:1096A00005D12000FFF7AEF8200002B010BD043B4A
:1096B0001A68511E1960002AF3DC01A900F0C6F8EF
:1096C000EFE7C046B8E00010542D00200E4B10B557
:1096D00003604368040018000C4A0C3882B09042C2
:1096E00008D12000FFF78EF82000FAF757FA200083
:1096F00002B010BD043B1A68511E1960002AF0DC4C
:1097000001A900F0A3F8ECE7B8E00010542D002008
:109710000E4B10B503604368040018000C4A0C3867
:1097200082B0904208D12000FFF76CF82000FAF7D1
:1097300035FA200002B010BD043B1A68511E1960B2
:10974000002AF0DC01A900F081F8ECE7B8E0001095
:10975000542D0020F0B5C64600B51C4B04000D008A
:1097600082B00360002929D0080002F0A3FC061E85
:1097700002D1174B984611E0002101AA00F038F8F9
:109780000C23984607008044012E0ED03200290099
:109790004046FAF7F9F90F4B9F4209D143462000A2
:1097A000636002B080BCB846F0BD2B780373F2E76B
:1097B00000233E60BB60BF193B73EFE70648FFF72D
:1097C000DFFC2000FFF71EF8FEF7CCFEB8E000102B
:1097D000602D0020542D002050D7001010B504003B
:1097E000FFF7B8FF014B2000236010BDCCE0001054
:1097F000144B10B50400984221D8884215D94B006B
:10980000984200D21C002300200080221D330D301E
:10981000520193420BD9A14209D294461B051B0D5C
:109820006444E41A074B9C4207D820000D30FAF735
:10983000B1F900234460836010BD1C00F5E70248C5
:10984000FFF7B6FCFCFFFF3F7CD7001010B5FAF71E
:10985000A5F910BD0B00034370B506009B070ED1A0
:10986000032A0CD9114D04E0043A043110C6032A2E
:1098700005D90C680E4BE318A3432B42F4D03300F8
:10988000002406E00D5D013A355501330134002D09
:1098900002D0002AF6D170BD00219C18002AFAD00F
:1098A00019700133A342FBD1F5E7C0468080808068
:1098B000FFFEFEFE030010B50A0003490868190008
:1098C00002F09EFB10BDC0464021002000B5044BB5
:1098D00083B0010001AA186802F092FB03B000BD3A
:1098E0004021002010B5002100F08AFF10BDC046C5
:1098F00070B516000D0003F0AFFA002E0DD06B23EB
:109900006A00520D9B1A002B07DD0024034A1B0539
:109910009D182B002200F9F7DCFB70BD0000F03F22
:10992000F0B54546DE4657464E46E0B59FB0079235
:1099300000220C001A920021002280460491059218
:10994000210019910A780F002D2A03D8B44D9000F8
:10995000285887460021089100210991302A00D11A
:10996000B2E015002F2A01D800F044FD0023A446E0
:109970003800002619001C000BE08B0001305B183A
:10998000199005785B00991830392A0001362F2D7F
:109990000FDD392D37DC082EEFDDA30001301B1958
:1099A000199005785B009C18303C2A0001362F2D59
:1099B000EFDC894601229B49A246644601F0A6FCE1
:1099C000002800D094E0199B0D965A1C19925D78DE
:1099D0000023129350E00131B3E7002208924F1C9C
:1099E00019974A78002AB7D1079B00260027002B39
:1099F00000D01C60300039001FB0F0BCBB46B2463E
:109A0000A946A046F0BD894601228649A246644681
:109A100001F07CFC00286BD1199A130001321992D5
:109A20005D78002E01D000F075FD302D01D000F0E2
:109A30001DFD13001800013319931D78302DF9D046
:109A4000801A01302B00313B082B00D9FCE2302278
:109A500052429446199B421C129200221F0001267A
:109A6000AC440D924A4692004A44520062449146E8
:109A700000205A1C19925D782A00303A092A00D930
:109A8000E6E29446199B0130002AF2D031188B4649
:109A90000139012801DC00F089FE55464A469A4604
:109AA000E1462B0006E09500AA185200B14201D110
:109AB00000F08FFC35000136082DF4DD102EF5DCAA
:109AC0009D00EB185B00F1E77A7820318A437D1C1A
:109AD000582A01D100F023FC2F0019953A7801355E
:109AE000302AF9D0002A00D1B4E20123099338E7E3
:109AF0000023002000220D96129320232900994371
:109B00000B0000210C91452B28D0002E00D091E0B5
:109B1000099B034300D09DE2002A00D064E7692D31
:109B200000D11FE301DD00F075FC492D00D119E3E0
:109B30004E2D00D058E73C4919A802F0FBFA002846
:109B400000D151E7199B1B78282B01D100F02BFD88
:109B5000364802F05DFD06000F007DE233000999F2
:109B600003430B4300D13FE7199C631C19936578AD
:109B70002B2D00D1C4E32D2D00D07BE201230A93CD
:109B8000A31C1993A5782B00303B092B00D979E34E
:109B90001999302D0DD14B1C19931D7819000133E3
:109BA000302DF9D000230C932B00313B082BACD87F
:109BB00001334D1C1995AC464D780B932F2D01DCCC
:109BC00000F02EFC0C92624610910C9983468C4654
:109BD00010000B9B0AE09900C91801324900199244
:109BE0004B194578303B2F2D02DD1000392DF2DD69
:109BF000604694460B93634610990C900C9A584615
:109C0000591A082901DC00F00BFC094B0C930A9B44
:109C1000002B00D179E70C9B5B420C9375E7C046A3
:109C2000D8E0001094D70010A4D70010FCD5001085
:109C30001F4E00000C9B129A9B1A0B930D9B002B3E
:109C400000D10D963400102E00DD10244846F9F79F
:109C5000B3FA04900591092E17DD2200624B093AF0
:109C6000D2009B181A685B68F9F733FA04900591E3
:109C70005046F9F7A1FA02000B0004980599F9F78C
:109C800001FA049005910F2E25DC0B9B002B00D1CF
:109C900039E30B9B002B00DC4EE2162B00DCC8E303
:109CA00025230B9A9B1B934215DB049A059B0F24DB
:109CB0004D4DA41BE100691808684968F9F709FAD5
:109CC0000B9B1C1BE4002D192A686B68F9F701FA3D
:109CD00006000F00C0E10B9B341B9C466444002C23
:109CE00000DCCAE10F231A00224023420AD03E4B77
:109CF000D200991808684968049A059BF9F7E9F9B0
:109D0000049005910F239C43231E4FD09A225200AA
:109D1000944200DDA6E324111F2B01DC00F0CBFCF4
:109D200004980599002292460132934652462F4BE1
:109D3000B2461D000993160000235A46224204D061
:109D40002A686B68F9F7C5F90123013664100835F4
:109D5000012CF2D1320056469246002B01D00490DD
:109D60000591234A059B9446634405935346D900C5
:109D7000099B9C46049A059B614408684968F9F769
:109D8000A8F91C4B1C4A049005910B40934200D942
:109D900068E3D42080048446184A614405919342C4
:109DA00004D90123164C5B420493059400230A93C3
:109DB0004B4639000093404633000D9A02F0BCFC3C
:109DC0001390002800D14DE30B99129ACB430C98C5
:109DD000DB17101ACA1719400023104099469B46FA
:109DE0000C901491F0E0C04660E4001038E40010DC
:109DF0000000B0FC0000F07F0000A07C0000907C20
:109E0000FFFFEF7FC91A521A1F2900DD3EE201232E
:109E10008B40109300231593AB189A460A9BA41805
:109E20009C462B006444554500DD5346A34200DDAB
:109E30002300002B04DD5246D21A9246E41AED1A92
:109E40000C9B002B00DDB1E15346002B00DDC8E187
:109E50000B9B002B00DD0BE2002C00DDFCE1002D54
:109E600008DD49462A00404602F080FE814600286F
:109E700000D1FAE140461A99099A02F013FF83468D
:109E8000002800D1F1E1C368494612930023C36062
:109E900002F0EAFE002800DAC8E3059B0D9300D12A
:109EA0004AE34946584603F0B9F880230022DB050F
:109EB00004000D00F9F75EF9002800D168E1129B5B
:109EC000002B00D0EFE1049B002B00D074E20D9B2F
:109ED0001B0300D01AE2002220002900D34BF9F71F
:109EE00043F9002800D01EE30022D14B20002900B6
:109EF000F9F7EFF80A0001001300109111920E908B
:109F000080221206944663440F930D9BC94A0E9C0F
:109F10000F9D13409A46C84B9A4500D1CAE10A9B4F
:109F2000002B28D0D423DB049A4524D8109811990B
:109F3000C24AC34BF9F71EF9002817D0109811999F
:109F4000F9F77AF9002800D10130F9F735F9129BB9
:109F500010901191002B00D0D7E2802212060B0046
:109F60009446634416901793169C179DD623524629
:109F7000DB04EB189D1A3000390002F06DFF02007F
:109F80000B0020002900F9F7A4F832003B00F9F794
:109F900079F80E00049005910A9B002B04D1A54B83
:109FA00033409A4500D1D5E140461A9902F066FB4C
:109FB0004046099902F062FB4946404602F05EFBCA
:109FC0005946404602F05AFB139C4046616802F035
:109FD0002DFB031E099000D147E122690C330232A8
:109FE0000C34210018009200F9F7CEFD049E059F65
:109FF0001CAB01931BAB009332003B00404602F0C8
:10A00000A7FF1A90002800D1F4E00121404602F099
:10A010003FFC8146002800D127E11B9B002B00DA82
:10A02000DBE00C9A149C9D180A991C9A5B1A362145
:10A030009B188A1A8349013B8B4200DAE2E600232F
:10A04000159301331093E7E6002300260D93129336
:10A05000012252E500260027079A002A01D0199B09
:10A060001360089B002B00D1C4E4802109067B18F3
:10A070001F00BFE400230A9385E5002C00D195E67C
:10A080000F231A006442224023420AD00498059903
:10A090006D4BD2009B181A685B68F8F7FCFF0490C0
:10A0A0000591241100D181E61F2C3FDC10231A00FA
:10A0B00022400A92234201D05A330A930122049883
:10A0C000059900239246614D5246224204D02A68E7
:10A0D0006B68F8F7FEFF012364100835002CF3D1FC
:10A0E000002B01D0049005910A9B002B15D0049BF6
:10A0F000059C6B236200520D21009B1A002B0ADD88
:10A100001F2B00DC14E300200490342B00DC16E34A
:10A11000DC239B0405936A230A9300220498059983
:10A120000023F9F719F8002800D141E6222342461E
:10A130000026002713608FE70B9B163300DACAE571
:10A140000C99129A404B521AD2009B181A685B68FD
:10A1500004980599F8F79FFF06000F007CE701229D
:10A1600008923CE43A4919A801F0E4FF002800D124
:10A170003AE4199B3749013B19A8199301F0DAFF1A
:10A18000002802D1199B013319930026294F63E758
:10A19000274B002220002900F8F79BFF129B10900C
:10A1A0001191002B7AD10B000E90A9E649461A00B6
:10A1B000404602F073FC8146002856D001001A9AEE
:10A1C000404602F095FB0D9000284ED040461A996B
:10A1D00002F054FA0D9B1A9336E6149A0C9DD41A89
:10A1E00022E7524640461A9902F0C0FC1A90002815
:10A1F00000D02DE6DA462223424600260D4F13609A
:10A200000100404602F03AFA4046099902F036FA57
:10A210004946404602F032FA4046139902F02EFABF
:10A220005146404602F02AFA16E7C0460000F03FC9
:10A230000000E03F0000F07F0000E07F0000C0FF72
:10A24000FFFFDF4102FCFFFF60E40010D0E10010DF
:10A2500098D700109CD7001022004046099902F0C0
:10A2600085FC0990002800D0F9E5DA461A98C2E783
:10A270004046149A099902F011FC0990002800D078
:10A28000EAE5F2E7002319940C933EE4CF49CB1A98
:10A2900001219940012315911093BDE5109B119C5C
:10A2A0000E930F9431E60023C94C0E930F94109334
:10A2B00011942AE6C74A0D9B944663440593049C77
:10A2C000059D2000290002F0C7FD0E9A0F9BF8F7AC
:10A2D00000FF22002B00F8F7D5FEBF4BBF4A0490C9
:10A2E00005910B40934200D88FE0BD4A974201D1BF
:10A2F0000136BAD00123BA4C5B420493059453E66D
:10A3000000230A933CE4049E059FA5E60023B54C78
:10A310000E930F940023AE4C10931194F5E5029325
:10A32000089B404601931AAB0093AF4A1BAB19A997
:10A3300000F038FC0F231E0004000640034200D149
:10A3400088E6062E00D09EE00023002600271995FF
:10A35000089381E6109C119D20002900F8F790FFDA
:10A36000F8F776FF02000B0020002900F8F781FEC5
:10A37000049A129B36031343360B04000D009B4ACC
:10A3800033430AD19A4BF8F7EFFE002800D10BE6D1
:10A39000DA46049E059F1A9832E7964BF8F7E4FEDA
:10A3A0000028F5D120002900934A944BF8F7F2FEDB
:10A3B000002800D1F8E5EBE7012BA7D10D9B002B7E
:10A3C000A4D1DA4622234246002600271A981360B9
:10A3D00016E749461D00914653460A00AA465946CB
:10A3E000129DAB46834458461290082E2EDC0E0078
:10A3F000FFF738FB01223800814900F087FF002871
:10A4000037D000200022FFF783FBD4239B04CE1813
:10A410000596C1E56E2D01D1FFF78DFBFFF7E4FA3C
:10A420000B99784B0C91994201DCFFF7F0FBFFF799
:10A43000EDFB0B9A744BD100591808684968049ACF
:10A44000059BF8F746FE06000F0005E6102966DCBE
:10A450005046800050449246400082440E00002046
:10A46000FFF707FB2223424613608EE60020FFF72A
:10A47000E9FA199A1300013219925D78002399467E
:10A480009A46FFF7D2FA1A9A002A07D035211CA85B
:10A4900002F012FE40461A9902F0F0F81B9A052EBF
:10A4A00000D981E1594BB6009B599F461C9B5849E6
:10A4B00004931D9B0B4057498C466244120513437D
:10A4C0000593E40503D58022120613430593424AFF
:10A4D000049E059F134200D0BEE500F0A9FF222391
:10A4E0000360B9E501224C4B524204920593E40506
:10A4F00000D408E7059BE6E7374B0593F7E71C997F
:10A500001D9A1D9B04910592DBE7109B119C1693ED
:10A51000179429E500230D961293FFF7ADFA0E006C
:10A520000020FFF7A6FA00233C4C0E930F94002363
:10A53000324C10931194E8E4159B12999C460D9BA4
:10A54000DA461A03120B002900D1A0E034498A42EE
:10A5500000D1D3E06246002A01D1109B049A134235
:10A560000CD0049805990A9AFFF7C2F902000B0073
:10A5700030003900F8F786FD06000F000A9B002B1B
:10A5800000D108E730003900264B0022F8F7A1FD82
:10A59000114B06000F000B4200D0FCE6222342467E
:10A5A0001A9813602CE620491CAA19A801F0D8FDBE
:10A5B000052801D0FFF7CCFA1D9B074A1A431C9BC4
:10A5C00005920493049E059F46E5C046E2FBFFFF0B
:10A5D0000000F03F0000B0FC0000F07FFFFF9F7C18
:10A5E000FFFFEF7F0000F0BFA8E100109535A094B9
:10A5F000FFFFCF3FFFFFDF3F35E5AF350000E03F16
:10A6000094D700101F4E000060E4001090E100108D
:10A61000FFFFEFFF33040000FFFFFF7F0000E0BFFC
:10A62000FFFF0F0000005039BCE10010129B04999D
:10A63000059ADA460B43A1D113039FD1D623614C6F
:10A64000DB0414409C4299D95B465B69002B03D123
:10A650005B461B69012B91DD51460122404602F009
:10A6600085FA4946824602F0FFFA002800DC85E7B9
:10A670000A9B002B71D0544B544A9C4601236444DE
:10A6800022435B4205920493049E059F7AE7002AC9
:10A6900017D1049A002A59D10A9A002A5DD0494C50
:10A6A0001C40D623DB049C42E5D8DC239B049C425F
:10A6B00000D967E786E600239A46454B0993FFF7E2
:10A6C00050FB6246002A01D1109B049A134200D12C
:10A6D00054E7049805990A9AFFF70AF902000B005B
:10A6E00030003900F8F7C5FC0022002306000F00F7
:10A6F000F8F732FD002800D140E763E60A9A049893
:10A70000002A49D0D4212F4AC9041A408A4243D88A
:10A710006B21120D8A1A6C39914088422DD0624605
:10A72000002A00D01BE7109B034200D126E718E760
:10A73000012252429A40049B13400493EBE44B23C2
:10A740009A1A4C3B934019400591E4E46146002974
:10A7500025D00B4200D111E7BBE7059A194B1A9897
:10A760001340194A9446194A63441A4301235B4231
:10A7700005920493049E059F42E5164A934217D022
:10A78000104A1340802252039446634405930023E9
:10A790000493049E059FF1E601214942BDE7109B09
:10A7A000134200D1EAE694E700238AE6711C17E61B
:10A7B0000130E5D12223424600261A98014F13604A
:10A7C0001EE5C0460000F07F0000F0FFFFFF0F0015
:10A7D00038E40010FFFFEF7F10B5024BFFF7A0F841
:10A7E00010BDC046D01F002010B504001300034A5E
:10A7F00010680A002100FFF793F810BD40210020E7
:10A8000010B504000A000349034B08682100FFF754
:10A8100087F810BD40210020D01F0020F8B5CE469B
:10A82000040047461300274A80B5106891460A0085
:10A830002100FFF775F802000B0004000D00F8F787
:10A84000AEFC00282FD129002000F8F745FD460076
:10A85000760880461C49301CF9F718F900281DD1EC
:10A860001949301CF9F70AF9002817D101226B00A9
:10A870005F0820003900154B5242F8F790FC002881
:10A8800008D1012220003900104B5242F8F772FC27
:10A89000002803D04B4622221B681A604046C0BCE9
:10A8A000B946B046F8BD0A48002D07DA01F0B6FEF9
:10A8B00080231B069C468444E046EFE701F0AEFE91
:10A8C0008046EBE740210020FFFF7F7FFFFFEF7F07
:10A8D000FCD50010F8B5CE46474604000A002C49C6
:10A8E00080B52C4B086889462100FFF719F8020053
:10A8F0000B0006000F00F8F752FC002838D1390091
:10A900003000F8F7E9FC4400640880462249201C26
:10A91000F9F7BCF8002822D11F49201CF9F7AEF83E
:10A9200000281CD101227B005D08300029001B4B50
:10A930005242F8F734FC002808D1012230002900E7
:10A94000164B5242F8F716FC002808D04B4622223C
:10A950001B681A604046C0BCB946B046F8BDFF232C
:10A960004246DB051342F5D10D4B3B42F2D0EDE7F9
:10A970000C48002F07DA01F051FE80231B069C468D
:10A980008444E046E6E701F049FE8046E2E7C0463F
:10A9900040210020D01F0020FFFF7F7FFFFFEF7FBF
:10A9A0000000F07FFCD500100323CAB2F0B50340CD
:10A9B000002A35D00324002B2DD1FF230B401D028C
:10A9C000ED182B04ED182C000168264E4C408B1915
:10A9D0008B43A119A143244E0B43334211D141684B
:10A9E000204F0C00CB196C408B43E119A1430B4362
:10A9F00004303342F3D00378002B05D09A4204D0C0
:10AA000001300378002BF9D10020F0BD9342FCD037
:10AA100001302042D1D00378002BF7D10020F4E799
:10AA2000002B08D0032202E00130104203D003784B
:10AA3000002BF9D1E9E702680A4B0B49D31893437D
:10AA40000B4206D14268074B0430D31893430B42A4
:10AA5000F8D00378002BD8D043780130002BFBD1FD
:10AA6000D3E7C046FFFEFEFE80808080024670B5C0
:10AA70000A4392072AD11E4DEE0104C808C9541B8F
:10AA80009443344017D0D0B2D9B2401A21060143C2
:10AA900010D190B299B2401A210401430AD1100298
:10AAA0001902000A090A401A2102014302D1100EBC
:10AAB000190E401A70BD9A42DFD010BA19BA8842F6
:10AAC00001D9012070BD0020C04370BD02780B7811
:10AAD00001300131002A09D09A4207D102780B785F
:10AAE00001300131002A01D09A42EFD0D01A70BD56
:10AAF00001010101F0B5D6464F4646460369C0B58F
:10AB00000A009A464F11BB4208DC00230361002370
:10AB10004361E0BCBA46B146A846F0BD1F218C4651
:10AB20000600644614369D00BB007519F3181140E9
:10AB300014421FD02022521A944604CBCA40904699
:10AB40009D4228D9B14664461A68A2404446224331
:10AB50004C4604C404CBA146CA4090469D42F2D85C
:10AB60005346DC1BA400043C34192260002A0CD09C
:10AB700004340AE032009D42C7D902CB02C29D4292
:10AB8000FBD85346DC1BA4003419A31B9B100361A4
:10AB9000B442BED1BBE74261002AB6D034000434CF
:10ABA000F3E7C046F0B5DE46454657464E46E0B5AB
:10ABB0008846096893468A7887B003900593302ABF
:10ABC00000D006E2CB1C1D0001335A1E1278302A39
:10ABD000F9D0691A8B1E9A46C04FBB5C002B00D17E
:10ABE00000E1002200242B789146BD4AFB5C0292D2
:10ABF000002B00D170E12E0073780136FB5C002B36
:10AC0000FAD101223000029900F080FB0190002867
:10AC100052D0002233780192002C02D0A41BA20053
:10AC20000192202234009343502B51D043461E60A2
:10AC30004B46002B7DD1631B013B0021072B03DD1D
:10AC400001315B10072BFBDC039801F0EFFC82461F
:10AC5000002800D169E2142353440493AC4200D885
:10AC6000C6E19846002399463B0000264746A84681
:10AC70004D4699460CE0202E19D032000436494644
:10AC80002378CB5C0F210B4093401D4344455ED09D
:10AC9000013C23782E2BEED14445ECD30122200039
:10ACA000029900F033FB0028F0D0202EE5D120C718
:10ACB000002204260025E2E7002C00D17CE12022BE
:10ACC000A41BA3000193337834009343502BADD1E0
:10ACD00063782B2B00D15FE12D2B00D0DCE001222B
:10ACE000A378A11CFB5C2600581E18289ED84E1C79
:10ACF0004978103B795C180000290AD10CE08300E8
:10AD00001B185B000136581833781038F95C00299D
:10AD100001D01929F3DD0300002A00D05B42019A1B
:10AD200094469C446346019343461E604B46002B69
:10AD300081D053465A42534106245B421C402000B6
:10AD400007B0F0BCBB46B246A946A046F0BDB84627
:10AD5000A94646464B4608C6049B4846F61A534643
:10AD6000B6101E6101F040FD5B461D687601301A89
:10AD7000A84270DC0026A84200DA0FE15B46019A87
:10AD80009B68934200DA28E15B46019A5B68934234
:10AD900046DD9C1AA54200DD81E05A46D268022AAF
:10ADA00000D1ECE0032A00D13BE1012A00D0EAE027
:10ADB000A54200D0E7E0012D08D05046691E02F000
:10ADC0009BF9002800D1DEE05B465B68059A6224AF
:10ADD0001360012352461361049A13605246109B7C
:10ADE0001A60ACE73E4B012219002800029300F0E4
:10ADF0008DFA8146002875D16B786C1CFA5C002AAC
:10AE000072D02500302B00D033E16B780135302B28
:10AE1000FBD0FB5C59425941012289469246E7E644
:10AE20000124002E10D05B46DB68022B64D0032B7C
:10AE300066D0012B06D1B20704D5049A12681643D6
:10AE4000334260D110231C435246109B1A60059B6D
:10AE5000019A1A6073E7441B2100504602F04CF936
:10AE6000061E0FD01F210123601E01408B4042119E
:10AE7000049992008A5801261A4203D0012800DD65
:10AE8000C1E0022621005046FFF734FE019B9C469C
:10AE9000A4446346019371E70022611C22E7671E08
:10AEA000002E00D0A2E0002F00D0A6E01F21012339
:10AEB00039408B407A11049992008A581A4201D085
:10AEC00002231E4321005046FFF714FE5B465B68D9
:10AED0002D1B01930224A4E72E0092E6F8E1001056
:10AEE00094D700102C002B7820229343502B00D1B4
:10AEF00092E043461C601CE70123119A9B1A1193B0
:10AF0000119B002B9ED053461F69049BBA009146AB
:10AF1000180098460021484403E002C3984200D834
:10AF200083E01A68561CF8D001321A60022C00D156
:10AF30008BE01F231E0021242E402B4200D183E7EB
:10AF40004B464344043B186801F04EFC20239B1BF6
:10AF5000984200DB78E753461B69002B00DDB2E026
:10AF60000023524613610023524653615B46019A07
:10AF70009B680132019293422FDB212464E7119AEE
:10AF8000002A00D122E75146039801F077FB002305
:10AF9000109A50241360D2E60022A1E62C1A5146E2
:10AFA0002200039801F0E2FD019B82461B1B0193E6
:10AFB000142353440493E1E67378741CFA5C26006E
:10AFC000002A00D12DE673780136FA5C002AFAD106
:10AFD00024E600238D1C9A46FEE55146039801F0B5
:10AFE0004DFB0023109AA3241360A8E601265DE719
:10AFF000049B984600239946ABE63900504602F080
:10B000007BF8060052E75046A11E02F075F80028B2
:10B0100000D136E7032635E7002301930133994633
:10B0200056E6119A002AAED0D0E653469B689F425E
:10B0300022DA524601217B1C04371361BA005244C4
:10B040005160049A9046022C87D15B461B682224EB
:10B05000013BAB4200D0F7E61F21012329408B4082
:10B0600041466A11920054581C4063425C412134AD
:10B07000EAE601239A46BEE5534659680398013132
:10B0800001F0D4FA061E56D0534651461A690C31C7
:10B09000023292000C30F8F777FD5146039801F028
:10B0A000EDFA01213269B246531C04329200B21803
:10B0B0003361516014229046B044022CC5D09F42A7
:10B0C00000DB36E749E79B0043441A0053465046ED
:10B0D0005B6918305B0882421DD944461900036839
:10B0E000DB070B4308C402C849088242F7D80B00AB
:10B0F0005146521A193A92080132920042441360A2
:10B10000002B0DD143465146D31A9B100B6142458B
:10B1100000D02BE727E742461360002B02D04246BF
:10B120000432EFE7524613611DE70022E421054B8C
:10B130000548FAF72FF900228421024B0248FAF75A
:10B1400029F9C046B0D70010C4D70010F0B5574653
:10B150004E464546DE468846E0B50C0092461E0047
:10B16000082183B00190464823001D780134425DD8
:10B170001142F9D12D2D5ED0002293462B2D33D0D4
:10B18000002E07D1302D62D00A23052199463D4F6C
:10B190000A360DE0102E53D0012031004042F7F75F
:10B1A0002DFD0700012031004042B146F7F726FD92
:10B1B000002200202B00303B092B07D9113B192B13
:10B1C00003D92B00613B192B11D80A339E420EDDA7
:10B1D000551C06D0B84221D81ED04A465043012201
:10B1E000181825780134E5E725789C1CC8E7531C1E
:10B1F00017D05B46002B00D040425346002B04D0B2
:10B20000002A15D1534642461A6003B0F0BCBB4633
:10B21000B246A946A046F0BD8B42DEDD0122524275
:10B22000DFE72223019910000B605346002BECD07E
:10B23000631E9846E6E725789C1C01239B469FE702
:10B24000302D0FD010230F2199460F4FB0E7202249
:10B2500023789343582B0AD00823072199460826C0
:10B260000A4FA5E7202223789343582BEAD11023D5
:10B2700065780F2199461026034F023498E7C0469F
:10B28000F9E2001099999919FFFFFF0FFFFFFF1FC7
:10B2900010B5FFF75BFF10BD10B504001300034AA3
:10B2A00010680A002100FFF751FF10BD4021002067
:10B2B00010B504001300034A10680A002100FFF7CC
:10B2C00045FF10BD4021002030B583B0069D034CE2
:10B2D0000095E4256459A04703B030BDD01F00207D
:10B2E00082B000290AD0002A0BD0002B0BD0137893
:10B2F0000B601078431E984102B0704701A9002AE4
:10B30000F3D10020F8E702204042F5E730B5002AEB
:10B3100026D003000B439B0724D1032A22D9164DC4
:10B320000BE0043A002A1BD0144C1C199C432C42FD
:10B3300016D104300431032A14D903680C68A342DF
:10B34000EFD004780D78A54213D1012306E0C45C48
:10B35000CD5CAC420DD101339A4201D0002CF6D124
:10B36000002030BD04780D78AC4202D1012AECD126
:10B37000F6E7601BF5E7C04680808080FFFEFEFE9A
:10B38000F0B588420AD98B18984207D2531E002A7A
:10B3900003D0CA5CC254013BFBD2F0BD05000F2AAA
:10B3A0000AD8561E002AF8D00023CC5C1A00EC54B0
:10B3B00001339642F9D1F0E703273E000D430C001C
:10B3C00003002E402F422DD11500103D2D09AC4613
:10B3D0002F013F1825681D6065685D60A5689D6048
:10B3E000E5681034DD601D001033BD42F2D16546C2
:10B3F0000F230C2401352D0149191340451914421E
:10B4000013D0043B9B0801339B008C59AC5104368C
:10B410009E42FAD103231A40AD198919561E002AFB
:10B42000C2D1BAE70500561EBEE71A00B9E7C0460A
:10B43000014B18687047C04640210020062010B517
:10B4400001F02AF80120F9F77FFFC04670B50B0C18
:10B450000024150C002B28D1002D3CD18BB291B2C9
:10B46000594300F047F8051E33D00300083B5A68E3
:10B4700003239A43043A242A12D80300132A0AD930
:10B480000460446008331B2A05D98460C460242A00
:10B490002AD00300103300221A605A609A6002E03A
:10B4A0000021F8F76BFB280070BD002D16D1151C8C
:10B4B00089B292B24A43ADB29BB26B43110C5B1896
:10B4C000190C0BD1190492B2114300F013F8051EA8
:10B4D000CBD10025E7E72B1C0D1CE9E7FFF7A8FF00
:10B4E0000C2300250360DEE7030004611833446188
:10B4F000D1E7C046F0B54E464546DE465746E0B574
:10B500000D000B35060085B0162D27D8102900D95F
:10B51000DAE000F0C3FD102518230221C84FFB1804
:10B520001A005C68083A944200D147E1032263683C
:10B53000A1689343E268CA6091600121E3185A68E8
:10B5400030000A435A6000F0ABFD2000083005B01F
:10B55000F0BCBB46B246A946A046F0BD07239D43BA
:10B5600000D5B1E0A94200D9AEE000F097FDFC2380
:10B570005B009D4200D296E1690A00D1A8E004294F
:10B5800000D950E138239846A90988443931CB00C5
:10B59000082252429446AA4FFB189C446346DC683A
:10B5A000A44514D0032399460B0061469C4607E04E
:10B5B000E068002A00DBFBE0814200D1FCE00400EF
:10B5C0004A46636893435A1B0F2AF1DD41463A000D
:10B5D0003C690832944200D1D9E003206368834378
:10B5E000581B0F2800DD62E13A617A610028A4DA75
:10B5F0007A68904680229200934200D3E4E0DA0811
:10B60000580901238340404618438046D300DB1984
:10B610009A687860E360A2609C60D46001208B101F
:10B62000984040455CD8434603420AD103239943DE
:10B63000434640000431034203D140000431034239
:10B64000FBD00323B3469C460E00B8460190F000A1
:10B6500040440100B246CB680BE064465A681F00C4
:10B66000A243DB68541B0F2C00DDEFE0002C00DB55
:10B6700009E19942F1D101239946CA445346083160
:10B680009B07E8D1032205E003680838013E8342A6
:10B6900000D003E23242F7D14346019A5B689343FC
:10B6A00042465360019A520001929A4216D8002AEB
:10B6B00006D113E004229146019ACA445200019235
:10B6C0001342F7D05646C2E70C23002033603EE712
:10B6D00080233F22402190469B0059E75E46474623
:10B6E0000322BC68636893439A46AB4202D35A1B59
:10B6F0000F2A4FDC230053440293524B08209946F3
:10B700001B6810335B19019300F06CFC4E490390E9
:10B710000B688B46013306D08446019B4242013BB5
:10B720006344134001933000019900F0F1FC0300E1
:10B730008046013300D1D8E0029B834200D9D2E099
:10B740004B4601995A688C46624403995A60029BA1
:10B7500010000139434500D0E5E043460B4200D0DC
:10B76000E1E0BB6801219846634653440B434146E0
:10B770004B604946C96A914201D24946CA6249466C
:10B78000096B914201D249460A634446AFE07B68A7
:10B79000984643E7012329001A431943651961605C
:10B7A0003000BD606A6000F07BFC20000830CEE60F
:10B7B000A268D0608260C0E6614608E7DC680231BA
:10B7C000A34200D103E7B1E65A0A042A00D883E075
:10B7D000142A00D908E110005B3082465C32D200A6
:10B7E000082040428446BA189444624692680B305E
:10B7F0008146944500D1DFE00800A24661468446B8
:10B8000002E09268914204D04C465068A0439842AE
:10B81000F7D8D368614654469C466346A260E3600D
:10B820009C60D460FAE614296ED9542900D9E4E06A
:10B830006E239846290B88446F31CB00A8E6C0469A
:10B84000702200202C2A002068220020BA46012005
:10B850005146844649190543504645608568474628
:10B860006046EB605E469D605346396179612043D6
:10B8700008374860CF6030008F609C5000F010FCAB
:10B880005046083063E6BA4601205E46524451688D
:10B8900001435160BA683000D3609A6000F000FC48
:10B8A0003800083053E62B00E908083336E6611902
:10B8B000884601218C460D434146656039617961B6
:10B8C000CA608A60624602434A60E050300000F07D
:10B8D000E7FB200008303AE69A0910003932383088
:10B8E0008246D2007CE7BC4214D0BC686368032265
:10B8F00093435A1BAB4202D30F2A00DD4AE73000C4
:10B9000000F0CEFB002022E65B23984688445C31A1
:10B91000CB003DE64B465868019B9C464B46604435
:10B920005860039B591E5B461B68013370D0434629
:10B93000029A9B1A4A461B18536007234246404608
:10B940001A400292184240D00398013384469B1A51
:10B95000019A98444244019263440A409B1A194058
:10B9600030008B4600F0D4FB431C77D04346C01A0E
:10B9700003005B4401934B465A6801205A445A60C5
:10B9800043464146BB60019B03434B60BC4200D130
:10B99000EFE653460F2B3FD907210C3B8B436168E1
:10B9A0000140052019436160E118486088600F2B51
:10B9B00049D843465B68DCE6534698100123834030
:10B9C000404618438046786027E7019B039A43442A
:10B9D0000B40D31A194030008B4600F099FB431CF2
:10B9E000C4D100239B46C6E7542A17D81A0B10006F
:10B9F0006F326E308246D200F2E6AA235B00994293
:10BA000017D8DD3B9846E90B88447831CB00BFE579
:10BA10005B4642461A6090E7486070E7AA20400003
:10BA2000824226D8DA0B1000783277308246D20074
:10BA3000D6E61C4B994226D87C239846A90C88440C
:10BA40007D31CB00A4E521003000083100F086F8FC
:10BA50004B465A68BB6898465B688AE6019A029B27
:10BA600094464246083B63449B1A019300239B463D
:10BA700081E70C4882420CD89A0C10007D327C3051
:10BA80008246D200ACE6FE237E227F2190469B00B8
:10BA90007EE5FE227E2092008246A1E643465B6858
:10BAA00000E6C04654050000F0B5C646060000B5E5
:10BAB00008200D0000F096FA0400300000F0EEFAC5
:10BAC000234B210098469B685F6803239F433800FF
:10BAD0001138401B0019F7F791F8451E6543AC4239
:10BAE00008DC0021300000F013FB43469B68DB19A3
:10BAF000984206D0300000F0D3FA002080BCB8464F
:10BB0000F0BD3000694200F003FB01300ED001228D
:10BB100043467F1B9B6817430E4A5F6013683000E3
:10BB20005B1B136000F0BCFA0120E7E70021300046
:10BB300000F0EEFA43469A68831A0F2BDADD064CC2
:10BB400004492468001B086001210B435360D1E7BE
:10BB500070220020302A002068220020F8B5CE464E
:10BB6000474605000C0080B5002957D000F096FA32
:10BB7000012321009C4608394868624603000324DB
:10BB80009343CF187A68654EA243B468BC4200D193
:10BB900070E0BC18A14664467A60044221D108686E
:10BBA000091A1B18886880464846406820403400BF
:10BBB00008348146A04551D04046CC68C460A0609E
:10BBC0004846002811D19B185548BA68824200D1D6
:10BBD0007FE0F868D060826001221A434A60CB504F
:10BBE00007E0484640682042EDD062461A434A606A
:10BBF0003B6080229200934214D2DA085809012354
:10BC00008340706803437360D3009B199A68CB60CC
:10BC10008A609960D160280000F042FAC0BCB94641
:10BC2000B046F8BD5C0A042C3DD89C09200039348C
:10BC30003830E40034192268083C0327944203D1C9
:10BC400040E09268944203D05068B8439842F8D8D4
:10BC5000D468CC608A60A160D160DCE7002858D14C
:10BC6000B868D218FB68C3609860634613434B60A2
:10BC70008A50D0E79A186346034206D10B68C91A66
:10BC80008868D218CB68C3609860012313434B6067
:10BC9000244BB1601B689342BDD8234B2800196820
:10BCA000FFF702FFB7E7142C07D9542C1AD81C0B46
:10BCB00020006F346E30E400BCE720005C345B3061
:10BCC000E400B7E70123801083407068034373608A
:10BCD000BFE7D1609160CA608A6001221A434A605E
:10BCE000CB5098E7AA225200944205D8DC0B2000E2
:10BCF00078347730E4009DE70C4A944205D89C0CD8
:10BD000020007D347C30E40094E7FE247E20A400F3
:10BD100090E762461A434A603B607CE7702200204D
:10BD2000782200206C2200202C2A002054050000DC
:10BD3000F0B5002826D0070038000C00067801373F
:10BD400002E00134AE4214D02578002DF9D1002E46
:10BD50001DD03E000B003578013702E00133002C86
:10BD6000F7D01C78A542F9D10023002D06D113602D
:10BD7000F0BD002BE0D117600370F9E700213B0014
:10BD80003170F4E710680028D5D10020F0E70020DA
:10BD90001660EDE710B50123FFF7CAFF10BDC046DE
:10BDA00030B5032A1AD90B0003439B0711D0551E47
:10BDB000002303E05A1C9D4213D01300C25CCC5CEC
:10BDC000A242F7D0101B0DE0043A04300431032ADC
:10BDD00004D904680B689C42F6D0E8E7551E002A97
:10BDE000E6D1002030BDC04610B50A22002100F087
:10BDF000C3F810BD10B50A23002200F0ADF810BD45
:10BE0000F0B557464E464546DE46E0B582460F0041
:10BE100090461E00994683B0242B43D8012B41D075
:10BE20000B0008204A4D1A0014780133295D08429E
:10BE3000F9D11D002D2C00D176E02B2C3ED0454BA6
:10BE40009B4600230193002E53D1302C00D173E088
:10BE50000A2399460A3649465846F6F7CFFE2B0084
:10BE60008C463D000200270000214C460020E146A0
:10BE7000AC463D00303D092D07D9113D192D03D9A0
:10BE80003D00613D192D20D80A35AE421DDD4F1C05
:10BE900005D082422AD327D00121604328181F7879
:10BEA0000133E6E7FFF7C4FA16230360002003B06E
:10BEB000F0BCBB46B246A946A046F0BD1C78254B57
:10BEC000951C9B4600230193BDE767464A1C21D081
:10BED000019A002A00D040424246002AE7D00029B9
:10BEE00033D143461F60E2E7A945D5DA0121494233
:10BEF000D5E7102EAFD110239946302CABD120229C
:10BF00002B789343582BA6D110236C789946102692
:10BF10000235A0E7222251460A6042465846002ACE
:10BF2000C5D058465F1EDCE71C7880231B069B4665
:10BF30000123951C019386E720222B789343582BED
:10BF4000E2D008230826994685E78346E9E7C046FC
:10BF5000F9E20010FFFFFF7F10B5FFF751FF10BDA2
:10BF600010B504001300034A10680A002100FFF70F
:10BF700047FF10BD4021002010B504001300034A04
:10BF800010680A002100FFF73BFF10BD4021002090
:10BF900070B5E025014C6459A04770BDD01F00204A
:10BFA000002909D0FF2A02D801200A7070478A238D
:10BFB000036001204042F9E70020F7E710B5034B8A
:10BFC00001001868FFF796FA10BDC0464021002016
:10BFD00010B5034B01001868FFF7C0FD10BDC04647
:10BFE00040210020802310B55B01082801D11800F2
:10BFF00010BDFFF71DFA16230360173BF7E7C04695
:10C00000F0B5D64646464F46C0B582460E0090462D
:10C0100000F008FB1C4B1D689946002D0AD03378B0
:10C020003400002B04D12DE063780134002B0AD0BA
:10C030003D2BF9D1504600F0F7FA0020E0BCBA469B
:10C04000B146A846F0BDA41B28680028F2D0220003
:10C050003100FFF75BF9002804D12B681F191B5D25
:10C060003D2B04D0686804350028F0D1E2E74B4648
:10C0700042461B685046EB1A9B10136000F0D4FA3E
:10C08000781CDBE70024DFE77826002000B583B0CA
:10C0900001AAFFF7B5FF03B000BDC0467047C04618
:10C0A0007047C04610B5010000230022002001F0B7
:10C0B00061F810BD10B583070AD00300032102E028
:10C0C00001330B4205D01A78002AF9D1181A10BD95
:10C0D000030019680C4A0D4C8A188A4322420FD17A
:10C0E0005968094A04338A188A43224208D1596898
:10C0F000054A04338A188A432242F1D000E0013312
:10C100001A78002AFBD1E1E7FFFEFEFE80808080E6
:10C11000002370B5064C050008002360F9F716F9F6
:10C12000431C00D070BD2368002BFBD02B60F9E7C7
:10C13000A02B002030B5026808E013781D00413DB7
:10C14000192D00D820330131A34206D10C780132D9
:10C15000002CF2D10260012030BD0020FCE7C04677
:10C16000F0B54546DE4657464E461F2403000800FC
:10C17000E0B525001100006887B04211920005402B
:10C180008A180395044200D0A1E01000171F021F77
:10C19000914600224846026018684678002E00D179
:10C1A000B2E001906E48049380464B460F20002475
:10C1B0000022834601980193434602963D002600E3
:10C1C0008946B846390092461F00029C15E0202C93
:10C1D00000D98DE052450CDDA94201D9072E58DD6A
:10C1E0000826A94505D2291F002392460D000026E6
:10C1F0000B6084780130002C12D03B5D002BE6D020
:10C2000001360132082E3CDC2C682401A4465C4631
:10C210002340644623432B6084780130002CECD10A
:10C22000019B8C463400494647469946002A6BD00C
:10C23000654502D2072C00DC74E0A9424AD20A000C
:10C240002B0001CB01C29F42FBD26A1C781C042345
:10C25000904262D20022CB1804C39F42FCD24B46CC
:10C260001B68002B05D1B94250D0043F3B68002B1E
:10C27000F9D0052007B0F0BCBB46B246A946A0469F
:10C28000F0BDA945B5D20024043DA44601262C608A
:10C29000BDE708239B1B9B009C46202364462E0081
:10C2A0001C1B02952B6865460590944620002A00C9
:10C2B00075682C0084401C432B00D34034607360AD
:10C2C0000436B142F4D86246029D059888E717000B
:10C2D000101D5CE74B46039A1B68002AC7D020203C
:10C2E000801A01225242C24013404A461360BEE700
:10C2F000A246340056464746804601988C46049B29
:10C3000049468146292E04D00420B3E701233B602F
:10C31000AFE740460230186088E77D1BAD08013565
:10C32000AB0097E708262023361BB6009B1B9846D8
:10C330002B6828001A000B0031006646AC464546C3
:10C34000984644682300AB4013432200CA40036070
:10C35000426004308642F4D8654641466DE7C046E7
:10C36000F8E1001070B58C256D0043590400002BD6
:10C3700001D0002070BD8021FFF7BCF8605100287B
:10C3800006D002000023803208C09042FCD1F0E7C2
:10C3900001204042EEE7C046F8B505000C0016004B
:10C3A0001F2909D88C277F00C359002B09D0A4006E
:10C3B0001B1918681E60F8BD162303600120404257
:10C3C000F9E78021FFF796F8002103000200E85109
:10C3D0008030002BF2D002C28242FCD1E7E7C04697
:10C3E00070B505000C001F2920D88C235B00C358B2
:10C3F000002B0ED08A009B181A68002A09D0012A47
:10C4000005D0511C0ED0002120001960904700205B
:10C4100070BD280000F0AAFE22000100280000F0F4
:10C4200091FEF5E7162303600120F1E71623036070
:10C4300001204042ECE7C04670B505000C001F2902
:10C4400026D88C2676008359002B14D0A2009B1886
:10C450001A68002A09D0511C0BD0012A07D00021EC
:10C46000200019609047002070BD0120FCE70320E8
:10C47000FAE70220F8E78021FFF73CF8031EA851F5
:10C4800006D000210200803002C28242FCD1DDE7EA
:10C4900001204042E8E7C046154B70B504001D6816
:10C4A0001F281FD88C235B00EB58002B0DD0820077
:10C4B0009B181A68002A08D0012A04D0511C0DD0FC
:10C4C000002119609047002070BD280000F04EFE4A
:10C4D00022000100280000F035FEF5E716230120B8
:10C4E0002B60F1E7162301202B604042ECE7C046A9
:10C4F00040210020F8B5124B04000E001D681F28D3
:10C5000009D88C277F00E859002809D0A400041915
:10C5100020682660F8BD16232B6001204042F9E711
:10C5200080212800FEF7E6FF010003000022E85109
:10C5300080310028F1D004C39942FCD1E6E7C0461F
:10C540004021002070B58C250C4B6D001C68635990
:10C55000002B01D0002070BD80212000FEF7CAFF13
:10C560006051002806D002000023803208C09042AB
:10C57000FCD1EFE701204042EDE7C046402100201A
:10C58000184B70B504001D681F2827D88C2676002C
:10C59000AB59002B14D0A2009B181A68002A09D0AE
:10C5A000511C0BD0012A07D00021200019609047B0
:10C5B000002070BD0120FCE70320FAE70220F8E725
:10C5C00080212800FEF796FF031EA85106D0002107
:10C5D0000200803002C29042FCD1DCE701204042E0
:10C5E000E7E7C0464021002070B5074C074D641BAB
:10C5F000A41005D0013CA300EB589847002CF9D1BA
:10C6000000F000FE70BDC046D4D30010D4D300109B
:10C61000002001497047C0460000F87F004870477D
:10C620000000C07F7047C0467047C046436C70B57D
:10C6300004000D00002B0AD0AA009B1818680028DF
:10C640000ED002681A6000230361C36070BD21220E
:10C650000421FEF7FBFE031E6064EDD10020F5E728
:10C660000126AE40721D012120009200FEF7EEFE71
:10C670000028F3D045608660E5E7C046002906D073
:10C680004A68436C92009B181A680A6019607047E8
:10C69000F0B5C6461F008046002300B50E000D69A8
:10C6A00014310C6801332004000C5043240C544313
:10C6B000C019070CE4190004270C000C24042418EA
:10C6C00010C19D42EDDC002F08D0B368AB4209DDFC
:10C6D0002B1D9B00F31801355F603561300080BC75
:10C6E000B846F0BD716840460131FFF79FFF041E58
:10C6F00017D0310032690C31023292000C30F7F75A
:10C7000043FA434672685B6C92009B181A68326069
:10C710001E6026002B1D9B00F31801355F603561FC
:10C72000DCE70022BA21024B0248F8F733FEC0468C
:10C73000B0D70010F8D70010F8B54746CE4606002F
:10C74000180080B50C00083009211F009046F6F74C
:10C750002DFA092F3BDD012500216D000131A84292
:10C76000FBDC3000FFF762FF011E32D0089B436103
:10C77000012303614346092B16DC092398460A343A
:10C7800047450CDD4346E719FF1A23780A2230009B
:10C79000303BFFF77DFF01340100BC42F5D10800BA
:10C7A000C0BCB946B046F8BD09239946A1444D46E0
:10C7B00044442B780A223000303BFFF769FF0135F3
:10C7C0000100A542F5D14446083C4C44D8E700217D
:10C7D000C7E70022024B0348D331F8F7DBFDC04620
:10C7E000B0D70010F8D700108022030052020020BA
:10C7F000934201D21B04103080225204934201D292
:10C8000008301B0280225205934201D204301B01E2
:10C810008022D205934203D3DB43DB0FC01870475D
:10C8200099009B0004D403301142F8D12020F6E790
:10C830000230F4E703680200590707D0D9071ED475
:10C84000990720D55B080360012070470020190478
:10C8500001D11B0C1030FF21194201D108301B0AF5
:10C86000190701D104301B09990701D102309B0837
:10C87000D90702D401305B0803D01360E5E700203C
:10C88000E3E72020E1E79B0803600220DDE7C046E4
:10C89000436C70B504000D00002B0AD058680028C6
:10C8A00015D002685A600023C360013345610361FB
:10C8B00070BD21220421FEF7C9FD031E6064EDD185
:10C8C00046210022084B0948FF31F8F763FD1C227E
:10C8D00001212000FEF7BAFD0028F1D001234360BA
:10C8E00001338360DFE7C046B0D70010F8D70010EF
:10C8F000F0B54E4657464546DE46E0B50B6916692B
:10C900008A469146984685B0B34204DB3300894697
:10C910004646924698464B4659684346F5184B465C
:10C920009B68AB4200DA0131FFF780FE071E00D1A1
:10C93000A9E014239C4684446346AC006444180078
:10C940000022A34202D204C39C42FCD814234B44CD
:10C950009B46434651469B0098461431B600884496
:10C960005E44414574D204239A464B4615339E4299
:10C9700000D380E05B460193434600935346B446A0
:10C98000A246AB46B9460C00029306E02D0C31D10D
:10C99000009B04340430A34257D925682B04190C9A
:10C9A000002BF3D0019D5346A04600260C00824682
:10C9B0002F00039308CF01681A04120C62431B0C6A
:10C9C0000D0463432D0C52199219090C5B18110CBC
:10C9D0005B1812041E0C120C1B04134308C0BC4548
:10C9E000E8D850464446039B9A46029BC6502568A9
:10C9F0002D0CCDD0060000220368A0466046190029
:10CA00001400B446019F3A88090C6A43121952185F
:10CA10001B0411041B0C0B43336010CF7168240CF2
:10CA20006C430B041B0CE318120C9B181C0C0436F3
:10CA3000B842E8D86246844610004446029A04345C
:10CA40008350009B0430A342A7D854465D464F460E
:10CA5000002D03DC06E0013D002D03D0043C2368DB
:10CA6000002BF8D038003D6105B0F0BCBB46B246A3
:10CA7000A946A046F0BD4B46F31A153B9B0801336F
:10CA80009B009A4676E7B1210022024B02484900FA
:10CA9000F8F780FCB0D70010F8D70010F8B50323E2
:10CAA00047461400CE461A0080B50E00070022400B
:10CAB000234234D1A41023D03D6C002D38D0012363
:10CAC0009846002399464346234208D1641017D064
:10CAD0002868002819D0050043462342F6D02A00D2
:10CAE00031003800FFF704FF002E06D072687B6C1F
:10CAF00092009B181A6832601E6006006410E7D12D
:10CB00003000C0BCB946B046F8BD2A002900380044
:10CB1000FFF7EEFE4B46286005000360DCE70F4B95
:10CB2000013A9200D2580023FFF7B2FD0600C1E798
:10CB300001213800FFF77AFD051E07D0084B43613D
:10CB400001230361002338640360B8E74621002213
:10CB5000044B0548FF31F8F71DFCC04600E4001007
:10CB600071020000B0D70010F8D70010F0B54546AC
:10CB7000DE4657464E46E0B50D002B6954119846E7
:10CB8000A04443465E1CAB6883461700496883B0E7
:10CB90009E4203DD01315B009E42FBDC5846FFF7FD
:10CBA00045FD8446002853D0010014310B0001914B
:10CBB000002C0CDDA400220000201432624401C3CA
:10CBC0009342FCD1019B9946A1444B4601931F22FD
:10CBD0002B0011002C691433A40039408A461C191B
:10CBE0003A422FD00132521A9146002701985146FD
:10CBF0001A688A403A4304C04A4680CBD7409C42D8
:10CC0000F5D82A0015320423944204D3631B153B44
:10CC10009B0801339B00019AD750002F00D1464654
:10CC200063461E615B4660466A685B6C92009B18B7
:10CC30001A682A601D6003B0F0BCBB46B246A94624
:10CC4000A046F0BD019904CB04C19C42FBD8E6E7A5
:10CC5000EF210022024B03484900F8F79BFBC04636
:10CC6000B0D70010F8D7001002690B6930B5050085
:10CC7000D01A9A4214D19B0014351431EA18CB18FB
:10CC800001E095420CD2043A043B146819688C42C6
:10CC9000F7D000238C425B4102205B4218400138F0
:10CCA00030BDC046F0B5454690465746DE464E4636
:10CCB0004346E0B50A691B690F0083B0D11A9A4256
:10CCC00000D098E03D0042469900143514326B18AC
:10CCD000521802E09D4200D395E0043B043A1C68E0
:10CCE00011688C42F6D001258C4203D343460025BF
:10CCF000B8461F0043465968FFF798FC8446002851
:10CD000000D194E014224244914614224346390053
:10CD1000624492460022C56038691B691431800064
:10CD20004D4608189C004C44BB4614260700994603
:10CD300010000A0000950194434602CA9D590B0455
:10CD40002C041B0C240CE41A63462418090C2D0C2B
:10CD50006D1A2114691824040814240C09040C43C6
:10CD60009C5104369742E7D8020038005F4600998C
:10CD70004B46894639000026153188427641C01B52
:10CD800015388008250083460427019CF1B2002E47
:10CD900036D14846C0195744B8463E009946070068
:10CDA00084423BD9130020CF2904090C89180914A7
:10CDB0002A0CED1889182D040A142D0C09040D43B2
:10CDC00020C6BC42EED8013C221A9208920042448E
:10CDD0004B461600002D04D1043E3268013B002A68
:10CDE000FAD062461361604603B0F0BCBB46B2465F
:10CDF000A946A046F0BD0125002900DB76E779E7CA
:10CE0000471CBF00C5E70021FFF710FC844600283F
:10CE100013D00123036100234361E4E700260029C6
:10CE200001D15644D6E75A4696005644D2E700222E
:10CE3000054B06480649F8F7ADFA0022024B0348B5
:10CE40000449F8F7A7FAC046B0D70010F8D7001089
:10CE500045020000370200000D4A0E4B94460B407D
:10CE600063440022002B02DD1900100070475B4272
:10CE70001915132903DC80231B030B41F4E7143934
:10CE800001221E2902DC80221206CA400023EBE7A1
:10CE90000000C0FC0000F07FF8B506004746CE4613
:10CEA00004691436A4003419231F1D6880B52800B6
:10CEB0000F009846FFF798FC2022111A03003960F2
:10CEC0000A282EDD07000B3F464519D208235B4296
:10CED0009C46A44463461B68002F1AD01900D21B3D
:10CEE000D140BD409146194A0D432A431100BB4031
:10CEF000664511D24A460C3C2468D44023430BE0DB
:10CF00000B2805D0BD40114B2B431900002303E033
:10CF100000230E4A2A4311001800C0BCB946B0468F
:10CF2000F8BD2F00153A121AD7409146074A3A43E6
:10CF300011000027464503D24A46083C2768D740DF
:10CF400015339D402B003B43E6E7C0460000F03F11
:10CF5000F0B5012183B014001D00FFF767FB061E2A
:10CF60004AD02B036F001B0B7F0D02D0802252038F
:10CF700013430193002C16D101A8FFF75BFC012499
:10CF8000019B203073613461002F24D01D4B352468
:10CF90009C46089B67443F181F60241A3000099B79
:10CFA0001C6003B0F0BD68460094FFF743FC019C91
:10CFB00000281FD0202322001B1A9A40C4401300CF
:10CFC000009A019413437361B461631E9C41013460
:10CFD0003461002FDAD10C4B9C46089B60441860EA
:10CFE0000A4BE3189B00F3185869FFF7FDFB640137
:10CFF000241AD3E7009BE6E70022054B05480649C3
:10D00000F8F7C8F9CDFBFFFFCEFBFFFFFFFFFF3FA7
:10D01000B0D70010F8D700100F030000F0B5CE46CF
:10D02000474680B585B0884602A98146FFF734FFA0
:10D0300004000D00404603A9FFF72EFF02000B007D
:10D04000404649460069096900920193091A49015D
:10D05000884602980399401A0100414400290BDDDB
:10D0600009054F193D0020002900F6F714F805B016
:10D07000C0BCB946B046F0BD09055B1A0193009AE1
:10D08000019BF0E710B50400172809DD00200749CF
:10D090000022074B013CF6F71CF8002CF8D110BD1C
:10D0A000044BC4001B1918685968F8E70000F03FEA
:10D0B0000000244060E400101300013970B54C11E9
:10D0C0001169013414338900A400591804198B42E2
:10D0D0000AD2050040CB40C59942FBD88B1A153BBC
:10D0E0009B0801339B00C018844203D9002308C069
:10D0F0008442FCD870BDC04610B5040002691434E7
:10D10000481182420ADA9200A31803E0043B1A682D
:10D11000002A14D1A342F9D8002010BD8300E318DF
:10D120008242F7DD1F22100008400A42F2D019683F
:10D130000A00C240824001209142EED1EAE701207C
:10D14000EBE7C046002370B5074D0400080011004E
:10D150002B60F8F717F9431C00D070BD2B68002B2B
:10D16000FBD02360F9E7C046A02B002010B5F8F7EC
:10D1700007F910BDF0B5C6461A4C00B52568002D5C
:10D180002AD06C681F2C2ADC002808D10020631CE0
:10D190000234A4006B60615180BCB846F0BD8827A2
:10D1A000A600AE19F2510137FF37BC460122AC444C
:10D1B0006746A2403F68904617436246176084273F
:10D1C0007F00F3510228E1D1280042468D30FF3024
:10D1D000036813430360D9E7034D2560D1E70120BD
:10D1E0004042D9E7342D0020A42B0020034B10B57A
:10D1F000002B02D00248FEF755FF10BD00000000D2
:10D20000E9C50010F8B5C04601B40248844601BC27
:10D21000604700BF131E002001B40248844601BCD1
:10D22000604700BF8903002001B40248844601BC66
:10D23000604700BFC902002001B40248844601BC17
:10D24000604700BF2D02002001B40248844601BCA3
:10D25000604700BFCD0E002001B40248844601BCE7
:10D26000604700BFBD12002001B40248844601BCE3
:10D27000604700BFC51D002001B40248844601BCC0
:10D28000604700BF5112002001B40248844601BC2F
:10D29000604700BF0D1E002001B40248844601BC57
:10D2A000604700BFCD0E002001B40248844601BC97
:10D2B000604700BFB919002001B40248844601BC90
:10D2C000604700BFC100002001B40248844601BC91
:10D2D000604700BF4D12002001B40248844601BCE3
:10D2E000604700BF9D01002001B40248844601BC94
:10D2F000604700BFED1D002001B40248844601BC18
:10D30000604700BF0101002001B40248844601BC0F
:10D31000604700BF3D0C002001B40248844601BCB8
:10D32000604700BF6112002001B40248844601BC7E
:10D33000604700BFE919002001B40248844601BCDF
:10D34000604700BFAD0B002001B40248844601BC19
:10D35000604700BF8919002001B40248844601BC1F
:10D36000604700BFED0B002001B40248844601BCB9
:10D37000604700BF850B002001B40248844601BC11
:10D38000604700BFF91D0020252A0010512A001017
:10D390009D2B00106D3B0010F1320010B13A0010CF
:10D3A000C52A00106D2A00108D2A0010A12A001035
:10D3B000751A0010A92A00103D1E0010ED2900105A
:10D3C000A9160010EDD10010FD020010495E0010FA
:04D3D000E5930010D1
:10D3D800260000004661696C656420746F20696EE0
:10D3E800697469616C697A652044796E616D6978E0
:10D3F800656C20726F626F7400000000536572766E
:10D408006F20636F6E74726F6C6C657220726561E9
:10D418006479000025640A0073656E736F72206575
:10D4280072726F72000000006D6F746F725F00009F
:10D4380030303031303230333034303530363037C8
:10D4480030383039313031313132313331343135AE
:10D458003136313731383139323032313232323394
:10D46800323432353236323732383239333033317A
:10D478003332333333343335333633373338333960
:10D488003430343134323433343434353436343758
:10D49800343834393530353135323533353435353E
:10D4A8003536353735383539363036313632363324
:10D4B800363436353636363736383639373037310A
:10D4C80037323733373437353736373737383739F0
:10D4D80038303831383238333834383538363837E8
:10D4E80038383839393039313932393339343935CE
:10D4F8003936393739383939000000000A2A2A2ADA
:10D508002050414E4943202A2A2A0A000A000000D6
:10D518004E6F207370696E6C6F636B7320617265F8
:10D5280020617661696C61626C6500004E6F2075E0
:10D53800736572204952517320617265206176616A
:10D54800696C61626C65000048617264776172653C
:10D5580020616C61726D20256420616C7265616464
:10D568007920636C61696D656400000048617264CC
:10D5780020617373657274004F7574206F66206D37
:10D58800656D6F727900000052656C6561736500A6
:10D59800626F6F74325F7732357130383000000057
:10D5A800322E312E310000007069636F00000000D8
:10D5B800736572766F5F636F6E74726F6C6C657291
:10D5C800000000004A616E202038203230323600D8
:10D5D800666E692B00000000666E69006E616E0061
:10D5E800666E692D000000002C2066756E637469F4
:10D5F8006F6E3A2000000000617373657274696F82
:10D608006E2022257322206661696C65643A206663
:10D61800696C6520222573222C206C696E65202593
:10D6280064257325730A0000555342207374646996
:10D638006E202F207374646F7574000052617370CC
:10D648006265727279205069000000005069636F4A
:10D6580000000000426F61726420434443000000F0
:10D668005265736574000000556E68616E646C6580
:10D67800642049525120307825780A0065702025A9
:10D688003032582077617320616C7265616479204B
:10D69800617661696C61626C6500000043616E27A8
:10D6A8007420636F6E74696E756520786665722084
:10D6B8006F6E20696E6163746976652065702025D8
:10D6C8003032580062617369635F737472696E67A0
:10D6D8003A3A5F4D5F6372656174650062617369B0
:10D6E800635F737472696E673A3A5F4D5F72657013
:10D6F8006C616365000000007374643A3A626164A7
:10D708005F657863657074696F6E0000474C4942C5
:10D718004358585F54554E41424C45530000000051
:10D728006F626A5F73697A65000000006F626A5F02
:10D73800636F756E74000000676C69626378782E99
:10D7480065685F706F6F6C0062617369635F7374A3
:10D7580072696E673A3A5F535F636F6E737472757E
:10D768006374206E756C6C206E6F742076616C69C2
:10D778006400000062617369635F737472696E6745
:10D788003A3A5F535F637265617465002E0000006A
:10D798006E660000696E697479000000616E0000B1
:10D7A800504F53495800000042616C6C6F632073FE
:10D7B8007563636565646564000000002E2E2F2E76
:10D7C8002E2F2E2E2F2E2E2F2E2E2F2E2E2F6E65F5
:10D7D800776C69622F6C6962632F7374646C696219
:10D7E8002F6764746F612D6765746865782E6300B0
:10D7F8002E2E2F2E2E2F2E2E2F2E2E2F2E2E2F2E3C
:10D808002E2F6E65776C69622F6C6962632F737453
:10D81800646C69622F6D707265632E63000000008E
:10D82800000005800F800A001B801E001400118074
:10D83800338036003C00398028002D802780220064
:10D84800638066006C00698078007D807780720054
:10D85800500055805F805A004B804E004400418044
:10D86800C380C600CC00C980D800DD80D780D20034
:10D87800F000F580FF80FA00EB80EE00E400E18024
:10D88800A000A580AF80AA00BB80BE00B400B18014
:10D89800938096009C00998088008D808780820004
:10D8A800838186018C01898198019D8197819201EC
:10D8B800B001B581BF81BA01AB81AE01A401A181DC
:10D8C800E001E581EF81EA01FB81FE01F401F181CC
:10D8D800D381D601DC01D981C801CD81C781C201BC
:10D8E800400145814F814A015B815E0154015181AC
:10D8F800738176017C01798168016D81678162019C
:10D90800238126012C01298138013D81378132018B
:10D91800100115811F811A010B810E01040101817B
:10D92800038306030C03098318031D83178312035B
:10D93800300335833F833A032B832E03240321834B
:10D94800600365836F836A037B837E03740371833B
:10D95800538356035C03598348034D83478342032B
:10D96800C003C583CF83CA03DB83DE03D403D1831B
:10D97800F383F603FC03F983E803ED83E783E2030B
:10D98800A383A603AC03A983B803BD83B783B203FB
:10D99800900395839F839A038B838E0384038183EB
:10D9A800800285828F828A029B829E0294029182E3
:10D9B800B382B602BC02B982A802AD82A782A202D3
:10D9C800E382E602EC02E982F802FD82F782F202C3
:10D9D800D002D582DF82DA02CB82CE02C402C182B3
:10D9E800438246024C02498258025D8257825202A3
:10D9F800700275827F827A026B826E026402618293
:10DA0800200225822F822A023B823E023402318282
:10DA1800138216021C02198208020D820782020272
:10DA280006005250D3F0754290D5001006005250AF
:10DA3800E182887F98D5001006005250ABB360533E
:10DA4800A8D5001006005250BBFF3CB6B0D5001058
:10DA580006005250861C0302B8D50010060052502A
:10DA68005422A29DCCD5001005005250DE65F46802
:10DA7800140E0110C84700107847001078470010AE
:10DA8800C04700107847001078470010784700100A
:10DA98007847001078470010784700107847001042
:10DAA800B847001078470010B047001078470010BA
:10DAB80078470010A84700107C4A0010DE47001085
:10DAC800764A0010DE470010604A0010DE4700105A
:10DAD800DE470010DE470010DE470010DE4700106A
:10DAE800DE470010DE470010D0470010DE47001068
:10DAF800DE470010DE470010DE470010DE4700104A
:10DB0800D0470010044B0010324700103247001075
:10DB180032470010324700103247001032470010D9
:10DB280032470010324700103247001032470010C9
:10DB380032470010324700103247001032470010B9
:10DB480032470010324700103247001032470010A9
:10DB58003247001032470010324700103247001099
:10DB68003247001032470010324700103247001089
:10DB78003247001032470010324700103247001079
:10DB880032470010904A0010D04A0010904A001006
:10DB98003247001032470010324700103247001059
:10DBA8003247001032470010324700103247001049
:10DBB8003247001032470010324700103247001039
:10DBC8003247001032470010324700103247001029
:10DBD800A44C0010324700103247001032470010A2
:10DBE8003247001032470010324700103247001009
:10DBF8003247001032470010A44C0010164B00109A
:10DC0800A44C0010904A0010D04A0010904A00100E
:10DC1800000000000000F03F000000000000244069
:10DC280000000000000059400000000000408F4044
:10DC3800000000000088C34000000000006AF840AF
:10DC48000000000080842E4100000000D0126341D3
:10DC58000000000084D797410000000065CDCD4149
:10DC68000D0A00000000000091580010000000009C
:10DC780095580010A1580010CD580010C958001030
:10DC8800000000000A00000000000306A6000800CB
:10DC9800020002009C001400030057494E555342ED
:10DCA80000000000000000000000800004000100E7
:10DCB800280044006500760069006300650049009B
:10DCC8006E00740065007200660061006300650004
:10DCD800470055004900440000004E007B006200E8
:10DCE80063003700330039003800630031002D002D
:10DCF80037003300630064002D00340063006200C5
:10DD080037002D0039003800620038002D00390036
:10DD1800310033006100380066006300610037009D
:10DD28006200660036007D0000000000050F21003B
:10DD3800011C100500DF60DDD88945C74C9CD26501
:10DD48009D9E648A9F00000306A600010000000053
:10DD58000600525053B4F4A130D600100000000061
:10DD680044D6001054D60010B03C00205CD60010F9
:10DD780068D6001009025400030100807D080B00DA
:10DD88000202020000090400000102020004052446
:10DD980000200105240100010424020605240600D0
:10DDA800010705810308001009040100020A0000A8
:10DDB8000007050202400000070582024000000932
:10DDC80004020000FF00010512011002EF020140E9
:10DDD8008A2E0A000001010203010000B06400104D
:10DDE8001866001068660010F065001002660010E2
:10DDF800E065001050650010FC640010F06400102D
:10DE0800D2690010B869001088670010F269001024
:10DE180088670010A06900108C69001088670010DE
:10DE2800786900107E680010886700105E6C00102A
:10DE3800506C0010446C0010886700108867001050
:10DE48002E6C0010506C0010886700108867001056
:10DE580088670010886700108867001088670010BE
:10DE680088670010E46B00100E0D00200E0D0020D6
:10DE7800580D0020780D0020BC0D0020CE0D00208C
:10DE8800040D002000000000F971001069720010F4
:10DE98009D720010E97200109173001079740010DF
:10DEA800000000000000000079750010D575001012
:10DEB800F1750010197600103159001041770010E3
:10DEC80000000000537439657863657074696F6E7B
:10DED8000000000050E00010CCDE00105374313315
:10DEE8006261645F657863657074696F6E000000D5
:10DEF800DCDF0010E4DE0010DCDE00104E31305FA5
:10DF08005F637878616269763131355F5F666F7219
:10DF18006365645F756E77696E64450050E0001054
:10DF280004DF00104E31305F5F6378786162697694
:10DF38003131395F5F666F726569676E5F657863F7
:10DF4800657074696F6E450050E000102CDF00109A
:10DF580000000000F8DE0010098800101588001085
:10DF68000D8800105888001006890010B888001025
:10DF7800588800109E8800103089001030890010E1
:10DF88003089001030890010D4880010C48800102F
:10DF9800588800109E8800104E31305F5F63787893
:10DFA800616269763132305F5F73695F636C617398
:10DFB800735F747970655F696E666F450000000075
:10DFC800DCDF0010A0DF00103CE0001000000000C3
:10DFD800C8DF001035900010499000104D910010D6
:10DFE8004D910010B5920010E1910010259100109C
:10DFF8009D90001065900010537439747970655FB6
:10E00800696E666F0000000050E0001000E000102C
:10E018004E31305F5F637878616269763131375F9E
:10E028005F636C6173735F747970655F696E666F47
:10E0380045000000DCDF001018E0001010E00010C0
:10E04800000000003CE00010299200103D920010F2
:10E058004D9100104D910010B5920010E191001003
:10E068009992001059920010159200105374313192
:10E078006C6F6769635F6572726F7200DCDF001036
:10E0880074E00010DCDE0010537431326C656E678A
:10E0980074685F6572726F7200000000DCDF001048
:10E0A80090E0001084E000100000000084E0001000
:10E0B8004D960010CD960010499600100000000003
:10E0C800A4E000108D9600101197001049960010DA
:10E0D800E8990010549900105499001054990010B0
:10E0E8005499001054990010549900105499001034
:10E0F80054990010D6990010D6990010D69900109E
:10E10800D6990010D699001054990010549900100F
:10E118005499001054990010549900105499001003
:10E1280054990010549900105499001054990010F3
:10E1380054990010549900105499001054990010E3
:10E1480054990010549900105499001054990010D3
:10E15800D699001054990010549900105499001041
:10E1680054990010549900105499001054990010B3
:10E17800549900105499001054990010DA9900101D
:10E18800549900105EA10010A8A70010ACA40010BC
:10E19800FEA40010F8A40010E4A40010ACA4001021
:10E1A80035000000CEFBFFFFCB030000010000009C
:10E1B8000000000034000000CEFBFFFFCB0300008E
:10E1C8000100000000000000BC89D897B2D29C3C36
:10E1D80033A7A8D523F649393DA7F444FD0FA53246
:10E1E8009D978CCF08BA5B25436FAC6428066811ED
:10E1F8000000000000000000000000000000000017
:10E208000000000000000000000000000000000006
:10E2180000000000000000000000000000000000F6
:10E228001011121314151617181900000000000019
:10E23800001A1B1C1D1E1F0000000000000000002B
:10E2480000000000000000000000000000000000C6
:10E25800001A1B1C1D1E1F0000000000000000000B
:10E2680000000000000000000000000000000000A6
:10E278000000000000000000000000000000000096
:10E288000000000000000000000000000000000086
:10E298000000000000000000000000000000000076
:10E2A8000000000000000000000000000000000066
:10E2B8000000000000000000000000000000000056
:10E2C8000000000000000000000000000000000046
:10E2D8000000000000000000000000000000000036
:10E2E8000000000000000000000000000000000026
:10E2F800002020202020202020202828282828200E
:10E308002020202020202020202020202020202005
:10E31800208810101010101010101010101010106D
:10E32800100404040404040404040410101010105D
:10E338001010414141414141010101010101010127
:10E348000101010101010101010101011010101079
:10E3580010104242424242420202020202020202F9
:10E36800020202020202020202020202101010104D
:10E378002000000000000000000000000000000075
:10E388000000000000000000000000000000000085
:10E398000000000000000000000000000000000075
:10E3A8000000000000000000000000000000000065
:10E3B8000000000000000000000000000000000055
:10E3C8000000000000000000000000000000000045
:10E3D8000000000000000000000000000000000035
:10E3E8000000000000000000000000000000000025
:10E3F80000000000000000000500000019000000F7
:10E408007D00000000000000BC89D897B2D29C3C77
:10E4180033A7A8D523F649393DA7F444FD0FA53203
:10E428009D978CCF08BA5B25436FAC642806C80A51
:10E438000080E03779C34143176E05B5B5B89346F8
:10E44800F5F93FE9034F384D321D30F94877825AC4
:10E458003CBF737FDD4F1575000000000000F03FE2
:10E4680000000000000024400000000000005940A7
:10E478000000000000408F40000000000088C340FA
:10E4880000000000006AF8400000000080842E416F
:10E4980000000000D01263410000000084D79741BB
:10E4A8000000000065CDCD41000000205FA00242C1
:10E4B800000000E876483742000000A2941A6D4236
:10E4C800000040E59C30A2420000901EC4BCD64229
:10E4D80000003426F56B0C430080E03779C34143D4
:10E4E80000A0D8855734764300C84E676DC1AB434A
:10E4F800003D9160E458E143408CB5781DAF154468
:10E5080050EFE2D6E41A4B4492D54D06CFF0804442
:10E51800F64AE1C7022DB544B49DD9794378EA4457
:10E5280080010181B0B0ABB0000000008002018121
:10E53800B0B0AB300000000080010181B0B0AB107A
:10E5480000000000C1A4FF7FB0B0AA00FFFF0100D7
:10E55800B5A4FF7FF0801601B0B0B0ABFF10190171
:10E568001028A4080000A40904A80901B00904009F
:10E5780000010000000000008DA4FF7FB0B0A800DB
:10E58800FF100D0104020608010100000000000050
:10E5980075A4FF7FB0B0AA00FFFF01080E041C009D
:10E5A800180E000061A4FF7FB0B0AA00FFFF0108A9
:10E5B8000E041C00180E00004DA4FF7FF08004011B
:10E5C800B0B0B0ABFF1019010F440A4E0194014AD4
:10E5D800E40100EC0104000001000000000000005C
:10E5E80025A4FF7F10800101B0B0B0ABFFFF010888
:10E5F80028466E007404000076B20181B0AB30800A
:10E6080000000000800A0181B0B0ABF000000000FB
:10E618003F020181B0AB308000000000800401811E
:08E62800B0B0ABF000000000EF
:10E63000449AFF7F01000000589CFF7FB0B0A88083
:10E640008C9CFF7FB0A90280CC9CFF7FDCFEFF7F0B
:10E65000789DFF7F010000003C9EFF7FD8FEFF7F7A
:10E66000049FFF7F01000000089FFF7FD4FEFF7F13
:10E67000C09FFF7F0100000088A0FF7FD0FEFF7FCA
:10E68000F4A0FF7FB0B0A8807CA1FF7F0100000054
:10E69000A4A1FF7FAB708080A0A2FF7FB0B0A88054
:10E6A000D8A2FF7FAB08B18064A3FF7FACFEFF7FE1
:10E6B00010A8FF7FCCFEFF7F18A8FF7F010000009D
:10E6C00020A8FF7FB0B0A88030A8FF7F0100000025
:10E6D00040A8FF7FB0B0A8806CA8FF7F01000000B9
:10E6E000B0A8FF7FB0B0AA80DCA8FF7FB0B0A88040
:10E6F00044A9FF7F010000006CA9FF7FB0AB02803E
:10E700009CA9FF7FB0AB04801CAAFF7FAB08B1803F
:10E7100038AAFF7F0100000068AAFF7F7CFEFF7F10
:10E7200090AAFF7F88FEFF7FB8AAFF7FB0A9048070
:10E73000E4AAFF7F010000007CABFF7FAB08B18043
:10E7400098ABFF7F0100000004AEFF7F74FEFF7FE7
:10E75000F8AEFF7F01000000FCAFFF7F8CFEFF7F63
:10E760007CB0FF7FB0B0A880E4B0FF7F0100000064
:10E770001028FF0FB0A902809C28FF0FB0B0A8801E
:10E78000F028FF0F01000000FC28FF0FB0B0AA80A6
:10E790002C29FF0F6CFEFF7FEC29FF0F010000000A
:10E7A000E829FF0FAA3F3980302AFF0FB0B0A880B8
:10E7B0003C2AFF0FB0B0AA80782AFF0FB0B0A88023
:10E7C0008C2AFF0F01000000882AFF0FB0B0A8803C
:10E7D000902AFF0F01000000402BFF0FAA0FB2800C
:10E7E000A42BFF0F28FEFF7F742EFF0FB0B0A88070
:10E7F000902EFF0F24FEFF7F3C31FF0F0100000031
:10E80000AC32FF0F00840480BC32FF0FB0B0A88090
:10E81000BC32FF0F10FEFF7FAC35FF0F0084048079
:10E82000CC35FF0FB0B0A880E435FF0F0100000029
:10E8300028DA001034DA001040DA00104CDA001048
:10E8400058DA001064DA001070DA001058DD001099
:10E8500003000068EFF3108C72B60268002AFCD047
:10E86000BFF35F8F04229A56002A04DB002900D0F0
:10E870000A60002004E0D0220120120612681A71FA
:10E880001B68BFF35F8F00221A608CF310887047FB
:10E89000F0B5C646150000B504001E000268EFF38F
:10E8A000108172B61368002BFCD0BFF35F8F042376
:10E8B000E356002B2DDB2268BFF35F8F0020106032
:10E8C00081F31088D0221206127852B290469A42F2
:10E8D00003D1002080BCB846F0BD00270BE02368C0
:10E8E000BFF35F8F1F6081F310882800310001F0B3
:10E8F0008BFE0028EDD12268EFF3108172B6136809
:10E90000002BFCD0BFF35F8F23797F2BE7D94346E1
:10E9100002E0D0231B061B6823712368BFF35F8FBF
:10E9200000221A6081F310880120D3E7F0B5C646B3
:10E9300000B50D00040001F057FEFA2206000F009A
:10E94000002328000021920001F07EFE802336186B
:10E950004F411B069F4202D30126174F7642D02318
:10E960001B061B68002598460BE02368BFF35F8FEA
:10E970001D6081F310883000390001F045FE002849
:10E9800018D12268EFF3108172B61368002BFCD007
:10E99000BFF35F8F23797F2BE7D943462371236829
:10E9A000BFF35F8F00221A6081F31088012080BCC2
:10E9B000B846F0BD0020FAE7FFFFFF7F0268EFF3E3
:10E9C000108172B61368002BFCD0BFF35F8FFF235A
:10E9D00003710368BFF35F8F00221A6081F3108810
:10E9E00040BF704710B5084C2378002B0AD1802314
:10E9F000064807495B051A68C25004338B42FAD1B6
:10EA00000123237010BDC046C43C0020FC3200101E
:10EA10000001001010B5014B984710BDFD320020D9
:10EA2000034B1A68C0239B009343024A136070474C
:10EA30000C8001400C900140054B1A6880239B001C
:10EA40005340C02292001340024A13607047C046F0
:10EA50000C8001400C9001401423F0B5D6464F467F
:10EA600046469A46814618880433C0B598460E003B
:10EA70001B882649140098475346070018884346C8
:10EA800023491B8898475346050018884346214967
:10EA90001B8898478046FFF7A5FFB847A847FFF7B0
:10EAA000CBFF221E20D0C02108270220490511E0FB
:10EAB000002C14D0131B0D2B20D9002D0AD02300BD
:10EAC000002A05D00B6E013A337013000136234340
:10EAD000002B09D03D008B6A1D401842E8D1002D63
:10EAE000EDD123001343F5D1FFF79AFFC047FFF79D
:10EAF00091FFE0BCBA46B146A846F0BD4B461B7834
:10EB0000013C0B6601239C46E144E8E749460000CE
:10EB100045580000464300000022154B10B59A608E
:10EB2000DA601A615A619A61DA611A625A629A620B
:10EB3000DA621A635A639A63DA631A645A649A64EB
:10EB4000DA641A655A659A65DA651A665A669A66CB
:10EB5000DA661A675A679A67DA67F032920000211C
:10EB6000044801F021FD044B044A1A6010BDC04660
:10EB700000001050B0380020783C00208001105078
:10EB8000F0B54E464546DE465746E0B5214B0024DB
:10EB90009E6D012585B0002E22D01F4B9A46012381
:10EBA00099461E4B984601E0202C19D02A002300DC
:10EBB00001342F003240E4B26D00002AF4D05246F6
:10EBC00097654A465B085B0022409B185B01434403
:10EBD00018009B4600F030FC002808D1BE43E3D16A
:10EBE00005B0F0BCBB46B246A946A046F0BD5B46A8
:10EBF000E0219A78DB8A01A883600023C9000180A4
:10EC000001210271437100F037FC584600F0B0FB5F
:10EC1000E4E7C04600001150003011507038002069
:10EC20009823F0B5C646C64A00B5D55880232E00B5
:10EC30009B02102484B01E401D4273D0C14BC24CB5
:10EC40009A6AC24B00261A603B23E35C022B00D178
:10EC5000F4E07B23E35C022B00D10CE1BB23E35CFB
:10EC6000022B00D1FBE0FB23E35C022B00D135E15A
:10EC70003C23FF33E35C022B00D122E17C23FF33F2
:10EC8000E35C022B00D10FE1BC23FF33E35C022BDA
:10EC900000D1FCE0FC23FF33E35C022B00D1A6E1B2
:10ECA000AB4BE35C022B00D196E1AA4BE35C022B59
:10ECB00000D185E1A84BE35C022B00D174E1A74BA6
:10ECC000E35C022B00D163E1A54BE35C022B00D196
:10ECD0002AE1A44BE35C022B00D10BE1A24BE35CE5
:10ECE000022B00D18FE1A14BE35C022B00D1A6E106
:10ECF000002E08D19E4B1B78002B04D180219D4A09
:10ED000090338902D150C0228D4B01A89B6C920098
:10ED10005B055B0D012180260280436000F0ACFBA7
:10ED2000954CB602EB0600D57CE080235B021D42C9
:10ED300032D01E43012302249846834FBB7E002B12
:10ED400014D001F079FC012800D96FE0C022002125
:10ED50003800920100F012FB380000F009FB01F0CE
:10ED60006BFC012802D9834B5C661C664346FB7032
:10ED70002037012C01D00124E0E7C02301A8DB00EB
:10ED80007E4A038002AB12CA12C3012100F074FB59
:10ED90008022784B92021A6580235B011D420ED1BE
:10EDA0008023DB011D4221D180231B021D422CD177
:10EDB000AE4200D0C0E104B080BCB846F0BD002433
:10EDC0001E435F4B1C60FFF7A7FE80236A465B0073
:10EDD00093801472012101A800F04EFB8022654B44
:10EDE00012031A658023DB011D42DDD01E43802300
:10EDF00001A8DB000380012100F03EFB10225D4BE7
:10EE00001A6580231B021D42D2D01E43A02301A8F5
:10EE1000DB000380012100F02FFB8022554B120103
:10EE20001A65C5E7FFF7ACFE26007EE7544B444A5F
:10EE30001C66536E2340A342FBD187E73833E65C60
:10EE4000002E00D105E70233E25C002A00D100E782
:10EE5000200000222030E25400F0B8FAF9E6B8337E
:10EE6000E75C002F00D1FEE60233E25C002A00D00E
:10EE700022E13E00F7E67833E75C002F00D1EDE6B3
:10EE80000233E25C002A00D00EE13E00E6E6B93330
:10EE9000FF33E75C002F00D1FCE60233E25C002A7E
:10EEA00000D0F8E03E00F5E67933FF33E75C002F51
:10EEB00000D1E9E60233E25C002A00D0E2E03E0045
:10EEC000E2E63933FF33E75C002F00D1D6E60233A8
:10EED000E25C002A00D0CCE03E00CFE6F833E75CED
:10EEE000002F00D1C4E60233E25C002A00D0B8E073
:10EEF0003E00BDE6234BE75C002F00D1EEE6023377
:10EF0000E25C002A00D010E1174BE35C022B00D139
:10EF10008BE0164BE35C022B00D0F4E61A4BE35C6B
:10EF2000002B00D090E0EEE6184BE75C002F00D1FC
:10EF3000CFE60233E25C002A00D0EEE03E00C8E6F5
:10EF40000000115000400540703800206438002057
:10EF50003B0200007B020000BB020000FB0200003D
:10EF60003B0300007B030000BB030000FB03000029
:10EF7000C23C002000301150100002000000105070
:10EF8000002011507A030000FA0300003A03000049
:10EF90006C4BE75C002F00D196E60233E25C002A5E
:10EFA00000D0B2E03E008FE6674BE75C002F00D157
:10EFB00085E60233E25C002A00D09EE03E007EE659
:10EFC000624BE75C002F00D174E60233E25C002A5A
:10EFD00000D08AE03E006DE65D4BE75C002F00D17B
:10EFE00063E60233E25C002A77D13E005DE6F93346
:10EFF000FF33E75C002F00D152E60233E25C002AC7
:10F0000062D13E004CE6534BE35C002B00D16AE634
:10F01000EF239B00E25C002A00D17AE70022E25451
:10F020001C3BE01800F0D2F973E74A4BE35C002B7D
:10F03000EED1494BE35C022B00D064E63E00474B27
:10F04000E35C002B00D153E6FF239B00E25C002A27
:10F0500000D158E60022E2541C3BE01800F0B6F95B
:10F0600051E620000022E030E2543E0000F0AEF90C
:10F07000FEE5200000222130FF30E2543E0000F087
:10F08000A5F9FBE5200000226130FF30E2543E008C
:10F0900000F09CF9F8E520000022A130FF30E25496
:10F0A0003E0000F093F9F5E5200000226030E254C4
:10F0B0003E0000F08BF9D1E520000022A030E254A0
:10F0C0003E0000F083F9CEE520000022E130FF3061
:10F0D000E2543E0000F07AF9E2E50022E2541C3BE3
:10F0E000E01800F073F93E00DFE50022E2541C3B1B
:10F0F000E01800F06BF93E00DCE50022E2541C3B16
:10F10000E01800F063F93E00D9E50022E2541C3B10
:10F11000E01800F05BF93E00D6E50022E2541C3B0B
:10F12000E01800F053F93E00D3E50022E2541C3B06
:10F13000E01800F04BF9E7E631000948694001F0BA
:10F140006BFAC046FA020000BA0200007A02000020
:10F150003A020000BA030000FB030000FA030000BB
:10F1600070D60010F0B5D6464F464646C0B50200F0
:10F17000838A008B8A46041C984200D91C1CD578CF
:10F1800080262800471EB841A4B2F600264340035B
:10F190003043012675401B1BD57055789BB2938276
:10F1A000002D37D15146D6688D01611E76198846EB
:10F1B0001569002C29D006293AD933002B439B0727
:10F1C00036D16B1CF31A022B32D9231F9B08013353
:10F1D0009C4600270023E9580137F1500433BC4511
:10F1E000F9D8634641469B00ED18F618CF1A9C42A9
:10F1F00009D02B783370002F05D06B787370012FF6
:10F2000001D0AB78B3701569938A2D1915618022EE
:10F2100012021043002B02D18023DB011843534616
:10F22000002B00D00004E0BCBA46B146A846F0BDB1
:10F230000023EF5CF75401339C42FAD11569938A9D
:10F24000E3E7C0468368F0B51B680500002900D0DD
:10F250001B0C9B05980D6B78002B08D1EB8AC3180B
:10F26000EB822B8B834201D90023AB82F0BDEB688C
:10F270008901461EB4462A695C18002827D0062E4C
:10F280002BD901315B18D31A022B26D91300234343
:10F290009B0722D100230021061FB6080136E7583C
:10F2A0000131D75004338E42F9D86346B600A41911
:10F2B00092199F1BB04209D023781370002F05D0FC
:10F2C00063785370012F01D0A37893702A69EB8A79
:10F2D0001218C318EB822A61C3E70023E15CD15402
:10F2E00001339842FAD12A69F1E7C04610B504000B
:10F2F000836800211B68FFF7A5FF63681B685B003C
:10F3000002D5238B834200D010BD01212000FFF7DE
:10F3100099FFF9E7084A0300126C0020920703D412
:10F320009A78D209012A00D07047D87E0238434229
:10F330005841C0B2F8E7C0460000115010B5FFF7C1
:10F34000E9FF00280CD00749074B8C46074A9B6A07
:10F35000126863449B1A0020C6229A424041C0B200
:10F3600010BDC046E0FCFFFF0040054064380020AF
:10F3700000238376436103617047C04610B58368FC
:10F38000002901D01C682140002A12D08024E4000A
:10F39000114322420DD01A6822420CD1084A0A4079
:10F3A0001A60084A126C920703D40C23033BFDD267
:10F3B0008368196010BD8178034801F02DF9C046BB
:10F3C000FFFBFFFF0000115084D60010436870B5AA
:10F3D000002180251E680400FFF7C4FE134B6D0159
:10F3E0001B6C05439B070FD5A3785B060FD0104B12
:10F3F0001E4080239B053343626800211360200078
:10F400002A00FFF7BBFF70BDA378DB09EFD0A38A0A
:10F41000002BECD001212000FFF7A4FEA023054A19
:10F42000DB05324005431343E6E7C04600001150B8
:10F43000FFFFFFAFFFFFFFDF70B5857E0400002DEB
:10F4400014D0FFF753FFA38A002B01D1280070BD11
:10F450002000FFF773FF002803D001230025237746
:10F46000F4E72000FFF7B2FF0025EFE781780148BD
:10F4700001F0D2F8A4D60010F0B5CE46474680B5CC
:10F48000437805000E0085B0062B08D86C4A9B0017
:10F49000D3589F466B4A13780133DBB213706A4B23
:10F4A0001C686269EFF3108172B61368002BFCD000
:10F4B000BFF35F8FA1612000290001F085F8626928
:10F4C000A369BFF35F8F0021116083F310880028C8
:10F4D00004D105B0C0BCB946B046F0BD3200697871
:10F4E000287801F0B9F8F4E70121584B1A788A43DB
:10F4F0001A701A7801318A431A7000225A701A78E9
:10F5000002318A431A70CAE75149524F894652491B
:10F510000024002388463A7812E043461B686101C4
:10F520005B18002B06D0DB69002B03D069682878B4
:10F5300098473A780134E4B2511C2300A14217DB0A
:10F54000A242EAD89B1A5B014B44ECE73F4B1A7886
:10F55000D207BED504211A780A431A709FE73B4BA5
:10F560001A78D207B5D504211A788A431A7096E71B
:10F57000364F3B785B072BD504223B780021934321
:10F580003B706B460632981D01F00EF82B7801ACEB
:10F590002370052363702C4B1B6898465A69EFF360
:10F5A000108172B61368002BFCD0BFF35F8F434607
:10F5B00040469961210001F007F843465A699B696A
:10F5C000BFF35F8F0021116083F31088002831D1D1
:10F5D000FB78DB0700D47CE76B460A220021981DEC
:10F5E00000F0E2FF2B7801AC2370032363706B689B
:10F5F0006360154B1D686A69EFF3108172B613687A
:10F60000002BFCD0BFF35F8FA9612800210000F020
:10F61000DBFF6A69AB69BFF35F8F0021116083F381
:10F620001088002800D154E732006178207801F07A
:10F6300013F84EE732006178207801F00DF8C7E743
:10F6400070DE0010C33C00206C2F0020142F00201F
:10F650008CDE0010C13C0020642D00207047C046A5
:10F6600003685A0004D5802212061343C01870475D
:10F670005B005B08FAE7C046F8B54E464546DE46F5
:10F68000574680469146E0B500292AD04B1E9B463E
:10F690009A4600275346FB18DC0FE41843466410D3
:10F6A000E5005E193000FFF7DBFFA34510D04845A9
:10F6B00009D8083528004044FFF7D2FF01384845F3
:10F6C00008D2671CE6E7A7420BD0631E9A46E1E723
:10F6D0004845F8D83000F0BCBB46B246A946A04623
:10F6E000F8BD0026F6E7C0460300012808D002282E
:10F6F00004D00020002B00D1024870470248FCE7EC
:10F700000248FAE75D1600207516002069160020F1
:10F7100030B5214B050083B08C1E002B26D0200075
:10F7200001A900E000BF00281DD001992200FFF7C9
:10F73000A3FF041E17D0FFF793FF6368A864012B93
:10F7400027D0201D002B22DBFFF78AFF00232B652B
:10F750000368E864002B0FDBFFF782FF0300002043
:10F760002B6103B030BD00230920F9E70B4B0C4897
:10F770001B1AD9100191D9E71801000FFFF7B4FF48
:10F78000424242410300092052421040E8E701236F
:10F79000DDE700230520E3E70000000030E800106B
:10F7A00030E60010036810B50400DA0705D49B07A3
:10F7B0000AD5503000F0A0FC23685A070AD51A0772
:10F7C0000FD5DB0615D510BD503000F091FC236835
:10F7D0005A07F4D42000D83000F092FC23681A07AE
:10F7E000EFD420005930FF3000F08EFC2368DB0698
:10F7F000E9D42000D930FF3000F08AFCE3E7C046AE
:10F8000003000068002800D0C01870470920704726
:10F810007047C04670B504000D002000296CFFF74A
:10F8200077FF002811D12B6C2A0063612100012091
:10F83000236998470828F0D0072806D10020296CB2
:10F84000FFF7E6FF281D00F03DFCFFDEF0B5474660
:10F85000CE4680B52E4C8369A544C76804001500C8
:10F860000431402203A8984600F0C6FE002302930C
:10F8700023E0F422129B5200636102A97CA800F0ED
:10F88000BBFE2100300023697CAA98478A9B0600B2
:10F8900014934346019302AB0093220023002900F6
:10F8A0000120B847002829D1F4227CA9520002A8DF
:10F8B00000F0A2FE0025082E1ED120001299FFF7AD
:10F8C00027FF09358146EEB20028D2D0109B1021C7
:10F8D00014934346019302AB0093220023000120BE
:10F8E0003143B847002809D14846F7239B009D447F
:10F8F000C0BCB946B046F0BD072E02D009239946D8
:10F90000F2E728001299FFF783FF03A800F0DAFB63
:10F9100024FCFFFF806C704770B5CB6BFAB00B64B2
:10F9200005000E004022043101A800F065FE01230D
:10F930005B42009306E06A4629002B699847040061
:10F94000082808D128001099FFF7E2FE0028F2D01D
:10F9500009207AB070BD6846FFF724FF062CF7D166
:10F9600031002800FFF756FF10B58261DA6BC160E5
:10F970001A6419000022FFF769FF10BD436970B5D2
:10F980000B64C36804000D00002B13D10A00036947
:10F99000010002209847072805D008280ED1290029
:10F9A0002000FFF737FF0020296CFFF731FF281DEB
:10F9B00000F088FB0122FFF749FFFFDEFFDEC046B3
:10F9C000C36810B5002B05D0CB6B00220B64FFF78A
:10F9D0003DFF10BDFFF7A0FFFBE7C0467047C046E4
:10F9E0008368010010B5002B01D00120984710BD9D
:10F9F000042908D802291AD800290BD0481E431E12
:10FA000098410130704705290FD1436C009A0020BE
:10FA10001360F7E7002B08D10F2A06D89200801850
:10FA20004368009A00201360ECE70220EAE7012017
:10FA3000E8E7C04600B585B003AB0A00009300219B
:10FA40000023FFF7D5FF039805B000BD042908D8AF
:10FA500002291AD800290BD0481E431E98410130B4
:10FA6000704705290FD1009B1B6843640020F7E70E
:10FA7000002B08D10F2A06D8009B92001B68801823
:10FA800043600020ECE70220EAE70120E8E7C046F7
:10FA900000B585B003AB039200930A000023002158
:10FAA000FFF7D4FF05B000BD70B5194CD36BA5446A
:10FAB000136405000C0017A8111D402200F09CFDE6
:10FAC00001235B42169313E00C2116A86A46FFF748
:10FAD000DFFF210016A8A84700280FD16946049B24
:10FAE00016AA083098470600052808D0092805D02E
:10FAF00068462699FFF70CFE0028E5D0092616A8CF
:10FB0000FFF750FE300090239B009D4470BDC0461F
:10FB1000C0FDFFFFF0B54E464546DE465746E0B510
:10FB20000D000321EC6C160004CC8BB09446014010
:10FB30000894002B00D17FE0170C06AA5773624689
:10FB400012040792FF223A409200A418022206AF44
:10FB50003A73022900D1AC6B2A6DD20707D5300069
:10FB600007A900F07BFB00285BD108205AE022683F
:10FB70009346002AF3D00822024003920022049206
:10FB8000023201279046AA46B14602910193019B99
:10FB9000022B4ED0238865889B46043453462E00A2
:10FBA0009B6C0F214846BE43F618FFF743FF002326
:10FBB000864205D85B46BB439B1998429B415B42FA
:10FBC00042466D0015405A463A401543012D50D02B
:10FBD000022D37D0002D24D1029A002A02D0002B0A
:10FBE00000D0C3E0043423689B46002BCFD14E469F
:10FBF00007A9300000F032FB002812D1049B002B33
:10FC0000B3D00F213000FFF715FF0E2102003000A6
:10FC1000FFF73EFF30000F21734AFFF739FF07203F
:10FC200000E009200BB0F0BCBB46B246A946A04696
:10FC3000F0BD65680834B1E71202079206AA537353
:10FC4000032284E725686A0052089346029A002A34
:10FC500049D1002B05D0039B002B60D05B46002BC5
:10FC60005DD0002D00DA04345B4601339B00E418BC
:10FC7000B9E7029A002A19D1002B15D025686368CC
:10FC8000ED0F9A1CCDD0524658320692013300D166
:10FC900099E0201DFFF7B4FD2A00010006AB504695
:10FCA00000F0C2FC002876D108349CE753460D21B1
:10FCB00048461D6AFFF7BEFE8542F5D153469B6A52
:10FCC0009C42F1D155464E462000FFF7C9FC0F215A
:10FCD00002003000FFF7DCFE30002A000021FFF7B1
:10FCE000D7FE07209EE753460D2148461E6AFFF7C0
:10FCF000A1FE8642B5D153469B6A9C42B1D1534680
:10FD00005A469A6252460023D36204331363231D7A
:10FD100053632368002B60DB01230493A4E758237B
:10FD2000534405935B46251DA34600261C000EE0A8
:10FD3000059B28000693FFF763FD0022010006AB38
:10FD4000504600F071FC01360435002836D1A64239
:10FD5000EED14E460D213000FFF76CFE55465C4655
:10FD6000069B28626B620620AC625BE72000FFF70F
:10FD700077FC554604340700AC6328004E4600F07B
:10FD80001BFC002800D14CE730003A000F21FFF7A0
:10FD90007FFE072046E74E4681460D213000FFF7E3
:10FDA00049FE55464B46069F2862022B02D1EF6260
:10FDB0002F002C3706206F62AC6233E723005C46CD
:10FDC0009B4625684DE74E460D213000554692462C
:10FDD000FFF730FE57462862ECE7584601308000B6
:10FDE00055464E46201870E74D95001010B500237B
:10FDF000FFF790FE10BDC04610B50123FFF78AFE45
:10FE000010BDC04610B50223FFF784FE10BDC046EA
:10FE1000F0B5CE46474680B5050014001E00C3B0BD
:10FE2000052900D9FDE0A64B89005B589F46836BEE
:10FE3000002A00D0F5E004CB42648363002043B085
:10FE4000C0BCB946B046F0BD002E00D0E9E00023AA
:10FE500001271604826B360C011D380098400642BB
:10FE600001D001CA086001330431102BF5D1A4047C
:10FE7000E4D4AA63E2E7032E00D0D2E01404160C07
:10FE8000240C3319102B00D9CBE0082203681A4246
:10FE900000D0EBE020AF380000F038F9AB6BF60093
:10FEA0009C4663005A1E002B0BD06346F61A043E94
:10FEB000BE191800006804339851013AF9D2E400E1
:10FEC000A44463463800AB6300F01EF9B6E7130C98
:10FED00014049846240C012E00D185E0052E00D094
:10FEE0009FE0A146C1444B46202B00D999E04346F0
:10FEF0000F2B00D997E04B46102B00D8BFE0012212
:10FF000003681A4207D09343022213430360503020
:10FF100000F0F4F82B6804221A4205D0280093431D
:10FF20002B60D83000F0EEF820AF380000F0E6F893
:10FF3000684600F0E7F8424610239B1A10225C0046
:10FF4000524243464A449446D800A96B3818013CB3
:10FF500000230134A200CC58C45004339A42FAD191
:10FF600063468918002B00D198E044466F4658003C
:10FF7000102C00D210240023103C0138E400013082
:10FF80003C198200C858E05004339A42FAD18918CB
:10FF9000012E72D04346A9630F2B02D820A800F08F
:10FFA000ABF8380000F0ACF848E7002E39D1102A41
:10FFB00037D8102203681A4251D120AF380000F020
:10FFC000A9F8012639000023AA6B300098400442AA
:10FFD00001D001CA086001330431042BF5D1380087
:10FFE000AA6300F095F829E71B19102B19D843468E
:10FFF000102B16D00368334206D003222800934307
:020000041001E9
:100000002B60503000F076F820AF380000F072F826
:10001000A96B002C1BD104313800A96300F068F8EB
:100020000CE702200BE7002C00D107E7042203684D
:100030001A4204D093430360D83000F063F86F464F
:10004000380000F05FF86000A96B444693E7434630
:10005000D800002364009C463818013C78E793439D
:100060000360D930FF3000F055F8A6E793430360F2
:100070005930FF3000F04AF80CE720AFCBE70122FF
:1000800003681A4212D120AF380000F037F8A96B8C
:10009000002CDCD1380000F02FF8CFE6012EBAD0CA
:1000A0004346A9630F2B00D9C8E6F3E79343022226
:1000B000280013432B60503000F020F8E3E7C046DF
:1000C000D81E00200100343138C9043B9C461D6015
:1000D000A646010020313CC990469946A246AB464F
:1000E00001000831FCC941680068E54600BDC04612
:1000F0007047C0467047C0467047C0467047C0460C
:100100007047C0467047C0467047C0467047C046FB
:100110007047C0467047C04601B401A801B585B01C
:10012000FFB408A841464A4653465C4665463EC071
:1001300001A83EC80F98009000230CB401A9FFF756
:10014000EBFB109B12B0184701B401A801B585B0B4
:10015000FFB408A841464A4653465C4665463EC041
:1001600001A83EC80F98009000230CB401A9FFF726
:1001700005FC109B12B0184701B401A801B585B069
:10018000FFB408A841464A4653465C4665463EC011
:1001900001A83EC80F98009000230CB401A9FFF7F6
:1001A0000FFC109B12B0184701B401A801B585B02F
:1001B000FFB408A841464A4653465C4665463EC0E1
:1001C00001A83EC80F98009000230CB401ABFFF7C4
:1001D000CBFB109B12B0184701B401A801B585B044
:1001E000FFB408A841464A4653465C4665463EC0B1
:1001F00001A83EC80F98009000230CB401AAFFF795
:1002000053FC109B12B01847027A0300002A0BD14E
:10021000427A002A0FD0013A42724268111D4160B1
:1002200003211268017202E0013A02720268100EA4
:1002300012021A607047B020FCE7C04600B585B0D6
:1002400003AB00930C2200230021FFF7D1FB03989E
:1002500005B000BD10B5FFF7F1FF10BDF0B50023EC
:10026000454657464E46DE469846E0B506000D0028
:100270000F2785B02800FFF7C7FF0400B02800D182
:1002800029E1030638D50300BB43DBB2A02B00D124
:1002900091E012D8802B69D0902B25D10D230340FB
:1002A0000D2B21D00F2202AC024000230021300090
:1002B0000094FFF79DFB009433E0B02B00D170E079
:1002C000C02B38D0072203009343DBB2D02B0BD1D5
:1002D0008023024001321B031A4301210523300011
:1002E000FFF796FD0028C5D0092005B0F0BCBB463D
:1002F000B246A946A046F0BDFF2382001340043356
:100300009A4602AB009399460D220023002130004B
:10031000FFF76EFB029B64060AD4534402934B46DC
:10032000009300230D2200213000FFF78FFBA1E78F
:1003300052469B1AF2E7C62800D1ADE0C72800D18B
:10034000CEE0F8230340C02B00D1DBE0C82800D169
:10035000DEE0C928C8D12800FFF756FFF0220303CA
:10036000120313400F2202400132B5E704022800B5
:10037000FFF74AFF204380242402A042B4D00301A7
:1003800000059946020C002300213000FFF740FDD4
:100390000028A9D14B46234200D16BE701239846A0
:1003A00068E703004F33DBB2042B00D988E0684ACA
:1003B0009B00D3589F46FF21072309010A0083436E
:1003C0001A410A40240702D58023DB011A43002387
:1003D00000213000FFF71CFD002800D14AE783E729
:1003E0002800FFF711FF431EDBB202000E2BEED9EF
:1003F0007AE703AB00930D22002300213000FFF7C2
:10040000F7FA37E70023002205213000FFF700FD4F
:10041000002800D12EE767E72800FFF7F5FEF0225D
:100420000303120313400F22024001321A43012139
:1004300001233000FFF7ECFC002800D11AE753E756
:1004400002AB0D2200210093994630000023FFF7F4
:10045000CFFA2800FFF7D8FE029C030674D50223CA
:100460009A467D339B465B46184053469840072387
:100470009C46241828000294E244FFF7C5FE0306B8
:10048000F1D481239B009C46534698404B466444DC
:1004900024180294009344E72800FFF7B5FEF022E9
:1004A0000303120313400F22024001321A430321B7
:1004B00003233000FFF7ACFC002800D1DAE613E795
:1004C000FC230340B42B00D10EE707238022034016
:1004D00001331203AAE74346002B25D0002004E78E
:1004E0002800FFF791FE431EDBB202000E2B00D95D
:1004F000FAE6002304213000FFF78AFC002800D12F
:10050000B8E6F1E6A022B13B034001331203CDE788
:100510002800FFF779FE0F2302009A43D2B210326F
:10052000034012030133D7E602AC0E220021300053
:100530000094FFF75DFA00230F22002130000094A1
:10054000FFF784FA0020D0E602239A4699E7C046D6
:10055000F01E0020030000B5DA6C85B05368080077
:100560000832190201910292694603221B0E0A7396
:100570004B7301A9FFF772FE05B000BD10B5FFF780
:1005800069FE806C10BDC04610B5FFF763FEC06CFD
:10059000C3799B000833C01810BDC04610B500F0E9
:1005A0001BF810B5FFF7FAFF01B40248844601BCFE
:1005B000604700BF7D3B001001B40248844601BC87
:1005C000604700BF3186001001B40248844601BC78
:1005D000604700BFCD7D001001B40248844601BCD5
:1005E000604700BF3DB4001001B40248844601BC1E
:1005F000604700BF7123001001B40248844601BC6B
:10060000604700BF893B001001B40248844601BC2A
:10061000604700BF5522001001B40248844601BC67
:10062000604700BF4115001001B40248844601BC78
:10063000604700BF7185001001B40248844601BCC8
:10064000604700BF3515001001B40248844601BC64
:10065000604700BFF939001001B40248844601BC6C
:10066000604700BF49630010B81600203E17002005
:1006700092180020E61600201A1800209E1600206E
:10068000501C0020B01C0020881C0020741C00207E
:10069000621C0020100000000000000000000100AB
:1006A0000000000000000000000002000000000048
:1006B0000000000000000300000000000000000037
:1006C0000000FF000000000001B5486801318E46BF
:1006D0000047704609380149884701BD8519001057
:1006E000000000000000000000000000000000000A
:1006F000000000008826002000000000000000002C
:10070000503300004C3300005433000052330000DB
:100710004D5300004D4300005334000043340000AB
:10072000055B0010B55A0010255A00109D590010A5
:100730000000000000010000702F002010000C00DD
:1007400000000000000000000000000000000000A9
:1007500000000000FF000000D18E00103DB400102A
:100760004300000000000000000000000000000046
:100770000000000000000000000000000000000079
:100780004300000000000000000000000000000026
:100790000000000000000000000000000000000059
:1007A0004300000000000000000000000000000006
:1007B0000000000000000000000000000000000039
:1007C00043000000000000000000000000000000E6
:1007D0000000000000000000000000000000000019
:1007E00043000000000000000000000000000000C6
:1007F00000000000000000000000000000000000F9
:1008000043000000000000000000000000000000A5
:1008100000000000000000000000000000000000D8
:100820004300000000000000000000000000000085
:1008300000000000000000000000000000000000B8
:10084000A1BF0010E1B2001000000000F8E20010AB
:1008500094D70010FCD50010FCD50010FCD500107A
:10086000FCD50010FCD50010FCD50010FCD5001004
:10087000FCD50010FCD50010FFFFFFFFFFFFFFFFBE
:10088000FFFFFFFFFFFF0000010041534349490004
:100890000000000000000000000000000000000058
:1008A00000000000000000000000415343494900DF
:1008B0000000000000000000000000000000000038
:1008C0000000000000000000000000000000000028
:1008D000482100200000000000000000642A0020E1
:1008E000CC2A0020342B0020000000000000000073
:1008F00000000000000000000000000000000000F8
:1009000000000000000000000000000000000000E7
:1009100000000000000000000000000000000000D7
:1009200000000000000000000000000000000000C7
:1009300000000000000000000000000000000000B7
:1009400000000000000000000000000000000000A7
:100950000000000000000000000000000000000097
:100960000000000000000000000000000000000087
:1009700001000000000000000E33CDAB34126DE624
:10098000ECDE05000B00000000000000000000008D
:100990000000000000000000000000000000000057
:1009A0000000000000000000000000000000000047
:1009B0000000000000000000000000000000000037
:1009C0000000000000000000000000000000000027
:1009D0000000000000000000000000000000000017
:1009E0000000000000000000000000000000000007
:1009F0000000000000000000FFFFFFFF00000200F9
:100A00000000000000000000702200207022002082
:100A100078220020782200208022002080220020DE
:100A2000882200208822002090220020902200208E
:100A30009822002098220020A0220020A02200203E
:100A4000A8220020A8220020B0220020B0220020EE
:100A5000B8220020B8220020C0220020C02200209E
:100A6000C8220020C8220020D0220020D02200204E
:100A7000D8220020D8220020E0220020E0220020FE
:100A8000E8220020E8220020F0220020F0220020AE
:100A9000F8220020F822002000230020002300205C
:100AA000082300200823002010230020102300200A
:100AB00018230020182300202023002020230020BA
:100AC000282300202823002030230020302300206A
:100AD000382300203823002040230020402300201A
:100AE00048230020482300205023002050230020CA
:100AF000582300205823002060230020602300207A
:100B00006823002068230020702300207023002029
:100B100078230020782300208023002080230020D9
:100B20008823002088230020902300209023002089
:100B30009823002098230020A0230020A023002039
:100B4000A8230020A8230020B0230020B0230020E9
:100B5000B8230020B8230020C0230020C023002099
:100B6000C8230020C8230020D0230020D023002049
:100B7000D8230020D8230020E0230020E0230020F9
:100B8000E8230020E8230020F0230020F0230020A9
:100B9000F8230020F8230020002400200024002057
:100BA0000824002008240020102400201024002005
:100BB00018240020182400202024002020240020B5
:100BC0002824002028240020302400203024002065
:100BD0003824002038240020402400204024002015
:100BE00048240020482400205024002050240020C5
:100BF0005824002058240020602400206024002075
:100C00006824002068240020702400207024002024
:100C100078240020782400208024002080240020D4
:100C20008824002088240020902400209024002084
:100C30009824002098240020A0240020A024002034
:100C4000A8240020A8240020B0240020B0240020E4
:100C5000B8240020B8240020C0240020C024002094
:100C6000C8240020C8240020D0240020D024002044
:100C7000D8240020D8240020E0240020E0240020F4
:100C8000E8240020E8240020F0240020F0240020A4
:100C9000F8240020F8240020002500200025002052
:100CA0000825002008250020102500201025002000
:100CB00018250020182500202025002020250020B0
:100CC0002825002028250020302500203025002060
:100CD0003825002038250020402500204025002010
:100CE00048250020482500205025002050250020C0
:100CF0005825002058250020602500206025002070
:100D0000682500206825002070250020702500201F
:100D100078250020782500208025002080250020CF
:100D2000882500208825002090250020902500207F
:100D30009825002098250020A0250020A02500202F
:100D4000A8250020A8250020B0250020B0250020DF
:100D5000B8250020B8250020C0250020C02500208F
:100D6000C8250020C8250020D0250020D02500203F
:100D7000D8250020D8250020E0250020E0250020EF
:100D8000E8250020E8250020F0250020F02500209F
:100D9000F8250020F825002000260020002600204D
:100DA00008260020082600201026002010260020FB
:100DB00018260020182600202026002020260020AB
:100DC000282600202826002030260020302600205B
:100DD000382600203826002040260020402600200B
:100DE00048260020482600205026002050260020BB
:100DF000582600205826002060260020602600206B
:100E000068260020682600209C2B0020000000009F
:040E100000000000DE
:04000005100001E9FD
:00000001FF
